
        SystemC 2.3.3-Accellera --- Jan  6 2026 03:02:18
        Copyright (c) 1996-2018 by all Contributors,
        ALL RIGHTS RESERVED
[PROGRAM_IO] phase=resolved mode=timing initializations=96 probes=17 checksum=4fcb5378544a83b9b61579de28405c7dff4f2f2004658deb2d9ce1cb4108b9cb pass=1
===========================================================================
Memory Configuration:

 Memory type:                    HBM2
 Memory size in bytes:           1073741824
 Channels:                       1
 Pseudo channels per channel:    2
 Bank groups per pseudo channel: 4
 Banks per pseudo channel:       16
 Rows per bank:                  32768
 Columns per row:                128
 Pseudo channel width in bits:   64
 Pseudo channel size in bits:    4294967296
 Pseudo channel size in bytes:   536870912

===========================================================================
Memory Configuration:

 Memory type:                    HBM2
 Memory size in bytes:           1073741824
 Channels:                       1
 Pseudo channels per channel:    2
 Bank groups per pseudo channel: 4
 Banks per pseudo channel:       16
 Rows per bank:                  32768
 Columns per row:                128
 Pseudo channel width in bits:   64
 Pseudo channel size in bits:    4294967296
 Pseudo channel size in bytes:   536870912

Loaded Program Format 1.0, ISA 1.2, capabilities=0x0
[INFO][0m[92m[SYSTEM][0m             Address mapping with n=8 saved to ../DRAMSys/configs/addressmapping/am_ddr4_8x4Gbx8_df.json.                   | [36m0 s[0m
[INFO][0m[92m[SYSTEM][0m             Address mapping with n=8 saved to ../DRAMSys/configs/addressmapping/am_hbm2_gpu.json.                          | [36m0 s[0m
===========================================================================
Memory Configuration:

 Memory type:           DDR4
 Memory size in bytes:  4294967296
 Channels:              1
 Ranks per channel:     1
 Bank groups per rank:  4
 Banks per rank:        16
 Rows per bank:         32768
 Columns per row:       1024
 Device width in bits:  8
 Device size in bits:   4294967296
 Device size in bytes:  536870912
 Devices per rank:      8

===========================================================================
===========================================================================
Memory Configuration:

 Memory type:                    HBM2
 Memory size in bytes:           1073741824
 Channels:                       1
 Pseudo channels per channel:    2
 Bank groups per pseudo channel: 4
 Banks per pseudo channel:       16
 Rows per bank:                  32768
 Columns per row:                128
 Pseudo channel width in bits:   64
 Pseudo channel size in bits:    4294967296
 Pseudo channel size in bytes:   536870912

===========================================================================
Memory Configuration:

 Memory type:                    HBM2
 Memory size in bytes:           1073741824
 Channels:                       1
 Pseudo channels per channel:    2
 Bank groups per pseudo channel: 4
 Banks per pseudo channel:       16
 Rows per bank:                  32768
 Columns per row:                128
 Pseudo channel width in bits:   64
 Pseudo channel size in bits:    4294967296
 Pseudo channel size in bytes:   536870912

[INFO][0m[92m[GLOBAL_MEMORY][0m      Global link not initialized.                                                                                   | [36m0 s[0m
[INFO][0m[92m[SYSTEM][0m             Instantiated cores=32 routers=32 workers=32 dies=2 (CORES_PER_DIE=16, GRID=4x4, expect 32).                    | [36m0 s[0m
[INFO][0m[92m[SYSTEM][0m             [D2D] link_sites=2 link_units=2.                                                                               | [36m0 s[0m
[INFO][0m[92m[SYSTEM][0m             Components initialize complete, prepare to start..                                                             | [36m0 s[0m
[PROGRAM_IO] phase=applied mode=timing initializations=96 probes=17 checksum=4fcb5378544a83b9b61579de28405c7dff4f2f2004658deb2d9ce1cb4108b9cb pass=1

Info: (I702) default timescale unit used for tracing: 1 ps (Cchip_1.vcd)
[INFO][0m[92m[MEM_INTF][0m           Start write operation.                                                                                         | [36m2 ns[0m
[INFO][0m[92m[PRIM][0m               Core 31 start receive primitive RECV_CONF.                                                                     | [36m2 ns[0m
[INFO][0m[92m[PRIM][0m               Core 30 start receive primitive RECV_CONF.                                                                     | [36m2 ns[0m
[INFO][0m[92m[PRIM][0m               Core 29 start receive primitive RECV_CONF.                                                                     | [36m2 ns[0m
[INFO][0m[92m[PRIM][0m               Core 28 start receive primitive RECV_CONF.                                                                     | [36m2 ns[0m
[INFO][0m[92m[PRIM][0m               Core 27 start receive primitive RECV_CONF.                                                                     | [36m2 ns[0m
[INFO][0m[92m[PRIM][0m               Core 26 start receive primitive RECV_CONF.                                                                     | [36m2 ns[0m
[INFO][0m[92m[PRIM][0m               Core 25 start receive primitive RECV_CONF.                                                                     | [36m2 ns[0m
[INFO][0m[92m[PRIM][0m               Core 24 start receive primitive RECV_CONF.                                                                     | [36m2 ns[0m
[INFO][0m[92m[PRIM][0m               Core 23 start receive primitive RECV_CONF.                                                                     | [36m2 ns[0m
[INFO][0m[92m[PRIM][0m               Core 22 start receive primitive RECV_CONF.                                                                     | [36m2 ns[0m
[INFO][0m[92m[PRIM][0m               Core 21 start receive primitive RECV_CONF.                                                                     | [36m2 ns[0m
[INFO][0m[92m[PRIM][0m               Core 20 start receive primitive RECV_CONF.                                                                     | [36m2 ns[0m
[INFO][0m[92m[PRIM][0m               Core 19 start receive primitive RECV_CONF.                                                                     | [36m2 ns[0m
[INFO][0m[92m[PRIM][0m               Core 18 start receive primitive RECV_CONF.                                                                     | [36m2 ns[0m
[INFO][0m[92m[PRIM][0m               Core 17 start receive primitive RECV_CONF.                                                                     | [36m2 ns[0m
[INFO][0m[92m[PRIM][0m               Core 16 start receive primitive RECV_CONF.                                                                     | [36m2 ns[0m
[INFO][0m[92m[PRIM][0m               Core 15 start receive primitive RECV_CONF.                                                                     | [36m2 ns[0m
[INFO][0m[92m[PRIM][0m               Core 14 start receive primitive RECV_CONF.                                                                     | [36m2 ns[0m
[INFO][0m[92m[PRIM][0m               Core 13 start receive primitive RECV_CONF.                                                                     | [36m2 ns[0m
[INFO][0m[92m[PRIM][0m               Core 12 start receive primitive RECV_CONF.                                                                     | [36m2 ns[0m
[INFO][0m[92m[PRIM][0m               Core 11 start receive primitive RECV_CONF.                                                                     | [36m2 ns[0m
[INFO][0m[92m[PRIM][0m               Core 10 start receive primitive RECV_CONF.                                                                     | [36m2 ns[0m
[INFO][0m[92m[PRIM][0m               Core 9 start receive primitive RECV_CONF.                                                                      | [36m2 ns[0m
[INFO][0m[92m[PRIM][0m               Core 8 start receive primitive RECV_CONF.                                                                      | [36m2 ns[0m
[INFO][0m[92m[PRIM][0m               Core 7 start receive primitive RECV_CONF.                                                                      | [36m2 ns[0m
[INFO][0m[92m[PRIM][0m               Core 6 start receive primitive RECV_CONF.                                                                      | [36m2 ns[0m
[INFO][0m[92m[PRIM][0m               Core 5 start receive primitive RECV_CONF.                                                                      | [36m2 ns[0m
[INFO][0m[92m[PRIM][0m               Core 4 start receive primitive RECV_CONF.                                                                      | [36m2 ns[0m
[INFO][0m[92m[PRIM][0m               Core 3 start receive primitive RECV_CONF.                                                                      | [36m2 ns[0m
[INFO][0m[92m[PRIM][0m               Core 2 start receive primitive RECV_CONF.                                                                      | [36m2 ns[0m
[INFO][0m[92m[PRIM][0m               Core 1 start receive primitive RECV_CONF.                                                                      | [36m2 ns[0m
[INFO][0m[92m[PRIM][0m               Core 0 start receive primitive RECV_CONF.                                                                      | [36m2 ns[0m
[INFO][0m[92m[MEM_INTF][0m           End write operation.                                                                                           | [36m2296 ns[0m
[INFO][0m[92m[MEM_INTF][0m           End config distribution.                                                                                       | [36m2296 ns[0m
[INFO][0m[92m[PRIM][0m               Core 0 end recv primitive RECV_CONF.                                                                           | [36m2306 ns[0m
[INFO][0m[92m[MEM_INTF][0m           Start write operation.                                                                                         | [36m2312 ns[0m
[INFO][0m[92m[PRIM][0m               Core 0 start receive primitive RECV_WEIGHT.                                                                    | [36m2312 ns[0m
[INFO][0m[92m[MEM_INTF][0m           End write operation.                                                                                           | [36m2314 ns[0m
[INFO][0m[92m[MEM_INTF][0m           End data distribution.                                                                                         | [36m2314 ns[0m
[INFO][0m[92m[PRIM][0m               Core 0 end recv primitive RECV_WEIGHT.                                                                         | [36m2322 ns[0m
[INFO][0m[92m[MEM_INTF][0m           Start write operation.                                                                                         | [36m2328 ns[0m
[INFO][0m[92m[PRIM][0m               Core 0 start receive primitive RECV_START.                                                                     | [36m2328 ns[0m
[INFO][0m[92m[MEM_INTF][0m           End write operation.                                                                                           | [36m2330 ns[0m
[INFO][0m[92m[PRIM][0m               Core 0 end recv primitive RECV_START.                                                                          | [36m2336 ns[0m
[INFO][0m[92m[MEM_INTF][0m           End start data distribution: enqueued=1 injected=1 accepted=1 delivered=1 consumed=1 completed=1.              | [36m2336 ns[0m
[INFO][0m[92m[PRIM][0m               Core 0 start compute primitive Sram_lifecycle.                                                                 | [36m2342 ns[0m
[INFO][0m[92m[PRIM][0m               Core 0 end compute primitive Sram_lifecycle.                                                                   | [36m2342 ns[0m
[INFO][0m[92m[PRIM][0m               Core 0 start compute primitive Lsu_mem.                                                                        | [36m2348 ns[0m
[INFO][0m[92m[PRIM][0m               Core 0 end compute primitive Lsu_mem.                                                                          | [36m2901 ns[0m
[INFO][0m[92m[PRIM][0m               Core 0 start compute primitive Sram_lifecycle.                                                                 | [36m2907 ns[0m
[INFO][0m[92m[PRIM][0m               Core 0 end compute primitive Sram_lifecycle.                                                                   | [36m2907 ns[0m
[INFO][0m[92m[PRIM][0m               Core 0 start compute primitive Sram_lifecycle.                                                                 | [36m2913 ns[0m
[INFO][0m[92m[PRIM][0m               Core 0 end compute primitive Sram_lifecycle.                                                                   | [36m2913 ns[0m
[INFO][0m[92m[PRIM][0m               Core 0 start compute primitive Sram_bind_oneshot.                                                              | [36m2919 ns[0m
[INFO][0m[92m[PRIM][0m               Core 0 end compute primitive Sram_bind_oneshot.                                                                | [36m2919 ns[0m
[INFO][0m[92m[PRIM][0m               Core 0 start compute primitive Embedding_lookup_prim.                                                          | [36m2925 ns[0m
[INFO][0m[92m[PRIM][0m               Core 0 end compute primitive Embedding_lookup_prim.                                                            | [36m2925 ns[0m
[INFO][0m[92m[PRIM][0m               Core 0 start compute primitive Sram_lifecycle.                                                                 | [36m2931 ns[0m
[INFO][0m[92m[PRIM][0m               Core 0 end compute primitive Sram_lifecycle.                                                                   | [36m2931 ns[0m
[INFO][0m[92m[PRIM][0m               Core 0 start compute primitive Sram_lifecycle.                                                                 | [36m2937 ns[0m
[INFO][0m[92m[PRIM][0m               Core 0 end compute primitive Sram_lifecycle.                                                                   | [36m2937 ns[0m
[INFO][0m[92m[PRIM][0m               Core 0 start compute primitive Sram_lifecycle.                                                                 | [36m2943 ns[0m
[INFO][0m[92m[PRIM][0m               Core 0 end compute primitive Sram_lifecycle.                                                                   | [36m2943 ns[0m
[INFO][0m[92m[PRIM][0m               Core 0 start compute primitive Lsu_mem.                                                                        | [36m2949 ns[0m
[INFO][0m[92m[PRIM][0m               Core 0 end compute primitive Lsu_mem.                                                                          | [36m3032 ns[0m
[INFO][0m[92m[PRIM][0m               Core 0 start compute primitive Sram_lifecycle.                                                                 | [36m3038 ns[0m
[INFO][0m[92m[PRIM][0m               Core 0 end compute primitive Sram_lifecycle.                                                                   | [36m3038 ns[0m
[INFO][0m[92m[PRIM][0m               Core 0 start compute primitive Sram_bind_oneshot.                                                              | [36m3044 ns[0m
[INFO][0m[92m[PRIM][0m               Core 0 end compute primitive Sram_bind_oneshot.                                                                | [36m3044 ns[0m
[INFO][0m[92m[PRIM][0m               Core 0 start compute primitive rmsnorm_forward.                                                                | [36m3050 ns[0m
[INFO][0m[92m[PRIM][0m               Core 0 end compute primitive rmsnorm_forward.                                                                  | [36m3058 ns[0m
[INFO][0m[92m[PRIM][0m               Core 0 start compute primitive Sram_lifecycle.                                                                 | [36m3064 ns[0m
[INFO][0m[92m[PRIM][0m               Core 0 end compute primitive Sram_lifecycle.                                                                   | [36m3064 ns[0m
[INFO][0m[92m[PRIM][0m               Core 0 start compute primitive Sram_lifecycle.                                                                 | [36m3070 ns[0m
[INFO][0m[92m[PRIM][0m               Core 0 end compute primitive Sram_lifecycle.                                                                   | [36m3070 ns[0m
[INFO][0m[92m[PRIM][0m               Core 0 start compute primitive Lsu_mem.                                                                        | [36m3076 ns[0m
[INFO][0m[92m[PRIM][0m               Core 0 end compute primitive Lsu_mem.                                                                          | [36m3869 ns[0m
[INFO][0m[92m[PRIM][0m               Core 0 start compute primitive Sram_lifecycle.                                                                 | [36m3875 ns[0m
[INFO][0m[92m[PRIM][0m               Core 0 end compute primitive Sram_lifecycle.                                                                   | [36m3875 ns[0m
[INFO][0m[92m[PRIM][0m               Core 0 start compute primitive Sram_bind_oneshot.                                                              | [36m3881 ns[0m
[INFO][0m[92m[PRIM][0m               Core 0 end compute primitive Sram_bind_oneshot.                                                                | [36m3881 ns[0m
[INFO][0m[92m[PRIM][0m               Core 0 start compute primitive Matmul_f.                                                                       | [36m3887 ns[0m
[INFO][0m[92m[PRIM][0m               Core 0 end compute primitive Matmul_f.                                                                         | [36m4079 ns[0m
[INFO][0m[92m[PRIM][0m               Core 0 start compute primitive Sram_lifecycle.                                                                 | [36m4085 ns[0m
[INFO][0m[92m[PRIM][0m               Core 0 end compute primitive Sram_lifecycle.                                                                   | [36m4085 ns[0m
[INFO][0m[92m[PRIM][0m               Core 0 start compute primitive Sram_lifecycle.                                                                 | [36m4091 ns[0m
[INFO][0m[92m[PRIM][0m               Core 0 end compute primitive Sram_lifecycle.                                                                   | [36m4091 ns[0m
[INFO][0m[92m[PRIM][0m               Core 0 start compute primitive Sram_lifecycle.                                                                 | [36m4097 ns[0m
[INFO][0m[92m[PRIM][0m               Core 0 end compute primitive Sram_lifecycle.                                                                   | [36m4097 ns[0m
[INFO][0m[92m[PRIM][0m               Core 0 start compute primitive Sram_bind_oneshot.                                                              | [36m4103 ns[0m
[INFO][0m[92m[PRIM][0m               Core 0 end compute primitive Sram_bind_oneshot.                                                                | [36m4103 ns[0m
[INFO][0m[92m[PRIM][0m               Core 0 start compute primitive Rope_qk_exact_prim.                                                             | [36m4109 ns[0m
[INFO][0m[92m[PRIM][0m               Core 0 end compute primitive Rope_qk_exact_prim.                                                               | [36m4121 ns[0m
[INFO][0m[92m[PRIM][0m               Core 0 start compute primitive Sram_lifecycle.                                                                 | [36m4127 ns[0m
[INFO][0m[92m[PRIM][0m               Core 0 end compute primitive Sram_lifecycle.                                                                   | [36m4127 ns[0m
[INFO][0m[92m[PRIM][0m               Core 0 start compute primitive Sram_lifecycle.                                                                 | [36m4133 ns[0m
[INFO][0m[92m[PRIM][0m               Core 0 end compute primitive Sram_lifecycle.                                                                   | [36m4133 ns[0m
[INFO][0m[92m[PRIM][0m               Core 0 start compute primitive Lsu_mem.                                                                        | [36m4139 ns[0m
[INFO][0m[92m[PRIM][0m               Core 0 end compute primitive Lsu_mem.                                                                          | [36m4328 ns[0m
[INFO][0m[92m[PRIM][0m               Core 0 start compute primitive Sram_lifecycle.                                                                 | [36m4334 ns[0m
[INFO][0m[92m[PRIM][0m               Core 0 end compute primitive Sram_lifecycle.                                                                   | [36m4334 ns[0m
[INFO][0m[92m[PRIM][0m               Core 0 start compute primitive Lsu_mem.                                                                        | [36m4340 ns[0m
[INFO][0m[92m[PRIM][0m               Core 0 end compute primitive Lsu_mem.                                                                          | [36m4649 ns[0m
[INFO][0m[92m[PRIM][0m               Core 0 start compute primitive Sram_lifecycle.                                                                 | [36m4655 ns[0m
[INFO][0m[92m[PRIM][0m               Core 0 end compute primitive Sram_lifecycle.                                                                   | [36m4655 ns[0m
[INFO][0m[92m[PRIM][0m               Core 0 start compute primitive Lsu_mem.                                                                        | [36m4661 ns[0m
[INFO][0m[92m[PRIM][0m               Core 0 end compute primitive Lsu_mem.                                                                          | [36m4790 ns[0m
[INFO][0m[92m[PRIM][0m               Core 0 start compute primitive Sram_lifecycle.                                                                 | [36m4796 ns[0m
[INFO][0m[92m[PRIM][0m               Core 0 end compute primitive Sram_lifecycle.                                                                   | [36m4796 ns[0m
[INFO][0m[92m[PRIM][0m               Core 0 start compute primitive Lsu_mem.                                                                        | [36m4802 ns[0m
[INFO][0m[92m[PRIM][0m               Core 0 end compute primitive Lsu_mem.                                                                          | [36m5051 ns[0m
[INFO][0m[92m[PRIM][0m               Core 0 start compute primitive Sram_lifecycle.                                                                 | [36m5057 ns[0m
[INFO][0m[92m[PRIM][0m               Core 0 end compute primitive Sram_lifecycle.                                                                   | [36m5057 ns[0m
[INFO][0m[92m[PRIM][0m               Core 0 start compute primitive Lsu_mem.                                                                        | [36m5063 ns[0m
[INFO][0m[92m[PRIM][0m               Core 0 end compute primitive Lsu_mem.                                                                          | [36m5372 ns[0m
[INFO][0m[92m[PRIM][0m               Core 0 start compute primitive Sram_lifecycle.                                                                 | [36m5378 ns[0m
[INFO][0m[92m[PRIM][0m               Core 0 end compute primitive Sram_lifecycle.                                                                   | [36m5378 ns[0m
[INFO][0m[92m[PRIM][0m               Core 0 start compute primitive Lsu_mem.                                                                        | [36m5384 ns[0m
[INFO][0m[92m[PRIM][0m               Core 0 end compute primitive Lsu_mem.                                                                          | [36m5633 ns[0m
[INFO][0m[92m[PRIM][0m               Core 0 start compute primitive Sram_lifecycle.                                                                 | [36m5639 ns[0m
[INFO][0m[92m[PRIM][0m               Core 0 end compute primitive Sram_lifecycle.                                                                   | [36m5639 ns[0m
[INFO][0m[92m[PRIM][0m               Core 0 start compute primitive Lsu_mem.                                                                        | [36m5645 ns[0m
[INFO][0m[92m[PRIM][0m               Core 0 end compute primitive Lsu_mem.                                                                          | [36m5834 ns[0m
[INFO][0m[92m[PRIM][0m               Core 0 start compute primitive Sram_lifecycle.                                                                 | [36m5840 ns[0m
[INFO][0m[92m[PRIM][0m               Core 0 end compute primitive Sram_lifecycle.                                                                   | [36m5840 ns[0m
[INFO][0m[92m[PRIM][0m               Core 0 start compute primitive Lsu_mem.                                                                        | [36m5846 ns[0m
[INFO][0m[92m[PRIM][0m               Core 0 end compute primitive Lsu_mem.                                                                          | [36m5975 ns[0m
[INFO][0m[92m[PRIM][0m               Core 0 start compute primitive Sram_lifecycle.                                                                 | [36m5981 ns[0m
[INFO][0m[92m[PRIM][0m               Core 0 end compute primitive Sram_lifecycle.                                                                   | [36m5981 ns[0m
[INFO][0m[92m[PRIM][0m               Core 0 start compute primitive Sram_bind_oneshot.                                                              | [36m5987 ns[0m
[INFO][0m[92m[PRIM][0m               Core 0 end compute primitive Sram_bind_oneshot.                                                                | [36m5987 ns[0m
[INFO][0m[92m[PRIM][0m               Core 0 start compute primitive Attention_exact_prim.                                                           | [36m5993 ns[0m
[INFO][0m[92m[PRIM][0m               Core 0 end compute primitive Attention_exact_prim.                                                             | [36m5997 ns[0m
[INFO][0m[92m[PRIM][0m               Core 0 start compute primitive Sram_lifecycle.                                                                 | [36m6003 ns[0m
[INFO][0m[92m[PRIM][0m               Core 0 end compute primitive Sram_lifecycle.                                                                   | [36m6003 ns[0m
[INFO][0m[92m[PRIM][0m               Core 0 start compute primitive Sram_lifecycle.                                                                 | [36m6009 ns[0m
[INFO][0m[92m[PRIM][0m               Core 0 end compute primitive Sram_lifecycle.                                                                   | [36m6009 ns[0m
[INFO][0m[92m[PRIM][0m               Core 0 start compute primitive Lsu_mem.                                                                        | [36m6015 ns[0m
[INFO][0m[92m[PRIM][0m               Core 0 end compute primitive Lsu_mem.                                                                          | [36m6092 ns[0m
[INFO][0m[92m[PRIM][0m               Core 0 start compute primitive Sram_lifecycle.                                                                 | [36m6098 ns[0m
[INFO][0m[92m[PRIM][0m               Core 0 end compute primitive Sram_lifecycle.                                                                   | [36m6098 ns[0m
[INFO][0m[92m[PRIM][0m               Core 0 start compute primitive Lsu_mem.                                                                        | [36m6104 ns[0m
[INFO][0m[92m[PRIM][0m               Core 0 end compute primitive Lsu_mem.                                                                          | [36m6181 ns[0m
[INFO][0m[92m[PRIM][0m               Core 0 start compute primitive Sram_lifecycle.                                                                 | [36m6187 ns[0m
[INFO][0m[92m[PRIM][0m               Core 0 end compute primitive Sram_lifecycle.                                                                   | [36m6187 ns[0m
[INFO][0m[92m[PRIM][0m               Core 0 start compute primitive Lsu_mem.                                                                        | [36m6193 ns[0m
[INFO][0m[92m[PRIM][0m               Core 0 end compute primitive Lsu_mem.                                                                          | [36m6270 ns[0m
[INFO][0m[92m[PRIM][0m               Core 0 start compute primitive Sram_lifecycle.                                                                 | [36m6276 ns[0m
[INFO][0m[92m[PRIM][0m               Core 0 end compute primitive Sram_lifecycle.                                                                   | [36m6276 ns[0m
[INFO][0m[92m[PRIM][0m               Core 0 start compute primitive Sram_lifecycle.                                                                 | [36m6282 ns[0m
[INFO][0m[92m[PRIM][0m               Core 0 end compute primitive Sram_lifecycle.                                                                   | [36m6282 ns[0m
[INFO][0m[92m[PRIM][0m               Core 0 start compute primitive Lsu_mem.                                                                        | [36m6288 ns[0m
[INFO][0m[92m[PRIM][0m               Core 0 end compute primitive Lsu_mem.                                                                          | [36m6385 ns[0m
[INFO][0m[92m[PRIM][0m               Core 0 start compute primitive Sram_lifecycle.                                                                 | [36m6391 ns[0m
[INFO][0m[92m[PRIM][0m               Core 0 end compute primitive Sram_lifecycle.                                                                   | [36m6391 ns[0m
[INFO][0m[92m[PRIM][0m               Core 0 start compute primitive Lsu_mem.                                                                        | [36m6397 ns[0m
[INFO][0m[92m[PRIM][0m               Core 0 end compute primitive Lsu_mem.                                                                          | [36m6474 ns[0m
[INFO][0m[92m[PRIM][0m               Core 0 start compute primitive Sram_lifecycle.                                                                 | [36m6480 ns[0m
[INFO][0m[92m[PRIM][0m               Core 0 end compute primitive Sram_lifecycle.                                                                   | [36m6480 ns[0m
[INFO][0m[92m[PRIM][0m               Core 0 start compute primitive Lsu_mem.                                                                        | [36m6486 ns[0m
[INFO][0m[92m[PRIM][0m               Core 0 end compute primitive Lsu_mem.                                                                          | [36m6563 ns[0m
[INFO][0m[92m[PRIM][0m               Core 0 start compute primitive Sram_lifecycle.                                                                 | [36m6569 ns[0m
[INFO][0m[92m[PRIM][0m               Core 0 end compute primitive Sram_lifecycle.                                                                   | [36m6569 ns[0m
[INFO][0m[92m[PRIM][0m               Core 0 start compute primitive Lsu_mem.                                                                        | [36m6575 ns[0m
[INFO][0m[92m[PRIM][0m               Core 0 end compute primitive Lsu_mem.                                                                          | [36m6652 ns[0m
[INFO][0m[92m[PRIM][0m               Core 0 start compute primitive Sram_lifecycle.                                                                 | [36m6658 ns[0m
[INFO][0m[92m[PRIM][0m               Core 0 end compute primitive Sram_lifecycle.                                                                   | [36m6658 ns[0m
[INFO][0m[92m[PRIM][0m               Core 0 start compute primitive Lsu_mem.                                                                        | [36m6664 ns[0m
[INFO][0m[92m[PRIM][0m               Core 0 end compute primitive Lsu_mem.                                                                          | [36m6741 ns[0m
[INFO][0m[92m[PRIM][0m               Core 0 start compute primitive Sram_lifecycle.                                                                 | [36m6747 ns[0m
[INFO][0m[92m[PRIM][0m               Core 0 end compute primitive Sram_lifecycle.                                                                   | [36m6747 ns[0m
[INFO][0m[92m[PRIM][0m               Core 0 start compute primitive Sram_lifecycle.                                                                 | [36m6753 ns[0m
[INFO][0m[92m[PRIM][0m               Core 0 end compute primitive Sram_lifecycle.                                                                   | [36m6753 ns[0m
[INFO][0m[92m[PRIM][0m               Core 0 start compute primitive Lsu_mem.                                                                        | [36m6759 ns[0m
[INFO][0m[92m[PRIM][0m               Core 0 end compute primitive Lsu_mem.                                                                          | [36m6856 ns[0m
[INFO][0m[92m[PRIM][0m               Core 0 start compute primitive Sram_lifecycle.                                                                 | [36m6862 ns[0m
[INFO][0m[92m[PRIM][0m               Core 0 end compute primitive Sram_lifecycle.                                                                   | [36m6862 ns[0m
[INFO][0m[92m[PRIM][0m               Core 0 start compute primitive Sram_lifecycle.                                                                 | [36m6868 ns[0m
[INFO][0m[92m[PRIM][0m               Core 0 end compute primitive Sram_lifecycle.                                                                   | [36m6868 ns[0m
[INFO][0m[92m[PRIM][0m               Core 0 start compute primitive Lsu_mem.                                                                        | [36m6874 ns[0m
[INFO][0m[92m[PRIM][0m               Core 0 end compute primitive Lsu_mem.                                                                          | [36m6951 ns[0m
[INFO][0m[92m[PRIM][0m               Core 0 start compute primitive Sram_lifecycle.                                                                 | [36m6957 ns[0m
[INFO][0m[92m[PRIM][0m               Core 0 end compute primitive Sram_lifecycle.                                                                   | [36m6957 ns[0m
[INFO][0m[92m[PRIM][0m               Core 0 start compute primitive Lsu_mem.                                                                        | [36m6963 ns[0m
[INFO][0m[92m[PRIM][0m               Core 0 end compute primitive Lsu_mem.                                                                          | [36m7040 ns[0m
[INFO][0m[92m[PRIM][0m               Core 0 start compute primitive Sram_lifecycle.                                                                 | [36m7046 ns[0m
[INFO][0m[92m[PRIM][0m               Core 0 end compute primitive Sram_lifecycle.                                                                   | [36m7046 ns[0m
[INFO][0m[92m[PRIM][0m               Core 0 start compute primitive Lsu_mem.                                                                        | [36m7052 ns[0m
[INFO][0m[92m[PRIM][0m               Core 0 end compute primitive Lsu_mem.                                                                          | [36m7129 ns[0m
[INFO][0m[92m[PRIM][0m               Core 0 start compute primitive Sram_lifecycle.                                                                 | [36m7135 ns[0m
[INFO][0m[92m[PRIM][0m               Core 0 end compute primitive Sram_lifecycle.                                                                   | [36m7135 ns[0m
[INFO][0m[92m[PRIM][0m               Core 0 start compute primitive Sram_lifecycle.                                                                 | [36m7141 ns[0m
[INFO][0m[92m[PRIM][0m               Core 0 end compute primitive Sram_lifecycle.                                                                   | [36m7141 ns[0m
[INFO][0m[92m[PRIM][0m               Core 0 start compute primitive Lsu_mem.                                                                        | [36m7147 ns[0m
[INFO][0m[92m[PRIM][0m               Core 0 end compute primitive Lsu_mem.                                                                          | [36m7456 ns[0m
[INFO][0m[92m[PRIM][0m               Core 0 start compute primitive Sram_lifecycle.                                                                 | [36m7462 ns[0m
[INFO][0m[92m[PRIM][0m               Core 0 end compute primitive Sram_lifecycle.                                                                   | [36m7462 ns[0m
[INFO][0m[92m[PRIM][0m               Core 0 start compute primitive Sram_bind_oneshot.                                                              | [36m7468 ns[0m
[INFO][0m[92m[PRIM][0m               Core 0 end compute primitive Sram_bind_oneshot.                                                                | [36m7468 ns[0m
[INFO][0m[92m[PRIM][0m               Core 0 start compute primitive Matmul_f.                                                                       | [36m7474 ns[0m
[INFO][0m[92m[PRIM][0m               Core 0 end compute primitive Matmul_f.                                                                         | [36m7538 ns[0m
[INFO][0m[92m[PRIM][0m               Core 0 start compute primitive Sram_lifecycle.                                                                 | [36m7544 ns[0m
[INFO][0m[92m[PRIM][0m               Core 0 end compute primitive Sram_lifecycle.                                                                   | [36m7544 ns[0m
[INFO][0m[92m[PRIM][0m               Core 0 start compute primitive Sram_lifecycle.                                                                 | [36m7550 ns[0m
[INFO][0m[92m[PRIM][0m               Core 0 end compute primitive Sram_lifecycle.                                                                   | [36m7550 ns[0m
[INFO][0m[92m[PRIM][0m               Core 0 start compute primitive Sram_lifecycle.                                                                 | [36m7556 ns[0m
[INFO][0m[92m[PRIM][0m               Core 0 end compute primitive Sram_lifecycle.                                                                   | [36m7556 ns[0m
[INFO][0m[92m[PRIM][0m               Core 0 start compute primitive Sram_bind_oneshot.                                                              | [36m7562 ns[0m
[INFO][0m[92m[PRIM][0m               Core 0 end compute primitive Sram_bind_oneshot.                                                                | [36m7562 ns[0m
[INFO][0m[92m[PRIM][0m               Core 0 start compute primitive Residual_f.                                                                     | [36m7568 ns[0m
[INFO][0m[92m[PRIM][0m               Core 0 end compute primitive Residual_f.                                                                       | [36m7570 ns[0m
[INFO][0m[92m[PRIM][0m               Core 0 start compute primitive Sram_lifecycle.                                                                 | [36m7576 ns[0m
[INFO][0m[92m[PRIM][0m               Core 0 end compute primitive Sram_lifecycle.                                                                   | [36m7576 ns[0m
[INFO][0m[92m[PRIM][0m               Core 0 start compute primitive Sram_lifecycle.                                                                 | [36m7582 ns[0m
[INFO][0m[92m[PRIM][0m               Core 0 end compute primitive Sram_lifecycle.                                                                   | [36m7582 ns[0m
[INFO][0m[92m[PRIM][0m               Core 0 start compute primitive Sram_lifecycle.                                                                 | [36m7588 ns[0m
[INFO][0m[92m[PRIM][0m               Core 0 end compute primitive Sram_lifecycle.                                                                   | [36m7588 ns[0m
[INFO][0m[92m[PRIM][0m               Core 0 start compute primitive Lsu_mem.                                                                        | [36m7594 ns[0m
[INFO][0m[92m[PRIM][0m               Core 0 end compute primitive Lsu_mem.                                                                          | [36m7677 ns[0m
[INFO][0m[92m[PRIM][0m               Core 0 start compute primitive Sram_lifecycle.                                                                 | [36m7683 ns[0m
[INFO][0m[92m[PRIM][0m               Core 0 end compute primitive Sram_lifecycle.                                                                   | [36m7683 ns[0m
[INFO][0m[92m[PRIM][0m               Core 0 start compute primitive Sram_bind_oneshot.                                                              | [36m7689 ns[0m
[INFO][0m[92m[PRIM][0m               Core 0 end compute primitive Sram_bind_oneshot.                                                                | [36m7689 ns[0m
[INFO][0m[92m[PRIM][0m               Core 0 start compute primitive rmsnorm_forward.                                                                | [36m7695 ns[0m
[INFO][0m[92m[PRIM][0m               Core 0 end compute primitive rmsnorm_forward.                                                                  | [36m7703 ns[0m
[INFO][0m[92m[PRIM][0m               Core 0 start compute primitive Sram_lifecycle.                                                                 | [36m7709 ns[0m
[INFO][0m[92m[PRIM][0m               Core 0 end compute primitive Sram_lifecycle.                                                                   | [36m7709 ns[0m
[INFO][0m[92m[PRIM][0m               Core 0 start compute primitive Sram_lifecycle.                                                                 | [36m7715 ns[0m
[INFO][0m[92m[PRIM][0m               Core 0 end compute primitive Sram_lifecycle.                                                                   | [36m7715 ns[0m
[INFO][0m[92m[PRIM][0m               Core 0 start compute primitive Lsu_mem.                                                                        | [36m7721 ns[0m
[INFO][0m[92m[PRIM][0m               Core 0 end compute primitive Lsu_mem.                                                                          | [36m8758 ns[0m
[INFO][0m[92m[PRIM][0m               Core 0 start compute primitive Sram_lifecycle.                                                                 | [36m8764 ns[0m
[INFO][0m[92m[PRIM][0m               Core 0 end compute primitive Sram_lifecycle.                                                                   | [36m8764 ns[0m
[INFO][0m[92m[PRIM][0m               Core 0 start compute primitive Sram_bind_oneshot.                                                              | [36m8770 ns[0m
[INFO][0m[92m[PRIM][0m               Core 0 end compute primitive Sram_bind_oneshot.                                                                | [36m8770 ns[0m
[INFO][0m[92m[PRIM][0m               Core 0 start compute primitive Matmul_f.                                                                       | [36m8776 ns[0m
[INFO][0m[92m[PRIM][0m               Core 0 end compute primitive Matmul_f.                                                                         | [36m9032 ns[0m
[INFO][0m[92m[PRIM][0m               Core 0 start compute primitive Sram_lifecycle.                                                                 | [36m9038 ns[0m
[INFO][0m[92m[PRIM][0m               Core 0 end compute primitive Sram_lifecycle.                                                                   | [36m9038 ns[0m
[INFO][0m[92m[PRIM][0m               Core 0 start compute primitive Sram_lifecycle.                                                                 | [36m9044 ns[0m
[INFO][0m[92m[PRIM][0m               Core 0 end compute primitive Sram_lifecycle.                                                                   | [36m9044 ns[0m
[INFO][0m[92m[PRIM][0m               Core 0 start compute primitive Sram_lifecycle.                                                                 | [36m9050 ns[0m
[INFO][0m[92m[PRIM][0m               Core 0 end compute primitive Sram_lifecycle.                                                                   | [36m9050 ns[0m
[INFO][0m[92m[PRIM][0m               Core 0 start compute primitive Sram_bind_oneshot.                                                              | [36m9056 ns[0m
[INFO][0m[92m[PRIM][0m               Core 0 end compute primitive Sram_bind_oneshot.                                                                | [36m9056 ns[0m
[INFO][0m[92m[PRIM][0m               Core 0 start compute primitive swiglu_forward.                                                                 | [36m9062 ns[0m
[INFO][0m[92m[PRIM][0m               Core 0 end compute primitive swiglu_forward.                                                                   | [36m9078 ns[0m
[INFO][0m[92m[PRIM][0m               Core 0 start compute primitive Sram_lifecycle.                                                                 | [36m9084 ns[0m
[INFO][0m[92m[PRIM][0m               Core 0 end compute primitive Sram_lifecycle.                                                                   | [36m9084 ns[0m
[INFO][0m[92m[PRIM][0m               Core 0 start compute primitive Sram_lifecycle.                                                                 | [36m9090 ns[0m
[INFO][0m[92m[PRIM][0m               Core 0 end compute primitive Sram_lifecycle.                                                                   | [36m9090 ns[0m
[INFO][0m[92m[PRIM][0m               Core 0 start compute primitive Lsu_mem.                                                                        | [36m9096 ns[0m
[INFO][0m[92m[PRIM][0m               Core 0 end compute primitive Lsu_mem.                                                                          | [36m9649 ns[0m
[INFO][0m[92m[PRIM][0m               Core 0 start compute primitive Sram_lifecycle.                                                                 | [36m9655 ns[0m
[INFO][0m[92m[PRIM][0m               Core 0 end compute primitive Sram_lifecycle.                                                                   | [36m9655 ns[0m
[INFO][0m[92m[PRIM][0m               Core 0 start compute primitive Sram_bind_oneshot.                                                              | [36m9661 ns[0m
[INFO][0m[92m[PRIM][0m               Core 0 end compute primitive Sram_bind_oneshot.                                                                | [36m9661 ns[0m
[INFO][0m[92m[PRIM][0m               Core 0 start compute primitive Matmul_f.                                                                       | [36m9667 ns[0m
[INFO][0m[92m[PRIM][0m               Core 0 end compute primitive Matmul_f.                                                                         | [36m9795 ns[0m
[INFO][0m[92m[PRIM][0m               Core 0 start compute primitive Sram_lifecycle.                                                                 | [36m9801 ns[0m
[INFO][0m[92m[PRIM][0m               Core 0 end compute primitive Sram_lifecycle.                                                                   | [36m9801 ns[0m
[INFO][0m[92m[PRIM][0m               Core 0 start compute primitive Sram_lifecycle.                                                                 | [36m9807 ns[0m
[INFO][0m[92m[PRIM][0m               Core 0 end compute primitive Sram_lifecycle.                                                                   | [36m9807 ns[0m
[INFO][0m[92m[PRIM][0m               Core 0 start compute primitive Sram_lifecycle.                                                                 | [36m9813 ns[0m
[INFO][0m[92m[PRIM][0m               Core 0 end compute primitive Sram_lifecycle.                                                                   | [36m9813 ns[0m
[INFO][0m[92m[PRIM][0m               Core 0 start compute primitive Sram_bind_oneshot.                                                              | [36m9819 ns[0m
[INFO][0m[92m[PRIM][0m               Core 0 end compute primitive Sram_bind_oneshot.                                                                | [36m9819 ns[0m
[INFO][0m[92m[PRIM][0m               Core 0 start compute primitive Residual_f.                                                                     | [36m9825 ns[0m
[INFO][0m[92m[PRIM][0m               Core 0 end compute primitive Residual_f.                                                                       | [36m9827 ns[0m
[INFO][0m[92m[PRIM][0m               Core 0 start compute primitive Sram_lifecycle.                                                                 | [36m9833 ns[0m
[INFO][0m[92m[PRIM][0m               Core 0 end compute primitive Sram_lifecycle.                                                                   | [36m9833 ns[0m
[INFO][0m[92m[PRIM][0m               Core 0 start compute primitive Sram_lifecycle.                                                                 | [36m9839 ns[0m
[INFO][0m[92m[PRIM][0m               Core 0 end compute primitive Sram_lifecycle.                                                                   | [36m9839 ns[0m
[INFO][0m[92m[PRIM][0m               Core 0 start compute primitive Sram_lifecycle.                                                                 | [36m9845 ns[0m
[INFO][0m[92m[PRIM][0m               Core 0 end compute primitive Sram_lifecycle.                                                                   | [36m9845 ns[0m
[INFO][0m[92m[PRIM][0m               Core 0 start compute primitive Lsu_mem.                                                                        | [36m9851 ns[0m
[INFO][0m[92m[PRIM][0m               Core 0 end compute primitive Lsu_mem.                                                                          | [36m9934 ns[0m
[INFO][0m[92m[PRIM][0m               Core 0 start compute primitive Sram_lifecycle.                                                                 | [36m9940 ns[0m
[INFO][0m[92m[PRIM][0m               Core 0 end compute primitive Sram_lifecycle.                                                                   | [36m9940 ns[0m
[INFO][0m[92m[PRIM][0m               Core 0 start compute primitive Sram_bind_oneshot.                                                              | [36m9946 ns[0m
[INFO][0m[92m[PRIM][0m               Core 0 end compute primitive Sram_bind_oneshot.                                                                | [36m9946 ns[0m
[INFO][0m[92m[PRIM][0m               Core 0 start compute primitive rmsnorm_forward.                                                                | [36m9952 ns[0m
[INFO][0m[92m[PRIM][0m               Core 0 end compute primitive rmsnorm_forward.                                                                  | [36m9960 ns[0m
[INFO][0m[92m[PRIM][0m               Core 0 start compute primitive Sram_lifecycle.                                                                 | [36m9966 ns[0m
[INFO][0m[92m[PRIM][0m               Core 0 end compute primitive Sram_lifecycle.                                                                   | [36m9966 ns[0m
[INFO][0m[92m[PRIM][0m               Core 0 start compute primitive Sram_lifecycle.                                                                 | [36m9972 ns[0m
[INFO][0m[92m[PRIM][0m               Core 0 end compute primitive Sram_lifecycle.                                                                   | [36m9972 ns[0m
[INFO][0m[92m[PRIM][0m               Core 0 start compute primitive Lsu_mem.                                                                        | [36m9978 ns[0m
[INFO][0m[92m[PRIM][0m               Core 0 end compute primitive Lsu_mem.                                                                          | [36m10771 ns[0m
[INFO][0m[92m[PRIM][0m               Core 0 start compute primitive Sram_lifecycle.                                                                 | [36m10777 ns[0m
[INFO][0m[92m[PRIM][0m               Core 0 end compute primitive Sram_lifecycle.                                                                   | [36m10777 ns[0m
[INFO][0m[92m[PRIM][0m               Core 0 start compute primitive Sram_bind_oneshot.                                                              | [36m10783 ns[0m
[INFO][0m[92m[PRIM][0m               Core 0 end compute primitive Sram_bind_oneshot.                                                                | [36m10783 ns[0m
[INFO][0m[92m[PRIM][0m               Core 0 start compute primitive Matmul_f.                                                                       | [36m10789 ns[0m
[INFO][0m[92m[PRIM][0m               Core 0 end compute primitive Matmul_f.                                                                         | [36m10981 ns[0m
[INFO][0m[92m[PRIM][0m               Core 0 start compute primitive Sram_lifecycle.                                                                 | [36m10987 ns[0m
[INFO][0m[92m[PRIM][0m               Core 0 end compute primitive Sram_lifecycle.                                                                   | [36m10987 ns[0m
[INFO][0m[92m[PRIM][0m               Core 0 start compute primitive Sram_lifecycle.                                                                 | [36m10993 ns[0m
[INFO][0m[92m[PRIM][0m               Core 0 end compute primitive Sram_lifecycle.                                                                   | [36m10993 ns[0m
[INFO][0m[92m[PRIM][0m               Core 0 start compute primitive Sram_lifecycle.                                                                 | [36m10999 ns[0m
[INFO][0m[92m[PRIM][0m               Core 0 end compute primitive Sram_lifecycle.                                                                   | [36m10999 ns[0m
[INFO][0m[92m[PRIM][0m               Core 0 start compute primitive Sram_bind_oneshot.                                                              | [36m11005 ns[0m
[INFO][0m[92m[PRIM][0m               Core 0 end compute primitive Sram_bind_oneshot.                                                                | [36m11005 ns[0m
[INFO][0m[92m[PRIM][0m               Core 0 start compute primitive Rope_qk_exact_prim.                                                             | [36m11011 ns[0m
[INFO][0m[92m[PRIM][0m               Core 0 end compute primitive Rope_qk_exact_prim.                                                               | [36m11023 ns[0m
[INFO][0m[92m[PRIM][0m               Core 0 start compute primitive Sram_lifecycle.                                                                 | [36m11029 ns[0m
[INFO][0m[92m[PRIM][0m               Core 0 end compute primitive Sram_lifecycle.                                                                   | [36m11029 ns[0m
[INFO][0m[92m[PRIM][0m               Core 0 start compute primitive Sram_lifecycle.                                                                 | [36m11035 ns[0m
[INFO][0m[92m[PRIM][0m               Core 0 end compute primitive Sram_lifecycle.                                                                   | [36m11035 ns[0m
[INFO][0m[92m[PRIM][0m               Core 0 start compute primitive Lsu_mem.                                                                        | [36m11041 ns[0m
[INFO][0m[92m[PRIM][0m               Core 0 end compute primitive Lsu_mem.                                                                          | [36m11350 ns[0m
[INFO][0m[92m[PRIM][0m               Core 0 start compute primitive Sram_lifecycle.                                                                 | [36m11356 ns[0m
[INFO][0m[92m[PRIM][0m               Core 0 end compute primitive Sram_lifecycle.                                                                   | [36m11356 ns[0m
[INFO][0m[92m[PRIM][0m               Core 0 start compute primitive Lsu_mem.                                                                        | [36m11362 ns[0m
[INFO][0m[92m[PRIM][0m               Core 0 end compute primitive Lsu_mem.                                                                          | [36m11551 ns[0m
[INFO][0m[92m[PRIM][0m               Core 0 start compute primitive Sram_lifecycle.                                                                 | [36m11557 ns[0m
[INFO][0m[92m[PRIM][0m               Core 0 end compute primitive Sram_lifecycle.                                                                   | [36m11557 ns[0m
[INFO][0m[92m[PRIM][0m               Core 0 start compute primitive Lsu_mem.                                                                        | [36m11563 ns[0m
[INFO][0m[92m[PRIM][0m               Core 0 end compute primitive Lsu_mem.                                                                          | [36m11812 ns[0m
[INFO][0m[92m[PRIM][0m               Core 0 start compute primitive Sram_lifecycle.                                                                 | [36m11818 ns[0m
[INFO][0m[92m[PRIM][0m               Core 0 end compute primitive Sram_lifecycle.                                                                   | [36m11818 ns[0m
[INFO][0m[92m[PRIM][0m               Core 0 start compute primitive Lsu_mem.                                                                        | [36m11824 ns[0m
[INFO][0m[92m[PRIM][0m               Core 0 end compute primitive Lsu_mem.                                                                          | [36m11953 ns[0m
[INFO][0m[92m[PRIM][0m               Core 0 start compute primitive Sram_lifecycle.                                                                 | [36m11959 ns[0m
[INFO][0m[92m[PRIM][0m               Core 0 end compute primitive Sram_lifecycle.                                                                   | [36m11959 ns[0m
[INFO][0m[92m[PRIM][0m               Core 0 start compute primitive Lsu_mem.                                                                        | [36m11965 ns[0m
[INFO][0m[92m[PRIM][0m               Core 0 end compute primitive Lsu_mem.                                                                          | [36m12154 ns[0m
[INFO][0m[92m[PRIM][0m               Core 0 start compute primitive Sram_lifecycle.                                                                 | [36m12160 ns[0m
[INFO][0m[92m[PRIM][0m               Core 0 end compute primitive Sram_lifecycle.                                                                   | [36m12160 ns[0m
[INFO][0m[92m[PRIM][0m               Core 0 start compute primitive Lsu_mem.                                                                        | [36m12166 ns[0m
[INFO][0m[92m[PRIM][0m               Core 0 end compute primitive Lsu_mem.                                                                          | [36m12475 ns[0m
[INFO][0m[92m[PRIM][0m               Core 0 start compute primitive Sram_lifecycle.                                                                 | [36m12481 ns[0m
[INFO][0m[92m[PRIM][0m               Core 0 end compute primitive Sram_lifecycle.                                                                   | [36m12481 ns[0m
[INFO][0m[92m[PRIM][0m               Core 0 start compute primitive Lsu_mem.                                                                        | [36m12487 ns[0m
[INFO][0m[92m[PRIM][0m               Core 0 end compute primitive Lsu_mem.                                                                          | [36m12736 ns[0m
[INFO][0m[92m[PRIM][0m               Core 0 start compute primitive Sram_lifecycle.                                                                 | [36m12742 ns[0m
[INFO][0m[92m[PRIM][0m               Core 0 end compute primitive Sram_lifecycle.                                                                   | [36m12742 ns[0m
[INFO][0m[92m[PRIM][0m               Core 0 start compute primitive Lsu_mem.                                                                        | [36m12748 ns[0m
[INFO][0m[92m[PRIM][0m               Core 0 end compute primitive Lsu_mem.                                                                          | [36m12877 ns[0m
[INFO][0m[92m[PRIM][0m               Core 0 start compute primitive Sram_lifecycle.                                                                 | [36m12883 ns[0m
[INFO][0m[92m[PRIM][0m               Core 0 end compute primitive Sram_lifecycle.                                                                   | [36m12883 ns[0m
[INFO][0m[92m[PRIM][0m               Core 0 start compute primitive Sram_bind_oneshot.                                                              | [36m12889 ns[0m
[INFO][0m[92m[PRIM][0m               Core 0 end compute primitive Sram_bind_oneshot.                                                                | [36m12889 ns[0m
[INFO][0m[92m[PRIM][0m               Core 0 start compute primitive Attention_exact_prim.                                                           | [36m12895 ns[0m
[INFO][0m[92m[PRIM][0m               Core 0 end compute primitive Attention_exact_prim.                                                             | [36m12899 ns[0m
[INFO][0m[92m[PRIM][0m               Core 0 start compute primitive Sram_lifecycle.                                                                 | [36m12905 ns[0m
[INFO][0m[92m[PRIM][0m               Core 0 end compute primitive Sram_lifecycle.                                                                   | [36m12905 ns[0m
[INFO][0m[92m[PRIM][0m               Core 0 start compute primitive Sram_lifecycle.                                                                 | [36m12911 ns[0m
[INFO][0m[92m[PRIM][0m               Core 0 end compute primitive Sram_lifecycle.                                                                   | [36m12911 ns[0m
[INFO][0m[92m[PRIM][0m               Core 0 start compute primitive Lsu_mem.                                                                        | [36m12917 ns[0m
[INFO][0m[92m[PRIM][0m               Core 0 end compute primitive Lsu_mem.                                                                          | [36m12994 ns[0m
[INFO][0m[92m[PRIM][0m               Core 0 start compute primitive Sram_lifecycle.                                                                 | [36m13 us[0m
[INFO][0m[92m[PRIM][0m               Core 0 end compute primitive Sram_lifecycle.                                                                   | [36m13 us[0m
[INFO][0m[92m[PRIM][0m               Core 0 start compute primitive Sram_lifecycle.                                                                 | [36m13006 ns[0m
[INFO][0m[92m[PRIM][0m               Core 0 end compute primitive Sram_lifecycle.                                                                   | [36m13006 ns[0m
[INFO][0m[92m[PRIM][0m               Core 0 start compute primitive Lsu_mem.                                                                        | [36m13012 ns[0m
[INFO][0m[92m[PRIM][0m               Core 0 end compute primitive Lsu_mem.                                                                          | [36m13089 ns[0m
[INFO][0m[92m[PRIM][0m               Core 0 start compute primitive Sram_lifecycle.                                                                 | [36m13095 ns[0m
[INFO][0m[92m[PRIM][0m               Core 0 end compute primitive Sram_lifecycle.                                                                   | [36m13095 ns[0m
[INFO][0m[92m[PRIM][0m               Core 0 start compute primitive Lsu_mem.                                                                        | [36m13101 ns[0m
[INFO][0m[92m[PRIM][0m               Core 0 end compute primitive Lsu_mem.                                                                          | [36m13178 ns[0m
[INFO][0m[92m[PRIM][0m               Core 0 start compute primitive Sram_lifecycle.                                                                 | [36m13184 ns[0m
[INFO][0m[92m[PRIM][0m               Core 0 end compute primitive Sram_lifecycle.                                                                   | [36m13184 ns[0m
[INFO][0m[92m[PRIM][0m               Core 0 start compute primitive Sram_lifecycle.                                                                 | [36m13190 ns[0m
[INFO][0m[92m[PRIM][0m               Core 0 end compute primitive Sram_lifecycle.                                                                   | [36m13190 ns[0m
[INFO][0m[92m[PRIM][0m               Core 0 start compute primitive Lsu_mem.                                                                        | [36m13196 ns[0m
[INFO][0m[92m[PRIM][0m               Core 0 end compute primitive Lsu_mem.                                                                          | [36m13293 ns[0m
[INFO][0m[92m[PRIM][0m               Core 0 start compute primitive Sram_lifecycle.                                                                 | [36m13299 ns[0m
[INFO][0m[92m[PRIM][0m               Core 0 end compute primitive Sram_lifecycle.                                                                   | [36m13299 ns[0m
[INFO][0m[92m[PRIM][0m               Core 0 start compute primitive Sram_lifecycle.                                                                 | [36m13305 ns[0m
[INFO][0m[92m[PRIM][0m               Core 0 end compute primitive Sram_lifecycle.                                                                   | [36m13305 ns[0m
[INFO][0m[92m[PRIM][0m               Core 0 start compute primitive Lsu_mem.                                                                        | [36m13311 ns[0m
[INFO][0m[92m[PRIM][0m               Core 0 end compute primitive Lsu_mem.                                                                          | [36m13408 ns[0m
[INFO][0m[92m[PRIM][0m               Core 0 start compute primitive Sram_lifecycle.                                                                 | [36m13414 ns[0m
[INFO][0m[92m[PRIM][0m               Core 0 end compute primitive Sram_lifecycle.                                                                   | [36m13414 ns[0m
[INFO][0m[92m[PRIM][0m               Core 0 start compute primitive Lsu_mem.                                                                        | [36m13420 ns[0m
[INFO][0m[92m[PRIM][0m               Core 0 end compute primitive Lsu_mem.                                                                          | [36m13497 ns[0m
[INFO][0m[92m[PRIM][0m               Core 0 start compute primitive Sram_lifecycle.                                                                 | [36m13503 ns[0m
[INFO][0m[92m[PRIM][0m               Core 0 end compute primitive Sram_lifecycle.                                                                   | [36m13503 ns[0m
[INFO][0m[92m[PRIM][0m               Core 0 start compute primitive Lsu_mem.                                                                        | [36m13509 ns[0m
[INFO][0m[92m[PRIM][0m               Core 0 end compute primitive Lsu_mem.                                                                          | [36m13586 ns[0m
[INFO][0m[92m[PRIM][0m               Core 0 start compute primitive Sram_lifecycle.                                                                 | [36m13592 ns[0m
[INFO][0m[92m[PRIM][0m               Core 0 end compute primitive Sram_lifecycle.                                                                   | [36m13592 ns[0m
[INFO][0m[92m[PRIM][0m               Core 0 start compute primitive Lsu_mem.                                                                        | [36m13598 ns[0m
[INFO][0m[92m[PRIM][0m               Core 0 end compute primitive Lsu_mem.                                                                          | [36m13675 ns[0m
[INFO][0m[92m[PRIM][0m               Core 0 start compute primitive Sram_lifecycle.                                                                 | [36m13681 ns[0m
[INFO][0m[92m[PRIM][0m               Core 0 end compute primitive Sram_lifecycle.                                                                   | [36m13681 ns[0m
[INFO][0m[92m[PRIM][0m               Core 0 start compute primitive Lsu_mem.                                                                        | [36m13687 ns[0m
[INFO][0m[92m[PRIM][0m               Core 0 end compute primitive Lsu_mem.                                                                          | [36m13764 ns[0m
[INFO][0m[92m[PRIM][0m               Core 0 start compute primitive Sram_lifecycle.                                                                 | [36m13770 ns[0m
[INFO][0m[92m[PRIM][0m               Core 0 end compute primitive Sram_lifecycle.                                                                   | [36m13770 ns[0m
[INFO][0m[92m[PRIM][0m               Core 0 start compute primitive Lsu_mem.                                                                        | [36m13776 ns[0m
[INFO][0m[92m[PRIM][0m               Core 0 end compute primitive Lsu_mem.                                                                          | [36m13853 ns[0m
[INFO][0m[92m[PRIM][0m               Core 0 start compute primitive Sram_lifecycle.                                                                 | [36m13859 ns[0m
[INFO][0m[92m[PRIM][0m               Core 0 end compute primitive Sram_lifecycle.                                                                   | [36m13859 ns[0m
[INFO][0m[92m[PRIM][0m               Core 0 start compute primitive Lsu_mem.                                                                        | [36m13865 ns[0m
[INFO][0m[92m[PRIM][0m               Core 0 end compute primitive Lsu_mem.                                                                          | [36m13942 ns[0m
[INFO][0m[92m[PRIM][0m               Core 0 start compute primitive Sram_lifecycle.                                                                 | [36m13948 ns[0m
[INFO][0m[92m[PRIM][0m               Core 0 end compute primitive Sram_lifecycle.                                                                   | [36m13948 ns[0m
[INFO][0m[92m[PRIM][0m               Core 0 start compute primitive Lsu_mem.                                                                        | [36m13954 ns[0m
[INFO][0m[92m[PRIM][0m               Core 0 end compute primitive Lsu_mem.                                                                          | [36m14031 ns[0m
[INFO][0m[92m[PRIM][0m               Core 0 start compute primitive Sram_lifecycle.                                                                 | [36m14037 ns[0m
[INFO][0m[92m[PRIM][0m               Core 0 end compute primitive Sram_lifecycle.                                                                   | [36m14037 ns[0m
[INFO][0m[92m[PRIM][0m               Core 0 start compute primitive Sram_lifecycle.                                                                 | [36m14043 ns[0m
[INFO][0m[92m[PRIM][0m               Core 0 end compute primitive Sram_lifecycle.                                                                   | [36m14043 ns[0m
[INFO][0m[92m[PRIM][0m               Core 0 start compute primitive Lsu_mem.                                                                        | [36m14049 ns[0m
[INFO][0m[92m[PRIM][0m               Core 0 end compute primitive Lsu_mem.                                                                          | [36m14358 ns[0m
[INFO][0m[92m[PRIM][0m               Core 0 start compute primitive Sram_lifecycle.                                                                 | [36m14364 ns[0m
[INFO][0m[92m[PRIM][0m               Core 0 end compute primitive Sram_lifecycle.                                                                   | [36m14364 ns[0m
[INFO][0m[92m[PRIM][0m               Core 0 start compute primitive Sram_bind_oneshot.                                                              | [36m14370 ns[0m
[INFO][0m[92m[PRIM][0m               Core 0 end compute primitive Sram_bind_oneshot.                                                                | [36m14370 ns[0m
[INFO][0m[92m[PRIM][0m               Core 0 start compute primitive Matmul_f.                                                                       | [36m14376 ns[0m
[INFO][0m[92m[PRIM][0m               Core 0 end compute primitive Matmul_f.                                                                         | [36m14440 ns[0m
[INFO][0m[92m[PRIM][0m               Core 0 start compute primitive Sram_lifecycle.                                                                 | [36m14446 ns[0m
[INFO][0m[92m[PRIM][0m               Core 0 end compute primitive Sram_lifecycle.                                                                   | [36m14446 ns[0m
[INFO][0m[92m[PRIM][0m               Core 0 start compute primitive Sram_lifecycle.                                                                 | [36m14452 ns[0m
[INFO][0m[92m[PRIM][0m               Core 0 end compute primitive Sram_lifecycle.                                                                   | [36m14452 ns[0m
[INFO][0m[92m[PRIM][0m               Core 0 start compute primitive Sram_lifecycle.                                                                 | [36m14458 ns[0m
[INFO][0m[92m[PRIM][0m               Core 0 end compute primitive Sram_lifecycle.                                                                   | [36m14458 ns[0m
[INFO][0m[92m[PRIM][0m               Core 0 start compute primitive Sram_bind_oneshot.                                                              | [36m14464 ns[0m
[INFO][0m[92m[PRIM][0m               Core 0 end compute primitive Sram_bind_oneshot.                                                                | [36m14464 ns[0m
[INFO][0m[92m[PRIM][0m               Core 0 start compute primitive Residual_f.                                                                     | [36m14470 ns[0m
[INFO][0m[92m[PRIM][0m               Core 0 end compute primitive Residual_f.                                                                       | [36m14472 ns[0m
[INFO][0m[92m[PRIM][0m               Core 0 start compute primitive Sram_lifecycle.                                                                 | [36m14478 ns[0m
[INFO][0m[92m[PRIM][0m               Core 0 end compute primitive Sram_lifecycle.                                                                   | [36m14478 ns[0m
[INFO][0m[92m[PRIM][0m               Core 0 start compute primitive Sram_lifecycle.                                                                 | [36m14484 ns[0m
[INFO][0m[92m[PRIM][0m               Core 0 end compute primitive Sram_lifecycle.                                                                   | [36m14484 ns[0m
[INFO][0m[92m[PRIM][0m               Core 0 start compute primitive Sram_lifecycle.                                                                 | [36m14490 ns[0m
[INFO][0m[92m[PRIM][0m               Core 0 end compute primitive Sram_lifecycle.                                                                   | [36m14490 ns[0m
[INFO][0m[92m[PRIM][0m               Core 0 start compute primitive Lsu_mem.                                                                        | [36m14496 ns[0m
[INFO][0m[92m[PRIM][0m               Core 0 end compute primitive Lsu_mem.                                                                          | [36m14579 ns[0m
[INFO][0m[92m[PRIM][0m               Core 0 start compute primitive Sram_lifecycle.                                                                 | [36m14585 ns[0m
[INFO][0m[92m[PRIM][0m               Core 0 end compute primitive Sram_lifecycle.                                                                   | [36m14585 ns[0m
[INFO][0m[92m[PRIM][0m               Core 0 start compute primitive Sram_bind_oneshot.                                                              | [36m14591 ns[0m
[INFO][0m[92m[PRIM][0m               Core 0 end compute primitive Sram_bind_oneshot.                                                                | [36m14591 ns[0m
[INFO][0m[92m[PRIM][0m               Core 0 start compute primitive rmsnorm_forward.                                                                | [36m14597 ns[0m
[INFO][0m[92m[PRIM][0m               Core 0 end compute primitive rmsnorm_forward.                                                                  | [36m14605 ns[0m
[INFO][0m[92m[PRIM][0m               Core 0 start compute primitive Sram_lifecycle.                                                                 | [36m14611 ns[0m
[INFO][0m[92m[PRIM][0m               Core 0 end compute primitive Sram_lifecycle.                                                                   | [36m14611 ns[0m
[INFO][0m[92m[PRIM][0m               Core 0 start compute primitive Sram_lifecycle.                                                                 | [36m14617 ns[0m
[INFO][0m[92m[PRIM][0m               Core 0 end compute primitive Sram_lifecycle.                                                                   | [36m14617 ns[0m
[INFO][0m[92m[PRIM][0m               Core 0 start compute primitive Lsu_mem.                                                                        | [36m14623 ns[0m
[INFO][0m[92m[PRIM][0m               Core 0 end compute primitive Lsu_mem.                                                                          | [36m15660 ns[0m
[INFO][0m[92m[PRIM][0m               Core 0 start compute primitive Sram_lifecycle.                                                                 | [36m15666 ns[0m
[INFO][0m[92m[PRIM][0m               Core 0 end compute primitive Sram_lifecycle.                                                                   | [36m15666 ns[0m
[INFO][0m[92m[PRIM][0m               Core 0 start compute primitive Sram_bind_oneshot.                                                              | [36m15672 ns[0m
[INFO][0m[92m[PRIM][0m               Core 0 end compute primitive Sram_bind_oneshot.                                                                | [36m15672 ns[0m
[INFO][0m[92m[PRIM][0m               Core 0 start compute primitive Matmul_f.                                                                       | [36m15678 ns[0m
[INFO][0m[92m[PRIM][0m               Core 0 end compute primitive Matmul_f.                                                                         | [36m15934 ns[0m
[INFO][0m[92m[PRIM][0m               Core 0 start compute primitive Sram_lifecycle.                                                                 | [36m15940 ns[0m
[INFO][0m[92m[PRIM][0m               Core 0 end compute primitive Sram_lifecycle.                                                                   | [36m15940 ns[0m
[INFO][0m[92m[PRIM][0m               Core 0 start compute primitive Sram_lifecycle.                                                                 | [36m15946 ns[0m
[INFO][0m[92m[PRIM][0m               Core 0 end compute primitive Sram_lifecycle.                                                                   | [36m15946 ns[0m
[INFO][0m[92m[PRIM][0m               Core 0 start compute primitive Sram_lifecycle.                                                                 | [36m15952 ns[0m
[INFO][0m[92m[PRIM][0m               Core 0 end compute primitive Sram_lifecycle.                                                                   | [36m15952 ns[0m
[INFO][0m[92m[PRIM][0m               Core 0 start compute primitive Sram_bind_oneshot.                                                              | [36m15958 ns[0m
[INFO][0m[92m[PRIM][0m               Core 0 end compute primitive Sram_bind_oneshot.                                                                | [36m15958 ns[0m
[INFO][0m[92m[PRIM][0m               Core 0 start compute primitive swiglu_forward.                                                                 | [36m15964 ns[0m
[INFO][0m[92m[PRIM][0m               Core 0 end compute primitive swiglu_forward.                                                                   | [36m15980 ns[0m
[INFO][0m[92m[PRIM][0m               Core 0 start compute primitive Sram_lifecycle.                                                                 | [36m15986 ns[0m
[INFO][0m[92m[PRIM][0m               Core 0 end compute primitive Sram_lifecycle.                                                                   | [36m15986 ns[0m
[INFO][0m[92m[PRIM][0m               Core 0 start compute primitive Sram_lifecycle.                                                                 | [36m15992 ns[0m
[INFO][0m[92m[PRIM][0m               Core 0 end compute primitive Sram_lifecycle.                                                                   | [36m15992 ns[0m
[INFO][0m[92m[PRIM][0m               Core 0 start compute primitive Lsu_mem.                                                                        | [36m15998 ns[0m
[INFO][0m[92m[PRIM][0m               Core 0 end compute primitive Lsu_mem.                                                                          | [36m16551 ns[0m
[INFO][0m[92m[PRIM][0m               Core 0 start compute primitive Sram_lifecycle.                                                                 | [36m16557 ns[0m
[INFO][0m[92m[PRIM][0m               Core 0 end compute primitive Sram_lifecycle.                                                                   | [36m16557 ns[0m
[INFO][0m[92m[PRIM][0m               Core 0 start compute primitive Sram_bind_oneshot.                                                              | [36m16563 ns[0m
[INFO][0m[92m[PRIM][0m               Core 0 end compute primitive Sram_bind_oneshot.                                                                | [36m16563 ns[0m
[INFO][0m[92m[PRIM][0m               Core 0 start compute primitive Matmul_f.                                                                       | [36m16569 ns[0m
[INFO][0m[92m[PRIM][0m               Core 0 end compute primitive Matmul_f.                                                                         | [36m16697 ns[0m
[INFO][0m[92m[PRIM][0m               Core 0 start compute primitive Sram_lifecycle.                                                                 | [36m16703 ns[0m
[INFO][0m[92m[PRIM][0m               Core 0 end compute primitive Sram_lifecycle.                                                                   | [36m16703 ns[0m
[INFO][0m[92m[PRIM][0m               Core 0 start compute primitive Sram_lifecycle.                                                                 | [36m16709 ns[0m
[INFO][0m[92m[PRIM][0m               Core 0 end compute primitive Sram_lifecycle.                                                                   | [36m16709 ns[0m
[INFO][0m[92m[PRIM][0m               Core 0 start compute primitive Sram_lifecycle.                                                                 | [36m16715 ns[0m
[INFO][0m[92m[PRIM][0m               Core 0 end compute primitive Sram_lifecycle.                                                                   | [36m16715 ns[0m
[INFO][0m[92m[PRIM][0m               Core 0 start compute primitive Sram_bind_oneshot.                                                              | [36m16721 ns[0m
[INFO][0m[92m[PRIM][0m               Core 0 end compute primitive Sram_bind_oneshot.                                                                | [36m16721 ns[0m
[INFO][0m[92m[PRIM][0m               Core 0 start compute primitive Residual_f.                                                                     | [36m16727 ns[0m
[INFO][0m[92m[PRIM][0m               Core 0 end compute primitive Residual_f.                                                                       | [36m16729 ns[0m
[INFO][0m[92m[PRIM][0m               Core 0 start compute primitive Sram_lifecycle.                                                                 | [36m16735 ns[0m
[INFO][0m[92m[PRIM][0m               Core 0 end compute primitive Sram_lifecycle.                                                                   | [36m16735 ns[0m
[INFO][0m[92m[PRIM][0m               Core 0 start compute primitive Sram_lifecycle.                                                                 | [36m16741 ns[0m
[INFO][0m[92m[PRIM][0m               Core 0 end compute primitive Sram_lifecycle.                                                                   | [36m16741 ns[0m
[INFO][0m[92m[PRIM][0m               Core 0 start compute primitive Sram_lifecycle.                                                                 | [36m16747 ns[0m
[INFO][0m[92m[PRIM][0m               Core 0 end compute primitive Sram_lifecycle.                                                                   | [36m16747 ns[0m
[INFO][0m[92m[PRIM][0m               Core 0 start compute primitive Lsu_mem.                                                                        | [36m16753 ns[0m
[INFO][0m[92m[PRIM][0m               Core 0 end compute primitive Lsu_mem.                                                                          | [36m16836 ns[0m
[INFO][0m[92m[PRIM][0m               Core 0 start compute primitive Sram_lifecycle.                                                                 | [36m16842 ns[0m
[INFO][0m[92m[PRIM][0m               Core 0 end compute primitive Sram_lifecycle.                                                                   | [36m16842 ns[0m
[INFO][0m[92m[PRIM][0m               Core 0 start compute primitive Sram_bind_oneshot.                                                              | [36m16848 ns[0m
[INFO][0m[92m[PRIM][0m               Core 0 end compute primitive Sram_bind_oneshot.                                                                | [36m16848 ns[0m
[INFO][0m[92m[PRIM][0m               Core 0 start compute primitive rmsnorm_forward.                                                                | [36m16854 ns[0m
[INFO][0m[92m[PRIM][0m               Core 0 end compute primitive rmsnorm_forward.                                                                  | [36m16862 ns[0m
[INFO][0m[92m[PRIM][0m               Core 0 start compute primitive Sram_lifecycle.                                                                 | [36m16868 ns[0m
[INFO][0m[92m[PRIM][0m               Core 0 end compute primitive Sram_lifecycle.                                                                   | [36m16868 ns[0m
[INFO][0m[92m[PRIM][0m               Core 0 start compute primitive Sram_lifecycle.                                                                 | [36m16874 ns[0m
[INFO][0m[92m[PRIM][0m               Core 0 end compute primitive Sram_lifecycle.                                                                   | [36m16874 ns[0m
[INFO][0m[92m[PRIM][0m               Core 0 start compute primitive Sram_lifecycle.                                                                 | [36m16880 ns[0m
[INFO][0m[92m[PRIM][0m               Core 0 end compute primitive Sram_lifecycle.                                                                   | [36m16880 ns[0m
[INFO][0m[92m[PRIM][0m               Core 0 start compute primitive Lsu_mem.                                                                        | [36m16886 ns[0m
[INFO][0m[92m[PRIM][0m               Core 0 end compute primitive Lsu_mem.                                                                          | [36m17439 ns[0m
[INFO][0m[92m[PRIM][0m               Core 0 start compute primitive Sram_lifecycle.                                                                 | [36m17445 ns[0m
[INFO][0m[92m[PRIM][0m               Core 0 end compute primitive Sram_lifecycle.                                                                   | [36m17445 ns[0m
[INFO][0m[92m[PRIM][0m               Core 0 start compute primitive Sram_bind_oneshot.                                                              | [36m17451 ns[0m
[INFO][0m[92m[PRIM][0m               Core 0 end compute primitive Sram_bind_oneshot.                                                                | [36m17451 ns[0m
[INFO][0m[92m[PRIM][0m               Core 0 start compute primitive Matmul_f.                                                                       | [36m17457 ns[0m
[INFO][0m[92m[PRIM][0m               Core 0 end compute primitive Matmul_f.                                                                         | [36m17585 ns[0m
[INFO][0m[92m[PRIM][0m               Core 0 start compute primitive Sram_lifecycle.                                                                 | [36m17591 ns[0m
[INFO][0m[92m[PRIM][0m               Core 0 end compute primitive Sram_lifecycle.                                                                   | [36m17591 ns[0m
[INFO][0m[92m[PRIM][0m               Core 0 start compute primitive Sram_lifecycle.                                                                 | [36m17597 ns[0m
[INFO][0m[92m[PRIM][0m               Core 0 end compute primitive Sram_lifecycle.                                                                   | [36m17597 ns[0m
[INFO][0m[92m[PRIM][0m               Core 0 start compute primitive Sram_lifecycle.                                                                 | [36m17603 ns[0m
[INFO][0m[92m[PRIM][0m               Core 0 end compute primitive Sram_lifecycle.                                                                   | [36m17603 ns[0m
[INFO][0m[92m[PRIM][0m               Core 0 start send primitive SEND_DONE.                                                                         | [36m17609 ns[0m
[INFO][0m[92m[PRIM][0m               Core 0 end send primitive SEND_DONE.                                                                           | [36m17613 ns[0m
[INFO][0m[92m[MEM_INTF][0m           End DONE reception.                                                                                            | [36m17615 ns[0m

Info: /OSCI/SystemC: Simulation stopped by user.
[SIM_RESULT] makespan_cycles=8807
[PROGRAM_MEMORY] core=0 lsu_issued=55 lsu_completed=55 lsu_hbm_read_bytes=17568 lsu_hbm_write_bytes=1024 lsu_sram_read_bytes=1024 lsu_sram_write_bytes=17568 lsu_residual=0 dte_residual=0
[PROGRAM_IO_PROBE] id=program_output_probe_0ed80425653cfaf3 core=0 address=22912 bytes=512 expected_checksum=076a27c79e5ace2a3d47f9dd2e83e4ff6ea8872b3c2218f66c92b89b55f36560 checksum=076a27c79e5ace2a3d47f9dd2e83e4ff6ea8872b3c2218f66c92b89b55f36560 valid=1 exact=1 pass=1
[PROGRAM_IO_PROBE] id=program_output_probe_4bfcec624f5af667 die=0 address=20288 bytes=512 expected_checksum=63b0461691d3f272f846624564097c8e8e2437bff3a07b1faf808a7e6bf99238 checksum=63b0461691d3f272f846624564097c8e8e2437bff3a07b1faf808a7e6bf99238 valid=1 exact=1 pass=1
[PROGRAM_IO_PROBE] id=program_output_probe_29a8e7e3d3147bc8 die=0 address=18752 bytes=512 expected_checksum=ba9db63909fa66fabfefc57079300c0293e9feedc461f1a22a4040c858442304 checksum=ba9db63909fa66fabfefc57079300c0293e9feedc461f1a22a4040c858442304 valid=1 exact=1 pass=1
[PROGRAM_IO_PROBE] id=program_output_probe_3d50b803a4f9e3a1 die=0 address=21312 bytes=512 expected_checksum=51bf8381a8e9fedc8cdeee2f400bf0547e84bc797939b0625ec7a4df614053a4 checksum=51bf8381a8e9fedc8cdeee2f400bf0547e84bc797939b0625ec7a4df614053a4 valid=1 exact=1 pass=1
[PROGRAM_IO_PROBE] id=program_output_probe_4a53d773725a088f die=0 address=15168 bytes=512 expected_checksum=931e44cb2dd6d5d067b2bae2cf69c9ab75ed663efbd280a1cc8302bf4860c8eb checksum=931e44cb2dd6d5d067b2bae2cf69c9ab75ed663efbd280a1cc8302bf4860c8eb valid=1 exact=1 pass=1
[PROGRAM_IO_PROBE] id=program_output_probe_c745831395e796a8 die=0 address=21824 bytes=512 expected_checksum=bd14645dac2f3375778ac1cee9c1ececc389d15976db97cb950aa4dc3433291f checksum=bd14645dac2f3375778ac1cee9c1ececc389d15976db97cb950aa4dc3433291f valid=1 exact=1 pass=1
[PROGRAM_IO_PROBE] id=program_output_probe_9a84053376ff68b4 die=0 address=13120 bytes=512 expected_checksum=2522b8dd8769c0e6f285efb329924778a0baa8b98e5914a54c52455f44a79e19 checksum=2522b8dd8769c0e6f285efb329924778a0baa8b98e5914a54c52455f44a79e19 valid=1 exact=1 pass=1
[PROGRAM_IO_PROBE] id=program_output_probe_c56e3cb5a7b69397 die=0 address=19264 bytes=512 expected_checksum=6565ec51023e3ec0aedee7a46483316f6081f0c044793cf249faf9a007aed416 checksum=6565ec51023e3ec0aedee7a46483316f6081f0c044793cf249faf9a007aed416 valid=1 exact=1 pass=1
[PROGRAM_IO_PROBE] id=program_output_probe_b50728cea2ccf001 die=0 address=16192 bytes=512 expected_checksum=bbe50ecfc53e2fdfac99d64d2312647094712aff3898a79337df519a9f89b20b checksum=bbe50ecfc53e2fdfac99d64d2312647094712aff3898a79337df519a9f89b20b valid=1 exact=1 pass=1
[PROGRAM_IO_PROBE] id=program_output_probe_30b250564ccb0f85 die=0 address=20800 bytes=512 expected_checksum=fbd2a605553723e88e0fc4c167e6f21167e2b6f1e64d9d091d27f332be2ec7c7 checksum=fbd2a605553723e88e0fc4c167e6f21167e2b6f1e64d9d091d27f332be2ec7c7 valid=1 exact=1 pass=1
[PROGRAM_IO_PROBE] id=program_output_probe_f6cdc6e8574ba172 die=0 address=15680 bytes=512 expected_checksum=7b0192f487c57ed5f3c7cb53e205901a6d8c332fb388982807f1452cdca8a07f checksum=7b0192f487c57ed5f3c7cb53e205901a6d8c332fb388982807f1452cdca8a07f valid=1 exact=1 pass=1
[PROGRAM_IO_PROBE] id=program_output_probe_797bfc561b090995 die=0 address=13632 bytes=512 expected_checksum=ed436cbbc619436444b40682f47b36f5cc77e574abe87dcb509dd1a6e4037f0d checksum=ed436cbbc619436444b40682f47b36f5cc77e574abe87dcb509dd1a6e4037f0d valid=1 exact=1 pass=1
[PROGRAM_IO_PROBE] id=program_output_probe_d16a7262b7ef9691 die=0 address=12608 bytes=512 expected_checksum=bb230736ed9cc29b9dc26ec64ea43feb83b7bb7f3117cd2f11bc3a309b7eb80c checksum=bb230736ed9cc29b9dc26ec64ea43feb83b7bb7f3117cd2f11bc3a309b7eb80c valid=1 exact=1 pass=1
[PROGRAM_IO_PROBE] id=program_output_probe_acd4eae77f3fa084 die=0 address=19776 bytes=512 expected_checksum=6902bfe39c6f551424c6bf209f3e3fa6bda139ff37e333a6787d6285b052bd3b checksum=6902bfe39c6f551424c6bf209f3e3fa6bda139ff37e333a6787d6285b052bd3b valid=1 exact=1 pass=1
[PROGRAM_IO_PROBE] id=program_output_probe_c02a07bcd4603dcc die=0 address=14656 bytes=512 expected_checksum=cb83c6d5da8db62e767a9c304ed39e50a713ff36a2cc7dc8013071c764e2c38c checksum=cb83c6d5da8db62e767a9c304ed39e50a713ff36a2cc7dc8013071c764e2c38c valid=1 exact=1 pass=1
[PROGRAM_IO_PROBE] id=program_output_probe_1c2a88949a5212b7 die=0 address=22336 bytes=512 expected_checksum=8305687e6167a38cdcfad01e63b8bc9eb58bb522e4af1c7a3e67e988d90dc4de checksum=8305687e6167a38cdcfad01e63b8bc9eb58bb522e4af1c7a3e67e988d90dc4de valid=1 exact=1 pass=1
[PROGRAM_IO_PROBE] id=program_output_probe_c52f279a1c3e398a die=0 address=14144 bytes=512 expected_checksum=8cd15c5eabf6f544805f9d9f412f6abed95cef3294c1a142462dd506a530e1d9 checksum=8cd15c5eabf6f544805f9d9f412f6abed95cef3294c1a142462dd506a530e1d9 valid=1 exact=1 pass=1
[PROGRAM_IO] phase=verify mode=timing initializations=96 probes=17 checksum=b5c45d430bcbb7f617a07fa54846523c5181942af196eb7351ae16c12110986d pass=1
[INFO][0m[92m[SYSTEM][0m             [D2D] in_pkts=0 out_pkts=0 busy_cycles=0 stall_cycles=0.                                                       | [36m17615 ns[0m
[INFO][0m[92m[SYSTEM][0m             [D2D_TYPE] request_in=0 request_out=0 ack_in=0 ack_out=0 data_in=0 data_out=0.                                 | [36m17615 ns[0m
[INFO][0m[92m[SYSTEM][0m             [D2D_DATA] in_pkts=0 out_pkts=0 in_seqhash=1469598103934665603 out_seqhash=1469598103934665603 in_csum=1469598103934665603 out_csum=1469598103934665603 out_inorder=1 out_minseq=-1 out_maxseq=-1 out_endseq=-1 out_end_count=0 out_end_length=-1 in_first_cycle=-1 in_last_cycle=-1 out_first_cycle=-1 out_last_cycle=-1. | [36m17615 ns[0m
[INFO][0m[92m[SYSTEM][0m             [D2D_REPIN] total=0 changed=0 same=0.                                                                          | [36m17615 ns[0m
[INFO][0m[92m[SYSTEM][0m             [SAF] reserved_packets=0 group_reserved_packets=0.                                                             | [36m17615 ns[0m
[INFO][0m[92m[SYSTEM][0m             [DIE_ACT] router_pkts=5895,0 mesh_pkts=5892,0.                                                                 | [36m17615 ns[0m
[INFO][0m[92m[SYSTEM][0m             [NOC_ACT] sends=572,0 stalls=0,0 d2d_source_stalls=0.                                                          | [36m17615 ns[0m
[INFO][0m[92m[SYSTEM][0m             [FLOW_DONE] .                                                                                                  | [36m17615 ns[0m
[INFO][0m[92m[SYSTEM][0m             [SAF_ADMIT] success=0 reject=0.                                                                                | [36m17615 ns[0m
[INFO][0m[92m[SYSTEM][0m             [P5 P2P TIMING DRAIN] residual=0.                                                                              | [36m17615 ns[0m
[INFO][0m[92m[SYSTEM][0m             [COLL_DRAIN] tree_entries=0 reduce_nodes=0 barriers=0 gather=0 reduce_rx=0 endpoints=0 dte_tokens=0 event=0.   | [36m17615 ns[0m
[INFO][0m[92m[SYSTEM][0m             [DRAIN] router_residual=0.                                                                                     | [36m17615 ns[0m
[INFO][0m[92m[SYSTEM][0m             [CREDIT] data_balanced=1 ctrl_balanced=1.                                                                      | [36m17615 ns[0m
[INFO][0m[92m[SYSTEM][0m             [DRAIN] d2d_link_residual=0.                                                                                   | [36m17615 ns[0m
[INFO][0m[92m[SYSTEM][0m             [START_DATA] enqueued=1 injected=1 accepted=1 delivered=1 consumed=1 completed=1.                              | [36m17615 ns[0m
[INFO][0m[92m[SYSTEM][0m             [LOCK] max_output_ref=0.                                                                                       | [36m17615 ns[0m
[INFO][0m[92m[SYSTEM][0m             [HOSTLANE] done_total=1 ack_total=2 mismatch=0 per_lane_done=1,0,0,0,0,0,0,0.                                  | [36m17615 ns[0m
[INFO][0m[92m[SYSTEM][0m             [HOSTSIG] done=0:1, ack=0:0:2,.                                                                                | [36m17615 ns[0m
[INFO][0m[92m[SYSTEM][0m             Total Real-time Cost: 0.191925s.                                                                               | [36m17615 ns[0m
[INFO][0m[92m[SYSTEM][0m             Cleanup monitor components.                                                                                    | [36m17615 ns[0m
[INFO][0m[92m[SYSTEM][0m             Cleanup memory interface components.                                                                           | [36m17615 ns[0m
