[PROGRAM_IO] phase=resolved mode=timing initializations=372 probes=20 checksum=1caba2e72b7e3888d54e5f61097f54098434c8e81c42e846aff33f678ba815ed pass=1
===========================================================================
Memory Configuration:

 Memory type:                    HBM2
 Memory size in bytes:           1073741824
 Channels:                       1
 Pseudo channels per channel:    2
 Bank groups per pseudo channel: 4
 Banks per pseudo channel:       16
 Rows per bank:                  32768
 Columns per row:                128
 Pseudo channel width in bits:   64
 Pseudo channel size in bits:    4294967296
 Pseudo channel size in bytes:   536870912

===========================================================================
Memory Configuration:

 Memory type:                    HBM2
 Memory size in bytes:           1073741824
 Channels:                       1
 Pseudo channels per channel:    2
 Bank groups per pseudo channel: 4
 Banks per pseudo channel:       16
 Rows per bank:                  32768
 Columns per row:                128
 Pseudo channel width in bits:   64
 Pseudo channel size in bits:    4294967296
 Pseudo channel size in bytes:   536870912

===========================================================================
Memory Configuration:

 Memory type:                    HBM2
 Memory size in bytes:           1073741824
 Channels:                       1
 Pseudo channels per channel:    2
 Bank groups per pseudo channel: 4
 Banks per pseudo channel:       16
 Rows per bank:                  32768
 Columns per row:                128
 Pseudo channel width in bits:   64
 Pseudo channel size in bits:    4294967296
 Pseudo channel size in bytes:   536870912

===========================================================================
Memory Configuration:

 Memory type:                    HBM2
 Memory size in bytes:           1073741824
 Channels:                       1
 Pseudo channels per channel:    2
 Bank groups per pseudo channel: 4
 Banks per pseudo channel:       16
 Rows per bank:                  32768
 Columns per row:                128
 Pseudo channel width in bits:   64
 Pseudo channel size in bits:    4294967296
 Pseudo channel size in bytes:   536870912

Loaded Program Format 1.0, ISA 1.0, capabilities=0x0
[INFO][0m[92m[SYSTEM][0m             Address mapping with n=8 saved to ../DRAMSys/configs/addressmapping/am_ddr4_8x4Gbx8_df.json.                   | [36m0 s[0m
[INFO][0m[92m[SYSTEM][0m             Address mapping with n=8 saved to ../DRAMSys/configs/addressmapping/am_hbm2_gpu.json.                          | [36m0 s[0m
===========================================================================
Memory Configuration:

 Memory type:           DDR4
 Memory size in bytes:  4294967296
 Channels:              1
 Ranks per channel:     1
 Bank groups per rank:  4
 Banks per rank:        16
 Rows per bank:         32768
 Columns per row:       1024
 Device width in bits:  8
 Device size in bits:   4294967296
 Device size in bytes:  536870912
 Devices per rank:      8

===========================================================================
===========================================================================
Memory Configuration:

 Memory type:                    HBM2
 Memory size in bytes:           1073741824
 Channels:                       1
 Pseudo channels per channel:    2
 Bank groups per pseudo channel: 4
 Banks per pseudo channel:       16
 Rows per bank:                  32768
 Columns per row:                128
 Pseudo channel width in bits:   64
 Pseudo channel size in bits:    4294967296
 Pseudo channel size in bytes:   536870912

===========================================================================
Memory Configuration:

 Memory type:                    HBM2
 Memory size in bytes:           1073741824
 Channels:                       1
 Pseudo channels per channel:    2
 Bank groups per pseudo channel: 4
 Banks per pseudo channel:       16
 Rows per bank:                  32768
 Columns per row:                128
 Pseudo channel width in bits:   64
 Pseudo channel size in bits:    4294967296
 Pseudo channel size in bytes:   536870912

===========================================================================
Memory Configuration:

 Memory type:                    HBM2
 Memory size in bytes:           1073741824
 Channels:                       1
 Pseudo channels per channel:    2
 Bank groups per pseudo channel: 4
 Banks per pseudo channel:       16
 Rows per bank:                  32768
 Columns per row:                128
 Pseudo channel width in bits:   64
 Pseudo channel size in bits:    4294967296
 Pseudo channel size in bytes:   536870912

===========================================================================
Memory Configuration:

 Memory type:                    HBM2
 Memory size in bytes:           1073741824
 Channels:                       1
 Pseudo channels per channel:    2
 Bank groups per pseudo channel: 4
 Banks per pseudo channel:       16
 Rows per bank:                  32768
 Columns per row:                128
 Pseudo channel width in bits:   64
 Pseudo channel size in bits:    4294967296
 Pseudo channel size in bytes:   536870912

[INFO][0m[92m[GLOBAL_MEMORY][0m      Global link not initialized.                                                                                   | [36m0 s[0m
[INFO][0m[92m[SYSTEM][0m             Instantiated cores=16 routers=16 workers=16 dies=4 (CORES_PER_DIE=4, GRID=2x2, expect 16).                     | [36m0 s[0m
[INFO][0m[92m[SYSTEM][0m             [D2D] link_sites=8 link_units=8.                                                                               | [36m0 s[0m
[INFO][0m[92m[SYSTEM][0m             Components initialize complete, prepare to start..                                                             | [36m0 s[0m
[PROGRAM_IO] phase=applied mode=timing initializations=372 probes=20 checksum=1caba2e72b7e3888d54e5f61097f54098434c8e81c42e846aff33f678ba815ed pass=1

Info: (I702) default timescale unit used for tracing: 1 ps (Cchip_1.vcd)
[INFO][0m[92m[MEM_INTF][0m           Start write operation.                                                                                         | [36m2 ns[0m
[INFO][0m[92m[PRIM][0m               Core 15 start receive primitive RECV_CONF.                                                                     | [36m2 ns[0m
[INFO][0m[92m[PRIM][0m               Core 14 start receive primitive RECV_CONF.                                                                     | [36m2 ns[0m
[INFO][0m[92m[PRIM][0m               Core 13 start receive primitive RECV_CONF.                                                                     | [36m2 ns[0m
[INFO][0m[92m[PRIM][0m               Core 12 start receive primitive RECV_CONF.                                                                     | [36m2 ns[0m
[INFO][0m[92m[PRIM][0m               Core 11 start receive primitive RECV_CONF.                                                                     | [36m2 ns[0m
[INFO][0m[92m[PRIM][0m               Core 10 start receive primitive RECV_CONF.                                                                     | [36m2 ns[0m
[INFO][0m[92m[PRIM][0m               Core 9 start receive primitive RECV_CONF.                                                                      | [36m2 ns[0m
[INFO][0m[92m[PRIM][0m               Core 8 start receive primitive RECV_CONF.                                                                      | [36m2 ns[0m
[INFO][0m[92m[PRIM][0m               Core 7 start receive primitive RECV_CONF.                                                                      | [36m2 ns[0m
[INFO][0m[92m[PRIM][0m               Core 6 start receive primitive RECV_CONF.                                                                      | [36m2 ns[0m
[INFO][0m[92m[PRIM][0m               Core 5 start receive primitive RECV_CONF.                                                                      | [36m2 ns[0m
[INFO][0m[92m[PRIM][0m               Core 4 start receive primitive RECV_CONF.                                                                      | [36m2 ns[0m
[INFO][0m[92m[PRIM][0m               Core 3 start receive primitive RECV_CONF.                                                                      | [36m2 ns[0m
[INFO][0m[92m[PRIM][0m               Core 2 start receive primitive RECV_CONF.                                                                      | [36m2 ns[0m
[INFO][0m[92m[PRIM][0m               Core 1 start receive primitive RECV_CONF.                                                                      | [36m2 ns[0m
[INFO][0m[92m[PRIM][0m               Core 0 start receive primitive RECV_CONF.                                                                      | [36m2 ns[0m
[INFO][0m[92m[PRIM][0m               Core 4 end recv primitive RECV_CONF.                                                                           | [36m2996 ns[0m
[INFO][0m[92m[PRIM][0m               Core 8 end recv primitive RECV_CONF.                                                                           | [36m2996 ns[0m
[INFO][0m[92m[PRIM][0m               Core 12 end recv primitive RECV_CONF.                                                                          | [36m2996 ns[0m
[INFO][0m[92m[PRIM][0m               Core 12 start receive primitive RECV_WEIGHT.                                                                   | [36m3002 ns[0m
[INFO][0m[92m[PRIM][0m               Core 8 start receive primitive RECV_WEIGHT.                                                                    | [36m3002 ns[0m
[INFO][0m[92m[PRIM][0m               Core 4 start receive primitive RECV_WEIGHT.                                                                    | [36m3002 ns[0m
[INFO][0m[92m[MEM_INTF][0m           End write operation.                                                                                           | [36m3014 ns[0m
[INFO][0m[92m[MEM_INTF][0m           End config distribution.                                                                                       | [36m3014 ns[0m
[INFO][0m[92m[PRIM][0m               Core 0 end recv primitive RECV_CONF.                                                                           | [36m3028 ns[0m
[INFO][0m[92m[PRIM][0m               Core 0 start receive primitive RECV_WEIGHT.                                                                    | [36m3034 ns[0m
[INFO][0m[92m[MEM_INTF][0m           Start write operation.                                                                                         | [36m3038 ns[0m
[INFO][0m[92m[MEM_INTF][0m           End write operation.                                                                                           | [36m3040 ns[0m
[INFO][0m[92m[MEM_INTF][0m           End data distribution.                                                                                         | [36m3040 ns[0m
[INFO][0m[92m[PRIM][0m               Core 0 end recv primitive RECV_WEIGHT.                                                                         | [36m3052 ns[0m
[INFO][0m[92m[PRIM][0m               Core 4 end recv primitive RECV_WEIGHT.                                                                         | [36m3052 ns[0m
[INFO][0m[92m[PRIM][0m               Core 8 end recv primitive RECV_WEIGHT.                                                                         | [36m3052 ns[0m
[INFO][0m[92m[PRIM][0m               Core 12 end recv primitive RECV_WEIGHT.                                                                        | [36m3052 ns[0m
[INFO][0m[92m[PRIM][0m               Core 12 start receive primitive RECV_START.                                                                    | [36m3058 ns[0m
[INFO][0m[92m[PRIM][0m               Core 8 start receive primitive RECV_START.                                                                     | [36m3058 ns[0m
[INFO][0m[92m[PRIM][0m               Core 4 start receive primitive RECV_START.                                                                     | [36m3058 ns[0m
[INFO][0m[92m[PRIM][0m               Core 0 start receive primitive RECV_START.                                                                     | [36m3058 ns[0m
[INFO][0m[92m[MEM_INTF][0m           Start write operation.                                                                                         | [36m3062 ns[0m
[INFO][0m[92m[MEM_INTF][0m           End write operation.                                                                                           | [36m3064 ns[0m
[INFO][0m[92m[PRIM][0m               Core 12 end recv primitive RECV_START.                                                                         | [36m3074 ns[0m
[INFO][0m[92m[PRIM][0m               Core 8 end recv primitive RECV_START.                                                                          | [36m3074 ns[0m
[INFO][0m[92m[PRIM][0m               Core 4 end recv primitive RECV_START.                                                                          | [36m3074 ns[0m
[INFO][0m[92m[PRIM][0m               Core 0 end recv primitive RECV_START.                                                                          | [36m3074 ns[0m
[INFO][0m[92m[MEM_INTF][0m           End start data distribution: enqueued=4 injected=4 accepted=4 delivered=4 consumed=4 completed=4.              | [36m3074 ns[0m
[INFO][0m[92m[PRIM][0m               Core 0 start compute primitive Sram_lifecycle.                                                                 | [36m3080 ns[0m
[INFO][0m[92m[PRIM][0m               Core 4 start compute primitive Sram_lifecycle.                                                                 | [36m3080 ns[0m
[INFO][0m[92m[PRIM][0m               Core 8 start compute primitive Sram_lifecycle.                                                                 | [36m3080 ns[0m
[INFO][0m[92m[PRIM][0m               Core 12 start compute primitive Sram_lifecycle.                                                                | [36m3080 ns[0m
[INFO][0m[92m[PRIM][0m               Core 12 end compute primitive Sram_lifecycle.                                                                  | [36m3080 ns[0m
[INFO][0m[92m[PRIM][0m               Core 8 end compute primitive Sram_lifecycle.                                                                   | [36m3080 ns[0m
[INFO][0m[92m[PRIM][0m               Core 4 end compute primitive Sram_lifecycle.                                                                   | [36m3080 ns[0m
[INFO][0m[92m[PRIM][0m               Core 0 end compute primitive Sram_lifecycle.                                                                   | [36m3080 ns[0m
[INFO][0m[92m[PRIM][0m               Core 0 start compute primitive Sram_lifecycle.                                                                 | [36m3086 ns[0m
[INFO][0m[92m[PRIM][0m               Core 4 start compute primitive Sram_lifecycle.                                                                 | [36m3086 ns[0m
[INFO][0m[92m[PRIM][0m               Core 8 start compute primitive Sram_lifecycle.                                                                 | [36m3086 ns[0m
[INFO][0m[92m[PRIM][0m               Core 12 start compute primitive Sram_lifecycle.                                                                | [36m3086 ns[0m
[INFO][0m[92m[PRIM][0m               Core 12 end compute primitive Sram_lifecycle.                                                                  | [36m3086 ns[0m
[INFO][0m[92m[PRIM][0m               Core 8 end compute primitive Sram_lifecycle.                                                                   | [36m3086 ns[0m
[INFO][0m[92m[PRIM][0m               Core 4 end compute primitive Sram_lifecycle.                                                                   | [36m3086 ns[0m
[INFO][0m[92m[PRIM][0m               Core 0 end compute primitive Sram_lifecycle.                                                                   | [36m3086 ns[0m
[INFO][0m[92m[PRIM][0m               Core 0 start compute primitive Sram_bind_oneshot.                                                              | [36m3092 ns[0m
[INFO][0m[92m[PRIM][0m               Core 4 start compute primitive Sram_bind_oneshot.                                                              | [36m3092 ns[0m
[INFO][0m[92m[PRIM][0m               Core 8 start compute primitive Sram_bind_oneshot.                                                              | [36m3092 ns[0m
[INFO][0m[92m[PRIM][0m               Core 12 start compute primitive Sram_bind_oneshot.                                                             | [36m3092 ns[0m
[INFO][0m[92m[PRIM][0m               Core 12 end compute primitive Sram_bind_oneshot.                                                               | [36m3092 ns[0m
[INFO][0m[92m[PRIM][0m               Core 8 end compute primitive Sram_bind_oneshot.                                                                | [36m3092 ns[0m
[INFO][0m[92m[PRIM][0m               Core 4 end compute primitive Sram_bind_oneshot.                                                                | [36m3092 ns[0m
[INFO][0m[92m[PRIM][0m               Core 0 end compute primitive Sram_bind_oneshot.                                                                | [36m3092 ns[0m
[INFO][0m[92m[PRIM][0m               Core 0 start compute primitive rmsnorm_forward.                                                                | [36m3098 ns[0m
[INFO][0m[92m[PRIM][0m               Core 4 start compute primitive rmsnorm_forward.                                                                | [36m3098 ns[0m
[INFO][0m[92m[PRIM][0m               Core 8 start compute primitive rmsnorm_forward.                                                                | [36m3098 ns[0m
[INFO][0m[92m[PRIM][0m               Core 12 start compute primitive rmsnorm_forward.                                                               | [36m3098 ns[0m
[INFO][0m[92m[PRIM][0m               Core 12 end compute primitive rmsnorm_forward.                                                                 | [36m3098 ns[0m
[INFO][0m[92m[PRIM][0m               Core 8 end compute primitive rmsnorm_forward.                                                                  | [36m3098 ns[0m
[INFO][0m[92m[PRIM][0m               Core 4 end compute primitive rmsnorm_forward.                                                                  | [36m3098 ns[0m
[INFO][0m[92m[PRIM][0m               Core 0 end compute primitive rmsnorm_forward.                                                                  | [36m3098 ns[0m
[INFO][0m[92m[PRIM][0m               Core 0 start compute primitive Sram_lifecycle.                                                                 | [36m3104 ns[0m
[INFO][0m[92m[PRIM][0m               Core 4 start compute primitive Sram_lifecycle.                                                                 | [36m3104 ns[0m
[INFO][0m[92m[PRIM][0m               Core 8 start compute primitive Sram_lifecycle.                                                                 | [36m3104 ns[0m
[INFO][0m[92m[PRIM][0m               Core 12 start compute primitive Sram_lifecycle.                                                                | [36m3104 ns[0m
[INFO][0m[92m[PRIM][0m               Core 12 end compute primitive Sram_lifecycle.                                                                  | [36m3104 ns[0m
[INFO][0m[92m[PRIM][0m               Core 8 end compute primitive Sram_lifecycle.                                                                   | [36m3104 ns[0m
[INFO][0m[92m[PRIM][0m               Core 4 end compute primitive Sram_lifecycle.                                                                   | [36m3104 ns[0m
[INFO][0m[92m[PRIM][0m               Core 0 end compute primitive Sram_lifecycle.                                                                   | [36m3104 ns[0m
[INFO][0m[92m[PRIM][0m               Core 0 start compute primitive Sram_lifecycle.                                                                 | [36m3128 ns[0m
[INFO][0m[92m[PRIM][0m               Core 0 end compute primitive Sram_lifecycle.                                                                   | [36m3128 ns[0m
[INFO][0m[92m[PRIM][0m               Core 4 start compute primitive Sram_lifecycle.                                                                 | [36m3256 ns[0m
[INFO][0m[92m[PRIM][0m               Core 4 end compute primitive Sram_lifecycle.                                                                   | [36m3256 ns[0m
[INFO][0m[92m[PRIM][0m               Core 8 start compute primitive Sram_lifecycle.                                                                 | [36m3500 ns[0m
[INFO][0m[92m[PRIM][0m               Core 8 end compute primitive Sram_lifecycle.                                                                   | [36m3500 ns[0m
[INFO][0m[92m[PRIM][0m               Core 12 start compute primitive Sram_lifecycle.                                                                | [36m3788 ns[0m
[INFO][0m[92m[PRIM][0m               Core 12 end compute primitive Sram_lifecycle.                                                                  | [36m3788 ns[0m
[INFO][0m[92m[PRIM][0m               Core 0 start compute primitive Sram_lifecycle.                                                                 | [36m4094 ns[0m
[INFO][0m[92m[PRIM][0m               Core 0 end compute primitive Sram_lifecycle.                                                                   | [36m4094 ns[0m
[INFO][0m[92m[PRIM][0m               Core 0 start compute primitive Lsu_mem.                                                                        | [36m4100 ns[0m
[INFO][0m[92m[PRIM][0m               Core 4 start compute primitive Sram_lifecycle.                                                                 | [36m4104 ns[0m
[INFO][0m[92m[PRIM][0m               Core 4 end compute primitive Sram_lifecycle.                                                                   | [36m4104 ns[0m
[INFO][0m[92m[PRIM][0m               Core 8 start compute primitive Sram_lifecycle.                                                                 | [36m4108 ns[0m
[INFO][0m[92m[PRIM][0m               Core 8 end compute primitive Sram_lifecycle.                                                                   | [36m4108 ns[0m
[INFO][0m[92m[PRIM][0m               Core 4 start compute primitive Lsu_mem.                                                                        | [36m4110 ns[0m
[INFO][0m[92m[PRIM][0m               Core 8 start compute primitive Lsu_mem.                                                                        | [36m4114 ns[0m
[INFO][0m[92m[PRIM][0m               Core 12 start compute primitive Sram_lifecycle.                                                                | [36m4128 ns[0m
[INFO][0m[92m[PRIM][0m               Core 12 end compute primitive Sram_lifecycle.                                                                  | [36m4128 ns[0m
[INFO][0m[92m[PRIM][0m               Core 12 start compute primitive Lsu_mem.                                                                       | [36m4134 ns[0m
[INFO][0m[92m[PRIM][0m               Core 0 end compute primitive Lsu_mem.                                                                          | [36m4879 ns[0m
[INFO][0m[92m[PRIM][0m               Core 0 start compute primitive Sram_lifecycle.                                                                 | [36m4885 ns[0m
[INFO][0m[92m[PRIM][0m               Core 0 end compute primitive Sram_lifecycle.                                                                   | [36m4885 ns[0m
[INFO][0m[92m[PRIM][0m               Core 4 end compute primitive Lsu_mem.                                                                          | [36m4887 ns[0m
[INFO][0m[92m[PRIM][0m               Core 0 start compute primitive Sram_bind_oneshot.                                                              | [36m4891 ns[0m
[INFO][0m[92m[PRIM][0m               Core 0 end compute primitive Sram_bind_oneshot.                                                                | [36m4891 ns[0m
[INFO][0m[92m[PRIM][0m               Core 4 start compute primitive Sram_lifecycle.                                                                 | [36m4893 ns[0m
[INFO][0m[92m[PRIM][0m               Core 4 end compute primitive Sram_lifecycle.                                                                   | [36m4893 ns[0m
[INFO][0m[92m[PRIM][0m               Core 8 end compute primitive Lsu_mem.                                                                          | [36m4893 ns[0m
[INFO][0m[92m[PRIM][0m               Core 0 start compute primitive Matmul_f.                                                                       | [36m4897 ns[0m
[INFO][0m[92m[PRIM][0m               Core 0 end compute primitive Matmul_f.                                                                         | [36m4897 ns[0m
[INFO][0m[92m[PRIM][0m               Core 8 start compute primitive Sram_lifecycle.                                                                 | [36m4899 ns[0m
[INFO][0m[92m[PRIM][0m               Core 4 start compute primitive Sram_bind_oneshot.                                                              | [36m4899 ns[0m
[INFO][0m[92m[PRIM][0m               Core 4 end compute primitive Sram_bind_oneshot.                                                                | [36m4899 ns[0m
[INFO][0m[92m[PRIM][0m               Core 8 end compute primitive Sram_lifecycle.                                                                   | [36m4899 ns[0m
[INFO][0m[92m[PRIM][0m               Core 0 start compute primitive Sram_lifecycle.                                                                 | [36m4903 ns[0m
[INFO][0m[92m[PRIM][0m               Core 0 end compute primitive Sram_lifecycle.                                                                   | [36m4903 ns[0m
[INFO][0m[92m[PRIM][0m               Core 8 start compute primitive Sram_bind_oneshot.                                                              | [36m4905 ns[0m
[INFO][0m[92m[PRIM][0m               Core 4 start compute primitive Matmul_f.                                                                       | [36m4905 ns[0m
[INFO][0m[92m[PRIM][0m               Core 4 end compute primitive Matmul_f.                                                                         | [36m4905 ns[0m
[INFO][0m[92m[PRIM][0m               Core 8 end compute primitive Sram_bind_oneshot.                                                                | [36m4905 ns[0m
[INFO][0m[92m[PRIM][0m               Core 0 start compute primitive Sram_lifecycle.                                                                 | [36m4909 ns[0m
[INFO][0m[92m[PRIM][0m               Core 0 end compute primitive Sram_lifecycle.                                                                   | [36m4909 ns[0m
[INFO][0m[92m[PRIM][0m               Core 8 start compute primitive Matmul_f.                                                                       | [36m4911 ns[0m
[INFO][0m[92m[PRIM][0m               Core 4 start compute primitive Sram_lifecycle.                                                                 | [36m4911 ns[0m
[INFO][0m[92m[PRIM][0m               Core 4 end compute primitive Sram_lifecycle.                                                                   | [36m4911 ns[0m
[INFO][0m[92m[PRIM][0m               Core 8 end compute primitive Matmul_f.                                                                         | [36m4911 ns[0m
[INFO][0m[92m[PRIM][0m               Core 12 end compute primitive Lsu_mem.                                                                         | [36m4911 ns[0m
[INFO][0m[92m[PRIM][0m               Core 0 start compute primitive Sram_lifecycle.                                                                 | [36m4915 ns[0m
[INFO][0m[92m[PRIM][0m               Core 0 end compute primitive Sram_lifecycle.                                                                   | [36m4915 ns[0m
[INFO][0m[92m[PRIM][0m               Core 4 start compute primitive Sram_lifecycle.                                                                 | [36m4917 ns[0m
[INFO][0m[92m[PRIM][0m               Core 8 start compute primitive Sram_lifecycle.                                                                 | [36m4917 ns[0m
[INFO][0m[92m[PRIM][0m               Core 12 start compute primitive Sram_lifecycle.                                                                | [36m4917 ns[0m
[INFO][0m[92m[PRIM][0m               Core 12 end compute primitive Sram_lifecycle.                                                                  | [36m4917 ns[0m
[INFO][0m[92m[PRIM][0m               Core 8 end compute primitive Sram_lifecycle.                                                                   | [36m4917 ns[0m
[INFO][0m[92m[PRIM][0m               Core 4 end compute primitive Sram_lifecycle.                                                                   | [36m4917 ns[0m
[INFO][0m[92m[PRIM][0m               Core 0 start compute primitive Lsu_mem.                                                                        | [36m4921 ns[0m
[INFO][0m[92m[PRIM][0m               Core 12 start compute primitive Sram_bind_oneshot.                                                             | [36m4923 ns[0m
[INFO][0m[92m[PRIM][0m               Core 8 start compute primitive Sram_lifecycle.                                                                 | [36m4923 ns[0m
[INFO][0m[92m[PRIM][0m               Core 4 start compute primitive Sram_lifecycle.                                                                 | [36m4923 ns[0m
[INFO][0m[92m[PRIM][0m               Core 4 end compute primitive Sram_lifecycle.                                                                   | [36m4923 ns[0m
[INFO][0m[92m[PRIM][0m               Core 8 end compute primitive Sram_lifecycle.                                                                   | [36m4923 ns[0m
[INFO][0m[92m[PRIM][0m               Core 12 end compute primitive Sram_bind_oneshot.                                                               | [36m4923 ns[0m
[INFO][0m[92m[PRIM][0m               Core 12 start compute primitive Matmul_f.                                                                      | [36m4929 ns[0m
[INFO][0m[92m[PRIM][0m               Core 4 start compute primitive Lsu_mem.                                                                        | [36m4929 ns[0m
[INFO][0m[92m[PRIM][0m               Core 8 start compute primitive Sram_lifecycle.                                                                 | [36m4929 ns[0m
[INFO][0m[92m[PRIM][0m               Core 8 end compute primitive Sram_lifecycle.                                                                   | [36m4929 ns[0m
[INFO][0m[92m[PRIM][0m               Core 12 end compute primitive Matmul_f.                                                                        | [36m4929 ns[0m
[INFO][0m[92m[PRIM][0m               Core 8 start compute primitive Lsu_mem.                                                                        | [36m4935 ns[0m
[INFO][0m[92m[PRIM][0m               Core 12 start compute primitive Sram_lifecycle.                                                                | [36m4935 ns[0m
[INFO][0m[92m[PRIM][0m               Core 12 end compute primitive Sram_lifecycle.                                                                  | [36m4935 ns[0m
[INFO][0m[92m[PRIM][0m               Core 12 start compute primitive Sram_lifecycle.                                                                | [36m4941 ns[0m
[INFO][0m[92m[PRIM][0m               Core 12 end compute primitive Sram_lifecycle.                                                                  | [36m4941 ns[0m
[INFO][0m[92m[PRIM][0m               Core 12 start compute primitive Sram_lifecycle.                                                                | [36m4947 ns[0m
[INFO][0m[92m[PRIM][0m               Core 12 end compute primitive Sram_lifecycle.                                                                  | [36m4947 ns[0m
[INFO][0m[92m[PRIM][0m               Core 12 start compute primitive Lsu_mem.                                                                       | [36m4953 ns[0m
[INFO][0m[92m[PRIM][0m               Core 0 end compute primitive Lsu_mem.                                                                          | [36m5002 ns[0m
[INFO][0m[92m[PRIM][0m               Core 0 start compute primitive Sram_lifecycle.                                                                 | [36m5008 ns[0m
[INFO][0m[92m[PRIM][0m               Core 0 end compute primitive Sram_lifecycle.                                                                   | [36m5008 ns[0m
[INFO][0m[92m[PRIM][0m               Core 4 end compute primitive Lsu_mem.                                                                          | [36m5010 ns[0m
[INFO][0m[92m[PRIM][0m               Core 0 start compute primitive Lsu_mem.                                                                        | [36m5014 ns[0m
[INFO][0m[92m[PRIM][0m               Core 4 start compute primitive Sram_lifecycle.                                                                 | [36m5016 ns[0m
[INFO][0m[92m[PRIM][0m               Core 4 end compute primitive Sram_lifecycle.                                                                   | [36m5016 ns[0m
[INFO][0m[92m[PRIM][0m               Core 8 end compute primitive Lsu_mem.                                                                          | [36m5016 ns[0m
[INFO][0m[92m[PRIM][0m               Core 8 start compute primitive Sram_lifecycle.                                                                 | [36m5022 ns[0m
[INFO][0m[92m[PRIM][0m               Core 4 start compute primitive Lsu_mem.                                                                        | [36m5022 ns[0m
[INFO][0m[92m[PRIM][0m               Core 8 end compute primitive Sram_lifecycle.                                                                   | [36m5022 ns[0m
[INFO][0m[92m[PRIM][0m               Core 8 start compute primitive Lsu_mem.                                                                        | [36m5028 ns[0m
[INFO][0m[92m[PRIM][0m               Core 12 end compute primitive Lsu_mem.                                                                         | [36m5034 ns[0m
[INFO][0m[92m[PRIM][0m               Core 12 start compute primitive Sram_lifecycle.                                                                | [36m5040 ns[0m
[INFO][0m[92m[PRIM][0m               Core 12 end compute primitive Sram_lifecycle.                                                                  | [36m5040 ns[0m
[INFO][0m[92m[PRIM][0m               Core 12 start compute primitive Lsu_mem.                                                                       | [36m5046 ns[0m
[INFO][0m[92m[PRIM][0m               Core 0 end compute primitive Lsu_mem.                                                                          | [36m5095 ns[0m
[INFO][0m[92m[PRIM][0m               Core 0 start compute primitive Sram_lifecycle.                                                                 | [36m5101 ns[0m
[INFO][0m[92m[PRIM][0m               Core 0 end compute primitive Sram_lifecycle.                                                                   | [36m5101 ns[0m
[INFO][0m[92m[PRIM][0m               Core 4 end compute primitive Lsu_mem.                                                                          | [36m5103 ns[0m
[INFO][0m[92m[PRIM][0m               Core 0 start compute primitive Sram_bind_oneshot.                                                              | [36m5107 ns[0m
[INFO][0m[92m[PRIM][0m               Core 0 end compute primitive Sram_bind_oneshot.                                                                | [36m5107 ns[0m
[INFO][0m[92m[PRIM][0m               Core 4 start compute primitive Sram_lifecycle.                                                                 | [36m5109 ns[0m
[INFO][0m[92m[PRIM][0m               Core 4 end compute primitive Sram_lifecycle.                                                                   | [36m5109 ns[0m
[INFO][0m[92m[PRIM][0m               Core 8 end compute primitive Lsu_mem.                                                                          | [36m5109 ns[0m
[INFO][0m[92m[PRIM][0m               Core 0 start compute primitive Attention_f.                                                                    | [36m5113 ns[0m
[INFO][0m[92m[PRIM][0m               Core 0 end compute primitive Attention_f.                                                                      | [36m5113 ns[0m
[INFO][0m[92m[PRIM][0m               Core 8 start compute primitive Sram_lifecycle.                                                                 | [36m5115 ns[0m
[INFO][0m[92m[PRIM][0m               Core 4 start compute primitive Sram_bind_oneshot.                                                              | [36m5115 ns[0m
[INFO][0m[92m[PRIM][0m               Core 4 end compute primitive Sram_bind_oneshot.                                                                | [36m5115 ns[0m
[INFO][0m[92m[PRIM][0m               Core 8 end compute primitive Sram_lifecycle.                                                                   | [36m5115 ns[0m
[INFO][0m[92m[PRIM][0m               Core 0 start compute primitive Sram_lifecycle.                                                                 | [36m5119 ns[0m
[INFO][0m[92m[PRIM][0m               Core 0 end compute primitive Sram_lifecycle.                                                                   | [36m5119 ns[0m
[INFO][0m[92m[PRIM][0m               Core 8 start compute primitive Sram_bind_oneshot.                                                              | [36m5121 ns[0m
[INFO][0m[92m[PRIM][0m               Core 4 start compute primitive Attention_f.                                                                    | [36m5121 ns[0m
[INFO][0m[92m[PRIM][0m               Core 4 end compute primitive Attention_f.                                                                      | [36m5121 ns[0m
[INFO][0m[92m[PRIM][0m               Core 8 end compute primitive Sram_bind_oneshot.                                                                | [36m5121 ns[0m
[INFO][0m[92m[PRIM][0m               Core 0 start compute primitive Sram_lifecycle.                                                                 | [36m5125 ns[0m
[INFO][0m[92m[PRIM][0m               Core 0 end compute primitive Sram_lifecycle.                                                                   | [36m5125 ns[0m
[INFO][0m[92m[PRIM][0m               Core 8 start compute primitive Attention_f.                                                                    | [36m5127 ns[0m
[INFO][0m[92m[PRIM][0m               Core 4 start compute primitive Sram_lifecycle.                                                                 | [36m5127 ns[0m
[INFO][0m[92m[PRIM][0m               Core 4 end compute primitive Sram_lifecycle.                                                                   | [36m5127 ns[0m
[INFO][0m[92m[PRIM][0m               Core 8 end compute primitive Attention_f.                                                                      | [36m5127 ns[0m
[INFO][0m[92m[PRIM][0m               Core 12 end compute primitive Lsu_mem.                                                                         | [36m5127 ns[0m
[INFO][0m[92m[PRIM][0m               Core 0 start compute primitive Lsu_mem.                                                                        | [36m5131 ns[0m
[INFO][0m[92m[PRIM][0m               Core 4 start compute primitive Sram_lifecycle.                                                                 | [36m5133 ns[0m
[INFO][0m[92m[PRIM][0m               Core 8 start compute primitive Sram_lifecycle.                                                                 | [36m5133 ns[0m
[INFO][0m[92m[PRIM][0m               Core 12 start compute primitive Sram_lifecycle.                                                                | [36m5133 ns[0m
[INFO][0m[92m[PRIM][0m               Core 12 end compute primitive Sram_lifecycle.                                                                  | [36m5133 ns[0m
[INFO][0m[92m[PRIM][0m               Core 8 end compute primitive Sram_lifecycle.                                                                   | [36m5133 ns[0m
[INFO][0m[92m[PRIM][0m               Core 4 end compute primitive Sram_lifecycle.                                                                   | [36m5133 ns[0m
[INFO][0m[92m[PRIM][0m               Core 12 start compute primitive Sram_bind_oneshot.                                                             | [36m5139 ns[0m
[INFO][0m[92m[PRIM][0m               Core 4 start compute primitive Lsu_mem.                                                                        | [36m5139 ns[0m
[INFO][0m[92m[PRIM][0m               Core 8 start compute primitive Sram_lifecycle.                                                                 | [36m5139 ns[0m
[INFO][0m[92m[PRIM][0m               Core 8 end compute primitive Sram_lifecycle.                                                                   | [36m5139 ns[0m
[INFO][0m[92m[PRIM][0m               Core 12 end compute primitive Sram_bind_oneshot.                                                               | [36m5139 ns[0m
[INFO][0m[92m[PRIM][0m               Core 12 start compute primitive Attention_f.                                                                   | [36m5145 ns[0m
[INFO][0m[92m[PRIM][0m               Core 8 start compute primitive Lsu_mem.                                                                        | [36m5145 ns[0m
[INFO][0m[92m[PRIM][0m               Core 12 end compute primitive Attention_f.                                                                     | [36m5145 ns[0m
[INFO][0m[92m[PRIM][0m               Core 12 start compute primitive Sram_lifecycle.                                                                | [36m5151 ns[0m
[INFO][0m[92m[PRIM][0m               Core 12 end compute primitive Sram_lifecycle.                                                                  | [36m5151 ns[0m
[INFO][0m[92m[PRIM][0m               Core 12 start compute primitive Sram_lifecycle.                                                                | [36m5157 ns[0m
[INFO][0m[92m[PRIM][0m               Core 12 end compute primitive Sram_lifecycle.                                                                  | [36m5157 ns[0m
[INFO][0m[92m[PRIM][0m               Core 12 start compute primitive Lsu_mem.                                                                       | [36m5163 ns[0m
[INFO][0m[92m[PRIM][0m               Core 0 end compute primitive Lsu_mem.                                                                          | [36m5202 ns[0m
[INFO][0m[92m[PRIM][0m               Core 0 start compute primitive Sram_lifecycle.                                                                 | [36m5208 ns[0m
[INFO][0m[92m[PRIM][0m               Core 0 end compute primitive Sram_lifecycle.                                                                   | [36m5208 ns[0m
[INFO][0m[92m[PRIM][0m               Core 4 end compute primitive Lsu_mem.                                                                          | [36m5210 ns[0m
[INFO][0m[92m[PRIM][0m               Core 0 start compute primitive Lsu_mem.                                                                        | [36m5214 ns[0m
[INFO][0m[92m[PRIM][0m               Core 4 start compute primitive Sram_lifecycle.                                                                 | [36m5216 ns[0m
[INFO][0m[92m[PRIM][0m               Core 4 end compute primitive Sram_lifecycle.                                                                   | [36m5216 ns[0m
[INFO][0m[92m[PRIM][0m               Core 8 end compute primitive Lsu_mem.                                                                          | [36m5216 ns[0m
[INFO][0m[92m[PRIM][0m               Core 8 start compute primitive Sram_lifecycle.                                                                 | [36m5222 ns[0m
[INFO][0m[92m[PRIM][0m               Core 4 start compute primitive Lsu_mem.                                                                        | [36m5222 ns[0m
[INFO][0m[92m[PRIM][0m               Core 8 end compute primitive Sram_lifecycle.                                                                   | [36m5222 ns[0m
[INFO][0m[92m[PRIM][0m               Core 8 start compute primitive Lsu_mem.                                                                        | [36m5228 ns[0m
[INFO][0m[92m[PRIM][0m               Core 12 end compute primitive Lsu_mem.                                                                         | [36m5234 ns[0m
[INFO][0m[92m[PRIM][0m               Core 12 start compute primitive Sram_lifecycle.                                                                | [36m5240 ns[0m
[INFO][0m[92m[PRIM][0m               Core 12 end compute primitive Sram_lifecycle.                                                                  | [36m5240 ns[0m
[INFO][0m[92m[PRIM][0m               Core 12 start compute primitive Lsu_mem.                                                                       | [36m5246 ns[0m
[INFO][0m[92m[PRIM][0m               Core 0 end compute primitive Lsu_mem.                                                                          | [36m5285 ns[0m
[INFO][0m[92m[PRIM][0m               Core 0 start compute primitive Sram_lifecycle.                                                                 | [36m5291 ns[0m
[INFO][0m[92m[PRIM][0m               Core 0 end compute primitive Sram_lifecycle.                                                                   | [36m5291 ns[0m
[INFO][0m[92m[PRIM][0m               Core 4 end compute primitive Lsu_mem.                                                                          | [36m5293 ns[0m
[INFO][0m[92m[PRIM][0m               Core 0 start compute primitive Sram_lifecycle.                                                                 | [36m5297 ns[0m
[INFO][0m[92m[PRIM][0m               Core 0 end compute primitive Sram_lifecycle.                                                                   | [36m5297 ns[0m
[INFO][0m[92m[PRIM][0m               Core 4 start compute primitive Sram_lifecycle.                                                                 | [36m5299 ns[0m
[INFO][0m[92m[PRIM][0m               Core 4 end compute primitive Sram_lifecycle.                                                                   | [36m5299 ns[0m
[INFO][0m[92m[PRIM][0m               Core 8 end compute primitive Lsu_mem.                                                                          | [36m5299 ns[0m
[INFO][0m[92m[PRIM][0m               Core 0 start compute primitive Lsu_mem.                                                                        | [36m5303 ns[0m
[INFO][0m[92m[PRIM][0m               Core 4 start compute primitive Sram_lifecycle.                                                                 | [36m5305 ns[0m
[INFO][0m[92m[PRIM][0m               Core 8 start compute primitive Sram_lifecycle.                                                                 | [36m5305 ns[0m
[INFO][0m[92m[PRIM][0m               Core 8 end compute primitive Sram_lifecycle.                                                                   | [36m5305 ns[0m
[INFO][0m[92m[PRIM][0m               Core 4 end compute primitive Sram_lifecycle.                                                                   | [36m5305 ns[0m
[INFO][0m[92m[PRIM][0m               Core 4 start compute primitive Lsu_mem.                                                                        | [36m5311 ns[0m
[INFO][0m[92m[PRIM][0m               Core 8 start compute primitive Sram_lifecycle.                                                                 | [36m5311 ns[0m
[INFO][0m[92m[PRIM][0m               Core 8 end compute primitive Sram_lifecycle.                                                                   | [36m5311 ns[0m
[INFO][0m[92m[PRIM][0m               Core 8 start compute primitive Lsu_mem.                                                                        | [36m5317 ns[0m
[INFO][0m[92m[PRIM][0m               Core 12 end compute primitive Lsu_mem.                                                                         | [36m5317 ns[0m
[INFO][0m[92m[PRIM][0m               Core 12 start compute primitive Sram_lifecycle.                                                                | [36m5323 ns[0m
[INFO][0m[92m[PRIM][0m               Core 12 end compute primitive Sram_lifecycle.                                                                  | [36m5323 ns[0m
[INFO][0m[92m[PRIM][0m               Core 12 start compute primitive Sram_lifecycle.                                                                | [36m5329 ns[0m
[INFO][0m[92m[PRIM][0m               Core 12 end compute primitive Sram_lifecycle.                                                                  | [36m5329 ns[0m
[INFO][0m[92m[PRIM][0m               Core 12 start compute primitive Lsu_mem.                                                                       | [36m5335 ns[0m
[INFO][0m[92m[PRIM][0m               Core 0 end compute primitive Lsu_mem.                                                                          | [36m5596 ns[0m
[INFO][0m[92m[PRIM][0m               Core 0 start compute primitive Sram_lifecycle.                                                                 | [36m5602 ns[0m
[INFO][0m[92m[PRIM][0m               Core 0 end compute primitive Sram_lifecycle.                                                                   | [36m5602 ns[0m
[INFO][0m[92m[PRIM][0m               Core 4 end compute primitive Lsu_mem.                                                                          | [36m5604 ns[0m
[INFO][0m[92m[PRIM][0m               Core 0 start compute primitive Sram_lifecycle.                                                                 | [36m5608 ns[0m
[INFO][0m[92m[PRIM][0m               Core 0 end compute primitive Sram_lifecycle.                                                                   | [36m5608 ns[0m
[INFO][0m[92m[PRIM][0m               Core 4 start compute primitive Sram_lifecycle.                                                                 | [36m5610 ns[0m
[INFO][0m[92m[PRIM][0m               Core 4 end compute primitive Sram_lifecycle.                                                                   | [36m5610 ns[0m
[INFO][0m[92m[PRIM][0m               Core 8 end compute primitive Lsu_mem.                                                                          | [36m5610 ns[0m
[INFO][0m[92m[PRIM][0m               Core 0 start compute primitive Sram_bind_oneshot.                                                              | [36m5614 ns[0m
[INFO][0m[92m[PRIM][0m               Core 0 end compute primitive Sram_bind_oneshot.                                                                | [36m5614 ns[0m
[INFO][0m[92m[PRIM][0m               Core 8 start compute primitive Sram_lifecycle.                                                                 | [36m5616 ns[0m
[INFO][0m[92m[PRIM][0m               Core 4 start compute primitive Sram_lifecycle.                                                                 | [36m5616 ns[0m
[INFO][0m[92m[PRIM][0m               Core 4 end compute primitive Sram_lifecycle.                                                                   | [36m5616 ns[0m
[INFO][0m[92m[PRIM][0m               Core 8 end compute primitive Sram_lifecycle.                                                                   | [36m5616 ns[0m
[INFO][0m[92m[PRIM][0m               Core 0 start compute primitive Matmul_f.                                                                       | [36m5620 ns[0m
[INFO][0m[92m[PRIM][0m               Core 0 end compute primitive Matmul_f.                                                                         | [36m5620 ns[0m
[INFO][0m[92m[PRIM][0m               Core 8 start compute primitive Sram_lifecycle.                                                                 | [36m5622 ns[0m
[INFO][0m[92m[PRIM][0m               Core 4 start compute primitive Sram_bind_oneshot.                                                              | [36m5622 ns[0m
[INFO][0m[92m[PRIM][0m               Core 4 end compute primitive Sram_bind_oneshot.                                                                | [36m5622 ns[0m
[INFO][0m[92m[PRIM][0m               Core 8 end compute primitive Sram_lifecycle.                                                                   | [36m5622 ns[0m
[INFO][0m[92m[PRIM][0m               Core 0 start compute primitive Sram_lifecycle.                                                                 | [36m5626 ns[0m
[INFO][0m[92m[PRIM][0m               Core 0 end compute primitive Sram_lifecycle.                                                                   | [36m5626 ns[0m
[INFO][0m[92m[PRIM][0m               Core 8 start compute primitive Sram_bind_oneshot.                                                              | [36m5628 ns[0m
[INFO][0m[92m[PRIM][0m               Core 4 start compute primitive Matmul_f.                                                                       | [36m5628 ns[0m
[INFO][0m[92m[PRIM][0m               Core 4 end compute primitive Matmul_f.                                                                         | [36m5628 ns[0m
[INFO][0m[92m[PRIM][0m               Core 8 end compute primitive Sram_bind_oneshot.                                                                | [36m5628 ns[0m
[INFO][0m[92m[PRIM][0m               Core 12 end compute primitive Lsu_mem.                                                                         | [36m5628 ns[0m
[INFO][0m[92m[PRIM][0m               Core 0 start compute primitive Sram_lifecycle.                                                                 | [36m5632 ns[0m
[INFO][0m[92m[PRIM][0m               Core 0 end compute primitive Sram_lifecycle.                                                                   | [36m5632 ns[0m
[INFO][0m[92m[PRIM][0m               Core 12 start compute primitive Sram_lifecycle.                                                                | [36m5634 ns[0m
[INFO][0m[92m[PRIM][0m               Core 8 start compute primitive Matmul_f.                                                                       | [36m5634 ns[0m
[INFO][0m[92m[PRIM][0m               Core 4 start compute primitive Sram_lifecycle.                                                                 | [36m5634 ns[0m
[INFO][0m[92m[PRIM][0m               Core 4 end compute primitive Sram_lifecycle.                                                                   | [36m5634 ns[0m
[INFO][0m[92m[PRIM][0m               Core 8 end compute primitive Matmul_f.                                                                         | [36m5634 ns[0m
[INFO][0m[92m[PRIM][0m               Core 12 end compute primitive Sram_lifecycle.                                                                  | [36m5634 ns[0m
[INFO][0m[92m[PRIM][0m               Core 12 start compute primitive Sram_lifecycle.                                                                | [36m5640 ns[0m
[INFO][0m[92m[PRIM][0m               Core 8 start compute primitive Sram_lifecycle.                                                                 | [36m5640 ns[0m
[INFO][0m[92m[PRIM][0m               Core 8 end compute primitive Sram_lifecycle.                                                                   | [36m5640 ns[0m
[INFO][0m[92m[PRIM][0m               Core 12 end compute primitive Sram_lifecycle.                                                                  | [36m5640 ns[0m
[INFO][0m[92m[PRIM][0m               Core 12 start compute primitive Sram_bind_oneshot.                                                             | [36m5646 ns[0m
[INFO][0m[92m[PRIM][0m               Core 12 end compute primitive Sram_bind_oneshot.                                                               | [36m5646 ns[0m
[INFO][0m[92m[PRIM][0m               Core 12 start compute primitive Matmul_f.                                                                      | [36m5652 ns[0m
[INFO][0m[92m[PRIM][0m               Core 12 end compute primitive Matmul_f.                                                                        | [36m5652 ns[0m
[INFO][0m[92m[PRIM][0m               Core 12 start compute primitive Sram_lifecycle.                                                                | [36m5658 ns[0m
[INFO][0m[92m[PRIM][0m               Core 12 end compute primitive Sram_lifecycle.                                                                  | [36m5658 ns[0m
[INFO][0m[92m[PRIM][0m               Core 4 start compute primitive Sram_lifecycle.                                                                 | [36m5704 ns[0m
[INFO][0m[92m[PRIM][0m               Core 4 end compute primitive Sram_lifecycle.                                                                   | [36m5704 ns[0m
[INFO][0m[92m[PRIM][0m               Core 4 start compute primitive Sram_lifecycle.                                                                 | [36m5710 ns[0m
[INFO][0m[92m[PRIM][0m               Core 8 start compute primitive Sram_lifecycle.                                                                 | [36m5710 ns[0m
[INFO][0m[92m[PRIM][0m               Core 8 end compute primitive Sram_lifecycle.                                                                   | [36m5710 ns[0m
[INFO][0m[92m[PRIM][0m               Core 4 end compute primitive Sram_lifecycle.                                                                   | [36m5710 ns[0m
[INFO][0m[92m[PRIM][0m               Core 4 start compute primitive Sram_lifecycle.                                                                 | [36m5716 ns[0m
[INFO][0m[92m[PRIM][0m               Core 8 start compute primitive Sram_lifecycle.                                                                 | [36m5716 ns[0m
[INFO][0m[92m[PRIM][0m               Core 8 end compute primitive Sram_lifecycle.                                                                   | [36m5716 ns[0m
[INFO][0m[92m[PRIM][0m               Core 4 end compute primitive Sram_lifecycle.                                                                   | [36m5716 ns[0m
[INFO][0m[92m[PRIM][0m               Core 4 start compute primitive Sram_bind_oneshot.                                                              | [36m5722 ns[0m
[INFO][0m[92m[PRIM][0m               Core 8 start compute primitive Sram_lifecycle.                                                                 | [36m5722 ns[0m
[INFO][0m[92m[PRIM][0m               Core 8 end compute primitive Sram_lifecycle.                                                                   | [36m5722 ns[0m
[INFO][0m[92m[PRIM][0m               Core 4 end compute primitive Sram_bind_oneshot.                                                                | [36m5722 ns[0m
[INFO][0m[92m[PRIM][0m               Core 4 start compute primitive Matmul_f.                                                                       | [36m5728 ns[0m
[INFO][0m[92m[PRIM][0m               Core 8 start compute primitive Sram_bind_oneshot.                                                              | [36m5728 ns[0m
[INFO][0m[92m[PRIM][0m               Core 8 end compute primitive Sram_bind_oneshot.                                                                | [36m5728 ns[0m
[INFO][0m[92m[PRIM][0m               Core 4 end compute primitive Matmul_f.                                                                         | [36m5728 ns[0m
[INFO][0m[92m[PRIM][0m               Core 4 start compute primitive Sram_lifecycle.                                                                 | [36m5734 ns[0m
[INFO][0m[92m[PRIM][0m               Core 8 start compute primitive Matmul_f.                                                                       | [36m5734 ns[0m
[INFO][0m[92m[PRIM][0m               Core 8 end compute primitive Matmul_f.                                                                         | [36m5734 ns[0m
[INFO][0m[92m[PRIM][0m               Core 4 end compute primitive Sram_lifecycle.                                                                   | [36m5734 ns[0m
[INFO][0m[92m[PRIM][0m               Core 4 start compute primitive Sram_lifecycle.                                                                 | [36m5740 ns[0m
[INFO][0m[92m[PRIM][0m               Core 8 start compute primitive Sram_lifecycle.                                                                 | [36m5740 ns[0m
[INFO][0m[92m[PRIM][0m               Core 8 end compute primitive Sram_lifecycle.                                                                   | [36m5740 ns[0m
[INFO][0m[92m[PRIM][0m               Core 4 end compute primitive Sram_lifecycle.                                                                   | [36m5740 ns[0m
[INFO][0m[92m[PRIM][0m               Core 0 start compute primitive Sram_lifecycle.                                                                 | [36m5744 ns[0m
[INFO][0m[92m[PRIM][0m               Core 0 end compute primitive Sram_lifecycle.                                                                   | [36m5744 ns[0m
[INFO][0m[92m[PRIM][0m               Core 12 start compute primitive Sram_lifecycle.                                                                | [36m5760 ns[0m
[INFO][0m[92m[PRIM][0m               Core 12 end compute primitive Sram_lifecycle.                                                                  | [36m5760 ns[0m
[INFO][0m[92m[PRIM][0m               Core 12 start compute primitive Sram_lifecycle.                                                                | [36m5766 ns[0m
[INFO][0m[92m[PRIM][0m               Core 12 end compute primitive Sram_lifecycle.                                                                  | [36m5766 ns[0m
[INFO][0m[92m[PRIM][0m               Core 12 start compute primitive Sram_lifecycle.                                                                | [36m5772 ns[0m
[INFO][0m[92m[PRIM][0m               Core 12 end compute primitive Sram_lifecycle.                                                                  | [36m5772 ns[0m
[INFO][0m[92m[PRIM][0m               Core 0 start compute primitive Sram_lifecycle.                                                                 | [36m5774 ns[0m
[INFO][0m[92m[PRIM][0m               Core 0 end compute primitive Sram_lifecycle.                                                                   | [36m5774 ns[0m
[INFO][0m[92m[PRIM][0m               Core 12 start compute primitive Sram_bind_oneshot.                                                             | [36m5778 ns[0m
[INFO][0m[92m[PRIM][0m               Core 12 end compute primitive Sram_bind_oneshot.                                                               | [36m5778 ns[0m
[INFO][0m[92m[PRIM][0m               Core 12 start compute primitive Matmul_f.                                                                      | [36m5784 ns[0m
[INFO][0m[92m[PRIM][0m               Core 12 end compute primitive Matmul_f.                                                                        | [36m5784 ns[0m
[INFO][0m[92m[PRIM][0m               Core 12 start compute primitive Sram_lifecycle.                                                                | [36m5790 ns[0m
[INFO][0m[92m[PRIM][0m               Core 12 end compute primitive Sram_lifecycle.                                                                  | [36m5790 ns[0m
[INFO][0m[92m[PRIM][0m               Core 0 start compute primitive Sram_lifecycle.                                                                 | [36m5820 ns[0m
[INFO][0m[92m[PRIM][0m               Core 0 end compute primitive Sram_lifecycle.                                                                   | [36m5820 ns[0m
[INFO][0m[92m[PRIM][0m               Core 0 start compute primitive Collective_data_v1_prim.                                                        | [36m5826 ns[0m
[INFO][0m[92m[PRIM][0m               Core 8 start compute primitive Sram_lifecycle.                                                                 | [36m5842 ns[0m
[INFO][0m[92m[PRIM][0m               Core 8 end compute primitive Sram_lifecycle.                                                                   | [36m5842 ns[0m
[INFO][0m[92m[PRIM][0m               Core 8 start compute primitive Sram_lifecycle.                                                                 | [36m5848 ns[0m
[INFO][0m[92m[PRIM][0m               Core 8 end compute primitive Sram_lifecycle.                                                                   | [36m5848 ns[0m
[INFO][0m[92m[PRIM][0m               Core 8 start compute primitive Sram_lifecycle.                                                                 | [36m5854 ns[0m
[INFO][0m[92m[PRIM][0m               Core 8 end compute primitive Sram_lifecycle.                                                                   | [36m5854 ns[0m
[INFO][0m[92m[PRIM][0m               Core 0 end compute primitive Collective_data_v1_prim.                                                          | [36m5856 ns[0m
[INFO][0m[92m[PRIM][0m               Core 8 start compute primitive Sram_bind_oneshot.                                                              | [36m5860 ns[0m
[INFO][0m[92m[PRIM][0m               Core 8 end compute primitive Sram_bind_oneshot.                                                                | [36m5860 ns[0m
[INFO][0m[92m[PRIM][0m               Core 0 start compute primitive Sram_lifecycle.                                                                 | [36m5862 ns[0m
[INFO][0m[92m[PRIM][0m               Core 0 end compute primitive Sram_lifecycle.                                                                   | [36m5862 ns[0m
[INFO][0m[92m[PRIM][0m               Core 8 start compute primitive Matmul_f.                                                                       | [36m5866 ns[0m
[INFO][0m[92m[PRIM][0m               Core 12 start compute primitive Sram_lifecycle.                                                                | [36m5866 ns[0m
[INFO][0m[92m[PRIM][0m               Core 12 end compute primitive Sram_lifecycle.                                                                  | [36m5866 ns[0m
[INFO][0m[92m[PRIM][0m               Core 8 end compute primitive Matmul_f.                                                                         | [36m5866 ns[0m
[INFO][0m[92m[PRIM][0m               Core 0 start compute primitive Sram_lifecycle.                                                                 | [36m5868 ns[0m
[INFO][0m[92m[PRIM][0m               Core 0 end compute primitive Sram_lifecycle.                                                                   | [36m5868 ns[0m
[INFO][0m[92m[PRIM][0m               Core 8 start compute primitive Sram_lifecycle.                                                                 | [36m5872 ns[0m
[INFO][0m[92m[PRIM][0m               Core 12 start compute primitive Sram_lifecycle.                                                                | [36m5872 ns[0m
[INFO][0m[92m[PRIM][0m               Core 12 end compute primitive Sram_lifecycle.                                                                  | [36m5872 ns[0m
[INFO][0m[92m[PRIM][0m               Core 8 end compute primitive Sram_lifecycle.                                                                   | [36m5872 ns[0m
[INFO][0m[92m[PRIM][0m               Core 0 start compute primitive Sram_lifecycle.                                                                 | [36m5874 ns[0m
[INFO][0m[92m[PRIM][0m               Core 0 end compute primitive Sram_lifecycle.                                                                   | [36m5874 ns[0m
[INFO][0m[92m[PRIM][0m               Core 8 start compute primitive Sram_lifecycle.                                                                 | [36m5878 ns[0m
[INFO][0m[92m[PRIM][0m               Core 12 start compute primitive Sram_lifecycle.                                                                | [36m5878 ns[0m
[INFO][0m[92m[PRIM][0m               Core 12 end compute primitive Sram_lifecycle.                                                                  | [36m5878 ns[0m
[INFO][0m[92m[PRIM][0m               Core 8 end compute primitive Sram_lifecycle.                                                                   | [36m5878 ns[0m
[INFO][0m[92m[PRIM][0m               Core 0 start compute primitive Sram_lifecycle.                                                                 | [36m5880 ns[0m
[INFO][0m[92m[PRIM][0m               Core 0 end compute primitive Sram_lifecycle.                                                                   | [36m5880 ns[0m
[INFO][0m[92m[PRIM][0m               Core 12 start compute primitive Sram_bind_oneshot.                                                             | [36m5884 ns[0m
[INFO][0m[92m[PRIM][0m               Core 12 end compute primitive Sram_bind_oneshot.                                                               | [36m5884 ns[0m
[INFO][0m[92m[PRIM][0m               Core 0 start compute primitive Sram_lifecycle.                                                                 | [36m5886 ns[0m
[INFO][0m[92m[PRIM][0m               Core 0 end compute primitive Sram_lifecycle.                                                                   | [36m5886 ns[0m
[INFO][0m[92m[PRIM][0m               Core 12 start compute primitive Matmul_f.                                                                      | [36m5890 ns[0m
[INFO][0m[92m[PRIM][0m               Core 12 end compute primitive Matmul_f.                                                                        | [36m5890 ns[0m
[INFO][0m[92m[PRIM][0m               Core 0 start compute primitive Sram_lifecycle.                                                                 | [36m5892 ns[0m
[INFO][0m[92m[PRIM][0m               Core 0 end compute primitive Sram_lifecycle.                                                                   | [36m5892 ns[0m
[INFO][0m[92m[PRIM][0m               Core 12 start compute primitive Sram_lifecycle.                                                                | [36m5896 ns[0m
[INFO][0m[92m[PRIM][0m               Core 12 end compute primitive Sram_lifecycle.                                                                  | [36m5896 ns[0m
[INFO][0m[92m[PRIM][0m               Core 0 start compute primitive Sram_bind_oneshot.                                                              | [36m5898 ns[0m
[INFO][0m[92m[PRIM][0m               Core 0 end compute primitive Sram_bind_oneshot.                                                                | [36m5898 ns[0m
[INFO][0m[92m[PRIM][0m               Core 0 start compute primitive Matmul_f.                                                                       | [36m5904 ns[0m
[INFO][0m[92m[PRIM][0m               Core 0 end compute primitive Matmul_f.                                                                         | [36m5904 ns[0m
[INFO][0m[92m[PRIM][0m               Core 0 start compute primitive Sram_lifecycle.                                                                 | [36m5910 ns[0m
[INFO][0m[92m[PRIM][0m               Core 0 end compute primitive Sram_lifecycle.                                                                   | [36m5910 ns[0m
[INFO][0m[92m[PRIM][0m               Core 12 start compute primitive Sram_lifecycle.                                                                | [36m5966 ns[0m
[INFO][0m[92m[PRIM][0m               Core 12 end compute primitive Sram_lifecycle.                                                                  | [36m5966 ns[0m
[INFO][0m[92m[PRIM][0m               Core 12 start compute primitive Sram_lifecycle.                                                                | [36m5972 ns[0m
[INFO][0m[92m[PRIM][0m               Core 12 end compute primitive Sram_lifecycle.                                                                  | [36m5972 ns[0m
[INFO][0m[92m[PRIM][0m               Core 12 start compute primitive Sram_lifecycle.                                                                | [36m5978 ns[0m
[INFO][0m[92m[PRIM][0m               Core 12 end compute primitive Sram_lifecycle.                                                                  | [36m5978 ns[0m
[INFO][0m[92m[PRIM][0m               Core 0 start compute primitive Sram_lifecycle.                                                                 | [36m5980 ns[0m
[INFO][0m[92m[PRIM][0m               Core 0 end compute primitive Sram_lifecycle.                                                                   | [36m5980 ns[0m
[INFO][0m[92m[PRIM][0m               Core 12 start compute primitive Sram_bind_oneshot.                                                             | [36m5984 ns[0m
[INFO][0m[92m[PRIM][0m               Core 12 end compute primitive Sram_bind_oneshot.                                                               | [36m5984 ns[0m
[INFO][0m[92m[PRIM][0m               Core 0 start compute primitive Sram_lifecycle.                                                                 | [36m5986 ns[0m
[INFO][0m[92m[PRIM][0m               Core 0 end compute primitive Sram_lifecycle.                                                                   | [36m5986 ns[0m
[INFO][0m[92m[PRIM][0m               Core 12 start compute primitive Matmul_f.                                                                      | [36m5990 ns[0m
[INFO][0m[92m[PRIM][0m               Core 12 end compute primitive Matmul_f.                                                                        | [36m5990 ns[0m
[INFO][0m[92m[PRIM][0m               Core 0 start compute primitive Sram_lifecycle.                                                                 | [36m5992 ns[0m
[INFO][0m[92m[PRIM][0m               Core 0 end compute primitive Sram_lifecycle.                                                                   | [36m5992 ns[0m
[INFO][0m[92m[PRIM][0m               Core 12 start compute primitive Sram_lifecycle.                                                                | [36m5996 ns[0m
[INFO][0m[92m[PRIM][0m               Core 12 end compute primitive Sram_lifecycle.                                                                  | [36m5996 ns[0m
[INFO][0m[92m[PRIM][0m               Core 0 start compute primitive Sram_bind_oneshot.                                                              | [36m5998 ns[0m
[INFO][0m[92m[PRIM][0m               Core 0 end compute primitive Sram_bind_oneshot.                                                                | [36m5998 ns[0m
[INFO][0m[92m[PRIM][0m               Core 12 start compute primitive Sram_lifecycle.                                                                | [36m6002 ns[0m
[INFO][0m[92m[PRIM][0m               Core 12 end compute primitive Sram_lifecycle.                                                                  | [36m6002 ns[0m
[INFO][0m[92m[PRIM][0m               Core 0 start compute primitive Matmul_f.                                                                       | [36m6004 ns[0m
[INFO][0m[92m[PRIM][0m               Core 0 end compute primitive Matmul_f.                                                                         | [36m6004 ns[0m
[INFO][0m[92m[PRIM][0m               Core 12 start compute primitive Sram_lifecycle.                                                                | [36m6008 ns[0m
[INFO][0m[92m[PRIM][0m               Core 12 end compute primitive Sram_lifecycle.                                                                  | [36m6008 ns[0m
[INFO][0m[92m[PRIM][0m               Core 0 start compute primitive Sram_lifecycle.                                                                 | [36m6010 ns[0m
[INFO][0m[92m[PRIM][0m               Core 0 end compute primitive Sram_lifecycle.                                                                   | [36m6010 ns[0m
[INFO][0m[92m[PRIM][0m               Core 4 start compute primitive Sram_lifecycle.                                                                 | [36m6020 ns[0m
[INFO][0m[92m[PRIM][0m               Core 4 end compute primitive Sram_lifecycle.                                                                   | [36m6020 ns[0m
[INFO][0m[92m[PRIM][0m               Core 4 start compute primitive Sram_lifecycle.                                                                 | [36m6044 ns[0m
[INFO][0m[92m[PRIM][0m               Core 4 end compute primitive Sram_lifecycle.                                                                   | [36m6044 ns[0m
[INFO][0m[92m[PRIM][0m               Core 4 start compute primitive Sram_lifecycle.                                                                 | [36m6068 ns[0m
[INFO][0m[92m[PRIM][0m               Core 4 end compute primitive Sram_lifecycle.                                                                   | [36m6068 ns[0m
[INFO][0m[92m[PRIM][0m               Core 4 start compute primitive Collective_data_v1_prim.                                                        | [36m6074 ns[0m
[INFO][0m[92m[PRIM][0m               Core 0 start compute primitive Sram_lifecycle.                                                                 | [36m6080 ns[0m
[INFO][0m[92m[PRIM][0m               Core 0 end compute primitive Sram_lifecycle.                                                                   | [36m6080 ns[0m
[INFO][0m[92m[PRIM][0m               Core 0 start compute primitive Sram_lifecycle.                                                                 | [36m6086 ns[0m
[INFO][0m[92m[PRIM][0m               Core 0 end compute primitive Sram_lifecycle.                                                                   | [36m6086 ns[0m
[INFO][0m[92m[PRIM][0m               Core 0 start compute primitive Sram_lifecycle.                                                                 | [36m6092 ns[0m
[INFO][0m[92m[PRIM][0m               Core 0 end compute primitive Sram_lifecycle.                                                                   | [36m6092 ns[0m
[INFO][0m[92m[PRIM][0m               Core 0 start compute primitive Sram_bind_oneshot.                                                              | [36m6098 ns[0m
[INFO][0m[92m[PRIM][0m               Core 0 end compute primitive Sram_bind_oneshot.                                                                | [36m6098 ns[0m
[INFO][0m[92m[PRIM][0m               Core 4 end compute primitive Collective_data_v1_prim.                                                          | [36m6104 ns[0m
[INFO][0m[92m[PRIM][0m               Core 0 start compute primitive Matmul_f.                                                                       | [36m6104 ns[0m
[INFO][0m[92m[PRIM][0m               Core 0 end compute primitive Matmul_f.                                                                         | [36m6104 ns[0m
[INFO][0m[92m[PRIM][0m               Core 0 start compute primitive Sram_lifecycle.                                                                 | [36m6110 ns[0m
[INFO][0m[92m[PRIM][0m               Core 4 start compute primitive Sram_lifecycle.                                                                 | [36m6110 ns[0m
[INFO][0m[92m[PRIM][0m               Core 4 end compute primitive Sram_lifecycle.                                                                   | [36m6110 ns[0m
[INFO][0m[92m[PRIM][0m               Core 0 end compute primitive Sram_lifecycle.                                                                   | [36m6110 ns[0m
[INFO][0m[92m[PRIM][0m               Core 0 start compute primitive Sram_lifecycle.                                                                 | [36m6116 ns[0m
[INFO][0m[92m[PRIM][0m               Core 4 start compute primitive Sram_lifecycle.                                                                 | [36m6116 ns[0m
[INFO][0m[92m[PRIM][0m               Core 4 end compute primitive Sram_lifecycle.                                                                   | [36m6116 ns[0m
[INFO][0m[92m[PRIM][0m               Core 0 end compute primitive Sram_lifecycle.                                                                   | [36m6116 ns[0m
[INFO][0m[92m[PRIM][0m               Core 8 start compute primitive Sram_lifecycle.                                                                 | [36m6120 ns[0m
[INFO][0m[92m[PRIM][0m               Core 8 end compute primitive Sram_lifecycle.                                                                   | [36m6120 ns[0m
[INFO][0m[92m[PRIM][0m               Core 4 start compute primitive Sram_lifecycle.                                                                 | [36m6122 ns[0m
[INFO][0m[92m[PRIM][0m               Core 4 end compute primitive Sram_lifecycle.                                                                   | [36m6122 ns[0m
[INFO][0m[92m[PRIM][0m               Core 4 start compute primitive Sram_lifecycle.                                                                 | [36m6128 ns[0m
[INFO][0m[92m[PRIM][0m               Core 4 end compute primitive Sram_lifecycle.                                                                   | [36m6128 ns[0m
[INFO][0m[92m[PRIM][0m               Core 4 start compute primitive Sram_lifecycle.                                                                 | [36m6134 ns[0m
[INFO][0m[92m[PRIM][0m               Core 4 end compute primitive Sram_lifecycle.                                                                   | [36m6134 ns[0m
[INFO][0m[92m[PRIM][0m               Core 4 start compute primitive Sram_lifecycle.                                                                 | [36m6140 ns[0m
[INFO][0m[92m[PRIM][0m               Core 4 end compute primitive Sram_lifecycle.                                                                   | [36m6140 ns[0m
[INFO][0m[92m[PRIM][0m               Core 4 start compute primitive Sram_bind_oneshot.                                                              | [36m6146 ns[0m
[INFO][0m[92m[PRIM][0m               Core 4 end compute primitive Sram_bind_oneshot.                                                                | [36m6146 ns[0m
[INFO][0m[92m[PRIM][0m               Core 4 start compute primitive Matmul_f.                                                                       | [36m6152 ns[0m
[INFO][0m[92m[PRIM][0m               Core 4 end compute primitive Matmul_f.                                                                         | [36m6152 ns[0m
[INFO][0m[92m[PRIM][0m               Core 4 start compute primitive Sram_lifecycle.                                                                 | [36m6158 ns[0m
[INFO][0m[92m[PRIM][0m               Core 4 end compute primitive Sram_lifecycle.                                                                   | [36m6158 ns[0m
[INFO][0m[92m[PRIM][0m               Core 0 start compute primitive Sram_lifecycle.                                                                 | [36m6218 ns[0m
[INFO][0m[92m[PRIM][0m               Core 0 end compute primitive Sram_lifecycle.                                                                   | [36m6218 ns[0m
[INFO][0m[92m[PRIM][0m               Core 0 start compute primitive Sram_lifecycle.                                                                 | [36m6224 ns[0m
[INFO][0m[92m[PRIM][0m               Core 0 end compute primitive Sram_lifecycle.                                                                   | [36m6224 ns[0m
[INFO][0m[92m[PRIM][0m               Core 0 start compute primitive Sram_bind_oneshot.                                                              | [36m6230 ns[0m
[INFO][0m[92m[PRIM][0m               Core 0 end compute primitive Sram_bind_oneshot.                                                                | [36m6230 ns[0m
[INFO][0m[92m[PRIM][0m               Core 0 start compute primitive Residual_f.                                                                     | [36m6236 ns[0m
[INFO][0m[92m[PRIM][0m               Core 0 end compute primitive Residual_f.                                                                       | [36m6236 ns[0m
[INFO][0m[92m[PRIM][0m               Core 0 start compute primitive Sram_lifecycle.                                                                 | [36m6242 ns[0m
[INFO][0m[92m[PRIM][0m               Core 0 end compute primitive Sram_lifecycle.                                                                   | [36m6242 ns[0m
[INFO][0m[92m[PRIM][0m               Core 0 start compute primitive Sram_lifecycle.                                                                 | [36m6248 ns[0m
[INFO][0m[92m[PRIM][0m               Core 0 end compute primitive Sram_lifecycle.                                                                   | [36m6248 ns[0m
[INFO][0m[92m[PRIM][0m               Core 0 start compute primitive Sram_lifecycle.                                                                 | [36m6254 ns[0m
[INFO][0m[92m[PRIM][0m               Core 0 end compute primitive Sram_lifecycle.                                                                   | [36m6254 ns[0m
[INFO][0m[92m[PRIM][0m               Core 0 start compute primitive Sram_bind_oneshot.                                                              | [36m6260 ns[0m
[INFO][0m[92m[PRIM][0m               Core 4 start compute primitive Sram_lifecycle.                                                                 | [36m6260 ns[0m
[INFO][0m[92m[PRIM][0m               Core 4 end compute primitive Sram_lifecycle.                                                                   | [36m6260 ns[0m
[INFO][0m[92m[PRIM][0m               Core 0 end compute primitive Sram_bind_oneshot.                                                                | [36m6260 ns[0m
[INFO][0m[92m[PRIM][0m               Core 0 start compute primitive rmsnorm_forward.                                                                | [36m6266 ns[0m
[INFO][0m[92m[PRIM][0m               Core 4 start compute primitive Sram_lifecycle.                                                                 | [36m6266 ns[0m
[INFO][0m[92m[PRIM][0m               Core 4 end compute primitive Sram_lifecycle.                                                                   | [36m6266 ns[0m
[INFO][0m[92m[PRIM][0m               Core 0 end compute primitive rmsnorm_forward.                                                                  | [36m6266 ns[0m
[INFO][0m[92m[PRIM][0m               Core 0 start compute primitive Sram_lifecycle.                                                                 | [36m6272 ns[0m
[INFO][0m[92m[PRIM][0m               Core 4 start compute primitive Sram_lifecycle.                                                                 | [36m6272 ns[0m
[INFO][0m[92m[PRIM][0m               Core 4 end compute primitive Sram_lifecycle.                                                                   | [36m6272 ns[0m
[INFO][0m[92m[PRIM][0m               Core 0 end compute primitive Sram_lifecycle.                                                                   | [36m6272 ns[0m
[INFO][0m[92m[PRIM][0m               Core 12 start compute primitive Sram_lifecycle.                                                                | [36m6278 ns[0m
[INFO][0m[92m[PRIM][0m               Core 4 start compute primitive Sram_bind_oneshot.                                                              | [36m6278 ns[0m
[INFO][0m[92m[PRIM][0m               Core 4 end compute primitive Sram_bind_oneshot.                                                                | [36m6278 ns[0m
[INFO][0m[92m[PRIM][0m               Core 12 end compute primitive Sram_lifecycle.                                                                  | [36m6278 ns[0m
[INFO][0m[92m[PRIM][0m               Core 4 start compute primitive Matmul_f.                                                                       | [36m6284 ns[0m
[INFO][0m[92m[PRIM][0m               Core 4 end compute primitive Matmul_f.                                                                         | [36m6284 ns[0m
[INFO][0m[92m[PRIM][0m               Core 4 start compute primitive Sram_lifecycle.                                                                 | [36m6290 ns[0m
[INFO][0m[92m[PRIM][0m               Core 4 end compute primitive Sram_lifecycle.                                                                   | [36m6290 ns[0m
[INFO][0m[92m[PRIM][0m               Core 4 start compute primitive Sram_lifecycle.                                                                 | [36m6296 ns[0m
[INFO][0m[92m[PRIM][0m               Core 0 start compute primitive Sram_lifecycle.                                                                 | [36m6296 ns[0m
[INFO][0m[92m[PRIM][0m               Core 0 end compute primitive Sram_lifecycle.                                                                   | [36m6296 ns[0m
[INFO][0m[92m[PRIM][0m               Core 4 end compute primitive Sram_lifecycle.                                                                   | [36m6296 ns[0m
[INFO][0m[92m[PRIM][0m               Core 8 start compute primitive Sram_lifecycle.                                                                 | [36m6320 ns[0m
[INFO][0m[92m[PRIM][0m               Core 8 end compute primitive Sram_lifecycle.                                                                   | [36m6320 ns[0m
[INFO][0m[92m[PRIM][0m               Core 8 start compute primitive Sram_lifecycle.                                                                 | [36m6344 ns[0m
[INFO][0m[92m[PRIM][0m               Core 8 end compute primitive Sram_lifecycle.                                                                   | [36m6344 ns[0m
[INFO][0m[92m[PRIM][0m               Core 8 start compute primitive Collective_data_v1_prim.                                                        | [36m6350 ns[0m
[INFO][0m[92m[PRIM][0m               Core 4 start compute primitive Sram_lifecycle.                                                                 | [36m6366 ns[0m
[INFO][0m[92m[PRIM][0m               Core 4 end compute primitive Sram_lifecycle.                                                                   | [36m6366 ns[0m
[INFO][0m[92m[PRIM][0m               Core 4 start compute primitive Sram_lifecycle.                                                                 | [36m6372 ns[0m
[INFO][0m[92m[PRIM][0m               Core 4 end compute primitive Sram_lifecycle.                                                                   | [36m6372 ns[0m
[INFO][0m[92m[PRIM][0m               Core 4 start compute primitive Sram_bind_oneshot.                                                              | [36m6378 ns[0m
[INFO][0m[92m[PRIM][0m               Core 4 end compute primitive Sram_bind_oneshot.                                                                | [36m6378 ns[0m
[INFO][0m[92m[PRIM][0m               Core 8 end compute primitive Collective_data_v1_prim.                                                          | [36m6380 ns[0m
[INFO][0m[92m[PRIM][0m               Core 4 start compute primitive Residual_f.                                                                     | [36m6384 ns[0m
[INFO][0m[92m[PRIM][0m               Core 4 end compute primitive Residual_f.                                                                       | [36m6384 ns[0m
[INFO][0m[92m[PRIM][0m               Core 8 start compute primitive Sram_lifecycle.                                                                 | [36m6386 ns[0m
[INFO][0m[92m[PRIM][0m               Core 8 end compute primitive Sram_lifecycle.                                                                   | [36m6386 ns[0m
[INFO][0m[92m[PRIM][0m               Core 4 start compute primitive Sram_lifecycle.                                                                 | [36m6390 ns[0m
[INFO][0m[92m[PRIM][0m               Core 4 end compute primitive Sram_lifecycle.                                                                   | [36m6390 ns[0m
[INFO][0m[92m[PRIM][0m               Core 8 start compute primitive Sram_lifecycle.                                                                 | [36m6392 ns[0m
[INFO][0m[92m[PRIM][0m               Core 8 end compute primitive Sram_lifecycle.                                                                   | [36m6392 ns[0m
[INFO][0m[92m[PRIM][0m               Core 4 start compute primitive Sram_lifecycle.                                                                 | [36m6396 ns[0m
[INFO][0m[92m[PRIM][0m               Core 4 end compute primitive Sram_lifecycle.                                                                   | [36m6396 ns[0m
[INFO][0m[92m[PRIM][0m               Core 8 start compute primitive Sram_lifecycle.                                                                 | [36m6398 ns[0m
[INFO][0m[92m[PRIM][0m               Core 8 end compute primitive Sram_lifecycle.                                                                   | [36m6398 ns[0m
[INFO][0m[92m[PRIM][0m               Core 4 start compute primitive Sram_lifecycle.                                                                 | [36m6402 ns[0m
[INFO][0m[92m[PRIM][0m               Core 4 end compute primitive Sram_lifecycle.                                                                   | [36m6402 ns[0m
[INFO][0m[92m[PRIM][0m               Core 8 start compute primitive Sram_lifecycle.                                                                 | [36m6404 ns[0m
[INFO][0m[92m[PRIM][0m               Core 8 end compute primitive Sram_lifecycle.                                                                   | [36m6404 ns[0m
[INFO][0m[92m[PRIM][0m               Core 12 start compute primitive Sram_lifecycle.                                                                | [36m6406 ns[0m
[INFO][0m[92m[PRIM][0m               Core 12 end compute primitive Sram_lifecycle.                                                                  | [36m6406 ns[0m
[INFO][0m[92m[PRIM][0m               Core 4 start compute primitive Sram_bind_oneshot.                                                              | [36m6408 ns[0m
[INFO][0m[92m[PRIM][0m               Core 4 end compute primitive Sram_bind_oneshot.                                                                | [36m6408 ns[0m
[INFO][0m[92m[PRIM][0m               Core 8 start compute primitive Sram_lifecycle.                                                                 | [36m6410 ns[0m
[INFO][0m[92m[PRIM][0m               Core 8 end compute primitive Sram_lifecycle.                                                                   | [36m6410 ns[0m
[INFO][0m[92m[PRIM][0m               Core 4 start compute primitive rmsnorm_forward.                                                                | [36m6414 ns[0m
[INFO][0m[92m[PRIM][0m               Core 4 end compute primitive rmsnorm_forward.                                                                  | [36m6414 ns[0m
[INFO][0m[92m[PRIM][0m               Core 8 start compute primitive Sram_lifecycle.                                                                 | [36m6416 ns[0m
[INFO][0m[92m[PRIM][0m               Core 8 end compute primitive Sram_lifecycle.                                                                   | [36m6416 ns[0m
[INFO][0m[92m[PRIM][0m               Core 4 start compute primitive Sram_lifecycle.                                                                 | [36m6420 ns[0m
[INFO][0m[92m[PRIM][0m               Core 4 end compute primitive Sram_lifecycle.                                                                   | [36m6420 ns[0m
[INFO][0m[92m[PRIM][0m               Core 8 start compute primitive Sram_bind_oneshot.                                                              | [36m6422 ns[0m
[INFO][0m[92m[PRIM][0m               Core 8 end compute primitive Sram_bind_oneshot.                                                                | [36m6422 ns[0m
[INFO][0m[92m[PRIM][0m               Core 8 start compute primitive Matmul_f.                                                                       | [36m6428 ns[0m
[INFO][0m[92m[PRIM][0m               Core 8 end compute primitive Matmul_f.                                                                         | [36m6428 ns[0m
[INFO][0m[92m[PRIM][0m               Core 8 start compute primitive Sram_lifecycle.                                                                 | [36m6434 ns[0m
[INFO][0m[92m[PRIM][0m               Core 8 end compute primitive Sram_lifecycle.                                                                   | [36m6434 ns[0m
[INFO][0m[92m[PRIM][0m               Core 8 start compute primitive Sram_lifecycle.                                                                 | [36m6440 ns[0m
[INFO][0m[92m[PRIM][0m               Core 8 end compute primitive Sram_lifecycle.                                                                   | [36m6440 ns[0m
[INFO][0m[92m[PRIM][0m               Core 4 start compute primitive Sram_lifecycle.                                                                 | [36m6460 ns[0m
[INFO][0m[92m[PRIM][0m               Core 4 end compute primitive Sram_lifecycle.                                                                   | [36m6460 ns[0m
[INFO][0m[92m[PRIM][0m               Core 8 start compute primitive Sram_lifecycle.                                                                 | [36m6510 ns[0m
[INFO][0m[92m[PRIM][0m               Core 8 end compute primitive Sram_lifecycle.                                                                   | [36m6510 ns[0m
[INFO][0m[92m[PRIM][0m               Core 8 start compute primitive Sram_lifecycle.                                                                 | [36m6516 ns[0m
[INFO][0m[92m[PRIM][0m               Core 8 end compute primitive Sram_lifecycle.                                                                   | [36m6516 ns[0m
[INFO][0m[92m[PRIM][0m               Core 8 start compute primitive Sram_bind_oneshot.                                                              | [36m6522 ns[0m
[INFO][0m[92m[PRIM][0m               Core 8 end compute primitive Sram_bind_oneshot.                                                                | [36m6522 ns[0m
[INFO][0m[92m[PRIM][0m               Core 8 start compute primitive Residual_f.                                                                     | [36m6528 ns[0m
[INFO][0m[92m[PRIM][0m               Core 8 end compute primitive Residual_f.                                                                       | [36m6528 ns[0m
[INFO][0m[92m[PRIM][0m               Core 8 start compute primitive Sram_lifecycle.                                                                 | [36m6534 ns[0m
[INFO][0m[92m[PRIM][0m               Core 8 end compute primitive Sram_lifecycle.                                                                   | [36m6534 ns[0m
[INFO][0m[92m[PRIM][0m               Core 8 start compute primitive Sram_lifecycle.                                                                 | [36m6540 ns[0m
[INFO][0m[92m[PRIM][0m               Core 8 end compute primitive Sram_lifecycle.                                                                   | [36m6540 ns[0m
[INFO][0m[92m[PRIM][0m               Core 8 start compute primitive Sram_lifecycle.                                                                 | [36m6546 ns[0m
[INFO][0m[92m[PRIM][0m               Core 8 end compute primitive Sram_lifecycle.                                                                   | [36m6546 ns[0m
[INFO][0m[92m[PRIM][0m               Core 12 start compute primitive Sram_lifecycle.                                                                | [36m6550 ns[0m
[INFO][0m[92m[PRIM][0m               Core 12 end compute primitive Sram_lifecycle.                                                                  | [36m6550 ns[0m
[INFO][0m[92m[PRIM][0m               Core 8 start compute primitive Sram_bind_oneshot.                                                              | [36m6552 ns[0m
[INFO][0m[92m[PRIM][0m               Core 8 end compute primitive Sram_bind_oneshot.                                                                | [36m6552 ns[0m
[INFO][0m[92m[PRIM][0m               Core 12 start compute primitive Collective_data_v1_prim.                                                       | [36m6556 ns[0m
[INFO][0m[92m[PRIM][0m               Core 8 start compute primitive rmsnorm_forward.                                                                | [36m6558 ns[0m
[INFO][0m[92m[PRIM][0m               Core 8 end compute primitive rmsnorm_forward.                                                                  | [36m6558 ns[0m
[INFO][0m[92m[PRIM][0m               Core 8 start compute primitive Sram_lifecycle.                                                                 | [36m6564 ns[0m
[INFO][0m[92m[PRIM][0m               Core 8 end compute primitive Sram_lifecycle.                                                                   | [36m6564 ns[0m
[INFO][0m[92m[PRIM][0m               Core 12 end compute primitive Collective_data_v1_prim.                                                         | [36m6586 ns[0m
[INFO][0m[92m[PRIM][0m               Core 12 start compute primitive Sram_lifecycle.                                                                | [36m6592 ns[0m
[INFO][0m[92m[PRIM][0m               Core 12 end compute primitive Sram_lifecycle.                                                                  | [36m6592 ns[0m
[INFO][0m[92m[PRIM][0m               Core 12 start compute primitive Sram_lifecycle.                                                                | [36m6598 ns[0m
[INFO][0m[92m[PRIM][0m               Core 12 end compute primitive Sram_lifecycle.                                                                  | [36m6598 ns[0m
[INFO][0m[92m[PRIM][0m               Core 12 start compute primitive Sram_lifecycle.                                                                | [36m6604 ns[0m
[INFO][0m[92m[PRIM][0m               Core 12 end compute primitive Sram_lifecycle.                                                                  | [36m6604 ns[0m
[INFO][0m[92m[PRIM][0m               Core 12 start compute primitive Sram_lifecycle.                                                                | [36m6610 ns[0m
[INFO][0m[92m[PRIM][0m               Core 12 end compute primitive Sram_lifecycle.                                                                  | [36m6610 ns[0m
[INFO][0m[92m[PRIM][0m               Core 12 start compute primitive Sram_lifecycle.                                                                | [36m6616 ns[0m
[INFO][0m[92m[PRIM][0m               Core 12 end compute primitive Sram_lifecycle.                                                                  | [36m6616 ns[0m
[INFO][0m[92m[PRIM][0m               Core 12 start compute primitive Sram_bind_oneshot.                                                             | [36m6622 ns[0m
[INFO][0m[92m[PRIM][0m               Core 12 end compute primitive Sram_bind_oneshot.                                                               | [36m6622 ns[0m
[INFO][0m[92m[PRIM][0m               Core 12 start compute primitive Residual_f.                                                                    | [36m6628 ns[0m
[INFO][0m[92m[PRIM][0m               Core 12 end compute primitive Residual_f.                                                                      | [36m6628 ns[0m
[INFO][0m[92m[PRIM][0m               Core 12 start compute primitive Sram_lifecycle.                                                                | [36m6634 ns[0m
[INFO][0m[92m[PRIM][0m               Core 12 end compute primitive Sram_lifecycle.                                                                  | [36m6634 ns[0m
[INFO][0m[92m[PRIM][0m               Core 12 start compute primitive Sram_lifecycle.                                                                | [36m6640 ns[0m
[INFO][0m[92m[PRIM][0m               Core 12 end compute primitive Sram_lifecycle.                                                                  | [36m6640 ns[0m
[INFO][0m[92m[PRIM][0m               Core 12 start compute primitive Sram_lifecycle.                                                                | [36m6646 ns[0m
[INFO][0m[92m[PRIM][0m               Core 12 end compute primitive Sram_lifecycle.                                                                  | [36m6646 ns[0m
[INFO][0m[92m[PRIM][0m               Core 12 start compute primitive Sram_bind_oneshot.                                                             | [36m6652 ns[0m
[INFO][0m[92m[PRIM][0m               Core 12 end compute primitive Sram_bind_oneshot.                                                               | [36m6652 ns[0m
[INFO][0m[92m[PRIM][0m               Core 12 start compute primitive rmsnorm_forward.                                                               | [36m6658 ns[0m
[INFO][0m[92m[PRIM][0m               Core 12 end compute primitive rmsnorm_forward.                                                                 | [36m6658 ns[0m
[INFO][0m[92m[PRIM][0m               Core 12 start compute primitive Sram_lifecycle.                                                                | [36m6664 ns[0m
[INFO][0m[92m[PRIM][0m               Core 12 end compute primitive Sram_lifecycle.                                                                  | [36m6664 ns[0m
[INFO][0m[92m[PRIM][0m               Core 8 start compute primitive Sram_lifecycle.                                                                 | [36m6704 ns[0m
[INFO][0m[92m[PRIM][0m               Core 8 end compute primitive Sram_lifecycle.                                                                   | [36m6704 ns[0m
[INFO][0m[92m[PRIM][0m               Core 12 start compute primitive Sram_lifecycle.                                                                | [36m6992 ns[0m
[INFO][0m[92m[PRIM][0m               Core 12 end compute primitive Sram_lifecycle.                                                                  | [36m6992 ns[0m
[INFO][0m[92m[PRIM][0m               Core 0 start compute primitive Sram_lifecycle.                                                                 | [36m7298 ns[0m
[INFO][0m[92m[PRIM][0m               Core 0 end compute primitive Sram_lifecycle.                                                                   | [36m7298 ns[0m
[INFO][0m[92m[PRIM][0m               Core 0 start compute primitive Lsu_mem.                                                                        | [36m7304 ns[0m
[INFO][0m[92m[PRIM][0m               Core 4 start compute primitive Sram_lifecycle.                                                                 | [36m7308 ns[0m
[INFO][0m[92m[PRIM][0m               Core 4 end compute primitive Sram_lifecycle.                                                                   | [36m7308 ns[0m
[INFO][0m[92m[PRIM][0m               Core 8 start compute primitive Sram_lifecycle.                                                                 | [36m7312 ns[0m
[INFO][0m[92m[PRIM][0m               Core 8 end compute primitive Sram_lifecycle.                                                                   | [36m7312 ns[0m
[INFO][0m[92m[PRIM][0m               Core 4 start compute primitive Lsu_mem.                                                                        | [36m7314 ns[0m
[INFO][0m[92m[PRIM][0m               Core 8 start compute primitive Lsu_mem.                                                                        | [36m7318 ns[0m
[INFO][0m[92m[PRIM][0m               Core 12 start compute primitive Sram_lifecycle.                                                                | [36m7332 ns[0m
[INFO][0m[92m[PRIM][0m               Core 12 end compute primitive Sram_lifecycle.                                                                  | [36m7332 ns[0m
[INFO][0m[92m[PRIM][0m               Core 12 start compute primitive Lsu_mem.                                                                       | [36m7338 ns[0m
[INFO][0m[92m[PRIM][0m               Core 0 end compute primitive Lsu_mem.                                                                          | [36m8327 ns[0m
[INFO][0m[92m[PRIM][0m               Core 0 start compute primitive Sram_lifecycle.                                                                 | [36m8333 ns[0m
[INFO][0m[92m[PRIM][0m               Core 0 end compute primitive Sram_lifecycle.                                                                   | [36m8333 ns[0m
[INFO][0m[92m[PRIM][0m               Core 4 end compute primitive Lsu_mem.                                                                          | [36m8335 ns[0m
[INFO][0m[92m[PRIM][0m               Core 0 start compute primitive Sram_bind_oneshot.                                                              | [36m8339 ns[0m
[INFO][0m[92m[PRIM][0m               Core 0 end compute primitive Sram_bind_oneshot.                                                                | [36m8339 ns[0m
[INFO][0m[92m[PRIM][0m               Core 4 start compute primitive Sram_lifecycle.                                                                 | [36m8341 ns[0m
[INFO][0m[92m[PRIM][0m               Core 4 end compute primitive Sram_lifecycle.                                                                   | [36m8341 ns[0m
[INFO][0m[92m[PRIM][0m               Core 8 end compute primitive Lsu_mem.                                                                          | [36m8341 ns[0m
[INFO][0m[92m[PRIM][0m               Core 0 start compute primitive Matmul_f.                                                                       | [36m8345 ns[0m
[INFO][0m[92m[PRIM][0m               Core 0 end compute primitive Matmul_f.                                                                         | [36m8345 ns[0m
[INFO][0m[92m[PRIM][0m               Core 8 start compute primitive Sram_lifecycle.                                                                 | [36m8347 ns[0m
[INFO][0m[92m[PRIM][0m               Core 4 start compute primitive Sram_bind_oneshot.                                                              | [36m8347 ns[0m
[INFO][0m[92m[PRIM][0m               Core 4 end compute primitive Sram_bind_oneshot.                                                                | [36m8347 ns[0m
[INFO][0m[92m[PRIM][0m               Core 8 end compute primitive Sram_lifecycle.                                                                   | [36m8347 ns[0m
[INFO][0m[92m[PRIM][0m               Core 0 start compute primitive Sram_lifecycle.                                                                 | [36m8351 ns[0m
[INFO][0m[92m[PRIM][0m               Core 0 end compute primitive Sram_lifecycle.                                                                   | [36m8351 ns[0m
[INFO][0m[92m[PRIM][0m               Core 8 start compute primitive Sram_bind_oneshot.                                                              | [36m8353 ns[0m
[INFO][0m[92m[PRIM][0m               Core 4 start compute primitive Matmul_f.                                                                       | [36m8353 ns[0m
[INFO][0m[92m[PRIM][0m               Core 4 end compute primitive Matmul_f.                                                                         | [36m8353 ns[0m
[INFO][0m[92m[PRIM][0m               Core 8 end compute primitive Sram_bind_oneshot.                                                                | [36m8353 ns[0m
[INFO][0m[92m[PRIM][0m               Core 0 start compute primitive Sram_lifecycle.                                                                 | [36m8357 ns[0m
[INFO][0m[92m[PRIM][0m               Core 0 end compute primitive Sram_lifecycle.                                                                   | [36m8357 ns[0m
[INFO][0m[92m[PRIM][0m               Core 8 start compute primitive Matmul_f.                                                                       | [36m8359 ns[0m
[INFO][0m[92m[PRIM][0m               Core 4 start compute primitive Sram_lifecycle.                                                                 | [36m8359 ns[0m
[INFO][0m[92m[PRIM][0m               Core 4 end compute primitive Sram_lifecycle.                                                                   | [36m8359 ns[0m
[INFO][0m[92m[PRIM][0m               Core 8 end compute primitive Matmul_f.                                                                         | [36m8359 ns[0m
[INFO][0m[92m[PRIM][0m               Core 12 end compute primitive Lsu_mem.                                                                         | [36m8359 ns[0m
[INFO][0m[92m[PRIM][0m               Core 0 start compute primitive Sram_lifecycle.                                                                 | [36m8363 ns[0m
[INFO][0m[92m[PRIM][0m               Core 0 end compute primitive Sram_lifecycle.                                                                   | [36m8363 ns[0m
[INFO][0m[92m[PRIM][0m               Core 4 start compute primitive Sram_lifecycle.                                                                 | [36m8365 ns[0m
[INFO][0m[92m[PRIM][0m               Core 8 start compute primitive Sram_lifecycle.                                                                 | [36m8365 ns[0m
[INFO][0m[92m[PRIM][0m               Core 12 start compute primitive Sram_lifecycle.                                                                | [36m8365 ns[0m
[INFO][0m[92m[PRIM][0m               Core 12 end compute primitive Sram_lifecycle.                                                                  | [36m8365 ns[0m
[INFO][0m[92m[PRIM][0m               Core 8 end compute primitive Sram_lifecycle.                                                                   | [36m8365 ns[0m
[INFO][0m[92m[PRIM][0m               Core 4 end compute primitive Sram_lifecycle.                                                                   | [36m8365 ns[0m
[INFO][0m[92m[PRIM][0m               Core 0 start compute primitive Sram_bind_oneshot.                                                              | [36m8369 ns[0m
[INFO][0m[92m[PRIM][0m               Core 0 end compute primitive Sram_bind_oneshot.                                                                | [36m8369 ns[0m
[INFO][0m[92m[PRIM][0m               Core 12 start compute primitive Sram_bind_oneshot.                                                             | [36m8371 ns[0m
[INFO][0m[92m[PRIM][0m               Core 8 start compute primitive Sram_lifecycle.                                                                 | [36m8371 ns[0m
[INFO][0m[92m[PRIM][0m               Core 4 start compute primitive Sram_lifecycle.                                                                 | [36m8371 ns[0m
[INFO][0m[92m[PRIM][0m               Core 4 end compute primitive Sram_lifecycle.                                                                   | [36m8371 ns[0m
[INFO][0m[92m[PRIM][0m               Core 8 end compute primitive Sram_lifecycle.                                                                   | [36m8371 ns[0m
[INFO][0m[92m[PRIM][0m               Core 12 end compute primitive Sram_bind_oneshot.                                                               | [36m8371 ns[0m
[INFO][0m[92m[PRIM][0m               Core 0 start compute primitive swiglu_forward.                                                                 | [36m8375 ns[0m
[INFO][0m[92m[PRIM][0m               Core 0 end compute primitive swiglu_forward.                                                                   | [36m8375 ns[0m
[INFO][0m[92m[PRIM][0m               Core 8 start compute primitive Sram_lifecycle.                                                                 | [36m8377 ns[0m
[INFO][0m[92m[PRIM][0m               Core 4 start compute primitive Sram_bind_oneshot.                                                              | [36m8377 ns[0m
[INFO][0m[92m[PRIM][0m               Core 12 start compute primitive Matmul_f.                                                                      | [36m8377 ns[0m
[INFO][0m[92m[PRIM][0m               Core 12 end compute primitive Matmul_f.                                                                        | [36m8377 ns[0m
[INFO][0m[92m[PRIM][0m               Core 4 end compute primitive Sram_bind_oneshot.                                                                | [36m8377 ns[0m
[INFO][0m[92m[PRIM][0m               Core 8 end compute primitive Sram_lifecycle.                                                                   | [36m8377 ns[0m
[INFO][0m[92m[PRIM][0m               Core 0 start compute primitive Sram_lifecycle.                                                                 | [36m8381 ns[0m
[INFO][0m[92m[PRIM][0m               Core 0 end compute primitive Sram_lifecycle.                                                                   | [36m8381 ns[0m
[INFO][0m[92m[PRIM][0m               Core 12 start compute primitive Sram_lifecycle.                                                                | [36m8383 ns[0m
[INFO][0m[92m[PRIM][0m               Core 4 start compute primitive swiglu_forward.                                                                 | [36m8383 ns[0m
[INFO][0m[92m[PRIM][0m               Core 8 start compute primitive Sram_bind_oneshot.                                                              | [36m8383 ns[0m
[INFO][0m[92m[PRIM][0m               Core 8 end compute primitive Sram_bind_oneshot.                                                                | [36m8383 ns[0m
[INFO][0m[92m[PRIM][0m               Core 4 end compute primitive swiglu_forward.                                                                   | [36m8383 ns[0m
[INFO][0m[92m[PRIM][0m               Core 12 end compute primitive Sram_lifecycle.                                                                  | [36m8383 ns[0m
[INFO][0m[92m[PRIM][0m               Core 0 start compute primitive Sram_lifecycle.                                                                 | [36m8387 ns[0m
[INFO][0m[92m[PRIM][0m               Core 0 end compute primitive Sram_lifecycle.                                                                   | [36m8387 ns[0m
[INFO][0m[92m[PRIM][0m               Core 4 start compute primitive Sram_lifecycle.                                                                 | [36m8389 ns[0m
[INFO][0m[92m[PRIM][0m               Core 12 start compute primitive Sram_lifecycle.                                                                | [36m8389 ns[0m
[INFO][0m[92m[PRIM][0m               Core 8 start compute primitive swiglu_forward.                                                                 | [36m8389 ns[0m
[INFO][0m[92m[PRIM][0m               Core 8 end compute primitive swiglu_forward.                                                                   | [36m8389 ns[0m
[INFO][0m[92m[PRIM][0m               Core 12 end compute primitive Sram_lifecycle.                                                                  | [36m8389 ns[0m
[INFO][0m[92m[PRIM][0m               Core 4 end compute primitive Sram_lifecycle.                                                                   | [36m8389 ns[0m
[INFO][0m[92m[PRIM][0m               Core 0 start compute primitive Sram_lifecycle.                                                                 | [36m8393 ns[0m
[INFO][0m[92m[PRIM][0m               Core 0 end compute primitive Sram_lifecycle.                                                                   | [36m8393 ns[0m
[INFO][0m[92m[PRIM][0m               Core 8 start compute primitive Sram_lifecycle.                                                                 | [36m8395 ns[0m
[INFO][0m[92m[PRIM][0m               Core 12 start compute primitive Sram_lifecycle.                                                                | [36m8395 ns[0m
[INFO][0m[92m[PRIM][0m               Core 4 start compute primitive Sram_lifecycle.                                                                 | [36m8395 ns[0m
[INFO][0m[92m[PRIM][0m               Core 4 end compute primitive Sram_lifecycle.                                                                   | [36m8395 ns[0m
[INFO][0m[92m[PRIM][0m               Core 12 end compute primitive Sram_lifecycle.                                                                  | [36m8395 ns[0m
[INFO][0m[92m[PRIM][0m               Core 8 end compute primitive Sram_lifecycle.                                                                   | [36m8395 ns[0m
[INFO][0m[92m[PRIM][0m               Core 0 start compute primitive Lsu_mem.                                                                        | [36m8399 ns[0m
[INFO][0m[92m[PRIM][0m               Core 4 start compute primitive Sram_lifecycle.                                                                 | [36m8401 ns[0m
[INFO][0m[92m[PRIM][0m               Core 12 start compute primitive Sram_bind_oneshot.                                                             | [36m8401 ns[0m
[INFO][0m[92m[PRIM][0m               Core 8 start compute primitive Sram_lifecycle.                                                                 | [36m8401 ns[0m
[INFO][0m[92m[PRIM][0m               Core 8 end compute primitive Sram_lifecycle.                                                                   | [36m8401 ns[0m
[INFO][0m[92m[PRIM][0m               Core 12 end compute primitive Sram_bind_oneshot.                                                               | [36m8401 ns[0m
[INFO][0m[92m[PRIM][0m               Core 4 end compute primitive Sram_lifecycle.                                                                   | [36m8401 ns[0m
[INFO][0m[92m[PRIM][0m               Core 4 start compute primitive Lsu_mem.                                                                        | [36m8407 ns[0m
[INFO][0m[92m[PRIM][0m               Core 8 start compute primitive Sram_lifecycle.                                                                 | [36m8407 ns[0m
[INFO][0m[92m[PRIM][0m               Core 12 start compute primitive swiglu_forward.                                                                | [36m8407 ns[0m
[INFO][0m[92m[PRIM][0m               Core 12 end compute primitive swiglu_forward.                                                                  | [36m8407 ns[0m
[INFO][0m[92m[PRIM][0m               Core 8 end compute primitive Sram_lifecycle.                                                                   | [36m8407 ns[0m
[INFO][0m[92m[PRIM][0m               Core 12 start compute primitive Sram_lifecycle.                                                                | [36m8413 ns[0m
[INFO][0m[92m[PRIM][0m               Core 8 start compute primitive Lsu_mem.                                                                        | [36m8413 ns[0m
[INFO][0m[92m[PRIM][0m               Core 12 end compute primitive Sram_lifecycle.                                                                  | [36m8413 ns[0m
[INFO][0m[92m[PRIM][0m               Core 12 start compute primitive Sram_lifecycle.                                                                | [36m8419 ns[0m
[INFO][0m[92m[PRIM][0m               Core 12 end compute primitive Sram_lifecycle.                                                                  | [36m8419 ns[0m
[INFO][0m[92m[PRIM][0m               Core 12 start compute primitive Sram_lifecycle.                                                                | [36m8425 ns[0m
[INFO][0m[92m[PRIM][0m               Core 12 end compute primitive Sram_lifecycle.                                                                  | [36m8425 ns[0m
[INFO][0m[92m[PRIM][0m               Core 12 start compute primitive Lsu_mem.                                                                       | [36m8431 ns[0m
[INFO][0m[92m[PRIM][0m               Core 0 end compute primitive Lsu_mem.                                                                          | [36m8936 ns[0m
[INFO][0m[92m[PRIM][0m               Core 0 start compute primitive Sram_lifecycle.                                                                 | [36m8942 ns[0m
[INFO][0m[92m[PRIM][0m               Core 0 end compute primitive Sram_lifecycle.                                                                   | [36m8942 ns[0m
[INFO][0m[92m[PRIM][0m               Core 4 end compute primitive Lsu_mem.                                                                          | [36m8944 ns[0m
[INFO][0m[92m[PRIM][0m               Core 0 start compute primitive Sram_lifecycle.                                                                 | [36m8948 ns[0m
[INFO][0m[92m[PRIM][0m               Core 0 end compute primitive Sram_lifecycle.                                                                   | [36m8948 ns[0m
[INFO][0m[92m[PRIM][0m               Core 4 start compute primitive Sram_lifecycle.                                                                 | [36m8950 ns[0m
[INFO][0m[92m[PRIM][0m               Core 4 end compute primitive Sram_lifecycle.                                                                   | [36m8950 ns[0m
[INFO][0m[92m[PRIM][0m               Core 8 end compute primitive Lsu_mem.                                                                          | [36m8950 ns[0m
[INFO][0m[92m[PRIM][0m               Core 0 start compute primitive Sram_bind_oneshot.                                                              | [36m8954 ns[0m
[INFO][0m[92m[PRIM][0m               Core 0 end compute primitive Sram_bind_oneshot.                                                                | [36m8954 ns[0m
[INFO][0m[92m[PRIM][0m               Core 8 start compute primitive Sram_lifecycle.                                                                 | [36m8956 ns[0m
[INFO][0m[92m[PRIM][0m               Core 4 start compute primitive Sram_lifecycle.                                                                 | [36m8956 ns[0m
[INFO][0m[92m[PRIM][0m               Core 4 end compute primitive Sram_lifecycle.                                                                   | [36m8956 ns[0m
[INFO][0m[92m[PRIM][0m               Core 8 end compute primitive Sram_lifecycle.                                                                   | [36m8956 ns[0m
[INFO][0m[92m[PRIM][0m               Core 0 start compute primitive Matmul_f.                                                                       | [36m8960 ns[0m
[INFO][0m[92m[PRIM][0m               Core 0 end compute primitive Matmul_f.                                                                         | [36m8960 ns[0m
[INFO][0m[92m[PRIM][0m               Core 8 start compute primitive Sram_lifecycle.                                                                 | [36m8962 ns[0m
[INFO][0m[92m[PRIM][0m               Core 4 start compute primitive Sram_bind_oneshot.                                                              | [36m8962 ns[0m
[INFO][0m[92m[PRIM][0m               Core 4 end compute primitive Sram_bind_oneshot.                                                                | [36m8962 ns[0m
[INFO][0m[92m[PRIM][0m               Core 8 end compute primitive Sram_lifecycle.                                                                   | [36m8962 ns[0m
[INFO][0m[92m[PRIM][0m               Core 0 start compute primitive Sram_lifecycle.                                                                 | [36m8966 ns[0m
[INFO][0m[92m[PRIM][0m               Core 0 end compute primitive Sram_lifecycle.                                                                   | [36m8966 ns[0m
[INFO][0m[92m[PRIM][0m               Core 8 start compute primitive Sram_bind_oneshot.                                                              | [36m8968 ns[0m
[INFO][0m[92m[PRIM][0m               Core 4 start compute primitive Matmul_f.                                                                       | [36m8968 ns[0m
[INFO][0m[92m[PRIM][0m               Core 4 end compute primitive Matmul_f.                                                                         | [36m8968 ns[0m
[INFO][0m[92m[PRIM][0m               Core 8 end compute primitive Sram_bind_oneshot.                                                                | [36m8968 ns[0m
[INFO][0m[92m[PRIM][0m               Core 12 end compute primitive Lsu_mem.                                                                         | [36m8968 ns[0m
[INFO][0m[92m[PRIM][0m               Core 0 start compute primitive Sram_lifecycle.                                                                 | [36m8972 ns[0m
[INFO][0m[92m[PRIM][0m               Core 0 end compute primitive Sram_lifecycle.                                                                   | [36m8972 ns[0m
[INFO][0m[92m[PRIM][0m               Core 12 start compute primitive Sram_lifecycle.                                                                | [36m8974 ns[0m
[INFO][0m[92m[PRIM][0m               Core 8 start compute primitive Matmul_f.                                                                       | [36m8974 ns[0m
[INFO][0m[92m[PRIM][0m               Core 4 start compute primitive Sram_lifecycle.                                                                 | [36m8974 ns[0m
[INFO][0m[92m[PRIM][0m               Core 4 end compute primitive Sram_lifecycle.                                                                   | [36m8974 ns[0m
[INFO][0m[92m[PRIM][0m               Core 8 end compute primitive Matmul_f.                                                                         | [36m8974 ns[0m
[INFO][0m[92m[PRIM][0m               Core 12 end compute primitive Sram_lifecycle.                                                                  | [36m8974 ns[0m
[INFO][0m[92m[PRIM][0m               Core 12 start compute primitive Sram_lifecycle.                                                                | [36m8980 ns[0m
[INFO][0m[92m[PRIM][0m               Core 8 start compute primitive Sram_lifecycle.                                                                 | [36m8980 ns[0m
[INFO][0m[92m[PRIM][0m               Core 8 end compute primitive Sram_lifecycle.                                                                   | [36m8980 ns[0m
[INFO][0m[92m[PRIM][0m               Core 12 end compute primitive Sram_lifecycle.                                                                  | [36m8980 ns[0m
[INFO][0m[92m[PRIM][0m               Core 12 start compute primitive Sram_bind_oneshot.                                                             | [36m8986 ns[0m
[INFO][0m[92m[PRIM][0m               Core 12 end compute primitive Sram_bind_oneshot.                                                               | [36m8986 ns[0m
[INFO][0m[92m[PRIM][0m               Core 12 start compute primitive Matmul_f.                                                                      | [36m8992 ns[0m
[INFO][0m[92m[PRIM][0m               Core 12 end compute primitive Matmul_f.                                                                        | [36m8992 ns[0m
[INFO][0m[92m[PRIM][0m               Core 12 start compute primitive Sram_lifecycle.                                                                | [36m8998 ns[0m
[INFO][0m[92m[PRIM][0m               Core 12 end compute primitive Sram_lifecycle.                                                                  | [36m8998 ns[0m
[INFO][0m[92m[PRIM][0m               Core 4 start compute primitive Sram_lifecycle.                                                                 | [36m9044 ns[0m
[INFO][0m[92m[PRIM][0m               Core 4 end compute primitive Sram_lifecycle.                                                                   | [36m9044 ns[0m
[INFO][0m[92m[PRIM][0m               Core 4 start compute primitive Sram_lifecycle.                                                                 | [36m9050 ns[0m
[INFO][0m[92m[PRIM][0m               Core 8 start compute primitive Sram_lifecycle.                                                                 | [36m9050 ns[0m
[INFO][0m[92m[PRIM][0m               Core 8 end compute primitive Sram_lifecycle.                                                                   | [36m9050 ns[0m
[INFO][0m[92m[PRIM][0m               Core 4 end compute primitive Sram_lifecycle.                                                                   | [36m9050 ns[0m
[INFO][0m[92m[PRIM][0m               Core 4 start compute primitive Sram_lifecycle.                                                                 | [36m9056 ns[0m
[INFO][0m[92m[PRIM][0m               Core 8 start compute primitive Sram_lifecycle.                                                                 | [36m9056 ns[0m
[INFO][0m[92m[PRIM][0m               Core 8 end compute primitive Sram_lifecycle.                                                                   | [36m9056 ns[0m
[INFO][0m[92m[PRIM][0m               Core 4 end compute primitive Sram_lifecycle.                                                                   | [36m9056 ns[0m
[INFO][0m[92m[PRIM][0m               Core 4 start compute primitive Sram_bind_oneshot.                                                              | [36m9062 ns[0m
[INFO][0m[92m[PRIM][0m               Core 8 start compute primitive Sram_lifecycle.                                                                 | [36m9062 ns[0m
[INFO][0m[92m[PRIM][0m               Core 8 end compute primitive Sram_lifecycle.                                                                   | [36m9062 ns[0m
[INFO][0m[92m[PRIM][0m               Core 4 end compute primitive Sram_bind_oneshot.                                                                | [36m9062 ns[0m
[INFO][0m[92m[PRIM][0m               Core 4 start compute primitive Matmul_f.                                                                       | [36m9068 ns[0m
[INFO][0m[92m[PRIM][0m               Core 8 start compute primitive Sram_bind_oneshot.                                                              | [36m9068 ns[0m
[INFO][0m[92m[PRIM][0m               Core 8 end compute primitive Sram_bind_oneshot.                                                                | [36m9068 ns[0m
[INFO][0m[92m[PRIM][0m               Core 4 end compute primitive Matmul_f.                                                                         | [36m9068 ns[0m
[INFO][0m[92m[PRIM][0m               Core 4 start compute primitive Sram_lifecycle.                                                                 | [36m9074 ns[0m
[INFO][0m[92m[PRIM][0m               Core 8 start compute primitive Matmul_f.                                                                       | [36m9074 ns[0m
[INFO][0m[92m[PRIM][0m               Core 8 end compute primitive Matmul_f.                                                                         | [36m9074 ns[0m
[INFO][0m[92m[PRIM][0m               Core 4 end compute primitive Sram_lifecycle.                                                                   | [36m9074 ns[0m
[INFO][0m[92m[PRIM][0m               Core 4 start compute primitive Sram_lifecycle.                                                                 | [36m9080 ns[0m
[INFO][0m[92m[PRIM][0m               Core 8 start compute primitive Sram_lifecycle.                                                                 | [36m9080 ns[0m
[INFO][0m[92m[PRIM][0m               Core 8 end compute primitive Sram_lifecycle.                                                                   | [36m9080 ns[0m
[INFO][0m[92m[PRIM][0m               Core 4 end compute primitive Sram_lifecycle.                                                                   | [36m9080 ns[0m
[INFO][0m[92m[PRIM][0m               Core 0 start compute primitive Sram_lifecycle.                                                                 | [36m9084 ns[0m
[INFO][0m[92m[PRIM][0m               Core 0 end compute primitive Sram_lifecycle.                                                                   | [36m9084 ns[0m
[INFO][0m[92m[PRIM][0m               Core 12 start compute primitive Sram_lifecycle.                                                                | [36m9100 ns[0m
[INFO][0m[92m[PRIM][0m               Core 12 end compute primitive Sram_lifecycle.                                                                  | [36m9100 ns[0m
[INFO][0m[92m[PRIM][0m               Core 12 start compute primitive Sram_lifecycle.                                                                | [36m9106 ns[0m
[INFO][0m[92m[PRIM][0m               Core 12 end compute primitive Sram_lifecycle.                                                                  | [36m9106 ns[0m
[INFO][0m[92m[PRIM][0m               Core 12 start compute primitive Sram_lifecycle.                                                                | [36m9112 ns[0m
[INFO][0m[92m[PRIM][0m               Core 12 end compute primitive Sram_lifecycle.                                                                  | [36m9112 ns[0m
[INFO][0m[92m[PRIM][0m               Core 0 start compute primitive Sram_lifecycle.                                                                 | [36m9114 ns[0m
[INFO][0m[92m[PRIM][0m               Core 0 end compute primitive Sram_lifecycle.                                                                   | [36m9114 ns[0m
[INFO][0m[92m[PRIM][0m               Core 12 start compute primitive Sram_bind_oneshot.                                                             | [36m9118 ns[0m
[INFO][0m[92m[PRIM][0m               Core 12 end compute primitive Sram_bind_oneshot.                                                               | [36m9118 ns[0m
[INFO][0m[92m[PRIM][0m               Core 12 start compute primitive Matmul_f.                                                                      | [36m9124 ns[0m
[INFO][0m[92m[PRIM][0m               Core 12 end compute primitive Matmul_f.                                                                        | [36m9124 ns[0m
[INFO][0m[92m[PRIM][0m               Core 12 start compute primitive Sram_lifecycle.                                                                | [36m9130 ns[0m
[INFO][0m[92m[PRIM][0m               Core 12 end compute primitive Sram_lifecycle.                                                                  | [36m9130 ns[0m
[INFO][0m[92m[PRIM][0m               Core 0 start compute primitive Sram_lifecycle.                                                                 | [36m9160 ns[0m
[INFO][0m[92m[PRIM][0m               Core 0 end compute primitive Sram_lifecycle.                                                                   | [36m9160 ns[0m
[INFO][0m[92m[PRIM][0m               Core 0 start compute primitive Collective_data_v1_prim.                                                        | [36m9166 ns[0m
[INFO][0m[92m[PRIM][0m               Core 8 start compute primitive Sram_lifecycle.                                                                 | [36m9182 ns[0m
[INFO][0m[92m[PRIM][0m               Core 8 end compute primitive Sram_lifecycle.                                                                   | [36m9182 ns[0m
[INFO][0m[92m[PRIM][0m               Core 8 start compute primitive Sram_lifecycle.                                                                 | [36m9188 ns[0m
[INFO][0m[92m[PRIM][0m               Core 8 end compute primitive Sram_lifecycle.                                                                   | [36m9188 ns[0m
[INFO][0m[92m[PRIM][0m               Core 8 start compute primitive Sram_lifecycle.                                                                 | [36m9194 ns[0m
[INFO][0m[92m[PRIM][0m               Core 8 end compute primitive Sram_lifecycle.                                                                   | [36m9194 ns[0m
[INFO][0m[92m[PRIM][0m               Core 0 end compute primitive Collective_data_v1_prim.                                                          | [36m9196 ns[0m
[INFO][0m[92m[PRIM][0m               Core 8 start compute primitive Sram_bind_oneshot.                                                              | [36m9200 ns[0m
[INFO][0m[92m[PRIM][0m               Core 8 end compute primitive Sram_bind_oneshot.                                                                | [36m9200 ns[0m
[INFO][0m[92m[PRIM][0m               Core 0 start compute primitive Sram_lifecycle.                                                                 | [36m9202 ns[0m
[INFO][0m[92m[PRIM][0m               Core 0 end compute primitive Sram_lifecycle.                                                                   | [36m9202 ns[0m
[INFO][0m[92m[PRIM][0m               Core 8 start compute primitive Matmul_f.                                                                       | [36m9206 ns[0m
[INFO][0m[92m[PRIM][0m               Core 12 start compute primitive Sram_lifecycle.                                                                | [36m9206 ns[0m
[INFO][0m[92m[PRIM][0m               Core 12 end compute primitive Sram_lifecycle.                                                                  | [36m9206 ns[0m
[INFO][0m[92m[PRIM][0m               Core 8 end compute primitive Matmul_f.                                                                         | [36m9206 ns[0m
[INFO][0m[92m[PRIM][0m               Core 0 start compute primitive Sram_lifecycle.                                                                 | [36m9208 ns[0m
[INFO][0m[92m[PRIM][0m               Core 0 end compute primitive Sram_lifecycle.                                                                   | [36m9208 ns[0m
[INFO][0m[92m[PRIM][0m               Core 8 start compute primitive Sram_lifecycle.                                                                 | [36m9212 ns[0m
[INFO][0m[92m[PRIM][0m               Core 12 start compute primitive Sram_lifecycle.                                                                | [36m9212 ns[0m
[INFO][0m[92m[PRIM][0m               Core 12 end compute primitive Sram_lifecycle.                                                                  | [36m9212 ns[0m
[INFO][0m[92m[PRIM][0m               Core 8 end compute primitive Sram_lifecycle.                                                                   | [36m9212 ns[0m
[INFO][0m[92m[PRIM][0m               Core 0 start compute primitive Sram_lifecycle.                                                                 | [36m9214 ns[0m
[INFO][0m[92m[PRIM][0m               Core 0 end compute primitive Sram_lifecycle.                                                                   | [36m9214 ns[0m
[INFO][0m[92m[PRIM][0m               Core 8 start compute primitive Sram_lifecycle.                                                                 | [36m9218 ns[0m
[INFO][0m[92m[PRIM][0m               Core 12 start compute primitive Sram_lifecycle.                                                                | [36m9218 ns[0m
[INFO][0m[92m[PRIM][0m               Core 12 end compute primitive Sram_lifecycle.                                                                  | [36m9218 ns[0m
[INFO][0m[92m[PRIM][0m               Core 8 end compute primitive Sram_lifecycle.                                                                   | [36m9218 ns[0m
[INFO][0m[92m[PRIM][0m               Core 0 start compute primitive Sram_lifecycle.                                                                 | [36m9220 ns[0m
[INFO][0m[92m[PRIM][0m               Core 0 end compute primitive Sram_lifecycle.                                                                   | [36m9220 ns[0m
[INFO][0m[92m[PRIM][0m               Core 12 start compute primitive Sram_bind_oneshot.                                                             | [36m9224 ns[0m
[INFO][0m[92m[PRIM][0m               Core 12 end compute primitive Sram_bind_oneshot.                                                               | [36m9224 ns[0m
[INFO][0m[92m[PRIM][0m               Core 0 start compute primitive Sram_lifecycle.                                                                 | [36m9226 ns[0m
[INFO][0m[92m[PRIM][0m               Core 0 end compute primitive Sram_lifecycle.                                                                   | [36m9226 ns[0m
[INFO][0m[92m[PRIM][0m               Core 12 start compute primitive Matmul_f.                                                                      | [36m9230 ns[0m
[INFO][0m[92m[PRIM][0m               Core 12 end compute primitive Matmul_f.                                                                        | [36m9230 ns[0m
[INFO][0m[92m[PRIM][0m               Core 0 start compute primitive Sram_lifecycle.                                                                 | [36m9232 ns[0m
[INFO][0m[92m[PRIM][0m               Core 0 end compute primitive Sram_lifecycle.                                                                   | [36m9232 ns[0m
[INFO][0m[92m[PRIM][0m               Core 12 start compute primitive Sram_lifecycle.                                                                | [36m9236 ns[0m
[INFO][0m[92m[PRIM][0m               Core 12 end compute primitive Sram_lifecycle.                                                                  | [36m9236 ns[0m
[INFO][0m[92m[PRIM][0m               Core 0 start compute primitive Sram_bind_oneshot.                                                              | [36m9238 ns[0m
[INFO][0m[92m[PRIM][0m               Core 0 end compute primitive Sram_bind_oneshot.                                                                | [36m9238 ns[0m
[INFO][0m[92m[PRIM][0m               Core 0 start compute primitive Matmul_f.                                                                       | [36m9244 ns[0m
[INFO][0m[92m[PRIM][0m               Core 0 end compute primitive Matmul_f.                                                                         | [36m9244 ns[0m
[INFO][0m[92m[PRIM][0m               Core 0 start compute primitive Sram_lifecycle.                                                                 | [36m9250 ns[0m
[INFO][0m[92m[PRIM][0m               Core 0 end compute primitive Sram_lifecycle.                                                                   | [36m9250 ns[0m
[INFO][0m[92m[PRIM][0m               Core 12 start compute primitive Sram_lifecycle.                                                                | [36m9306 ns[0m
[INFO][0m[92m[PRIM][0m               Core 12 end compute primitive Sram_lifecycle.                                                                  | [36m9306 ns[0m
[INFO][0m[92m[PRIM][0m               Core 12 start compute primitive Sram_lifecycle.                                                                | [36m9312 ns[0m
[INFO][0m[92m[PRIM][0m               Core 12 end compute primitive Sram_lifecycle.                                                                  | [36m9312 ns[0m
[INFO][0m[92m[PRIM][0m               Core 12 start compute primitive Sram_lifecycle.                                                                | [36m9318 ns[0m
[INFO][0m[92m[PRIM][0m               Core 12 end compute primitive Sram_lifecycle.                                                                  | [36m9318 ns[0m
[INFO][0m[92m[PRIM][0m               Core 0 start compute primitive Sram_lifecycle.                                                                 | [36m9320 ns[0m
[INFO][0m[92m[PRIM][0m               Core 0 end compute primitive Sram_lifecycle.                                                                   | [36m9320 ns[0m
[INFO][0m[92m[PRIM][0m               Core 12 start compute primitive Sram_bind_oneshot.                                                             | [36m9324 ns[0m
[INFO][0m[92m[PRIM][0m               Core 12 end compute primitive Sram_bind_oneshot.                                                               | [36m9324 ns[0m
[INFO][0m[92m[PRIM][0m               Core 0 start compute primitive Sram_lifecycle.                                                                 | [36m9326 ns[0m
[INFO][0m[92m[PRIM][0m               Core 0 end compute primitive Sram_lifecycle.                                                                   | [36m9326 ns[0m
[INFO][0m[92m[PRIM][0m               Core 12 start compute primitive Matmul_f.                                                                      | [36m9330 ns[0m
[INFO][0m[92m[PRIM][0m               Core 12 end compute primitive Matmul_f.                                                                        | [36m9330 ns[0m
[INFO][0m[92m[PRIM][0m               Core 0 start compute primitive Sram_lifecycle.                                                                 | [36m9332 ns[0m
[INFO][0m[92m[PRIM][0m               Core 0 end compute primitive Sram_lifecycle.                                                                   | [36m9332 ns[0m
[INFO][0m[92m[PRIM][0m               Core 12 start compute primitive Sram_lifecycle.                                                                | [36m9336 ns[0m
[INFO][0m[92m[PRIM][0m               Core 12 end compute primitive Sram_lifecycle.                                                                  | [36m9336 ns[0m
[INFO][0m[92m[PRIM][0m               Core 0 start compute primitive Sram_bind_oneshot.                                                              | [36m9338 ns[0m
[INFO][0m[92m[PRIM][0m               Core 0 end compute primitive Sram_bind_oneshot.                                                                | [36m9338 ns[0m
[INFO][0m[92m[PRIM][0m               Core 12 start compute primitive Sram_lifecycle.                                                                | [36m9342 ns[0m
[INFO][0m[92m[PRIM][0m               Core 12 end compute primitive Sram_lifecycle.                                                                  | [36m9342 ns[0m
[INFO][0m[92m[PRIM][0m               Core 0 start compute primitive Matmul_f.                                                                       | [36m9344 ns[0m
[INFO][0m[92m[PRIM][0m               Core 0 end compute primitive Matmul_f.                                                                         | [36m9344 ns[0m
[INFO][0m[92m[PRIM][0m               Core 12 start compute primitive Sram_lifecycle.                                                                | [36m9348 ns[0m
[INFO][0m[92m[PRIM][0m               Core 12 end compute primitive Sram_lifecycle.                                                                  | [36m9348 ns[0m
[INFO][0m[92m[PRIM][0m               Core 0 start compute primitive Sram_lifecycle.                                                                 | [36m9350 ns[0m
[INFO][0m[92m[PRIM][0m               Core 0 end compute primitive Sram_lifecycle.                                                                   | [36m9350 ns[0m
[INFO][0m[92m[PRIM][0m               Core 4 start compute primitive Sram_lifecycle.                                                                 | [36m9360 ns[0m
[INFO][0m[92m[PRIM][0m               Core 4 end compute primitive Sram_lifecycle.                                                                   | [36m9360 ns[0m
[INFO][0m[92m[PRIM][0m               Core 4 start compute primitive Sram_lifecycle.                                                                 | [36m9384 ns[0m
[INFO][0m[92m[PRIM][0m               Core 4 end compute primitive Sram_lifecycle.                                                                   | [36m9384 ns[0m
[INFO][0m[92m[PRIM][0m               Core 4 start compute primitive Sram_lifecycle.                                                                 | [36m9408 ns[0m
[INFO][0m[92m[PRIM][0m               Core 4 end compute primitive Sram_lifecycle.                                                                   | [36m9408 ns[0m
[INFO][0m[92m[PRIM][0m               Core 4 start compute primitive Collective_data_v1_prim.                                                        | [36m9414 ns[0m
[INFO][0m[92m[PRIM][0m               Core 0 start compute primitive Sram_lifecycle.                                                                 | [36m9420 ns[0m
[INFO][0m[92m[PRIM][0m               Core 0 end compute primitive Sram_lifecycle.                                                                   | [36m9420 ns[0m
[INFO][0m[92m[PRIM][0m               Core 0 start compute primitive Sram_lifecycle.                                                                 | [36m9426 ns[0m
[INFO][0m[92m[PRIM][0m               Core 0 end compute primitive Sram_lifecycle.                                                                   | [36m9426 ns[0m
[INFO][0m[92m[PRIM][0m               Core 0 start compute primitive Sram_lifecycle.                                                                 | [36m9432 ns[0m
[INFO][0m[92m[PRIM][0m               Core 0 end compute primitive Sram_lifecycle.                                                                   | [36m9432 ns[0m
[INFO][0m[92m[PRIM][0m               Core 0 start compute primitive Sram_bind_oneshot.                                                              | [36m9438 ns[0m
[INFO][0m[92m[PRIM][0m               Core 0 end compute primitive Sram_bind_oneshot.                                                                | [36m9438 ns[0m
[INFO][0m[92m[PRIM][0m               Core 4 end compute primitive Collective_data_v1_prim.                                                          | [36m9444 ns[0m
[INFO][0m[92m[PRIM][0m               Core 0 start compute primitive Matmul_f.                                                                       | [36m9444 ns[0m
[INFO][0m[92m[PRIM][0m               Core 0 end compute primitive Matmul_f.                                                                         | [36m9444 ns[0m
[INFO][0m[92m[PRIM][0m               Core 0 start compute primitive Sram_lifecycle.                                                                 | [36m9450 ns[0m
[INFO][0m[92m[PRIM][0m               Core 4 start compute primitive Sram_lifecycle.                                                                 | [36m9450 ns[0m
[INFO][0m[92m[PRIM][0m               Core 4 end compute primitive Sram_lifecycle.                                                                   | [36m9450 ns[0m
[INFO][0m[92m[PRIM][0m               Core 0 end compute primitive Sram_lifecycle.                                                                   | [36m9450 ns[0m
[INFO][0m[92m[PRIM][0m               Core 0 start compute primitive Sram_lifecycle.                                                                 | [36m9456 ns[0m
[INFO][0m[92m[PRIM][0m               Core 4 start compute primitive Sram_lifecycle.                                                                 | [36m9456 ns[0m
[INFO][0m[92m[PRIM][0m               Core 4 end compute primitive Sram_lifecycle.                                                                   | [36m9456 ns[0m
[INFO][0m[92m[PRIM][0m               Core 0 end compute primitive Sram_lifecycle.                                                                   | [36m9456 ns[0m
[INFO][0m[92m[PRIM][0m               Core 8 start compute primitive Sram_lifecycle.                                                                 | [36m9460 ns[0m
[INFO][0m[92m[PRIM][0m               Core 8 end compute primitive Sram_lifecycle.                                                                   | [36m9460 ns[0m
[INFO][0m[92m[PRIM][0m               Core 4 start compute primitive Sram_lifecycle.                                                                 | [36m9462 ns[0m
[INFO][0m[92m[PRIM][0m               Core 4 end compute primitive Sram_lifecycle.                                                                   | [36m9462 ns[0m
[INFO][0m[92m[PRIM][0m               Core 4 start compute primitive Sram_lifecycle.                                                                 | [36m9468 ns[0m
[INFO][0m[92m[PRIM][0m               Core 4 end compute primitive Sram_lifecycle.                                                                   | [36m9468 ns[0m
[INFO][0m[92m[PRIM][0m               Core 4 start compute primitive Sram_lifecycle.                                                                 | [36m9474 ns[0m
[INFO][0m[92m[PRIM][0m               Core 4 end compute primitive Sram_lifecycle.                                                                   | [36m9474 ns[0m
[INFO][0m[92m[PRIM][0m               Core 4 start compute primitive Sram_lifecycle.                                                                 | [36m9480 ns[0m
[INFO][0m[92m[PRIM][0m               Core 4 end compute primitive Sram_lifecycle.                                                                   | [36m9480 ns[0m
[INFO][0m[92m[PRIM][0m               Core 4 start compute primitive Sram_bind_oneshot.                                                              | [36m9486 ns[0m
[INFO][0m[92m[PRIM][0m               Core 4 end compute primitive Sram_bind_oneshot.                                                                | [36m9486 ns[0m
[INFO][0m[92m[PRIM][0m               Core 4 start compute primitive Matmul_f.                                                                       | [36m9492 ns[0m
[INFO][0m[92m[PRIM][0m               Core 4 end compute primitive Matmul_f.                                                                         | [36m9492 ns[0m
[INFO][0m[92m[PRIM][0m               Core 4 start compute primitive Sram_lifecycle.                                                                 | [36m9498 ns[0m
[INFO][0m[92m[PRIM][0m               Core 4 end compute primitive Sram_lifecycle.                                                                   | [36m9498 ns[0m
[INFO][0m[92m[PRIM][0m               Core 0 start compute primitive Sram_lifecycle.                                                                 | [36m9558 ns[0m
[INFO][0m[92m[PRIM][0m               Core 0 end compute primitive Sram_lifecycle.                                                                   | [36m9558 ns[0m
[INFO][0m[92m[PRIM][0m               Core 0 start compute primitive Sram_lifecycle.                                                                 | [36m9564 ns[0m
[INFO][0m[92m[PRIM][0m               Core 0 end compute primitive Sram_lifecycle.                                                                   | [36m9564 ns[0m
[INFO][0m[92m[PRIM][0m               Core 0 start compute primitive Sram_bind_oneshot.                                                              | [36m9570 ns[0m
[INFO][0m[92m[PRIM][0m               Core 0 end compute primitive Sram_bind_oneshot.                                                                | [36m9570 ns[0m
[INFO][0m[92m[PRIM][0m               Core 0 start compute primitive Residual_f.                                                                     | [36m9576 ns[0m
[INFO][0m[92m[PRIM][0m               Core 0 end compute primitive Residual_f.                                                                       | [36m9576 ns[0m
[INFO][0m[92m[PRIM][0m               Core 0 start compute primitive Sram_lifecycle.                                                                 | [36m9582 ns[0m
[INFO][0m[92m[PRIM][0m               Core 0 end compute primitive Sram_lifecycle.                                                                   | [36m9582 ns[0m
[INFO][0m[92m[PRIM][0m               Core 0 start compute primitive Sram_lifecycle.                                                                 | [36m9588 ns[0m
[INFO][0m[92m[PRIM][0m               Core 0 end compute primitive Sram_lifecycle.                                                                   | [36m9588 ns[0m
[INFO][0m[92m[PRIM][0m               Core 0 start compute primitive Sram_lifecycle.                                                                 | [36m9594 ns[0m
[INFO][0m[92m[PRIM][0m               Core 0 end compute primitive Sram_lifecycle.                                                                   | [36m9594 ns[0m
[INFO][0m[92m[PRIM][0m               Core 0 start compute primitive Sram_bind_oneshot.                                                              | [36m9600 ns[0m
[INFO][0m[92m[PRIM][0m               Core 4 start compute primitive Sram_lifecycle.                                                                 | [36m9600 ns[0m
[INFO][0m[92m[PRIM][0m               Core 4 end compute primitive Sram_lifecycle.                                                                   | [36m9600 ns[0m
[INFO][0m[92m[PRIM][0m               Core 0 end compute primitive Sram_bind_oneshot.                                                                | [36m9600 ns[0m
[INFO][0m[92m[PRIM][0m               Core 0 start compute primitive rmsnorm_forward.                                                                | [36m9606 ns[0m
[INFO][0m[92m[PRIM][0m               Core 4 start compute primitive Sram_lifecycle.                                                                 | [36m9606 ns[0m
[INFO][0m[92m[PRIM][0m               Core 4 end compute primitive Sram_lifecycle.                                                                   | [36m9606 ns[0m
[INFO][0m[92m[PRIM][0m               Core 0 end compute primitive rmsnorm_forward.                                                                  | [36m9606 ns[0m
[INFO][0m[92m[PRIM][0m               Core 0 start compute primitive Sram_lifecycle.                                                                 | [36m9612 ns[0m
[INFO][0m[92m[PRIM][0m               Core 4 start compute primitive Sram_lifecycle.                                                                 | [36m9612 ns[0m
[INFO][0m[92m[PRIM][0m               Core 4 end compute primitive Sram_lifecycle.                                                                   | [36m9612 ns[0m
[INFO][0m[92m[PRIM][0m               Core 0 end compute primitive Sram_lifecycle.                                                                   | [36m9612 ns[0m
[INFO][0m[92m[PRIM][0m               Core 12 start compute primitive Sram_lifecycle.                                                                | [36m9618 ns[0m
[INFO][0m[92m[PRIM][0m               Core 4 start compute primitive Sram_bind_oneshot.                                                              | [36m9618 ns[0m
[INFO][0m[92m[PRIM][0m               Core 4 end compute primitive Sram_bind_oneshot.                                                                | [36m9618 ns[0m
[INFO][0m[92m[PRIM][0m               Core 12 end compute primitive Sram_lifecycle.                                                                  | [36m9618 ns[0m
[INFO][0m[92m[PRIM][0m               Core 4 start compute primitive Matmul_f.                                                                       | [36m9624 ns[0m
[INFO][0m[92m[PRIM][0m               Core 4 end compute primitive Matmul_f.                                                                         | [36m9624 ns[0m
[INFO][0m[92m[PRIM][0m               Core 4 start compute primitive Sram_lifecycle.                                                                 | [36m9630 ns[0m
[INFO][0m[92m[PRIM][0m               Core 4 end compute primitive Sram_lifecycle.                                                                   | [36m9630 ns[0m
[INFO][0m[92m[PRIM][0m               Core 4 start compute primitive Sram_lifecycle.                                                                 | [36m9636 ns[0m
[INFO][0m[92m[PRIM][0m               Core 0 start compute primitive Sram_lifecycle.                                                                 | [36m9636 ns[0m
[INFO][0m[92m[PRIM][0m               Core 0 end compute primitive Sram_lifecycle.                                                                   | [36m9636 ns[0m
[INFO][0m[92m[PRIM][0m               Core 4 end compute primitive Sram_lifecycle.                                                                   | [36m9636 ns[0m
[INFO][0m[92m[PRIM][0m               Core 8 start compute primitive Sram_lifecycle.                                                                 | [36m9660 ns[0m
[INFO][0m[92m[PRIM][0m               Core 8 end compute primitive Sram_lifecycle.                                                                   | [36m9660 ns[0m
[INFO][0m[92m[PRIM][0m               Core 8 start compute primitive Sram_lifecycle.                                                                 | [36m9684 ns[0m
[INFO][0m[92m[PRIM][0m               Core 8 end compute primitive Sram_lifecycle.                                                                   | [36m9684 ns[0m
[INFO][0m[92m[PRIM][0m               Core 8 start compute primitive Collective_data_v1_prim.                                                        | [36m9690 ns[0m
[INFO][0m[92m[PRIM][0m               Core 4 start compute primitive Sram_lifecycle.                                                                 | [36m9706 ns[0m
[INFO][0m[92m[PRIM][0m               Core 4 end compute primitive Sram_lifecycle.                                                                   | [36m9706 ns[0m
[INFO][0m[92m[PRIM][0m               Core 4 start compute primitive Sram_lifecycle.                                                                 | [36m9712 ns[0m
[INFO][0m[92m[PRIM][0m               Core 4 end compute primitive Sram_lifecycle.                                                                   | [36m9712 ns[0m
[INFO][0m[92m[PRIM][0m               Core 4 start compute primitive Sram_bind_oneshot.                                                              | [36m9718 ns[0m
[INFO][0m[92m[PRIM][0m               Core 4 end compute primitive Sram_bind_oneshot.                                                                | [36m9718 ns[0m
[INFO][0m[92m[PRIM][0m               Core 8 end compute primitive Collective_data_v1_prim.                                                          | [36m9720 ns[0m
[INFO][0m[92m[PRIM][0m               Core 4 start compute primitive Residual_f.                                                                     | [36m9724 ns[0m
[INFO][0m[92m[PRIM][0m               Core 4 end compute primitive Residual_f.                                                                       | [36m9724 ns[0m
[INFO][0m[92m[PRIM][0m               Core 8 start compute primitive Sram_lifecycle.                                                                 | [36m9726 ns[0m
[INFO][0m[92m[PRIM][0m               Core 8 end compute primitive Sram_lifecycle.                                                                   | [36m9726 ns[0m
[INFO][0m[92m[PRIM][0m               Core 4 start compute primitive Sram_lifecycle.                                                                 | [36m9730 ns[0m
[INFO][0m[92m[PRIM][0m               Core 4 end compute primitive Sram_lifecycle.                                                                   | [36m9730 ns[0m
[INFO][0m[92m[PRIM][0m               Core 8 start compute primitive Sram_lifecycle.                                                                 | [36m9732 ns[0m
[INFO][0m[92m[PRIM][0m               Core 8 end compute primitive Sram_lifecycle.                                                                   | [36m9732 ns[0m
[INFO][0m[92m[PRIM][0m               Core 4 start compute primitive Sram_lifecycle.                                                                 | [36m9736 ns[0m
[INFO][0m[92m[PRIM][0m               Core 4 end compute primitive Sram_lifecycle.                                                                   | [36m9736 ns[0m
[INFO][0m[92m[PRIM][0m               Core 8 start compute primitive Sram_lifecycle.                                                                 | [36m9738 ns[0m
[INFO][0m[92m[PRIM][0m               Core 8 end compute primitive Sram_lifecycle.                                                                   | [36m9738 ns[0m
[INFO][0m[92m[PRIM][0m               Core 4 start compute primitive Sram_lifecycle.                                                                 | [36m9742 ns[0m
[INFO][0m[92m[PRIM][0m               Core 4 end compute primitive Sram_lifecycle.                                                                   | [36m9742 ns[0m
[INFO][0m[92m[PRIM][0m               Core 8 start compute primitive Sram_lifecycle.                                                                 | [36m9744 ns[0m
[INFO][0m[92m[PRIM][0m               Core 8 end compute primitive Sram_lifecycle.                                                                   | [36m9744 ns[0m
[INFO][0m[92m[PRIM][0m               Core 12 start compute primitive Sram_lifecycle.                                                                | [36m9746 ns[0m
[INFO][0m[92m[PRIM][0m               Core 12 end compute primitive Sram_lifecycle.                                                                  | [36m9746 ns[0m
[INFO][0m[92m[PRIM][0m               Core 4 start compute primitive Sram_bind_oneshot.                                                              | [36m9748 ns[0m
[INFO][0m[92m[PRIM][0m               Core 4 end compute primitive Sram_bind_oneshot.                                                                | [36m9748 ns[0m
[INFO][0m[92m[PRIM][0m               Core 8 start compute primitive Sram_lifecycle.                                                                 | [36m9750 ns[0m
[INFO][0m[92m[PRIM][0m               Core 8 end compute primitive Sram_lifecycle.                                                                   | [36m9750 ns[0m
[INFO][0m[92m[PRIM][0m               Core 4 start compute primitive rmsnorm_forward.                                                                | [36m9754 ns[0m
[INFO][0m[92m[PRIM][0m               Core 4 end compute primitive rmsnorm_forward.                                                                  | [36m9754 ns[0m
[INFO][0m[92m[PRIM][0m               Core 8 start compute primitive Sram_lifecycle.                                                                 | [36m9756 ns[0m
[INFO][0m[92m[PRIM][0m               Core 8 end compute primitive Sram_lifecycle.                                                                   | [36m9756 ns[0m
[INFO][0m[92m[PRIM][0m               Core 4 start compute primitive Sram_lifecycle.                                                                 | [36m9760 ns[0m
[INFO][0m[92m[PRIM][0m               Core 4 end compute primitive Sram_lifecycle.                                                                   | [36m9760 ns[0m
[INFO][0m[92m[PRIM][0m               Core 8 start compute primitive Sram_bind_oneshot.                                                              | [36m9762 ns[0m
[INFO][0m[92m[PRIM][0m               Core 8 end compute primitive Sram_bind_oneshot.                                                                | [36m9762 ns[0m
[INFO][0m[92m[PRIM][0m               Core 8 start compute primitive Matmul_f.                                                                       | [36m9768 ns[0m
[INFO][0m[92m[PRIM][0m               Core 8 end compute primitive Matmul_f.                                                                         | [36m9768 ns[0m
[INFO][0m[92m[PRIM][0m               Core 8 start compute primitive Sram_lifecycle.                                                                 | [36m9774 ns[0m
[INFO][0m[92m[PRIM][0m               Core 8 end compute primitive Sram_lifecycle.                                                                   | [36m9774 ns[0m
[INFO][0m[92m[PRIM][0m               Core 8 start compute primitive Sram_lifecycle.                                                                 | [36m9780 ns[0m
[INFO][0m[92m[PRIM][0m               Core 8 end compute primitive Sram_lifecycle.                                                                   | [36m9780 ns[0m
[INFO][0m[92m[PRIM][0m               Core 4 start compute primitive Sram_lifecycle.                                                                 | [36m9800 ns[0m
[INFO][0m[92m[PRIM][0m               Core 4 end compute primitive Sram_lifecycle.                                                                   | [36m9800 ns[0m
[INFO][0m[92m[PRIM][0m               Core 8 start compute primitive Sram_lifecycle.                                                                 | [36m9850 ns[0m
[INFO][0m[92m[PRIM][0m               Core 8 end compute primitive Sram_lifecycle.                                                                   | [36m9850 ns[0m
[INFO][0m[92m[PRIM][0m               Core 8 start compute primitive Sram_lifecycle.                                                                 | [36m9856 ns[0m
[INFO][0m[92m[PRIM][0m               Core 8 end compute primitive Sram_lifecycle.                                                                   | [36m9856 ns[0m
[INFO][0m[92m[PRIM][0m               Core 8 start compute primitive Sram_bind_oneshot.                                                              | [36m9862 ns[0m
[INFO][0m[92m[PRIM][0m               Core 8 end compute primitive Sram_bind_oneshot.                                                                | [36m9862 ns[0m
[INFO][0m[92m[PRIM][0m               Core 8 start compute primitive Residual_f.                                                                     | [36m9868 ns[0m
[INFO][0m[92m[PRIM][0m               Core 8 end compute primitive Residual_f.                                                                       | [36m9868 ns[0m
[INFO][0m[92m[PRIM][0m               Core 8 start compute primitive Sram_lifecycle.                                                                 | [36m9874 ns[0m
[INFO][0m[92m[PRIM][0m               Core 8 end compute primitive Sram_lifecycle.                                                                   | [36m9874 ns[0m
[INFO][0m[92m[PRIM][0m               Core 8 start compute primitive Sram_lifecycle.                                                                 | [36m9880 ns[0m
[INFO][0m[92m[PRIM][0m               Core 8 end compute primitive Sram_lifecycle.                                                                   | [36m9880 ns[0m
[INFO][0m[92m[PRIM][0m               Core 8 start compute primitive Sram_lifecycle.                                                                 | [36m9886 ns[0m
[INFO][0m[92m[PRIM][0m               Core 8 end compute primitive Sram_lifecycle.                                                                   | [36m9886 ns[0m
[INFO][0m[92m[PRIM][0m               Core 12 start compute primitive Sram_lifecycle.                                                                | [36m9890 ns[0m
[INFO][0m[92m[PRIM][0m               Core 12 end compute primitive Sram_lifecycle.                                                                  | [36m9890 ns[0m
[INFO][0m[92m[PRIM][0m               Core 8 start compute primitive Sram_bind_oneshot.                                                              | [36m9892 ns[0m
[INFO][0m[92m[PRIM][0m               Core 8 end compute primitive Sram_bind_oneshot.                                                                | [36m9892 ns[0m
[INFO][0m[92m[PRIM][0m               Core 12 start compute primitive Collective_data_v1_prim.                                                       | [36m9896 ns[0m
[INFO][0m[92m[PRIM][0m               Core 8 start compute primitive rmsnorm_forward.                                                                | [36m9898 ns[0m
[INFO][0m[92m[PRIM][0m               Core 8 end compute primitive rmsnorm_forward.                                                                  | [36m9898 ns[0m
[INFO][0m[92m[PRIM][0m               Core 8 start compute primitive Sram_lifecycle.                                                                 | [36m9904 ns[0m
[INFO][0m[92m[PRIM][0m               Core 8 end compute primitive Sram_lifecycle.                                                                   | [36m9904 ns[0m
[INFO][0m[92m[PRIM][0m               Core 12 end compute primitive Collective_data_v1_prim.                                                         | [36m9926 ns[0m
[INFO][0m[92m[PRIM][0m               Core 12 start compute primitive Sram_lifecycle.                                                                | [36m9932 ns[0m
[INFO][0m[92m[PRIM][0m               Core 12 end compute primitive Sram_lifecycle.                                                                  | [36m9932 ns[0m
[INFO][0m[92m[PRIM][0m               Core 12 start compute primitive Sram_lifecycle.                                                                | [36m9938 ns[0m
[INFO][0m[92m[PRIM][0m               Core 12 end compute primitive Sram_lifecycle.                                                                  | [36m9938 ns[0m
[INFO][0m[92m[PRIM][0m               Core 12 start compute primitive Sram_lifecycle.                                                                | [36m9944 ns[0m
[INFO][0m[92m[PRIM][0m               Core 12 end compute primitive Sram_lifecycle.                                                                  | [36m9944 ns[0m
[INFO][0m[92m[PRIM][0m               Core 12 start compute primitive Sram_lifecycle.                                                                | [36m9950 ns[0m
[INFO][0m[92m[PRIM][0m               Core 12 end compute primitive Sram_lifecycle.                                                                  | [36m9950 ns[0m
[INFO][0m[92m[PRIM][0m               Core 12 start compute primitive Sram_lifecycle.                                                                | [36m9956 ns[0m
[INFO][0m[92m[PRIM][0m               Core 12 end compute primitive Sram_lifecycle.                                                                  | [36m9956 ns[0m
[INFO][0m[92m[PRIM][0m               Core 12 start compute primitive Sram_bind_oneshot.                                                             | [36m9962 ns[0m
[INFO][0m[92m[PRIM][0m               Core 12 end compute primitive Sram_bind_oneshot.                                                               | [36m9962 ns[0m
[INFO][0m[92m[PRIM][0m               Core 12 start compute primitive Residual_f.                                                                    | [36m9968 ns[0m
[INFO][0m[92m[PRIM][0m               Core 12 end compute primitive Residual_f.                                                                      | [36m9968 ns[0m
[INFO][0m[92m[PRIM][0m               Core 12 start compute primitive Sram_lifecycle.                                                                | [36m9974 ns[0m
[INFO][0m[92m[PRIM][0m               Core 12 end compute primitive Sram_lifecycle.                                                                  | [36m9974 ns[0m
[INFO][0m[92m[PRIM][0m               Core 12 start compute primitive Sram_lifecycle.                                                                | [36m9980 ns[0m
[INFO][0m[92m[PRIM][0m               Core 12 end compute primitive Sram_lifecycle.                                                                  | [36m9980 ns[0m
[INFO][0m[92m[PRIM][0m               Core 12 start compute primitive Sram_lifecycle.                                                                | [36m9986 ns[0m
[INFO][0m[92m[PRIM][0m               Core 12 end compute primitive Sram_lifecycle.                                                                  | [36m9986 ns[0m
[INFO][0m[92m[PRIM][0m               Core 12 start compute primitive Sram_bind_oneshot.                                                             | [36m9992 ns[0m
[INFO][0m[92m[PRIM][0m               Core 12 end compute primitive Sram_bind_oneshot.                                                               | [36m9992 ns[0m
[INFO][0m[92m[PRIM][0m               Core 12 start compute primitive rmsnorm_forward.                                                               | [36m9998 ns[0m
[INFO][0m[92m[PRIM][0m               Core 12 end compute primitive rmsnorm_forward.                                                                 | [36m9998 ns[0m
[INFO][0m[92m[PRIM][0m               Core 12 start compute primitive Sram_lifecycle.                                                                | [36m10004 ns[0m
[INFO][0m[92m[PRIM][0m               Core 12 end compute primitive Sram_lifecycle.                                                                  | [36m10004 ns[0m
[INFO][0m[92m[PRIM][0m               Core 8 start compute primitive Sram_lifecycle.                                                                 | [36m10044 ns[0m
[INFO][0m[92m[PRIM][0m               Core 8 end compute primitive Sram_lifecycle.                                                                   | [36m10044 ns[0m
[INFO][0m[92m[PRIM][0m               Core 12 start compute primitive Sram_lifecycle.                                                                | [36m10332 ns[0m
[INFO][0m[92m[PRIM][0m               Core 12 end compute primitive Sram_lifecycle.                                                                  | [36m10332 ns[0m
[INFO][0m[92m[PRIM][0m               Core 0 start compute primitive Sram_lifecycle.                                                                 | [36m10638 ns[0m
[INFO][0m[92m[PRIM][0m               Core 0 end compute primitive Sram_lifecycle.                                                                   | [36m10638 ns[0m
[INFO][0m[92m[PRIM][0m               Core 0 start compute primitive Lsu_mem.                                                                        | [36m10644 ns[0m
[INFO][0m[92m[PRIM][0m               Core 4 start compute primitive Sram_lifecycle.                                                                 | [36m10648 ns[0m
[INFO][0m[92m[PRIM][0m               Core 4 end compute primitive Sram_lifecycle.                                                                   | [36m10648 ns[0m
[INFO][0m[92m[PRIM][0m               Core 8 start compute primitive Sram_lifecycle.                                                                 | [36m10652 ns[0m
[INFO][0m[92m[PRIM][0m               Core 8 end compute primitive Sram_lifecycle.                                                                   | [36m10652 ns[0m
[INFO][0m[92m[PRIM][0m               Core 4 start compute primitive Lsu_mem.                                                                        | [36m10654 ns[0m
[INFO][0m[92m[PRIM][0m               Core 8 start compute primitive Lsu_mem.                                                                        | [36m10658 ns[0m
[INFO][0m[92m[PRIM][0m               Core 12 start compute primitive Sram_lifecycle.                                                                | [36m10672 ns[0m
[INFO][0m[92m[PRIM][0m               Core 12 end compute primitive Sram_lifecycle.                                                                  | [36m10672 ns[0m
[INFO][0m[92m[PRIM][0m               Core 12 start compute primitive Lsu_mem.                                                                       | [36m10678 ns[0m
[INFO][0m[92m[PRIM][0m               Core 0 end compute primitive Lsu_mem.                                                                          | [36m11423 ns[0m
[INFO][0m[92m[PRIM][0m               Core 0 start compute primitive Sram_lifecycle.                                                                 | [36m11429 ns[0m
[INFO][0m[92m[PRIM][0m               Core 0 end compute primitive Sram_lifecycle.                                                                   | [36m11429 ns[0m
[INFO][0m[92m[PRIM][0m               Core 4 end compute primitive Lsu_mem.                                                                          | [36m11431 ns[0m
[INFO][0m[92m[PRIM][0m               Core 0 start compute primitive Sram_bind_oneshot.                                                              | [36m11435 ns[0m
[INFO][0m[92m[PRIM][0m               Core 0 end compute primitive Sram_bind_oneshot.                                                                | [36m11435 ns[0m
[INFO][0m[92m[PRIM][0m               Core 4 start compute primitive Sram_lifecycle.                                                                 | [36m11437 ns[0m
[INFO][0m[92m[PRIM][0m               Core 4 end compute primitive Sram_lifecycle.                                                                   | [36m11437 ns[0m
[INFO][0m[92m[PRIM][0m               Core 8 end compute primitive Lsu_mem.                                                                          | [36m11437 ns[0m
[INFO][0m[92m[PRIM][0m               Core 0 start compute primitive Matmul_f.                                                                       | [36m11441 ns[0m
[INFO][0m[92m[PRIM][0m               Core 0 end compute primitive Matmul_f.                                                                         | [36m11441 ns[0m
[INFO][0m[92m[PRIM][0m               Core 8 start compute primitive Sram_lifecycle.                                                                 | [36m11443 ns[0m
[INFO][0m[92m[PRIM][0m               Core 4 start compute primitive Sram_bind_oneshot.                                                              | [36m11443 ns[0m
[INFO][0m[92m[PRIM][0m               Core 4 end compute primitive Sram_bind_oneshot.                                                                | [36m11443 ns[0m
[INFO][0m[92m[PRIM][0m               Core 8 end compute primitive Sram_lifecycle.                                                                   | [36m11443 ns[0m
[INFO][0m[92m[PRIM][0m               Core 0 start compute primitive Sram_lifecycle.                                                                 | [36m11447 ns[0m
[INFO][0m[92m[PRIM][0m               Core 0 end compute primitive Sram_lifecycle.                                                                   | [36m11447 ns[0m
[INFO][0m[92m[PRIM][0m               Core 8 start compute primitive Sram_bind_oneshot.                                                              | [36m11449 ns[0m
[INFO][0m[92m[PRIM][0m               Core 4 start compute primitive Matmul_f.                                                                       | [36m11449 ns[0m
[INFO][0m[92m[PRIM][0m               Core 4 end compute primitive Matmul_f.                                                                         | [36m11449 ns[0m
[INFO][0m[92m[PRIM][0m               Core 8 end compute primitive Sram_bind_oneshot.                                                                | [36m11449 ns[0m
[INFO][0m[92m[PRIM][0m               Core 0 start compute primitive Sram_lifecycle.                                                                 | [36m11453 ns[0m
[INFO][0m[92m[PRIM][0m               Core 0 end compute primitive Sram_lifecycle.                                                                   | [36m11453 ns[0m
[INFO][0m[92m[PRIM][0m               Core 8 start compute primitive Matmul_f.                                                                       | [36m11455 ns[0m
[INFO][0m[92m[PRIM][0m               Core 4 start compute primitive Sram_lifecycle.                                                                 | [36m11455 ns[0m
[INFO][0m[92m[PRIM][0m               Core 4 end compute primitive Sram_lifecycle.                                                                   | [36m11455 ns[0m
[INFO][0m[92m[PRIM][0m               Core 8 end compute primitive Matmul_f.                                                                         | [36m11455 ns[0m
[INFO][0m[92m[PRIM][0m               Core 12 end compute primitive Lsu_mem.                                                                         | [36m11455 ns[0m
[INFO][0m[92m[PRIM][0m               Core 0 start compute primitive Sram_lifecycle.                                                                 | [36m11459 ns[0m
[INFO][0m[92m[PRIM][0m               Core 0 end compute primitive Sram_lifecycle.                                                                   | [36m11459 ns[0m
[INFO][0m[92m[PRIM][0m               Core 4 start compute primitive Sram_lifecycle.                                                                 | [36m11461 ns[0m
[INFO][0m[92m[PRIM][0m               Core 8 start compute primitive Sram_lifecycle.                                                                 | [36m11461 ns[0m
[INFO][0m[92m[PRIM][0m               Core 12 start compute primitive Sram_lifecycle.                                                                | [36m11461 ns[0m
[INFO][0m[92m[PRIM][0m               Core 12 end compute primitive Sram_lifecycle.                                                                  | [36m11461 ns[0m
[INFO][0m[92m[PRIM][0m               Core 8 end compute primitive Sram_lifecycle.                                                                   | [36m11461 ns[0m
[INFO][0m[92m[PRIM][0m               Core 4 end compute primitive Sram_lifecycle.                                                                   | [36m11461 ns[0m
[INFO][0m[92m[PRIM][0m               Core 0 start compute primitive Lsu_mem.                                                                        | [36m11465 ns[0m
[INFO][0m[92m[PRIM][0m               Core 12 start compute primitive Sram_bind_oneshot.                                                             | [36m11467 ns[0m
[INFO][0m[92m[PRIM][0m               Core 8 start compute primitive Sram_lifecycle.                                                                 | [36m11467 ns[0m
[INFO][0m[92m[PRIM][0m               Core 4 start compute primitive Sram_lifecycle.                                                                 | [36m11467 ns[0m
[INFO][0m[92m[PRIM][0m               Core 4 end compute primitive Sram_lifecycle.                                                                   | [36m11467 ns[0m
[INFO][0m[92m[PRIM][0m               Core 8 end compute primitive Sram_lifecycle.                                                                   | [36m11467 ns[0m
[INFO][0m[92m[PRIM][0m               Core 12 end compute primitive Sram_bind_oneshot.                                                               | [36m11467 ns[0m
[INFO][0m[92m[PRIM][0m               Core 12 start compute primitive Matmul_f.                                                                      | [36m11473 ns[0m
[INFO][0m[92m[PRIM][0m               Core 4 start compute primitive Lsu_mem.                                                                        | [36m11473 ns[0m
[INFO][0m[92m[PRIM][0m               Core 8 start compute primitive Sram_lifecycle.                                                                 | [36m11473 ns[0m
[INFO][0m[92m[PRIM][0m               Core 8 end compute primitive Sram_lifecycle.                                                                   | [36m11473 ns[0m
[INFO][0m[92m[PRIM][0m               Core 12 end compute primitive Matmul_f.                                                                        | [36m11473 ns[0m
[INFO][0m[92m[PRIM][0m               Core 8 start compute primitive Lsu_mem.                                                                        | [36m11479 ns[0m
[INFO][0m[92m[PRIM][0m               Core 12 start compute primitive Sram_lifecycle.                                                                | [36m11479 ns[0m
[INFO][0m[92m[PRIM][0m               Core 12 end compute primitive Sram_lifecycle.                                                                  | [36m11479 ns[0m
[INFO][0m[92m[PRIM][0m               Core 12 start compute primitive Sram_lifecycle.                                                                | [36m11485 ns[0m
[INFO][0m[92m[PRIM][0m               Core 12 end compute primitive Sram_lifecycle.                                                                  | [36m11485 ns[0m
[INFO][0m[92m[PRIM][0m               Core 12 start compute primitive Sram_lifecycle.                                                                | [36m11491 ns[0m
[INFO][0m[92m[PRIM][0m               Core 12 end compute primitive Sram_lifecycle.                                                                  | [36m11491 ns[0m
[INFO][0m[92m[PRIM][0m               Core 12 start compute primitive Lsu_mem.                                                                       | [36m11497 ns[0m
[INFO][0m[92m[PRIM][0m               Core 0 end compute primitive Lsu_mem.                                                                          | [36m11546 ns[0m
[INFO][0m[92m[PRIM][0m               Core 0 start compute primitive Sram_lifecycle.                                                                 | [36m11552 ns[0m
[INFO][0m[92m[PRIM][0m               Core 0 end compute primitive Sram_lifecycle.                                                                   | [36m11552 ns[0m
[INFO][0m[92m[PRIM][0m               Core 4 end compute primitive Lsu_mem.                                                                          | [36m11554 ns[0m
[INFO][0m[92m[PRIM][0m               Core 0 start compute primitive Lsu_mem.                                                                        | [36m11558 ns[0m
[INFO][0m[92m[PRIM][0m               Core 4 start compute primitive Sram_lifecycle.                                                                 | [36m11560 ns[0m
[INFO][0m[92m[PRIM][0m               Core 4 end compute primitive Sram_lifecycle.                                                                   | [36m11560 ns[0m
[INFO][0m[92m[PRIM][0m               Core 8 end compute primitive Lsu_mem.                                                                          | [36m11560 ns[0m
[INFO][0m[92m[PRIM][0m               Core 8 start compute primitive Sram_lifecycle.                                                                 | [36m11566 ns[0m
[INFO][0m[92m[PRIM][0m               Core 4 start compute primitive Lsu_mem.                                                                        | [36m11566 ns[0m
[INFO][0m[92m[PRIM][0m               Core 8 end compute primitive Sram_lifecycle.                                                                   | [36m11566 ns[0m
[INFO][0m[92m[PRIM][0m               Core 8 start compute primitive Lsu_mem.                                                                        | [36m11572 ns[0m
[INFO][0m[92m[PRIM][0m               Core 12 end compute primitive Lsu_mem.                                                                         | [36m11578 ns[0m
[INFO][0m[92m[PRIM][0m               Core 12 start compute primitive Sram_lifecycle.                                                                | [36m11584 ns[0m
[INFO][0m[92m[PRIM][0m               Core 12 end compute primitive Sram_lifecycle.                                                                  | [36m11584 ns[0m
[INFO][0m[92m[PRIM][0m               Core 12 start compute primitive Lsu_mem.                                                                       | [36m11590 ns[0m
[INFO][0m[92m[PRIM][0m               Core 0 end compute primitive Lsu_mem.                                                                          | [36m11639 ns[0m
[INFO][0m[92m[PRIM][0m               Core 0 start compute primitive Sram_lifecycle.                                                                 | [36m11645 ns[0m
[INFO][0m[92m[PRIM][0m               Core 0 end compute primitive Sram_lifecycle.                                                                   | [36m11645 ns[0m
[INFO][0m[92m[PRIM][0m               Core 4 end compute primitive Lsu_mem.                                                                          | [36m11647 ns[0m
[INFO][0m[92m[PRIM][0m               Core 0 start compute primitive Sram_bind_oneshot.                                                              | [36m11651 ns[0m
[INFO][0m[92m[PRIM][0m               Core 0 end compute primitive Sram_bind_oneshot.                                                                | [36m11651 ns[0m
[INFO][0m[92m[PRIM][0m               Core 4 start compute primitive Sram_lifecycle.                                                                 | [36m11653 ns[0m
[INFO][0m[92m[PRIM][0m               Core 4 end compute primitive Sram_lifecycle.                                                                   | [36m11653 ns[0m
[INFO][0m[92m[PRIM][0m               Core 8 end compute primitive Lsu_mem.                                                                          | [36m11653 ns[0m
[INFO][0m[92m[PRIM][0m               Core 0 start compute primitive Attention_f.                                                                    | [36m11657 ns[0m
[INFO][0m[92m[PRIM][0m               Core 0 end compute primitive Attention_f.                                                                      | [36m11657 ns[0m
[INFO][0m[92m[PRIM][0m               Core 8 start compute primitive Sram_lifecycle.                                                                 | [36m11659 ns[0m
[INFO][0m[92m[PRIM][0m               Core 4 start compute primitive Sram_bind_oneshot.                                                              | [36m11659 ns[0m
[INFO][0m[92m[PRIM][0m               Core 4 end compute primitive Sram_bind_oneshot.                                                                | [36m11659 ns[0m
[INFO][0m[92m[PRIM][0m               Core 8 end compute primitive Sram_lifecycle.                                                                   | [36m11659 ns[0m
[INFO][0m[92m[PRIM][0m               Core 0 start compute primitive Sram_lifecycle.                                                                 | [36m11663 ns[0m
[INFO][0m[92m[PRIM][0m               Core 0 end compute primitive Sram_lifecycle.                                                                   | [36m11663 ns[0m
[INFO][0m[92m[PRIM][0m               Core 8 start compute primitive Sram_bind_oneshot.                                                              | [36m11665 ns[0m
[INFO][0m[92m[PRIM][0m               Core 4 start compute primitive Attention_f.                                                                    | [36m11665 ns[0m
[INFO][0m[92m[PRIM][0m               Core 4 end compute primitive Attention_f.                                                                      | [36m11665 ns[0m
[INFO][0m[92m[PRIM][0m               Core 8 end compute primitive Sram_bind_oneshot.                                                                | [36m11665 ns[0m
[INFO][0m[92m[PRIM][0m               Core 0 start compute primitive Sram_lifecycle.                                                                 | [36m11669 ns[0m
[INFO][0m[92m[PRIM][0m               Core 0 end compute primitive Sram_lifecycle.                                                                   | [36m11669 ns[0m
[INFO][0m[92m[PRIM][0m               Core 8 start compute primitive Attention_f.                                                                    | [36m11671 ns[0m
[INFO][0m[92m[PRIM][0m               Core 4 start compute primitive Sram_lifecycle.                                                                 | [36m11671 ns[0m
[INFO][0m[92m[PRIM][0m               Core 4 end compute primitive Sram_lifecycle.                                                                   | [36m11671 ns[0m
[INFO][0m[92m[PRIM][0m               Core 8 end compute primitive Attention_f.                                                                      | [36m11671 ns[0m
[INFO][0m[92m[PRIM][0m               Core 12 end compute primitive Lsu_mem.                                                                         | [36m11671 ns[0m
[INFO][0m[92m[PRIM][0m               Core 0 start compute primitive Lsu_mem.                                                                        | [36m11675 ns[0m
[INFO][0m[92m[PRIM][0m               Core 4 start compute primitive Sram_lifecycle.                                                                 | [36m11677 ns[0m
[INFO][0m[92m[PRIM][0m               Core 8 start compute primitive Sram_lifecycle.                                                                 | [36m11677 ns[0m
[INFO][0m[92m[PRIM][0m               Core 12 start compute primitive Sram_lifecycle.                                                                | [36m11677 ns[0m
[INFO][0m[92m[PRIM][0m               Core 12 end compute primitive Sram_lifecycle.                                                                  | [36m11677 ns[0m
[INFO][0m[92m[PRIM][0m               Core 8 end compute primitive Sram_lifecycle.                                                                   | [36m11677 ns[0m
[INFO][0m[92m[PRIM][0m               Core 4 end compute primitive Sram_lifecycle.                                                                   | [36m11677 ns[0m
[INFO][0m[92m[PRIM][0m               Core 12 start compute primitive Sram_bind_oneshot.                                                             | [36m11683 ns[0m
[INFO][0m[92m[PRIM][0m               Core 4 start compute primitive Lsu_mem.                                                                        | [36m11683 ns[0m
[INFO][0m[92m[PRIM][0m               Core 8 start compute primitive Sram_lifecycle.                                                                 | [36m11683 ns[0m
[INFO][0m[92m[PRIM][0m               Core 8 end compute primitive Sram_lifecycle.                                                                   | [36m11683 ns[0m
[INFO][0m[92m[PRIM][0m               Core 12 end compute primitive Sram_bind_oneshot.                                                               | [36m11683 ns[0m
[INFO][0m[92m[PRIM][0m               Core 12 start compute primitive Attention_f.                                                                   | [36m11689 ns[0m
[INFO][0m[92m[PRIM][0m               Core 8 start compute primitive Lsu_mem.                                                                        | [36m11689 ns[0m
[INFO][0m[92m[PRIM][0m               Core 12 end compute primitive Attention_f.                                                                     | [36m11689 ns[0m
[INFO][0m[92m[PRIM][0m               Core 12 start compute primitive Sram_lifecycle.                                                                | [36m11695 ns[0m
[INFO][0m[92m[PRIM][0m               Core 12 end compute primitive Sram_lifecycle.                                                                  | [36m11695 ns[0m
[INFO][0m[92m[PRIM][0m               Core 12 start compute primitive Sram_lifecycle.                                                                | [36m11701 ns[0m
[INFO][0m[92m[PRIM][0m               Core 12 end compute primitive Sram_lifecycle.                                                                  | [36m11701 ns[0m
[INFO][0m[92m[PRIM][0m               Core 12 start compute primitive Lsu_mem.                                                                       | [36m11707 ns[0m
[INFO][0m[92m[PRIM][0m               Core 0 end compute primitive Lsu_mem.                                                                          | [36m11746 ns[0m
[INFO][0m[92m[PRIM][0m               Core 0 start compute primitive Sram_lifecycle.                                                                 | [36m11752 ns[0m
[INFO][0m[92m[PRIM][0m               Core 0 end compute primitive Sram_lifecycle.                                                                   | [36m11752 ns[0m
[INFO][0m[92m[PRIM][0m               Core 4 end compute primitive Lsu_mem.                                                                          | [36m11754 ns[0m
[INFO][0m[92m[PRIM][0m               Core 0 start compute primitive Lsu_mem.                                                                        | [36m11758 ns[0m
[INFO][0m[92m[PRIM][0m               Core 4 start compute primitive Sram_lifecycle.                                                                 | [36m11760 ns[0m
[INFO][0m[92m[PRIM][0m               Core 4 end compute primitive Sram_lifecycle.                                                                   | [36m11760 ns[0m
[INFO][0m[92m[PRIM][0m               Core 8 end compute primitive Lsu_mem.                                                                          | [36m11760 ns[0m
[INFO][0m[92m[PRIM][0m               Core 8 start compute primitive Sram_lifecycle.                                                                 | [36m11766 ns[0m
[INFO][0m[92m[PRIM][0m               Core 4 start compute primitive Lsu_mem.                                                                        | [36m11766 ns[0m
[INFO][0m[92m[PRIM][0m               Core 8 end compute primitive Sram_lifecycle.                                                                   | [36m11766 ns[0m
[INFO][0m[92m[PRIM][0m               Core 8 start compute primitive Lsu_mem.                                                                        | [36m11772 ns[0m
[INFO][0m[92m[PRIM][0m               Core 12 end compute primitive Lsu_mem.                                                                         | [36m11778 ns[0m
[INFO][0m[92m[PRIM][0m               Core 12 start compute primitive Sram_lifecycle.                                                                | [36m11784 ns[0m
[INFO][0m[92m[PRIM][0m               Core 12 end compute primitive Sram_lifecycle.                                                                  | [36m11784 ns[0m
[INFO][0m[92m[PRIM][0m               Core 12 start compute primitive Lsu_mem.                                                                       | [36m11790 ns[0m
[INFO][0m[92m[PRIM][0m               Core 0 end compute primitive Lsu_mem.                                                                          | [36m11829 ns[0m
[INFO][0m[92m[PRIM][0m               Core 0 start compute primitive Sram_lifecycle.                                                                 | [36m11835 ns[0m
[INFO][0m[92m[PRIM][0m               Core 0 end compute primitive Sram_lifecycle.                                                                   | [36m11835 ns[0m
[INFO][0m[92m[PRIM][0m               Core 4 end compute primitive Lsu_mem.                                                                          | [36m11837 ns[0m
[INFO][0m[92m[PRIM][0m               Core 0 start compute primitive Sram_lifecycle.                                                                 | [36m11841 ns[0m
[INFO][0m[92m[PRIM][0m               Core 0 end compute primitive Sram_lifecycle.                                                                   | [36m11841 ns[0m
[INFO][0m[92m[PRIM][0m               Core 4 start compute primitive Sram_lifecycle.                                                                 | [36m11843 ns[0m
[INFO][0m[92m[PRIM][0m               Core 4 end compute primitive Sram_lifecycle.                                                                   | [36m11843 ns[0m
[INFO][0m[92m[PRIM][0m               Core 8 end compute primitive Lsu_mem.                                                                          | [36m11843 ns[0m
[INFO][0m[92m[PRIM][0m               Core 0 start compute primitive Lsu_mem.                                                                        | [36m11847 ns[0m
[INFO][0m[92m[PRIM][0m               Core 4 start compute primitive Sram_lifecycle.                                                                 | [36m11849 ns[0m
[INFO][0m[92m[PRIM][0m               Core 8 start compute primitive Sram_lifecycle.                                                                 | [36m11849 ns[0m
[INFO][0m[92m[PRIM][0m               Core 8 end compute primitive Sram_lifecycle.                                                                   | [36m11849 ns[0m
[INFO][0m[92m[PRIM][0m               Core 4 end compute primitive Sram_lifecycle.                                                                   | [36m11849 ns[0m
[INFO][0m[92m[PRIM][0m               Core 4 start compute primitive Lsu_mem.                                                                        | [36m11855 ns[0m
[INFO][0m[92m[PRIM][0m               Core 8 start compute primitive Sram_lifecycle.                                                                 | [36m11855 ns[0m
[INFO][0m[92m[PRIM][0m               Core 8 end compute primitive Sram_lifecycle.                                                                   | [36m11855 ns[0m
[INFO][0m[92m[PRIM][0m               Core 8 start compute primitive Lsu_mem.                                                                        | [36m11861 ns[0m
[INFO][0m[92m[PRIM][0m               Core 12 end compute primitive Lsu_mem.                                                                         | [36m11861 ns[0m
[INFO][0m[92m[PRIM][0m               Core 12 start compute primitive Sram_lifecycle.                                                                | [36m11867 ns[0m
[INFO][0m[92m[PRIM][0m               Core 12 end compute primitive Sram_lifecycle.                                                                  | [36m11867 ns[0m
[INFO][0m[92m[PRIM][0m               Core 12 start compute primitive Sram_lifecycle.                                                                | [36m11873 ns[0m
[INFO][0m[92m[PRIM][0m               Core 12 end compute primitive Sram_lifecycle.                                                                  | [36m11873 ns[0m
[INFO][0m[92m[PRIM][0m               Core 12 start compute primitive Lsu_mem.                                                                       | [36m11879 ns[0m
[INFO][0m[92m[PRIM][0m               Core 0 end compute primitive Lsu_mem.                                                                          | [36m12140 ns[0m
[INFO][0m[92m[PRIM][0m               Core 0 start compute primitive Sram_lifecycle.                                                                 | [36m12146 ns[0m
[INFO][0m[92m[PRIM][0m               Core 0 end compute primitive Sram_lifecycle.                                                                   | [36m12146 ns[0m
[INFO][0m[92m[PRIM][0m               Core 4 end compute primitive Lsu_mem.                                                                          | [36m12148 ns[0m
[INFO][0m[92m[PRIM][0m               Core 0 start compute primitive Sram_lifecycle.                                                                 | [36m12152 ns[0m
[INFO][0m[92m[PRIM][0m               Core 0 end compute primitive Sram_lifecycle.                                                                   | [36m12152 ns[0m
[INFO][0m[92m[PRIM][0m               Core 4 start compute primitive Sram_lifecycle.                                                                 | [36m12154 ns[0m
[INFO][0m[92m[PRIM][0m               Core 4 end compute primitive Sram_lifecycle.                                                                   | [36m12154 ns[0m
[INFO][0m[92m[PRIM][0m               Core 8 end compute primitive Lsu_mem.                                                                          | [36m12154 ns[0m
[INFO][0m[92m[PRIM][0m               Core 0 start compute primitive Sram_bind_oneshot.                                                              | [36m12158 ns[0m
[INFO][0m[92m[PRIM][0m               Core 0 end compute primitive Sram_bind_oneshot.                                                                | [36m12158 ns[0m
[INFO][0m[92m[PRIM][0m               Core 8 start compute primitive Sram_lifecycle.                                                                 | [36m12160 ns[0m
[INFO][0m[92m[PRIM][0m               Core 4 start compute primitive Sram_lifecycle.                                                                 | [36m12160 ns[0m
[INFO][0m[92m[PRIM][0m               Core 4 end compute primitive Sram_lifecycle.                                                                   | [36m12160 ns[0m
[INFO][0m[92m[PRIM][0m               Core 8 end compute primitive Sram_lifecycle.                                                                   | [36m12160 ns[0m
[INFO][0m[92m[PRIM][0m               Core 0 start compute primitive Matmul_f.                                                                       | [36m12164 ns[0m
[INFO][0m[92m[PRIM][0m               Core 0 end compute primitive Matmul_f.                                                                         | [36m12164 ns[0m
[INFO][0m[92m[PRIM][0m               Core 8 start compute primitive Sram_lifecycle.                                                                 | [36m12166 ns[0m
[INFO][0m[92m[PRIM][0m               Core 4 start compute primitive Sram_bind_oneshot.                                                              | [36m12166 ns[0m
[INFO][0m[92m[PRIM][0m               Core 4 end compute primitive Sram_bind_oneshot.                                                                | [36m12166 ns[0m
[INFO][0m[92m[PRIM][0m               Core 8 end compute primitive Sram_lifecycle.                                                                   | [36m12166 ns[0m
[INFO][0m[92m[PRIM][0m               Core 0 start compute primitive Sram_lifecycle.                                                                 | [36m12170 ns[0m
[INFO][0m[92m[PRIM][0m               Core 0 end compute primitive Sram_lifecycle.                                                                   | [36m12170 ns[0m
[INFO][0m[92m[PRIM][0m               Core 8 start compute primitive Sram_bind_oneshot.                                                              | [36m12172 ns[0m
[INFO][0m[92m[PRIM][0m               Core 4 start compute primitive Matmul_f.                                                                       | [36m12172 ns[0m
[INFO][0m[92m[PRIM][0m               Core 4 end compute primitive Matmul_f.                                                                         | [36m12172 ns[0m
[INFO][0m[92m[PRIM][0m               Core 8 end compute primitive Sram_bind_oneshot.                                                                | [36m12172 ns[0m
[INFO][0m[92m[PRIM][0m               Core 12 end compute primitive Lsu_mem.                                                                         | [36m12172 ns[0m
[INFO][0m[92m[PRIM][0m               Core 0 start compute primitive Sram_lifecycle.                                                                 | [36m12176 ns[0m
[INFO][0m[92m[PRIM][0m               Core 0 end compute primitive Sram_lifecycle.                                                                   | [36m12176 ns[0m
[INFO][0m[92m[PRIM][0m               Core 12 start compute primitive Sram_lifecycle.                                                                | [36m12178 ns[0m
[INFO][0m[92m[PRIM][0m               Core 8 start compute primitive Matmul_f.                                                                       | [36m12178 ns[0m
[INFO][0m[92m[PRIM][0m               Core 4 start compute primitive Sram_lifecycle.                                                                 | [36m12178 ns[0m
[INFO][0m[92m[PRIM][0m               Core 4 end compute primitive Sram_lifecycle.                                                                   | [36m12178 ns[0m
[INFO][0m[92m[PRIM][0m               Core 8 end compute primitive Matmul_f.                                                                         | [36m12178 ns[0m
[INFO][0m[92m[PRIM][0m               Core 12 end compute primitive Sram_lifecycle.                                                                  | [36m12178 ns[0m
[INFO][0m[92m[PRIM][0m               Core 12 start compute primitive Sram_lifecycle.                                                                | [36m12184 ns[0m
[INFO][0m[92m[PRIM][0m               Core 8 start compute primitive Sram_lifecycle.                                                                 | [36m12184 ns[0m
[INFO][0m[92m[PRIM][0m               Core 8 end compute primitive Sram_lifecycle.                                                                   | [36m12184 ns[0m
[INFO][0m[92m[PRIM][0m               Core 12 end compute primitive Sram_lifecycle.                                                                  | [36m12184 ns[0m
[INFO][0m[92m[PRIM][0m               Core 12 start compute primitive Sram_bind_oneshot.                                                             | [36m12190 ns[0m
[INFO][0m[92m[PRIM][0m               Core 12 end compute primitive Sram_bind_oneshot.                                                               | [36m12190 ns[0m
[INFO][0m[92m[PRIM][0m               Core 12 start compute primitive Matmul_f.                                                                      | [36m12196 ns[0m
[INFO][0m[92m[PRIM][0m               Core 12 end compute primitive Matmul_f.                                                                        | [36m12196 ns[0m
[INFO][0m[92m[PRIM][0m               Core 12 start compute primitive Sram_lifecycle.                                                                | [36m12202 ns[0m
[INFO][0m[92m[PRIM][0m               Core 12 end compute primitive Sram_lifecycle.                                                                  | [36m12202 ns[0m
[INFO][0m[92m[PRIM][0m               Core 4 start compute primitive Sram_lifecycle.                                                                 | [36m12248 ns[0m
[INFO][0m[92m[PRIM][0m               Core 4 end compute primitive Sram_lifecycle.                                                                   | [36m12248 ns[0m
[INFO][0m[92m[PRIM][0m               Core 4 start compute primitive Sram_lifecycle.                                                                 | [36m12254 ns[0m
[INFO][0m[92m[PRIM][0m               Core 8 start compute primitive Sram_lifecycle.                                                                 | [36m12254 ns[0m
[INFO][0m[92m[PRIM][0m               Core 8 end compute primitive Sram_lifecycle.                                                                   | [36m12254 ns[0m
[INFO][0m[92m[PRIM][0m               Core 4 end compute primitive Sram_lifecycle.                                                                   | [36m12254 ns[0m
[INFO][0m[92m[PRIM][0m               Core 4 start compute primitive Sram_lifecycle.                                                                 | [36m12260 ns[0m
[INFO][0m[92m[PRIM][0m               Core 8 start compute primitive Sram_lifecycle.                                                                 | [36m12260 ns[0m
[INFO][0m[92m[PRIM][0m               Core 8 end compute primitive Sram_lifecycle.                                                                   | [36m12260 ns[0m
[INFO][0m[92m[PRIM][0m               Core 4 end compute primitive Sram_lifecycle.                                                                   | [36m12260 ns[0m
[INFO][0m[92m[PRIM][0m               Core 4 start compute primitive Sram_bind_oneshot.                                                              | [36m12266 ns[0m
[INFO][0m[92m[PRIM][0m               Core 8 start compute primitive Sram_lifecycle.                                                                 | [36m12266 ns[0m
[INFO][0m[92m[PRIM][0m               Core 8 end compute primitive Sram_lifecycle.                                                                   | [36m12266 ns[0m
[INFO][0m[92m[PRIM][0m               Core 4 end compute primitive Sram_bind_oneshot.                                                                | [36m12266 ns[0m
[INFO][0m[92m[PRIM][0m               Core 4 start compute primitive Matmul_f.                                                                       | [36m12272 ns[0m
[INFO][0m[92m[PRIM][0m               Core 8 start compute primitive Sram_bind_oneshot.                                                              | [36m12272 ns[0m
[INFO][0m[92m[PRIM][0m               Core 8 end compute primitive Sram_bind_oneshot.                                                                | [36m12272 ns[0m
[INFO][0m[92m[PRIM][0m               Core 4 end compute primitive Matmul_f.                                                                         | [36m12272 ns[0m
[INFO][0m[92m[PRIM][0m               Core 4 start compute primitive Sram_lifecycle.                                                                 | [36m12278 ns[0m
[INFO][0m[92m[PRIM][0m               Core 8 start compute primitive Matmul_f.                                                                       | [36m12278 ns[0m
[INFO][0m[92m[PRIM][0m               Core 8 end compute primitive Matmul_f.                                                                         | [36m12278 ns[0m
[INFO][0m[92m[PRIM][0m               Core 4 end compute primitive Sram_lifecycle.                                                                   | [36m12278 ns[0m
[INFO][0m[92m[PRIM][0m               Core 4 start compute primitive Sram_lifecycle.                                                                 | [36m12284 ns[0m
[INFO][0m[92m[PRIM][0m               Core 8 start compute primitive Sram_lifecycle.                                                                 | [36m12284 ns[0m
[INFO][0m[92m[PRIM][0m               Core 8 end compute primitive Sram_lifecycle.                                                                   | [36m12284 ns[0m
[INFO][0m[92m[PRIM][0m               Core 4 end compute primitive Sram_lifecycle.                                                                   | [36m12284 ns[0m
[INFO][0m[92m[PRIM][0m               Core 0 start compute primitive Sram_lifecycle.                                                                 | [36m12288 ns[0m
[INFO][0m[92m[PRIM][0m               Core 0 end compute primitive Sram_lifecycle.                                                                   | [36m12288 ns[0m
[INFO][0m[92m[PRIM][0m               Core 12 start compute primitive Sram_lifecycle.                                                                | [36m12304 ns[0m
[INFO][0m[92m[PRIM][0m               Core 12 end compute primitive Sram_lifecycle.                                                                  | [36m12304 ns[0m
[INFO][0m[92m[PRIM][0m               Core 12 start compute primitive Sram_lifecycle.                                                                | [36m12310 ns[0m
[INFO][0m[92m[PRIM][0m               Core 12 end compute primitive Sram_lifecycle.                                                                  | [36m12310 ns[0m
[INFO][0m[92m[PRIM][0m               Core 12 start compute primitive Sram_lifecycle.                                                                | [36m12316 ns[0m
[INFO][0m[92m[PRIM][0m               Core 12 end compute primitive Sram_lifecycle.                                                                  | [36m12316 ns[0m
[INFO][0m[92m[PRIM][0m               Core 0 start compute primitive Sram_lifecycle.                                                                 | [36m12318 ns[0m
[INFO][0m[92m[PRIM][0m               Core 0 end compute primitive Sram_lifecycle.                                                                   | [36m12318 ns[0m
[INFO][0m[92m[PRIM][0m               Core 12 start compute primitive Sram_bind_oneshot.                                                             | [36m12322 ns[0m
[INFO][0m[92m[PRIM][0m               Core 12 end compute primitive Sram_bind_oneshot.                                                               | [36m12322 ns[0m
[INFO][0m[92m[PRIM][0m               Core 12 start compute primitive Matmul_f.                                                                      | [36m12328 ns[0m
[INFO][0m[92m[PRIM][0m               Core 12 end compute primitive Matmul_f.                                                                        | [36m12328 ns[0m
[INFO][0m[92m[PRIM][0m               Core 12 start compute primitive Sram_lifecycle.                                                                | [36m12334 ns[0m
[INFO][0m[92m[PRIM][0m               Core 12 end compute primitive Sram_lifecycle.                                                                  | [36m12334 ns[0m
[INFO][0m[92m[PRIM][0m               Core 0 start compute primitive Sram_lifecycle.                                                                 | [36m12364 ns[0m
[INFO][0m[92m[PRIM][0m               Core 0 end compute primitive Sram_lifecycle.                                                                   | [36m12364 ns[0m
[INFO][0m[92m[PRIM][0m               Core 0 start compute primitive Collective_data_v1_prim.                                                        | [36m12370 ns[0m
[INFO][0m[92m[PRIM][0m               Core 8 start compute primitive Sram_lifecycle.                                                                 | [36m12386 ns[0m
[INFO][0m[92m[PRIM][0m               Core 8 end compute primitive Sram_lifecycle.                                                                   | [36m12386 ns[0m
[INFO][0m[92m[PRIM][0m               Core 8 start compute primitive Sram_lifecycle.                                                                 | [36m12392 ns[0m
[INFO][0m[92m[PRIM][0m               Core 8 end compute primitive Sram_lifecycle.                                                                   | [36m12392 ns[0m
[INFO][0m[92m[PRIM][0m               Core 8 start compute primitive Sram_lifecycle.                                                                 | [36m12398 ns[0m
[INFO][0m[92m[PRIM][0m               Core 8 end compute primitive Sram_lifecycle.                                                                   | [36m12398 ns[0m
[INFO][0m[92m[PRIM][0m               Core 0 end compute primitive Collective_data_v1_prim.                                                          | [36m12400 ns[0m
[INFO][0m[92m[PRIM][0m               Core 8 start compute primitive Sram_bind_oneshot.                                                              | [36m12404 ns[0m
[INFO][0m[92m[PRIM][0m               Core 8 end compute primitive Sram_bind_oneshot.                                                                | [36m12404 ns[0m
[INFO][0m[92m[PRIM][0m               Core 0 start compute primitive Sram_lifecycle.                                                                 | [36m12406 ns[0m
[INFO][0m[92m[PRIM][0m               Core 0 end compute primitive Sram_lifecycle.                                                                   | [36m12406 ns[0m
[INFO][0m[92m[PRIM][0m               Core 8 start compute primitive Matmul_f.                                                                       | [36m12410 ns[0m
[INFO][0m[92m[PRIM][0m               Core 12 start compute primitive Sram_lifecycle.                                                                | [36m12410 ns[0m
[INFO][0m[92m[PRIM][0m               Core 12 end compute primitive Sram_lifecycle.                                                                  | [36m12410 ns[0m
[INFO][0m[92m[PRIM][0m               Core 8 end compute primitive Matmul_f.                                                                         | [36m12410 ns[0m
[INFO][0m[92m[PRIM][0m               Core 0 start compute primitive Sram_lifecycle.                                                                 | [36m12412 ns[0m
[INFO][0m[92m[PRIM][0m               Core 0 end compute primitive Sram_lifecycle.                                                                   | [36m12412 ns[0m
[INFO][0m[92m[PRIM][0m               Core 8 start compute primitive Sram_lifecycle.                                                                 | [36m12416 ns[0m
[INFO][0m[92m[PRIM][0m               Core 12 start compute primitive Sram_lifecycle.                                                                | [36m12416 ns[0m
[INFO][0m[92m[PRIM][0m               Core 12 end compute primitive Sram_lifecycle.                                                                  | [36m12416 ns[0m
[INFO][0m[92m[PRIM][0m               Core 8 end compute primitive Sram_lifecycle.                                                                   | [36m12416 ns[0m
[INFO][0m[92m[PRIM][0m               Core 0 start compute primitive Sram_lifecycle.                                                                 | [36m12418 ns[0m
[INFO][0m[92m[PRIM][0m               Core 0 end compute primitive Sram_lifecycle.                                                                   | [36m12418 ns[0m
[INFO][0m[92m[PRIM][0m               Core 8 start compute primitive Sram_lifecycle.                                                                 | [36m12422 ns[0m
[INFO][0m[92m[PRIM][0m               Core 12 start compute primitive Sram_lifecycle.                                                                | [36m12422 ns[0m
[INFO][0m[92m[PRIM][0m               Core 12 end compute primitive Sram_lifecycle.                                                                  | [36m12422 ns[0m
[INFO][0m[92m[PRIM][0m               Core 8 end compute primitive Sram_lifecycle.                                                                   | [36m12422 ns[0m
[INFO][0m[92m[PRIM][0m               Core 0 start compute primitive Sram_lifecycle.                                                                 | [36m12424 ns[0m
[INFO][0m[92m[PRIM][0m               Core 0 end compute primitive Sram_lifecycle.                                                                   | [36m12424 ns[0m
[INFO][0m[92m[PRIM][0m               Core 12 start compute primitive Sram_bind_oneshot.                                                             | [36m12428 ns[0m
[INFO][0m[92m[PRIM][0m               Core 12 end compute primitive Sram_bind_oneshot.                                                               | [36m12428 ns[0m
[INFO][0m[92m[PRIM][0m               Core 0 start compute primitive Sram_lifecycle.                                                                 | [36m12430 ns[0m
[INFO][0m[92m[PRIM][0m               Core 0 end compute primitive Sram_lifecycle.                                                                   | [36m12430 ns[0m
[INFO][0m[92m[PRIM][0m               Core 12 start compute primitive Matmul_f.                                                                      | [36m12434 ns[0m
[INFO][0m[92m[PRIM][0m               Core 12 end compute primitive Matmul_f.                                                                        | [36m12434 ns[0m
[INFO][0m[92m[PRIM][0m               Core 0 start compute primitive Sram_lifecycle.                                                                 | [36m12436 ns[0m
[INFO][0m[92m[PRIM][0m               Core 0 end compute primitive Sram_lifecycle.                                                                   | [36m12436 ns[0m
[INFO][0m[92m[PRIM][0m               Core 12 start compute primitive Sram_lifecycle.                                                                | [36m12440 ns[0m
[INFO][0m[92m[PRIM][0m               Core 12 end compute primitive Sram_lifecycle.                                                                  | [36m12440 ns[0m
[INFO][0m[92m[PRIM][0m               Core 0 start compute primitive Sram_bind_oneshot.                                                              | [36m12442 ns[0m
[INFO][0m[92m[PRIM][0m               Core 0 end compute primitive Sram_bind_oneshot.                                                                | [36m12442 ns[0m
[INFO][0m[92m[PRIM][0m               Core 0 start compute primitive Matmul_f.                                                                       | [36m12448 ns[0m
[INFO][0m[92m[PRIM][0m               Core 0 end compute primitive Matmul_f.                                                                         | [36m12448 ns[0m
[INFO][0m[92m[PRIM][0m               Core 0 start compute primitive Sram_lifecycle.                                                                 | [36m12454 ns[0m
[INFO][0m[92m[PRIM][0m               Core 0 end compute primitive Sram_lifecycle.                                                                   | [36m12454 ns[0m
[INFO][0m[92m[PRIM][0m               Core 12 start compute primitive Sram_lifecycle.                                                                | [36m12510 ns[0m
[INFO][0m[92m[PRIM][0m               Core 12 end compute primitive Sram_lifecycle.                                                                  | [36m12510 ns[0m
[INFO][0m[92m[PRIM][0m               Core 12 start compute primitive Sram_lifecycle.                                                                | [36m12516 ns[0m
[INFO][0m[92m[PRIM][0m               Core 12 end compute primitive Sram_lifecycle.                                                                  | [36m12516 ns[0m
[INFO][0m[92m[PRIM][0m               Core 12 start compute primitive Sram_lifecycle.                                                                | [36m12522 ns[0m
[INFO][0m[92m[PRIM][0m               Core 12 end compute primitive Sram_lifecycle.                                                                  | [36m12522 ns[0m
[INFO][0m[92m[PRIM][0m               Core 0 start compute primitive Sram_lifecycle.                                                                 | [36m12524 ns[0m
[INFO][0m[92m[PRIM][0m               Core 0 end compute primitive Sram_lifecycle.                                                                   | [36m12524 ns[0m
[INFO][0m[92m[PRIM][0m               Core 12 start compute primitive Sram_bind_oneshot.                                                             | [36m12528 ns[0m
[INFO][0m[92m[PRIM][0m               Core 12 end compute primitive Sram_bind_oneshot.                                                               | [36m12528 ns[0m
[INFO][0m[92m[PRIM][0m               Core 0 start compute primitive Sram_lifecycle.                                                                 | [36m12530 ns[0m
[INFO][0m[92m[PRIM][0m               Core 0 end compute primitive Sram_lifecycle.                                                                   | [36m12530 ns[0m
[INFO][0m[92m[PRIM][0m               Core 12 start compute primitive Matmul_f.                                                                      | [36m12534 ns[0m
[INFO][0m[92m[PRIM][0m               Core 12 end compute primitive Matmul_f.                                                                        | [36m12534 ns[0m
[INFO][0m[92m[PRIM][0m               Core 0 start compute primitive Sram_lifecycle.                                                                 | [36m12536 ns[0m
[INFO][0m[92m[PRIM][0m               Core 0 end compute primitive Sram_lifecycle.                                                                   | [36m12536 ns[0m
[INFO][0m[92m[PRIM][0m               Core 12 start compute primitive Sram_lifecycle.                                                                | [36m12540 ns[0m
[INFO][0m[92m[PRIM][0m               Core 12 end compute primitive Sram_lifecycle.                                                                  | [36m12540 ns[0m
[INFO][0m[92m[PRIM][0m               Core 0 start compute primitive Sram_bind_oneshot.                                                              | [36m12542 ns[0m
[INFO][0m[92m[PRIM][0m               Core 0 end compute primitive Sram_bind_oneshot.                                                                | [36m12542 ns[0m
[INFO][0m[92m[PRIM][0m               Core 12 start compute primitive Sram_lifecycle.                                                                | [36m12546 ns[0m
[INFO][0m[92m[PRIM][0m               Core 12 end compute primitive Sram_lifecycle.                                                                  | [36m12546 ns[0m
[INFO][0m[92m[PRIM][0m               Core 0 start compute primitive Matmul_f.                                                                       | [36m12548 ns[0m
[INFO][0m[92m[PRIM][0m               Core 0 end compute primitive Matmul_f.                                                                         | [36m12548 ns[0m
[INFO][0m[92m[PRIM][0m               Core 12 start compute primitive Sram_lifecycle.                                                                | [36m12552 ns[0m
[INFO][0m[92m[PRIM][0m               Core 12 end compute primitive Sram_lifecycle.                                                                  | [36m12552 ns[0m
[INFO][0m[92m[PRIM][0m               Core 0 start compute primitive Sram_lifecycle.                                                                 | [36m12554 ns[0m
[INFO][0m[92m[PRIM][0m               Core 0 end compute primitive Sram_lifecycle.                                                                   | [36m12554 ns[0m
[INFO][0m[92m[PRIM][0m               Core 4 start compute primitive Sram_lifecycle.                                                                 | [36m12564 ns[0m
[INFO][0m[92m[PRIM][0m               Core 4 end compute primitive Sram_lifecycle.                                                                   | [36m12564 ns[0m
[INFO][0m[92m[PRIM][0m               Core 4 start compute primitive Sram_lifecycle.                                                                 | [36m12588 ns[0m
[INFO][0m[92m[PRIM][0m               Core 4 end compute primitive Sram_lifecycle.                                                                   | [36m12588 ns[0m
[INFO][0m[92m[PRIM][0m               Core 4 start compute primitive Sram_lifecycle.                                                                 | [36m12612 ns[0m
[INFO][0m[92m[PRIM][0m               Core 4 end compute primitive Sram_lifecycle.                                                                   | [36m12612 ns[0m
[INFO][0m[92m[PRIM][0m               Core 4 start compute primitive Collective_data_v1_prim.                                                        | [36m12618 ns[0m
[INFO][0m[92m[PRIM][0m               Core 0 start compute primitive Sram_lifecycle.                                                                 | [36m12624 ns[0m
[INFO][0m[92m[PRIM][0m               Core 0 end compute primitive Sram_lifecycle.                                                                   | [36m12624 ns[0m
[INFO][0m[92m[PRIM][0m               Core 0 start compute primitive Sram_lifecycle.                                                                 | [36m12630 ns[0m
[INFO][0m[92m[PRIM][0m               Core 0 end compute primitive Sram_lifecycle.                                                                   | [36m12630 ns[0m
[INFO][0m[92m[PRIM][0m               Core 0 start compute primitive Sram_lifecycle.                                                                 | [36m12636 ns[0m
[INFO][0m[92m[PRIM][0m               Core 0 end compute primitive Sram_lifecycle.                                                                   | [36m12636 ns[0m
[INFO][0m[92m[PRIM][0m               Core 0 start compute primitive Sram_bind_oneshot.                                                              | [36m12642 ns[0m
[INFO][0m[92m[PRIM][0m               Core 0 end compute primitive Sram_bind_oneshot.                                                                | [36m12642 ns[0m
[INFO][0m[92m[PRIM][0m               Core 4 end compute primitive Collective_data_v1_prim.                                                          | [36m12648 ns[0m
[INFO][0m[92m[PRIM][0m               Core 0 start compute primitive Matmul_f.                                                                       | [36m12648 ns[0m
[INFO][0m[92m[PRIM][0m               Core 0 end compute primitive Matmul_f.                                                                         | [36m12648 ns[0m
[INFO][0m[92m[PRIM][0m               Core 0 start compute primitive Sram_lifecycle.                                                                 | [36m12654 ns[0m
[INFO][0m[92m[PRIM][0m               Core 4 start compute primitive Sram_lifecycle.                                                                 | [36m12654 ns[0m
[INFO][0m[92m[PRIM][0m               Core 4 end compute primitive Sram_lifecycle.                                                                   | [36m12654 ns[0m
[INFO][0m[92m[PRIM][0m               Core 0 end compute primitive Sram_lifecycle.                                                                   | [36m12654 ns[0m
[INFO][0m[92m[PRIM][0m               Core 0 start compute primitive Sram_lifecycle.                                                                 | [36m12660 ns[0m
[INFO][0m[92m[PRIM][0m               Core 4 start compute primitive Sram_lifecycle.                                                                 | [36m12660 ns[0m
[INFO][0m[92m[PRIM][0m               Core 4 end compute primitive Sram_lifecycle.                                                                   | [36m12660 ns[0m
[INFO][0m[92m[PRIM][0m               Core 0 end compute primitive Sram_lifecycle.                                                                   | [36m12660 ns[0m
[INFO][0m[92m[PRIM][0m               Core 8 start compute primitive Sram_lifecycle.                                                                 | [36m12664 ns[0m
[INFO][0m[92m[PRIM][0m               Core 8 end compute primitive Sram_lifecycle.                                                                   | [36m12664 ns[0m
[INFO][0m[92m[PRIM][0m               Core 4 start compute primitive Sram_lifecycle.                                                                 | [36m12666 ns[0m
[INFO][0m[92m[PRIM][0m               Core 4 end compute primitive Sram_lifecycle.                                                                   | [36m12666 ns[0m
[INFO][0m[92m[PRIM][0m               Core 4 start compute primitive Sram_lifecycle.                                                                 | [36m12672 ns[0m
[INFO][0m[92m[PRIM][0m               Core 4 end compute primitive Sram_lifecycle.                                                                   | [36m12672 ns[0m
[INFO][0m[92m[PRIM][0m               Core 4 start compute primitive Sram_lifecycle.                                                                 | [36m12678 ns[0m
[INFO][0m[92m[PRIM][0m               Core 4 end compute primitive Sram_lifecycle.                                                                   | [36m12678 ns[0m
[INFO][0m[92m[PRIM][0m               Core 4 start compute primitive Sram_lifecycle.                                                                 | [36m12684 ns[0m
[INFO][0m[92m[PRIM][0m               Core 4 end compute primitive Sram_lifecycle.                                                                   | [36m12684 ns[0m
[INFO][0m[92m[PRIM][0m               Core 4 start compute primitive Sram_bind_oneshot.                                                              | [36m12690 ns[0m
[INFO][0m[92m[PRIM][0m               Core 4 end compute primitive Sram_bind_oneshot.                                                                | [36m12690 ns[0m
[INFO][0m[92m[PRIM][0m               Core 4 start compute primitive Matmul_f.                                                                       | [36m12696 ns[0m
[INFO][0m[92m[PRIM][0m               Core 4 end compute primitive Matmul_f.                                                                         | [36m12696 ns[0m
[INFO][0m[92m[PRIM][0m               Core 4 start compute primitive Sram_lifecycle.                                                                 | [36m12702 ns[0m
[INFO][0m[92m[PRIM][0m               Core 4 end compute primitive Sram_lifecycle.                                                                   | [36m12702 ns[0m
[INFO][0m[92m[PRIM][0m               Core 0 start compute primitive Sram_lifecycle.                                                                 | [36m12762 ns[0m
[INFO][0m[92m[PRIM][0m               Core 0 end compute primitive Sram_lifecycle.                                                                   | [36m12762 ns[0m
[INFO][0m[92m[PRIM][0m               Core 0 start compute primitive Sram_lifecycle.                                                                 | [36m12768 ns[0m
[INFO][0m[92m[PRIM][0m               Core 0 end compute primitive Sram_lifecycle.                                                                   | [36m12768 ns[0m
[INFO][0m[92m[PRIM][0m               Core 0 start compute primitive Sram_bind_oneshot.                                                              | [36m12774 ns[0m
[INFO][0m[92m[PRIM][0m               Core 0 end compute primitive Sram_bind_oneshot.                                                                | [36m12774 ns[0m
[INFO][0m[92m[PRIM][0m               Core 0 start compute primitive Residual_f.                                                                     | [36m12780 ns[0m
[INFO][0m[92m[PRIM][0m               Core 0 end compute primitive Residual_f.                                                                       | [36m12780 ns[0m
[INFO][0m[92m[PRIM][0m               Core 0 start compute primitive Sram_lifecycle.                                                                 | [36m12786 ns[0m
[INFO][0m[92m[PRIM][0m               Core 0 end compute primitive Sram_lifecycle.                                                                   | [36m12786 ns[0m
[INFO][0m[92m[PRIM][0m               Core 0 start compute primitive Sram_lifecycle.                                                                 | [36m12792 ns[0m
[INFO][0m[92m[PRIM][0m               Core 0 end compute primitive Sram_lifecycle.                                                                   | [36m12792 ns[0m
[INFO][0m[92m[PRIM][0m               Core 0 start compute primitive Sram_lifecycle.                                                                 | [36m12798 ns[0m
[INFO][0m[92m[PRIM][0m               Core 0 end compute primitive Sram_lifecycle.                                                                   | [36m12798 ns[0m
[INFO][0m[92m[PRIM][0m               Core 0 start compute primitive Sram_bind_oneshot.                                                              | [36m12804 ns[0m
[INFO][0m[92m[PRIM][0m               Core 4 start compute primitive Sram_lifecycle.                                                                 | [36m12804 ns[0m
[INFO][0m[92m[PRIM][0m               Core 4 end compute primitive Sram_lifecycle.                                                                   | [36m12804 ns[0m
[INFO][0m[92m[PRIM][0m               Core 0 end compute primitive Sram_bind_oneshot.                                                                | [36m12804 ns[0m
[INFO][0m[92m[PRIM][0m               Core 0 start compute primitive rmsnorm_forward.                                                                | [36m12810 ns[0m
[INFO][0m[92m[PRIM][0m               Core 4 start compute primitive Sram_lifecycle.                                                                 | [36m12810 ns[0m
[INFO][0m[92m[PRIM][0m               Core 4 end compute primitive Sram_lifecycle.                                                                   | [36m12810 ns[0m
[INFO][0m[92m[PRIM][0m               Core 0 end compute primitive rmsnorm_forward.                                                                  | [36m12810 ns[0m
[INFO][0m[92m[PRIM][0m               Core 0 start compute primitive Sram_lifecycle.                                                                 | [36m12816 ns[0m
[INFO][0m[92m[PRIM][0m               Core 4 start compute primitive Sram_lifecycle.                                                                 | [36m12816 ns[0m
[INFO][0m[92m[PRIM][0m               Core 4 end compute primitive Sram_lifecycle.                                                                   | [36m12816 ns[0m
[INFO][0m[92m[PRIM][0m               Core 0 end compute primitive Sram_lifecycle.                                                                   | [36m12816 ns[0m
[INFO][0m[92m[PRIM][0m               Core 12 start compute primitive Sram_lifecycle.                                                                | [36m12822 ns[0m
[INFO][0m[92m[PRIM][0m               Core 4 start compute primitive Sram_bind_oneshot.                                                              | [36m12822 ns[0m
[INFO][0m[92m[PRIM][0m               Core 4 end compute primitive Sram_bind_oneshot.                                                                | [36m12822 ns[0m
[INFO][0m[92m[PRIM][0m               Core 12 end compute primitive Sram_lifecycle.                                                                  | [36m12822 ns[0m
[INFO][0m[92m[PRIM][0m               Core 4 start compute primitive Matmul_f.                                                                       | [36m12828 ns[0m
[INFO][0m[92m[PRIM][0m               Core 4 end compute primitive Matmul_f.                                                                         | [36m12828 ns[0m
[INFO][0m[92m[PRIM][0m               Core 4 start compute primitive Sram_lifecycle.                                                                 | [36m12834 ns[0m
[INFO][0m[92m[PRIM][0m               Core 4 end compute primitive Sram_lifecycle.                                                                   | [36m12834 ns[0m
[INFO][0m[92m[PRIM][0m               Core 4 start compute primitive Sram_lifecycle.                                                                 | [36m12840 ns[0m
[INFO][0m[92m[PRIM][0m               Core 0 start compute primitive Sram_lifecycle.                                                                 | [36m12840 ns[0m
[INFO][0m[92m[PRIM][0m               Core 0 end compute primitive Sram_lifecycle.                                                                   | [36m12840 ns[0m
[INFO][0m[92m[PRIM][0m               Core 4 end compute primitive Sram_lifecycle.                                                                   | [36m12840 ns[0m
[INFO][0m[92m[PRIM][0m               Core 8 start compute primitive Sram_lifecycle.                                                                 | [36m12864 ns[0m
[INFO][0m[92m[PRIM][0m               Core 8 end compute primitive Sram_lifecycle.                                                                   | [36m12864 ns[0m
[INFO][0m[92m[PRIM][0m               Core 8 start compute primitive Sram_lifecycle.                                                                 | [36m12888 ns[0m
[INFO][0m[92m[PRIM][0m               Core 8 end compute primitive Sram_lifecycle.                                                                   | [36m12888 ns[0m
[INFO][0m[92m[PRIM][0m               Core 8 start compute primitive Collective_data_v1_prim.                                                        | [36m12894 ns[0m
[INFO][0m[92m[PRIM][0m               Core 4 start compute primitive Sram_lifecycle.                                                                 | [36m12910 ns[0m
[INFO][0m[92m[PRIM][0m               Core 4 end compute primitive Sram_lifecycle.                                                                   | [36m12910 ns[0m
[INFO][0m[92m[PRIM][0m               Core 4 start compute primitive Sram_lifecycle.                                                                 | [36m12916 ns[0m
[INFO][0m[92m[PRIM][0m               Core 4 end compute primitive Sram_lifecycle.                                                                   | [36m12916 ns[0m
[INFO][0m[92m[PRIM][0m               Core 4 start compute primitive Sram_bind_oneshot.                                                              | [36m12922 ns[0m
[INFO][0m[92m[PRIM][0m               Core 4 end compute primitive Sram_bind_oneshot.                                                                | [36m12922 ns[0m
[INFO][0m[92m[PRIM][0m               Core 8 end compute primitive Collective_data_v1_prim.                                                          | [36m12924 ns[0m
[INFO][0m[92m[PRIM][0m               Core 4 start compute primitive Residual_f.                                                                     | [36m12928 ns[0m
[INFO][0m[92m[PRIM][0m               Core 4 end compute primitive Residual_f.                                                                       | [36m12928 ns[0m
[INFO][0m[92m[PRIM][0m               Core 8 start compute primitive Sram_lifecycle.                                                                 | [36m12930 ns[0m
[INFO][0m[92m[PRIM][0m               Core 8 end compute primitive Sram_lifecycle.                                                                   | [36m12930 ns[0m
[INFO][0m[92m[PRIM][0m               Core 4 start compute primitive Sram_lifecycle.                                                                 | [36m12934 ns[0m
[INFO][0m[92m[PRIM][0m               Core 4 end compute primitive Sram_lifecycle.                                                                   | [36m12934 ns[0m
[INFO][0m[92m[PRIM][0m               Core 8 start compute primitive Sram_lifecycle.                                                                 | [36m12936 ns[0m
[INFO][0m[92m[PRIM][0m               Core 8 end compute primitive Sram_lifecycle.                                                                   | [36m12936 ns[0m
[INFO][0m[92m[PRIM][0m               Core 4 start compute primitive Sram_lifecycle.                                                                 | [36m12940 ns[0m
[INFO][0m[92m[PRIM][0m               Core 4 end compute primitive Sram_lifecycle.                                                                   | [36m12940 ns[0m
[INFO][0m[92m[PRIM][0m               Core 8 start compute primitive Sram_lifecycle.                                                                 | [36m12942 ns[0m
[INFO][0m[92m[PRIM][0m               Core 8 end compute primitive Sram_lifecycle.                                                                   | [36m12942 ns[0m
[INFO][0m[92m[PRIM][0m               Core 4 start compute primitive Sram_lifecycle.                                                                 | [36m12946 ns[0m
[INFO][0m[92m[PRIM][0m               Core 4 end compute primitive Sram_lifecycle.                                                                   | [36m12946 ns[0m
[INFO][0m[92m[PRIM][0m               Core 8 start compute primitive Sram_lifecycle.                                                                 | [36m12948 ns[0m
[INFO][0m[92m[PRIM][0m               Core 8 end compute primitive Sram_lifecycle.                                                                   | [36m12948 ns[0m
[INFO][0m[92m[PRIM][0m               Core 12 start compute primitive Sram_lifecycle.                                                                | [36m12950 ns[0m
[INFO][0m[92m[PRIM][0m               Core 12 end compute primitive Sram_lifecycle.                                                                  | [36m12950 ns[0m
[INFO][0m[92m[PRIM][0m               Core 4 start compute primitive Sram_bind_oneshot.                                                              | [36m12952 ns[0m
[INFO][0m[92m[PRIM][0m               Core 4 end compute primitive Sram_bind_oneshot.                                                                | [36m12952 ns[0m
[INFO][0m[92m[PRIM][0m               Core 8 start compute primitive Sram_lifecycle.                                                                 | [36m12954 ns[0m
[INFO][0m[92m[PRIM][0m               Core 8 end compute primitive Sram_lifecycle.                                                                   | [36m12954 ns[0m
[INFO][0m[92m[PRIM][0m               Core 4 start compute primitive rmsnorm_forward.                                                                | [36m12958 ns[0m
[INFO][0m[92m[PRIM][0m               Core 4 end compute primitive rmsnorm_forward.                                                                  | [36m12958 ns[0m
[INFO][0m[92m[PRIM][0m               Core 8 start compute primitive Sram_lifecycle.                                                                 | [36m12960 ns[0m
[INFO][0m[92m[PRIM][0m               Core 8 end compute primitive Sram_lifecycle.                                                                   | [36m12960 ns[0m
[INFO][0m[92m[PRIM][0m               Core 4 start compute primitive Sram_lifecycle.                                                                 | [36m12964 ns[0m
[INFO][0m[92m[PRIM][0m               Core 4 end compute primitive Sram_lifecycle.                                                                   | [36m12964 ns[0m
[INFO][0m[92m[PRIM][0m               Core 8 start compute primitive Sram_bind_oneshot.                                                              | [36m12966 ns[0m
[INFO][0m[92m[PRIM][0m               Core 8 end compute primitive Sram_bind_oneshot.                                                                | [36m12966 ns[0m
[INFO][0m[92m[PRIM][0m               Core 8 start compute primitive Matmul_f.                                                                       | [36m12972 ns[0m
[INFO][0m[92m[PRIM][0m               Core 8 end compute primitive Matmul_f.                                                                         | [36m12972 ns[0m
[INFO][0m[92m[PRIM][0m               Core 8 start compute primitive Sram_lifecycle.                                                                 | [36m12978 ns[0m
[INFO][0m[92m[PRIM][0m               Core 8 end compute primitive Sram_lifecycle.                                                                   | [36m12978 ns[0m
[INFO][0m[92m[PRIM][0m               Core 8 start compute primitive Sram_lifecycle.                                                                 | [36m12984 ns[0m
[INFO][0m[92m[PRIM][0m               Core 8 end compute primitive Sram_lifecycle.                                                                   | [36m12984 ns[0m
[INFO][0m[92m[PRIM][0m               Core 4 start compute primitive Sram_lifecycle.                                                                 | [36m13004 ns[0m
[INFO][0m[92m[PRIM][0m               Core 4 end compute primitive Sram_lifecycle.                                                                   | [36m13004 ns[0m
[INFO][0m[92m[PRIM][0m               Core 8 start compute primitive Sram_lifecycle.                                                                 | [36m13054 ns[0m
[INFO][0m[92m[PRIM][0m               Core 8 end compute primitive Sram_lifecycle.                                                                   | [36m13054 ns[0m
[INFO][0m[92m[PRIM][0m               Core 8 start compute primitive Sram_lifecycle.                                                                 | [36m13060 ns[0m
[INFO][0m[92m[PRIM][0m               Core 8 end compute primitive Sram_lifecycle.                                                                   | [36m13060 ns[0m
[INFO][0m[92m[PRIM][0m               Core 8 start compute primitive Sram_bind_oneshot.                                                              | [36m13066 ns[0m
[INFO][0m[92m[PRIM][0m               Core 8 end compute primitive Sram_bind_oneshot.                                                                | [36m13066 ns[0m
[INFO][0m[92m[PRIM][0m               Core 8 start compute primitive Residual_f.                                                                     | [36m13072 ns[0m
[INFO][0m[92m[PRIM][0m               Core 8 end compute primitive Residual_f.                                                                       | [36m13072 ns[0m
[INFO][0m[92m[PRIM][0m               Core 8 start compute primitive Sram_lifecycle.                                                                 | [36m13078 ns[0m
[INFO][0m[92m[PRIM][0m               Core 8 end compute primitive Sram_lifecycle.                                                                   | [36m13078 ns[0m
[INFO][0m[92m[PRIM][0m               Core 8 start compute primitive Sram_lifecycle.                                                                 | [36m13084 ns[0m
[INFO][0m[92m[PRIM][0m               Core 8 end compute primitive Sram_lifecycle.                                                                   | [36m13084 ns[0m
[INFO][0m[92m[PRIM][0m               Core 8 start compute primitive Sram_lifecycle.                                                                 | [36m13090 ns[0m
[INFO][0m[92m[PRIM][0m               Core 8 end compute primitive Sram_lifecycle.                                                                   | [36m13090 ns[0m
[INFO][0m[92m[PRIM][0m               Core 12 start compute primitive Sram_lifecycle.                                                                | [36m13094 ns[0m
[INFO][0m[92m[PRIM][0m               Core 12 end compute primitive Sram_lifecycle.                                                                  | [36m13094 ns[0m
[INFO][0m[92m[PRIM][0m               Core 8 start compute primitive Sram_bind_oneshot.                                                              | [36m13096 ns[0m
[INFO][0m[92m[PRIM][0m               Core 8 end compute primitive Sram_bind_oneshot.                                                                | [36m13096 ns[0m
[INFO][0m[92m[PRIM][0m               Core 12 start compute primitive Collective_data_v1_prim.                                                       | [36m13100 ns[0m
[INFO][0m[92m[PRIM][0m               Core 8 start compute primitive rmsnorm_forward.                                                                | [36m13102 ns[0m
[INFO][0m[92m[PRIM][0m               Core 8 end compute primitive rmsnorm_forward.                                                                  | [36m13102 ns[0m
[INFO][0m[92m[PRIM][0m               Core 8 start compute primitive Sram_lifecycle.                                                                 | [36m13108 ns[0m
[INFO][0m[92m[PRIM][0m               Core 8 end compute primitive Sram_lifecycle.                                                                   | [36m13108 ns[0m
[INFO][0m[92m[PRIM][0m               Core 12 end compute primitive Collective_data_v1_prim.                                                         | [36m13130 ns[0m
[INFO][0m[92m[PRIM][0m               Core 12 start compute primitive Sram_lifecycle.                                                                | [36m13136 ns[0m
[INFO][0m[92m[PRIM][0m               Core 12 end compute primitive Sram_lifecycle.                                                                  | [36m13136 ns[0m
[INFO][0m[92m[PRIM][0m               Core 12 start compute primitive Sram_lifecycle.                                                                | [36m13142 ns[0m
[INFO][0m[92m[PRIM][0m               Core 12 end compute primitive Sram_lifecycle.                                                                  | [36m13142 ns[0m
[INFO][0m[92m[PRIM][0m               Core 12 start compute primitive Sram_lifecycle.                                                                | [36m13148 ns[0m
[INFO][0m[92m[PRIM][0m               Core 12 end compute primitive Sram_lifecycle.                                                                  | [36m13148 ns[0m
[INFO][0m[92m[PRIM][0m               Core 12 start compute primitive Sram_lifecycle.                                                                | [36m13154 ns[0m
[INFO][0m[92m[PRIM][0m               Core 12 end compute primitive Sram_lifecycle.                                                                  | [36m13154 ns[0m
[INFO][0m[92m[PRIM][0m               Core 12 start compute primitive Sram_lifecycle.                                                                | [36m13160 ns[0m
[INFO][0m[92m[PRIM][0m               Core 12 end compute primitive Sram_lifecycle.                                                                  | [36m13160 ns[0m
[INFO][0m[92m[PRIM][0m               Core 12 start compute primitive Sram_bind_oneshot.                                                             | [36m13166 ns[0m
[INFO][0m[92m[PRIM][0m               Core 12 end compute primitive Sram_bind_oneshot.                                                               | [36m13166 ns[0m
[INFO][0m[92m[PRIM][0m               Core 12 start compute primitive Residual_f.                                                                    | [36m13172 ns[0m
[INFO][0m[92m[PRIM][0m               Core 12 end compute primitive Residual_f.                                                                      | [36m13172 ns[0m
[INFO][0m[92m[PRIM][0m               Core 12 start compute primitive Sram_lifecycle.                                                                | [36m13178 ns[0m
[INFO][0m[92m[PRIM][0m               Core 12 end compute primitive Sram_lifecycle.                                                                  | [36m13178 ns[0m
[INFO][0m[92m[PRIM][0m               Core 12 start compute primitive Sram_lifecycle.                                                                | [36m13184 ns[0m
[INFO][0m[92m[PRIM][0m               Core 12 end compute primitive Sram_lifecycle.                                                                  | [36m13184 ns[0m
[INFO][0m[92m[PRIM][0m               Core 12 start compute primitive Sram_lifecycle.                                                                | [36m13190 ns[0m
[INFO][0m[92m[PRIM][0m               Core 12 end compute primitive Sram_lifecycle.                                                                  | [36m13190 ns[0m
[INFO][0m[92m[PRIM][0m               Core 12 start compute primitive Sram_bind_oneshot.                                                             | [36m13196 ns[0m
[INFO][0m[92m[PRIM][0m               Core 12 end compute primitive Sram_bind_oneshot.                                                               | [36m13196 ns[0m
[INFO][0m[92m[PRIM][0m               Core 12 start compute primitive rmsnorm_forward.                                                               | [36m13202 ns[0m
[INFO][0m[92m[PRIM][0m               Core 12 end compute primitive rmsnorm_forward.                                                                 | [36m13202 ns[0m
[INFO][0m[92m[PRIM][0m               Core 12 start compute primitive Sram_lifecycle.                                                                | [36m13208 ns[0m
[INFO][0m[92m[PRIM][0m               Core 12 end compute primitive Sram_lifecycle.                                                                  | [36m13208 ns[0m
[INFO][0m[92m[PRIM][0m               Core 8 start compute primitive Sram_lifecycle.                                                                 | [36m13248 ns[0m
[INFO][0m[92m[PRIM][0m               Core 8 end compute primitive Sram_lifecycle.                                                                   | [36m13248 ns[0m
[INFO][0m[92m[PRIM][0m               Core 12 start compute primitive Sram_lifecycle.                                                                | [36m13536 ns[0m
[INFO][0m[92m[PRIM][0m               Core 12 end compute primitive Sram_lifecycle.                                                                  | [36m13536 ns[0m
[INFO][0m[92m[PRIM][0m               Core 0 start compute primitive Sram_lifecycle.                                                                 | [36m13842 ns[0m
[INFO][0m[92m[PRIM][0m               Core 0 end compute primitive Sram_lifecycle.                                                                   | [36m13842 ns[0m
[INFO][0m[92m[PRIM][0m               Core 0 start compute primitive Lsu_mem.                                                                        | [36m13848 ns[0m
[INFO][0m[92m[PRIM][0m               Core 4 start compute primitive Sram_lifecycle.                                                                 | [36m13852 ns[0m
[INFO][0m[92m[PRIM][0m               Core 4 end compute primitive Sram_lifecycle.                                                                   | [36m13852 ns[0m
[INFO][0m[92m[PRIM][0m               Core 8 start compute primitive Sram_lifecycle.                                                                 | [36m13856 ns[0m
[INFO][0m[92m[PRIM][0m               Core 8 end compute primitive Sram_lifecycle.                                                                   | [36m13856 ns[0m
[INFO][0m[92m[PRIM][0m               Core 4 start compute primitive Lsu_mem.                                                                        | [36m13858 ns[0m
[INFO][0m[92m[PRIM][0m               Core 8 start compute primitive Lsu_mem.                                                                        | [36m13862 ns[0m
[INFO][0m[92m[PRIM][0m               Core 12 start compute primitive Sram_lifecycle.                                                                | [36m13876 ns[0m
[INFO][0m[92m[PRIM][0m               Core 12 end compute primitive Sram_lifecycle.                                                                  | [36m13876 ns[0m
[INFO][0m[92m[PRIM][0m               Core 12 start compute primitive Lsu_mem.                                                                       | [36m13882 ns[0m
[INFO][0m[92m[PRIM][0m               Core 0 end compute primitive Lsu_mem.                                                                          | [36m14871 ns[0m
[INFO][0m[92m[PRIM][0m               Core 0 start compute primitive Sram_lifecycle.                                                                 | [36m14877 ns[0m
[INFO][0m[92m[PRIM][0m               Core 0 end compute primitive Sram_lifecycle.                                                                   | [36m14877 ns[0m
[INFO][0m[92m[PRIM][0m               Core 4 end compute primitive Lsu_mem.                                                                          | [36m14879 ns[0m
[INFO][0m[92m[PRIM][0m               Core 0 start compute primitive Sram_bind_oneshot.                                                              | [36m14883 ns[0m
[INFO][0m[92m[PRIM][0m               Core 0 end compute primitive Sram_bind_oneshot.                                                                | [36m14883 ns[0m
[INFO][0m[92m[PRIM][0m               Core 4 start compute primitive Sram_lifecycle.                                                                 | [36m14885 ns[0m
[INFO][0m[92m[PRIM][0m               Core 4 end compute primitive Sram_lifecycle.                                                                   | [36m14885 ns[0m
[INFO][0m[92m[PRIM][0m               Core 8 end compute primitive Lsu_mem.                                                                          | [36m14885 ns[0m
[INFO][0m[92m[PRIM][0m               Core 0 start compute primitive Matmul_f.                                                                       | [36m14889 ns[0m
[INFO][0m[92m[PRIM][0m               Core 0 end compute primitive Matmul_f.                                                                         | [36m14889 ns[0m
[INFO][0m[92m[PRIM][0m               Core 8 start compute primitive Sram_lifecycle.                                                                 | [36m14891 ns[0m
[INFO][0m[92m[PRIM][0m               Core 4 start compute primitive Sram_bind_oneshot.                                                              | [36m14891 ns[0m
[INFO][0m[92m[PRIM][0m               Core 4 end compute primitive Sram_bind_oneshot.                                                                | [36m14891 ns[0m
[INFO][0m[92m[PRIM][0m               Core 8 end compute primitive Sram_lifecycle.                                                                   | [36m14891 ns[0m
[INFO][0m[92m[PRIM][0m               Core 0 start compute primitive Sram_lifecycle.                                                                 | [36m14895 ns[0m
[INFO][0m[92m[PRIM][0m               Core 0 end compute primitive Sram_lifecycle.                                                                   | [36m14895 ns[0m
[INFO][0m[92m[PRIM][0m               Core 8 start compute primitive Sram_bind_oneshot.                                                              | [36m14897 ns[0m
[INFO][0m[92m[PRIM][0m               Core 4 start compute primitive Matmul_f.                                                                       | [36m14897 ns[0m
[INFO][0m[92m[PRIM][0m               Core 4 end compute primitive Matmul_f.                                                                         | [36m14897 ns[0m
[INFO][0m[92m[PRIM][0m               Core 8 end compute primitive Sram_bind_oneshot.                                                                | [36m14897 ns[0m
[INFO][0m[92m[PRIM][0m               Core 0 start compute primitive Sram_lifecycle.                                                                 | [36m14901 ns[0m
[INFO][0m[92m[PRIM][0m               Core 0 end compute primitive Sram_lifecycle.                                                                   | [36m14901 ns[0m
[INFO][0m[92m[PRIM][0m               Core 8 start compute primitive Matmul_f.                                                                       | [36m14903 ns[0m
[INFO][0m[92m[PRIM][0m               Core 4 start compute primitive Sram_lifecycle.                                                                 | [36m14903 ns[0m
[INFO][0m[92m[PRIM][0m               Core 4 end compute primitive Sram_lifecycle.                                                                   | [36m14903 ns[0m
[INFO][0m[92m[PRIM][0m               Core 8 end compute primitive Matmul_f.                                                                         | [36m14903 ns[0m
[INFO][0m[92m[PRIM][0m               Core 12 end compute primitive Lsu_mem.                                                                         | [36m14903 ns[0m
[INFO][0m[92m[PRIM][0m               Core 0 start compute primitive Sram_lifecycle.                                                                 | [36m14907 ns[0m
[INFO][0m[92m[PRIM][0m               Core 0 end compute primitive Sram_lifecycle.                                                                   | [36m14907 ns[0m
[INFO][0m[92m[PRIM][0m               Core 4 start compute primitive Sram_lifecycle.                                                                 | [36m14909 ns[0m
[INFO][0m[92m[PRIM][0m               Core 8 start compute primitive Sram_lifecycle.                                                                 | [36m14909 ns[0m
[INFO][0m[92m[PRIM][0m               Core 12 start compute primitive Sram_lifecycle.                                                                | [36m14909 ns[0m
[INFO][0m[92m[PRIM][0m               Core 12 end compute primitive Sram_lifecycle.                                                                  | [36m14909 ns[0m
[INFO][0m[92m[PRIM][0m               Core 8 end compute primitive Sram_lifecycle.                                                                   | [36m14909 ns[0m
[INFO][0m[92m[PRIM][0m               Core 4 end compute primitive Sram_lifecycle.                                                                   | [36m14909 ns[0m
[INFO][0m[92m[PRIM][0m               Core 0 start compute primitive Sram_bind_oneshot.                                                              | [36m14913 ns[0m
[INFO][0m[92m[PRIM][0m               Core 0 end compute primitive Sram_bind_oneshot.                                                                | [36m14913 ns[0m
[INFO][0m[92m[PRIM][0m               Core 12 start compute primitive Sram_bind_oneshot.                                                             | [36m14915 ns[0m
[INFO][0m[92m[PRIM][0m               Core 8 start compute primitive Sram_lifecycle.                                                                 | [36m14915 ns[0m
[INFO][0m[92m[PRIM][0m               Core 4 start compute primitive Sram_lifecycle.                                                                 | [36m14915 ns[0m
[INFO][0m[92m[PRIM][0m               Core 4 end compute primitive Sram_lifecycle.                                                                   | [36m14915 ns[0m
[INFO][0m[92m[PRIM][0m               Core 8 end compute primitive Sram_lifecycle.                                                                   | [36m14915 ns[0m
[INFO][0m[92m[PRIM][0m               Core 12 end compute primitive Sram_bind_oneshot.                                                               | [36m14915 ns[0m
[INFO][0m[92m[PRIM][0m               Core 0 start compute primitive swiglu_forward.                                                                 | [36m14919 ns[0m
[INFO][0m[92m[PRIM][0m               Core 0 end compute primitive swiglu_forward.                                                                   | [36m14919 ns[0m
[INFO][0m[92m[PRIM][0m               Core 8 start compute primitive Sram_lifecycle.                                                                 | [36m14921 ns[0m
[INFO][0m[92m[PRIM][0m               Core 4 start compute primitive Sram_bind_oneshot.                                                              | [36m14921 ns[0m
[INFO][0m[92m[PRIM][0m               Core 12 start compute primitive Matmul_f.                                                                      | [36m14921 ns[0m
[INFO][0m[92m[PRIM][0m               Core 12 end compute primitive Matmul_f.                                                                        | [36m14921 ns[0m
[INFO][0m[92m[PRIM][0m               Core 4 end compute primitive Sram_bind_oneshot.                                                                | [36m14921 ns[0m
[INFO][0m[92m[PRIM][0m               Core 8 end compute primitive Sram_lifecycle.                                                                   | [36m14921 ns[0m
[INFO][0m[92m[PRIM][0m               Core 0 start compute primitive Sram_lifecycle.                                                                 | [36m14925 ns[0m
[INFO][0m[92m[PRIM][0m               Core 0 end compute primitive Sram_lifecycle.                                                                   | [36m14925 ns[0m
[INFO][0m[92m[PRIM][0m               Core 12 start compute primitive Sram_lifecycle.                                                                | [36m14927 ns[0m
[INFO][0m[92m[PRIM][0m               Core 4 start compute primitive swiglu_forward.                                                                 | [36m14927 ns[0m
[INFO][0m[92m[PRIM][0m               Core 8 start compute primitive Sram_bind_oneshot.                                                              | [36m14927 ns[0m
[INFO][0m[92m[PRIM][0m               Core 8 end compute primitive Sram_bind_oneshot.                                                                | [36m14927 ns[0m
[INFO][0m[92m[PRIM][0m               Core 4 end compute primitive swiglu_forward.                                                                   | [36m14927 ns[0m
[INFO][0m[92m[PRIM][0m               Core 12 end compute primitive Sram_lifecycle.                                                                  | [36m14927 ns[0m
[INFO][0m[92m[PRIM][0m               Core 0 start compute primitive Sram_lifecycle.                                                                 | [36m14931 ns[0m
[INFO][0m[92m[PRIM][0m               Core 0 end compute primitive Sram_lifecycle.                                                                   | [36m14931 ns[0m
[INFO][0m[92m[PRIM][0m               Core 4 start compute primitive Sram_lifecycle.                                                                 | [36m14933 ns[0m
[INFO][0m[92m[PRIM][0m               Core 12 start compute primitive Sram_lifecycle.                                                                | [36m14933 ns[0m
[INFO][0m[92m[PRIM][0m               Core 8 start compute primitive swiglu_forward.                                                                 | [36m14933 ns[0m
[INFO][0m[92m[PRIM][0m               Core 8 end compute primitive swiglu_forward.                                                                   | [36m14933 ns[0m
[INFO][0m[92m[PRIM][0m               Core 12 end compute primitive Sram_lifecycle.                                                                  | [36m14933 ns[0m
[INFO][0m[92m[PRIM][0m               Core 4 end compute primitive Sram_lifecycle.                                                                   | [36m14933 ns[0m
[INFO][0m[92m[PRIM][0m               Core 0 start compute primitive Sram_lifecycle.                                                                 | [36m14937 ns[0m
[INFO][0m[92m[PRIM][0m               Core 0 end compute primitive Sram_lifecycle.                                                                   | [36m14937 ns[0m
[INFO][0m[92m[PRIM][0m               Core 8 start compute primitive Sram_lifecycle.                                                                 | [36m14939 ns[0m
[INFO][0m[92m[PRIM][0m               Core 12 start compute primitive Sram_lifecycle.                                                                | [36m14939 ns[0m
[INFO][0m[92m[PRIM][0m               Core 4 start compute primitive Sram_lifecycle.                                                                 | [36m14939 ns[0m
[INFO][0m[92m[PRIM][0m               Core 4 end compute primitive Sram_lifecycle.                                                                   | [36m14939 ns[0m
[INFO][0m[92m[PRIM][0m               Core 12 end compute primitive Sram_lifecycle.                                                                  | [36m14939 ns[0m
[INFO][0m[92m[PRIM][0m               Core 8 end compute primitive Sram_lifecycle.                                                                   | [36m14939 ns[0m
[INFO][0m[92m[PRIM][0m               Core 0 start compute primitive Lsu_mem.                                                                        | [36m14943 ns[0m
[INFO][0m[92m[PRIM][0m               Core 4 start compute primitive Sram_lifecycle.                                                                 | [36m14945 ns[0m
[INFO][0m[92m[PRIM][0m               Core 12 start compute primitive Sram_bind_oneshot.                                                             | [36m14945 ns[0m
[INFO][0m[92m[PRIM][0m               Core 8 start compute primitive Sram_lifecycle.                                                                 | [36m14945 ns[0m
[INFO][0m[92m[PRIM][0m               Core 8 end compute primitive Sram_lifecycle.                                                                   | [36m14945 ns[0m
[INFO][0m[92m[PRIM][0m               Core 12 end compute primitive Sram_bind_oneshot.                                                               | [36m14945 ns[0m
[INFO][0m[92m[PRIM][0m               Core 4 end compute primitive Sram_lifecycle.                                                                   | [36m14945 ns[0m
[INFO][0m[92m[PRIM][0m               Core 4 start compute primitive Lsu_mem.                                                                        | [36m14951 ns[0m
[INFO][0m[92m[PRIM][0m               Core 8 start compute primitive Sram_lifecycle.                                                                 | [36m14951 ns[0m
[INFO][0m[92m[PRIM][0m               Core 12 start compute primitive swiglu_forward.                                                                | [36m14951 ns[0m
[INFO][0m[92m[PRIM][0m               Core 12 end compute primitive swiglu_forward.                                                                  | [36m14951 ns[0m
[INFO][0m[92m[PRIM][0m               Core 8 end compute primitive Sram_lifecycle.                                                                   | [36m14951 ns[0m
[INFO][0m[92m[PRIM][0m               Core 12 start compute primitive Sram_lifecycle.                                                                | [36m14957 ns[0m
[INFO][0m[92m[PRIM][0m               Core 8 start compute primitive Lsu_mem.                                                                        | [36m14957 ns[0m
[INFO][0m[92m[PRIM][0m               Core 12 end compute primitive Sram_lifecycle.                                                                  | [36m14957 ns[0m
[INFO][0m[92m[PRIM][0m               Core 12 start compute primitive Sram_lifecycle.                                                                | [36m14963 ns[0m
[INFO][0m[92m[PRIM][0m               Core 12 end compute primitive Sram_lifecycle.                                                                  | [36m14963 ns[0m
[INFO][0m[92m[PRIM][0m               Core 12 start compute primitive Sram_lifecycle.                                                                | [36m14969 ns[0m
[INFO][0m[92m[PRIM][0m               Core 12 end compute primitive Sram_lifecycle.                                                                  | [36m14969 ns[0m
[INFO][0m[92m[PRIM][0m               Core 12 start compute primitive Lsu_mem.                                                                       | [36m14975 ns[0m
[INFO][0m[92m[PRIM][0m               Core 0 end compute primitive Lsu_mem.                                                                          | [36m15480 ns[0m
[INFO][0m[92m[PRIM][0m               Core 0 start compute primitive Sram_lifecycle.                                                                 | [36m15486 ns[0m
[INFO][0m[92m[PRIM][0m               Core 0 end compute primitive Sram_lifecycle.                                                                   | [36m15486 ns[0m
[INFO][0m[92m[PRIM][0m               Core 4 end compute primitive Lsu_mem.                                                                          | [36m15488 ns[0m
[INFO][0m[92m[PRIM][0m               Core 0 start compute primitive Sram_lifecycle.                                                                 | [36m15492 ns[0m
[INFO][0m[92m[PRIM][0m               Core 0 end compute primitive Sram_lifecycle.                                                                   | [36m15492 ns[0m
[INFO][0m[92m[PRIM][0m               Core 4 start compute primitive Sram_lifecycle.                                                                 | [36m15494 ns[0m
[INFO][0m[92m[PRIM][0m               Core 4 end compute primitive Sram_lifecycle.                                                                   | [36m15494 ns[0m
[INFO][0m[92m[PRIM][0m               Core 8 end compute primitive Lsu_mem.                                                                          | [36m15494 ns[0m
[INFO][0m[92m[PRIM][0m               Core 0 start compute primitive Sram_bind_oneshot.                                                              | [36m15498 ns[0m
[INFO][0m[92m[PRIM][0m               Core 0 end compute primitive Sram_bind_oneshot.                                                                | [36m15498 ns[0m
[INFO][0m[92m[PRIM][0m               Core 8 start compute primitive Sram_lifecycle.                                                                 | [36m15500 ns[0m
[INFO][0m[92m[PRIM][0m               Core 4 start compute primitive Sram_lifecycle.                                                                 | [36m15500 ns[0m
[INFO][0m[92m[PRIM][0m               Core 4 end compute primitive Sram_lifecycle.                                                                   | [36m15500 ns[0m
[INFO][0m[92m[PRIM][0m               Core 8 end compute primitive Sram_lifecycle.                                                                   | [36m15500 ns[0m
[INFO][0m[92m[PRIM][0m               Core 0 start compute primitive Matmul_f.                                                                       | [36m15504 ns[0m
[INFO][0m[92m[PRIM][0m               Core 0 end compute primitive Matmul_f.                                                                         | [36m15504 ns[0m
[INFO][0m[92m[PRIM][0m               Core 8 start compute primitive Sram_lifecycle.                                                                 | [36m15506 ns[0m
[INFO][0m[92m[PRIM][0m               Core 4 start compute primitive Sram_bind_oneshot.                                                              | [36m15506 ns[0m
[INFO][0m[92m[PRIM][0m               Core 4 end compute primitive Sram_bind_oneshot.                                                                | [36m15506 ns[0m
[INFO][0m[92m[PRIM][0m               Core 8 end compute primitive Sram_lifecycle.                                                                   | [36m15506 ns[0m
[INFO][0m[92m[PRIM][0m               Core 0 start compute primitive Sram_lifecycle.                                                                 | [36m15510 ns[0m
[INFO][0m[92m[PRIM][0m               Core 0 end compute primitive Sram_lifecycle.                                                                   | [36m15510 ns[0m
[INFO][0m[92m[PRIM][0m               Core 8 start compute primitive Sram_bind_oneshot.                                                              | [36m15512 ns[0m
[INFO][0m[92m[PRIM][0m               Core 4 start compute primitive Matmul_f.                                                                       | [36m15512 ns[0m
[INFO][0m[92m[PRIM][0m               Core 4 end compute primitive Matmul_f.                                                                         | [36m15512 ns[0m
[INFO][0m[92m[PRIM][0m               Core 8 end compute primitive Sram_bind_oneshot.                                                                | [36m15512 ns[0m
[INFO][0m[92m[PRIM][0m               Core 12 end compute primitive Lsu_mem.                                                                         | [36m15512 ns[0m
[INFO][0m[92m[PRIM][0m               Core 0 start compute primitive Sram_lifecycle.                                                                 | [36m15516 ns[0m
[INFO][0m[92m[PRIM][0m               Core 0 end compute primitive Sram_lifecycle.                                                                   | [36m15516 ns[0m
[INFO][0m[92m[PRIM][0m               Core 12 start compute primitive Sram_lifecycle.                                                                | [36m15518 ns[0m
[INFO][0m[92m[PRIM][0m               Core 8 start compute primitive Matmul_f.                                                                       | [36m15518 ns[0m
[INFO][0m[92m[PRIM][0m               Core 4 start compute primitive Sram_lifecycle.                                                                 | [36m15518 ns[0m
[INFO][0m[92m[PRIM][0m               Core 4 end compute primitive Sram_lifecycle.                                                                   | [36m15518 ns[0m
[INFO][0m[92m[PRIM][0m               Core 8 end compute primitive Matmul_f.                                                                         | [36m15518 ns[0m
[INFO][0m[92m[PRIM][0m               Core 12 end compute primitive Sram_lifecycle.                                                                  | [36m15518 ns[0m
[INFO][0m[92m[PRIM][0m               Core 12 start compute primitive Sram_lifecycle.                                                                | [36m15524 ns[0m
[INFO][0m[92m[PRIM][0m               Core 8 start compute primitive Sram_lifecycle.                                                                 | [36m15524 ns[0m
[INFO][0m[92m[PRIM][0m               Core 8 end compute primitive Sram_lifecycle.                                                                   | [36m15524 ns[0m
[INFO][0m[92m[PRIM][0m               Core 12 end compute primitive Sram_lifecycle.                                                                  | [36m15524 ns[0m
[INFO][0m[92m[PRIM][0m               Core 12 start compute primitive Sram_bind_oneshot.                                                             | [36m15530 ns[0m
[INFO][0m[92m[PRIM][0m               Core 12 end compute primitive Sram_bind_oneshot.                                                               | [36m15530 ns[0m
[INFO][0m[92m[PRIM][0m               Core 12 start compute primitive Matmul_f.                                                                      | [36m15536 ns[0m
[INFO][0m[92m[PRIM][0m               Core 12 end compute primitive Matmul_f.                                                                        | [36m15536 ns[0m
[INFO][0m[92m[PRIM][0m               Core 12 start compute primitive Sram_lifecycle.                                                                | [36m15542 ns[0m
[INFO][0m[92m[PRIM][0m               Core 12 end compute primitive Sram_lifecycle.                                                                  | [36m15542 ns[0m
[INFO][0m[92m[PRIM][0m               Core 4 start compute primitive Sram_lifecycle.                                                                 | [36m15588 ns[0m
[INFO][0m[92m[PRIM][0m               Core 4 end compute primitive Sram_lifecycle.                                                                   | [36m15588 ns[0m
[INFO][0m[92m[PRIM][0m               Core 4 start compute primitive Sram_lifecycle.                                                                 | [36m15594 ns[0m
[INFO][0m[92m[PRIM][0m               Core 8 start compute primitive Sram_lifecycle.                                                                 | [36m15594 ns[0m
[INFO][0m[92m[PRIM][0m               Core 8 end compute primitive Sram_lifecycle.                                                                   | [36m15594 ns[0m
[INFO][0m[92m[PRIM][0m               Core 4 end compute primitive Sram_lifecycle.                                                                   | [36m15594 ns[0m
[INFO][0m[92m[PRIM][0m               Core 4 start compute primitive Sram_lifecycle.                                                                 | [36m15600 ns[0m
[INFO][0m[92m[PRIM][0m               Core 8 start compute primitive Sram_lifecycle.                                                                 | [36m15600 ns[0m
[INFO][0m[92m[PRIM][0m               Core 8 end compute primitive Sram_lifecycle.                                                                   | [36m15600 ns[0m
[INFO][0m[92m[PRIM][0m               Core 4 end compute primitive Sram_lifecycle.                                                                   | [36m15600 ns[0m
[INFO][0m[92m[PRIM][0m               Core 4 start compute primitive Sram_bind_oneshot.                                                              | [36m15606 ns[0m
[INFO][0m[92m[PRIM][0m               Core 8 start compute primitive Sram_lifecycle.                                                                 | [36m15606 ns[0m
[INFO][0m[92m[PRIM][0m               Core 8 end compute primitive Sram_lifecycle.                                                                   | [36m15606 ns[0m
[INFO][0m[92m[PRIM][0m               Core 4 end compute primitive Sram_bind_oneshot.                                                                | [36m15606 ns[0m
[INFO][0m[92m[PRIM][0m               Core 4 start compute primitive Matmul_f.                                                                       | [36m15612 ns[0m
[INFO][0m[92m[PRIM][0m               Core 8 start compute primitive Sram_bind_oneshot.                                                              | [36m15612 ns[0m
[INFO][0m[92m[PRIM][0m               Core 8 end compute primitive Sram_bind_oneshot.                                                                | [36m15612 ns[0m
[INFO][0m[92m[PRIM][0m               Core 4 end compute primitive Matmul_f.                                                                         | [36m15612 ns[0m
[INFO][0m[92m[PRIM][0m               Core 4 start compute primitive Sram_lifecycle.                                                                 | [36m15618 ns[0m
[INFO][0m[92m[PRIM][0m               Core 8 start compute primitive Matmul_f.                                                                       | [36m15618 ns[0m
[INFO][0m[92m[PRIM][0m               Core 8 end compute primitive Matmul_f.                                                                         | [36m15618 ns[0m
[INFO][0m[92m[PRIM][0m               Core 4 end compute primitive Sram_lifecycle.                                                                   | [36m15618 ns[0m
[INFO][0m[92m[PRIM][0m               Core 4 start compute primitive Sram_lifecycle.                                                                 | [36m15624 ns[0m
[INFO][0m[92m[PRIM][0m               Core 8 start compute primitive Sram_lifecycle.                                                                 | [36m15624 ns[0m
[INFO][0m[92m[PRIM][0m               Core 8 end compute primitive Sram_lifecycle.                                                                   | [36m15624 ns[0m
[INFO][0m[92m[PRIM][0m               Core 4 end compute primitive Sram_lifecycle.                                                                   | [36m15624 ns[0m
[INFO][0m[92m[PRIM][0m               Core 0 start compute primitive Sram_lifecycle.                                                                 | [36m15628 ns[0m
[INFO][0m[92m[PRIM][0m               Core 0 end compute primitive Sram_lifecycle.                                                                   | [36m15628 ns[0m
[INFO][0m[92m[PRIM][0m               Core 12 start compute primitive Sram_lifecycle.                                                                | [36m15644 ns[0m
[INFO][0m[92m[PRIM][0m               Core 12 end compute primitive Sram_lifecycle.                                                                  | [36m15644 ns[0m
[INFO][0m[92m[PRIM][0m               Core 12 start compute primitive Sram_lifecycle.                                                                | [36m15650 ns[0m
[INFO][0m[92m[PRIM][0m               Core 12 end compute primitive Sram_lifecycle.                                                                  | [36m15650 ns[0m
[INFO][0m[92m[PRIM][0m               Core 12 start compute primitive Sram_lifecycle.                                                                | [36m15656 ns[0m
[INFO][0m[92m[PRIM][0m               Core 12 end compute primitive Sram_lifecycle.                                                                  | [36m15656 ns[0m
[INFO][0m[92m[PRIM][0m               Core 0 start compute primitive Sram_lifecycle.                                                                 | [36m15658 ns[0m
[INFO][0m[92m[PRIM][0m               Core 0 end compute primitive Sram_lifecycle.                                                                   | [36m15658 ns[0m
[INFO][0m[92m[PRIM][0m               Core 12 start compute primitive Sram_bind_oneshot.                                                             | [36m15662 ns[0m
[INFO][0m[92m[PRIM][0m               Core 12 end compute primitive Sram_bind_oneshot.                                                               | [36m15662 ns[0m
[INFO][0m[92m[PRIM][0m               Core 12 start compute primitive Matmul_f.                                                                      | [36m15668 ns[0m
[INFO][0m[92m[PRIM][0m               Core 12 end compute primitive Matmul_f.                                                                        | [36m15668 ns[0m
[INFO][0m[92m[PRIM][0m               Core 12 start compute primitive Sram_lifecycle.                                                                | [36m15674 ns[0m
[INFO][0m[92m[PRIM][0m               Core 12 end compute primitive Sram_lifecycle.                                                                  | [36m15674 ns[0m
[INFO][0m[92m[PRIM][0m               Core 0 start compute primitive Sram_lifecycle.                                                                 | [36m15704 ns[0m
[INFO][0m[92m[PRIM][0m               Core 0 end compute primitive Sram_lifecycle.                                                                   | [36m15704 ns[0m
[INFO][0m[92m[PRIM][0m               Core 0 start compute primitive Collective_data_v1_prim.                                                        | [36m15710 ns[0m
[INFO][0m[92m[PRIM][0m               Core 8 start compute primitive Sram_lifecycle.                                                                 | [36m15726 ns[0m
[INFO][0m[92m[PRIM][0m               Core 8 end compute primitive Sram_lifecycle.                                                                   | [36m15726 ns[0m
[INFO][0m[92m[PRIM][0m               Core 8 start compute primitive Sram_lifecycle.                                                                 | [36m15732 ns[0m
[INFO][0m[92m[PRIM][0m               Core 8 end compute primitive Sram_lifecycle.                                                                   | [36m15732 ns[0m
[INFO][0m[92m[PRIM][0m               Core 8 start compute primitive Sram_lifecycle.                                                                 | [36m15738 ns[0m
[INFO][0m[92m[PRIM][0m               Core 8 end compute primitive Sram_lifecycle.                                                                   | [36m15738 ns[0m
[INFO][0m[92m[PRIM][0m               Core 0 end compute primitive Collective_data_v1_prim.                                                          | [36m15740 ns[0m
[INFO][0m[92m[PRIM][0m               Core 8 start compute primitive Sram_bind_oneshot.                                                              | [36m15744 ns[0m
[INFO][0m[92m[PRIM][0m               Core 8 end compute primitive Sram_bind_oneshot.                                                                | [36m15744 ns[0m
[INFO][0m[92m[PRIM][0m               Core 0 start compute primitive Sram_lifecycle.                                                                 | [36m15746 ns[0m
[INFO][0m[92m[PRIM][0m               Core 0 end compute primitive Sram_lifecycle.                                                                   | [36m15746 ns[0m
[INFO][0m[92m[PRIM][0m               Core 8 start compute primitive Matmul_f.                                                                       | [36m15750 ns[0m
[INFO][0m[92m[PRIM][0m               Core 12 start compute primitive Sram_lifecycle.                                                                | [36m15750 ns[0m
[INFO][0m[92m[PRIM][0m               Core 12 end compute primitive Sram_lifecycle.                                                                  | [36m15750 ns[0m
[INFO][0m[92m[PRIM][0m               Core 8 end compute primitive Matmul_f.                                                                         | [36m15750 ns[0m
[INFO][0m[92m[PRIM][0m               Core 0 start compute primitive Sram_lifecycle.                                                                 | [36m15752 ns[0m
[INFO][0m[92m[PRIM][0m               Core 0 end compute primitive Sram_lifecycle.                                                                   | [36m15752 ns[0m
[INFO][0m[92m[PRIM][0m               Core 8 start compute primitive Sram_lifecycle.                                                                 | [36m15756 ns[0m
[INFO][0m[92m[PRIM][0m               Core 12 start compute primitive Sram_lifecycle.                                                                | [36m15756 ns[0m
[INFO][0m[92m[PRIM][0m               Core 12 end compute primitive Sram_lifecycle.                                                                  | [36m15756 ns[0m
[INFO][0m[92m[PRIM][0m               Core 8 end compute primitive Sram_lifecycle.                                                                   | [36m15756 ns[0m
[INFO][0m[92m[PRIM][0m               Core 0 start compute primitive Sram_lifecycle.                                                                 | [36m15758 ns[0m
[INFO][0m[92m[PRIM][0m               Core 0 end compute primitive Sram_lifecycle.                                                                   | [36m15758 ns[0m
[INFO][0m[92m[PRIM][0m               Core 8 start compute primitive Sram_lifecycle.                                                                 | [36m15762 ns[0m
[INFO][0m[92m[PRIM][0m               Core 12 start compute primitive Sram_lifecycle.                                                                | [36m15762 ns[0m
[INFO][0m[92m[PRIM][0m               Core 12 end compute primitive Sram_lifecycle.                                                                  | [36m15762 ns[0m
[INFO][0m[92m[PRIM][0m               Core 8 end compute primitive Sram_lifecycle.                                                                   | [36m15762 ns[0m
[INFO][0m[92m[PRIM][0m               Core 0 start compute primitive Sram_lifecycle.                                                                 | [36m15764 ns[0m
[INFO][0m[92m[PRIM][0m               Core 0 end compute primitive Sram_lifecycle.                                                                   | [36m15764 ns[0m
[INFO][0m[92m[PRIM][0m               Core 12 start compute primitive Sram_bind_oneshot.                                                             | [36m15768 ns[0m
[INFO][0m[92m[PRIM][0m               Core 12 end compute primitive Sram_bind_oneshot.                                                               | [36m15768 ns[0m
[INFO][0m[92m[PRIM][0m               Core 0 start compute primitive Sram_lifecycle.                                                                 | [36m15770 ns[0m
[INFO][0m[92m[PRIM][0m               Core 0 end compute primitive Sram_lifecycle.                                                                   | [36m15770 ns[0m
[INFO][0m[92m[PRIM][0m               Core 12 start compute primitive Matmul_f.                                                                      | [36m15774 ns[0m
[INFO][0m[92m[PRIM][0m               Core 12 end compute primitive Matmul_f.                                                                        | [36m15774 ns[0m
[INFO][0m[92m[PRIM][0m               Core 0 start compute primitive Sram_lifecycle.                                                                 | [36m15776 ns[0m
[INFO][0m[92m[PRIM][0m               Core 0 end compute primitive Sram_lifecycle.                                                                   | [36m15776 ns[0m
[INFO][0m[92m[PRIM][0m               Core 12 start compute primitive Sram_lifecycle.                                                                | [36m15780 ns[0m
[INFO][0m[92m[PRIM][0m               Core 12 end compute primitive Sram_lifecycle.                                                                  | [36m15780 ns[0m
[INFO][0m[92m[PRIM][0m               Core 0 start compute primitive Sram_bind_oneshot.                                                              | [36m15782 ns[0m
[INFO][0m[92m[PRIM][0m               Core 0 end compute primitive Sram_bind_oneshot.                                                                | [36m15782 ns[0m
[INFO][0m[92m[PRIM][0m               Core 0 start compute primitive Matmul_f.                                                                       | [36m15788 ns[0m
[INFO][0m[92m[PRIM][0m               Core 0 end compute primitive Matmul_f.                                                                         | [36m15788 ns[0m
[INFO][0m[92m[PRIM][0m               Core 0 start compute primitive Sram_lifecycle.                                                                 | [36m15794 ns[0m
[INFO][0m[92m[PRIM][0m               Core 0 end compute primitive Sram_lifecycle.                                                                   | [36m15794 ns[0m
[INFO][0m[92m[PRIM][0m               Core 12 start compute primitive Sram_lifecycle.                                                                | [36m15850 ns[0m
[INFO][0m[92m[PRIM][0m               Core 12 end compute primitive Sram_lifecycle.                                                                  | [36m15850 ns[0m
[INFO][0m[92m[PRIM][0m               Core 12 start compute primitive Sram_lifecycle.                                                                | [36m15856 ns[0m
[INFO][0m[92m[PRIM][0m               Core 12 end compute primitive Sram_lifecycle.                                                                  | [36m15856 ns[0m
[INFO][0m[92m[PRIM][0m               Core 12 start compute primitive Sram_lifecycle.                                                                | [36m15862 ns[0m
[INFO][0m[92m[PRIM][0m               Core 12 end compute primitive Sram_lifecycle.                                                                  | [36m15862 ns[0m
[INFO][0m[92m[PRIM][0m               Core 0 start compute primitive Sram_lifecycle.                                                                 | [36m15864 ns[0m
[INFO][0m[92m[PRIM][0m               Core 0 end compute primitive Sram_lifecycle.                                                                   | [36m15864 ns[0m
[INFO][0m[92m[PRIM][0m               Core 12 start compute primitive Sram_bind_oneshot.                                                             | [36m15868 ns[0m
[INFO][0m[92m[PRIM][0m               Core 12 end compute primitive Sram_bind_oneshot.                                                               | [36m15868 ns[0m
[INFO][0m[92m[PRIM][0m               Core 0 start compute primitive Sram_lifecycle.                                                                 | [36m15870 ns[0m
[INFO][0m[92m[PRIM][0m               Core 0 end compute primitive Sram_lifecycle.                                                                   | [36m15870 ns[0m
[INFO][0m[92m[PRIM][0m               Core 12 start compute primitive Matmul_f.                                                                      | [36m15874 ns[0m
[INFO][0m[92m[PRIM][0m               Core 12 end compute primitive Matmul_f.                                                                        | [36m15874 ns[0m
[INFO][0m[92m[PRIM][0m               Core 0 start compute primitive Sram_lifecycle.                                                                 | [36m15876 ns[0m
[INFO][0m[92m[PRIM][0m               Core 0 end compute primitive Sram_lifecycle.                                                                   | [36m15876 ns[0m
[INFO][0m[92m[PRIM][0m               Core 12 start compute primitive Sram_lifecycle.                                                                | [36m15880 ns[0m
[INFO][0m[92m[PRIM][0m               Core 12 end compute primitive Sram_lifecycle.                                                                  | [36m15880 ns[0m
[INFO][0m[92m[PRIM][0m               Core 0 start compute primitive Sram_bind_oneshot.                                                              | [36m15882 ns[0m
[INFO][0m[92m[PRIM][0m               Core 0 end compute primitive Sram_bind_oneshot.                                                                | [36m15882 ns[0m
[INFO][0m[92m[PRIM][0m               Core 12 start compute primitive Sram_lifecycle.                                                                | [36m15886 ns[0m
[INFO][0m[92m[PRIM][0m               Core 12 end compute primitive Sram_lifecycle.                                                                  | [36m15886 ns[0m
[INFO][0m[92m[PRIM][0m               Core 0 start compute primitive Matmul_f.                                                                       | [36m15888 ns[0m
[INFO][0m[92m[PRIM][0m               Core 0 end compute primitive Matmul_f.                                                                         | [36m15888 ns[0m
[INFO][0m[92m[PRIM][0m               Core 12 start compute primitive Sram_lifecycle.                                                                | [36m15892 ns[0m
[INFO][0m[92m[PRIM][0m               Core 12 end compute primitive Sram_lifecycle.                                                                  | [36m15892 ns[0m
[INFO][0m[92m[PRIM][0m               Core 0 start compute primitive Sram_lifecycle.                                                                 | [36m15894 ns[0m
[INFO][0m[92m[PRIM][0m               Core 0 end compute primitive Sram_lifecycle.                                                                   | [36m15894 ns[0m
[INFO][0m[92m[PRIM][0m               Core 4 start compute primitive Sram_lifecycle.                                                                 | [36m15904 ns[0m
[INFO][0m[92m[PRIM][0m               Core 4 end compute primitive Sram_lifecycle.                                                                   | [36m15904 ns[0m
[INFO][0m[92m[PRIM][0m               Core 4 start compute primitive Sram_lifecycle.                                                                 | [36m15928 ns[0m
[INFO][0m[92m[PRIM][0m               Core 4 end compute primitive Sram_lifecycle.                                                                   | [36m15928 ns[0m
[INFO][0m[92m[PRIM][0m               Core 4 start compute primitive Sram_lifecycle.                                                                 | [36m15952 ns[0m
[INFO][0m[92m[PRIM][0m               Core 4 end compute primitive Sram_lifecycle.                                                                   | [36m15952 ns[0m
[INFO][0m[92m[PRIM][0m               Core 4 start compute primitive Collective_data_v1_prim.                                                        | [36m15958 ns[0m
[INFO][0m[92m[PRIM][0m               Core 0 start compute primitive Sram_lifecycle.                                                                 | [36m15964 ns[0m
[INFO][0m[92m[PRIM][0m               Core 0 end compute primitive Sram_lifecycle.                                                                   | [36m15964 ns[0m
[INFO][0m[92m[PRIM][0m               Core 0 start compute primitive Sram_lifecycle.                                                                 | [36m15970 ns[0m
[INFO][0m[92m[PRIM][0m               Core 0 end compute primitive Sram_lifecycle.                                                                   | [36m15970 ns[0m
[INFO][0m[92m[PRIM][0m               Core 0 start compute primitive Sram_lifecycle.                                                                 | [36m15976 ns[0m
[INFO][0m[92m[PRIM][0m               Core 0 end compute primitive Sram_lifecycle.                                                                   | [36m15976 ns[0m
[INFO][0m[92m[PRIM][0m               Core 0 start compute primitive Sram_bind_oneshot.                                                              | [36m15982 ns[0m
[INFO][0m[92m[PRIM][0m               Core 0 end compute primitive Sram_bind_oneshot.                                                                | [36m15982 ns[0m
[INFO][0m[92m[PRIM][0m               Core 4 end compute primitive Collective_data_v1_prim.                                                          | [36m15988 ns[0m
[INFO][0m[92m[PRIM][0m               Core 0 start compute primitive Matmul_f.                                                                       | [36m15988 ns[0m
[INFO][0m[92m[PRIM][0m               Core 0 end compute primitive Matmul_f.                                                                         | [36m15988 ns[0m
[INFO][0m[92m[PRIM][0m               Core 0 start compute primitive Sram_lifecycle.                                                                 | [36m15994 ns[0m
[INFO][0m[92m[PRIM][0m               Core 4 start compute primitive Sram_lifecycle.                                                                 | [36m15994 ns[0m
[INFO][0m[92m[PRIM][0m               Core 4 end compute primitive Sram_lifecycle.                                                                   | [36m15994 ns[0m
[INFO][0m[92m[PRIM][0m               Core 0 end compute primitive Sram_lifecycle.                                                                   | [36m15994 ns[0m
[INFO][0m[92m[PRIM][0m               Core 0 start compute primitive Sram_lifecycle.                                                                 | [36m16 us[0m
[INFO][0m[92m[PRIM][0m               Core 4 start compute primitive Sram_lifecycle.                                                                 | [36m16 us[0m
[INFO][0m[92m[PRIM][0m               Core 4 end compute primitive Sram_lifecycle.                                                                   | [36m16 us[0m
[INFO][0m[92m[PRIM][0m               Core 0 end compute primitive Sram_lifecycle.                                                                   | [36m16 us[0m
[INFO][0m[92m[PRIM][0m               Core 8 start compute primitive Sram_lifecycle.                                                                 | [36m16004 ns[0m
[INFO][0m[92m[PRIM][0m               Core 8 end compute primitive Sram_lifecycle.                                                                   | [36m16004 ns[0m
[INFO][0m[92m[PRIM][0m               Core 4 start compute primitive Sram_lifecycle.                                                                 | [36m16006 ns[0m
[INFO][0m[92m[PRIM][0m               Core 4 end compute primitive Sram_lifecycle.                                                                   | [36m16006 ns[0m
[INFO][0m[92m[PRIM][0m               Core 4 start compute primitive Sram_lifecycle.                                                                 | [36m16012 ns[0m
[INFO][0m[92m[PRIM][0m               Core 4 end compute primitive Sram_lifecycle.                                                                   | [36m16012 ns[0m
[INFO][0m[92m[PRIM][0m               Core 4 start compute primitive Sram_lifecycle.                                                                 | [36m16018 ns[0m
[INFO][0m[92m[PRIM][0m               Core 4 end compute primitive Sram_lifecycle.                                                                   | [36m16018 ns[0m
[INFO][0m[92m[PRIM][0m               Core 4 start compute primitive Sram_lifecycle.                                                                 | [36m16024 ns[0m
[INFO][0m[92m[PRIM][0m               Core 4 end compute primitive Sram_lifecycle.                                                                   | [36m16024 ns[0m
[INFO][0m[92m[PRIM][0m               Core 4 start compute primitive Sram_bind_oneshot.                                                              | [36m16030 ns[0m
[INFO][0m[92m[PRIM][0m               Core 4 end compute primitive Sram_bind_oneshot.                                                                | [36m16030 ns[0m
[INFO][0m[92m[PRIM][0m               Core 4 start compute primitive Matmul_f.                                                                       | [36m16036 ns[0m
[INFO][0m[92m[PRIM][0m               Core 4 end compute primitive Matmul_f.                                                                         | [36m16036 ns[0m
[INFO][0m[92m[PRIM][0m               Core 4 start compute primitive Sram_lifecycle.                                                                 | [36m16042 ns[0m
[INFO][0m[92m[PRIM][0m               Core 4 end compute primitive Sram_lifecycle.                                                                   | [36m16042 ns[0m
[INFO][0m[92m[PRIM][0m               Core 0 start compute primitive Sram_lifecycle.                                                                 | [36m16102 ns[0m
[INFO][0m[92m[PRIM][0m               Core 0 end compute primitive Sram_lifecycle.                                                                   | [36m16102 ns[0m
[INFO][0m[92m[PRIM][0m               Core 0 start compute primitive Sram_lifecycle.                                                                 | [36m16108 ns[0m
[INFO][0m[92m[PRIM][0m               Core 0 end compute primitive Sram_lifecycle.                                                                   | [36m16108 ns[0m
[INFO][0m[92m[PRIM][0m               Core 0 start compute primitive Sram_bind_oneshot.                                                              | [36m16114 ns[0m
[INFO][0m[92m[PRIM][0m               Core 0 end compute primitive Sram_bind_oneshot.                                                                | [36m16114 ns[0m
[INFO][0m[92m[PRIM][0m               Core 0 start compute primitive Residual_f.                                                                     | [36m16120 ns[0m
[INFO][0m[92m[PRIM][0m               Core 0 end compute primitive Residual_f.                                                                       | [36m16120 ns[0m
[INFO][0m[92m[PRIM][0m               Core 0 start compute primitive Sram_lifecycle.                                                                 | [36m16126 ns[0m
[INFO][0m[92m[PRIM][0m               Core 0 end compute primitive Sram_lifecycle.                                                                   | [36m16126 ns[0m
[INFO][0m[92m[PRIM][0m               Core 0 start compute primitive Sram_lifecycle.                                                                 | [36m16132 ns[0m
[INFO][0m[92m[PRIM][0m               Core 0 end compute primitive Sram_lifecycle.                                                                   | [36m16132 ns[0m
[INFO][0m[92m[PRIM][0m               Core 0 start compute primitive Sram_lifecycle.                                                                 | [36m16138 ns[0m
[INFO][0m[92m[PRIM][0m               Core 0 end compute primitive Sram_lifecycle.                                                                   | [36m16138 ns[0m
[INFO][0m[92m[PRIM][0m               Core 4 start compute primitive Sram_lifecycle.                                                                 | [36m16144 ns[0m
[INFO][0m[92m[PRIM][0m               Core 4 end compute primitive Sram_lifecycle.                                                                   | [36m16144 ns[0m
[INFO][0m[92m[PRIM][0m               Core 4 start compute primitive Sram_lifecycle.                                                                 | [36m16150 ns[0m
[INFO][0m[92m[PRIM][0m               Core 4 end compute primitive Sram_lifecycle.                                                                   | [36m16150 ns[0m
[INFO][0m[92m[PRIM][0m               Core 4 start compute primitive Sram_lifecycle.                                                                 | [36m16156 ns[0m
[INFO][0m[92m[PRIM][0m               Core 4 end compute primitive Sram_lifecycle.                                                                   | [36m16156 ns[0m
[INFO][0m[92m[PRIM][0m               Core 4 start compute primitive Sram_bind_oneshot.                                                              | [36m16162 ns[0m
[INFO][0m[92m[PRIM][0m               Core 12 start compute primitive Sram_lifecycle.                                                                | [36m16162 ns[0m
[INFO][0m[92m[PRIM][0m               Core 12 end compute primitive Sram_lifecycle.                                                                  | [36m16162 ns[0m
[INFO][0m[92m[PRIM][0m               Core 4 end compute primitive Sram_bind_oneshot.                                                                | [36m16162 ns[0m
[INFO][0m[92m[PRIM][0m               Core 4 start compute primitive Matmul_f.                                                                       | [36m16168 ns[0m
[INFO][0m[92m[PRIM][0m               Core 4 end compute primitive Matmul_f.                                                                         | [36m16168 ns[0m
[INFO][0m[92m[PRIM][0m               Core 4 start compute primitive Sram_lifecycle.                                                                 | [36m16174 ns[0m
[INFO][0m[92m[PRIM][0m               Core 4 end compute primitive Sram_lifecycle.                                                                   | [36m16174 ns[0m
[INFO][0m[92m[PRIM][0m               Core 4 start compute primitive Sram_lifecycle.                                                                 | [36m16180 ns[0m
[INFO][0m[92m[PRIM][0m               Core 4 end compute primitive Sram_lifecycle.                                                                   | [36m16180 ns[0m
[INFO][0m[92m[PRIM][0m               Core 0 start send primitive SEND_DONE.                                                                         | [36m16194 ns[0m
[INFO][0m[92m[PRIM][0m               Core 0 end send primitive SEND_DONE.                                                                           | [36m16198 ns[0m
[INFO][0m[92m[PRIM][0m               Core 0 start receive primitive RECV_START.                                                                     | [36m16204 ns[0m
[INFO][0m[92m[PRIM][0m               Core 8 start compute primitive Sram_lifecycle.                                                                 | [36m16204 ns[0m
[INFO][0m[92m[PRIM][0m               Core 8 end compute primitive Sram_lifecycle.                                                                   | [36m16204 ns[0m
[INFO][0m[92m[MEM_INTF][0m           End DONE reception.                                                                                            | [36m16204 ns[0m
[INFO][0m[92m[PRIM][0m               Core 8 start compute primitive Sram_lifecycle.                                                                 | [36m16228 ns[0m
[INFO][0m[92m[PRIM][0m               Core 8 end compute primitive Sram_lifecycle.                                                                   | [36m16228 ns[0m
[INFO][0m[92m[PRIM][0m               Core 8 start compute primitive Collective_data_v1_prim.                                                        | [36m16234 ns[0m
[INFO][0m[92m[PRIM][0m               Core 4 start compute primitive Sram_lifecycle.                                                                 | [36m16250 ns[0m
[INFO][0m[92m[PRIM][0m               Core 4 end compute primitive Sram_lifecycle.                                                                   | [36m16250 ns[0m
[INFO][0m[92m[PRIM][0m               Core 4 start compute primitive Sram_lifecycle.                                                                 | [36m16256 ns[0m
[INFO][0m[92m[PRIM][0m               Core 4 end compute primitive Sram_lifecycle.                                                                   | [36m16256 ns[0m
[INFO][0m[92m[PRIM][0m               Core 4 start compute primitive Sram_bind_oneshot.                                                              | [36m16262 ns[0m
[INFO][0m[92m[PRIM][0m               Core 4 end compute primitive Sram_bind_oneshot.                                                                | [36m16262 ns[0m
[INFO][0m[92m[PRIM][0m               Core 8 end compute primitive Collective_data_v1_prim.                                                          | [36m16264 ns[0m
[INFO][0m[92m[PRIM][0m               Core 4 start compute primitive Residual_f.                                                                     | [36m16268 ns[0m
[INFO][0m[92m[PRIM][0m               Core 4 end compute primitive Residual_f.                                                                       | [36m16268 ns[0m
[INFO][0m[92m[PRIM][0m               Core 8 start compute primitive Sram_lifecycle.                                                                 | [36m16270 ns[0m
[INFO][0m[92m[PRIM][0m               Core 8 end compute primitive Sram_lifecycle.                                                                   | [36m16270 ns[0m
[INFO][0m[92m[PRIM][0m               Core 4 start compute primitive Sram_lifecycle.                                                                 | [36m16274 ns[0m
[INFO][0m[92m[PRIM][0m               Core 4 end compute primitive Sram_lifecycle.                                                                   | [36m16274 ns[0m
[INFO][0m[92m[PRIM][0m               Core 8 start compute primitive Sram_lifecycle.                                                                 | [36m16276 ns[0m
[INFO][0m[92m[PRIM][0m               Core 8 end compute primitive Sram_lifecycle.                                                                   | [36m16276 ns[0m
[INFO][0m[92m[PRIM][0m               Core 4 start compute primitive Sram_lifecycle.                                                                 | [36m16280 ns[0m
[INFO][0m[92m[PRIM][0m               Core 4 end compute primitive Sram_lifecycle.                                                                   | [36m16280 ns[0m
[INFO][0m[92m[PRIM][0m               Core 8 start compute primitive Sram_lifecycle.                                                                 | [36m16282 ns[0m
[INFO][0m[92m[PRIM][0m               Core 8 end compute primitive Sram_lifecycle.                                                                   | [36m16282 ns[0m
[INFO][0m[92m[PRIM][0m               Core 4 start compute primitive Sram_lifecycle.                                                                 | [36m16286 ns[0m
[INFO][0m[92m[PRIM][0m               Core 4 end compute primitive Sram_lifecycle.                                                                   | [36m16286 ns[0m
[INFO][0m[92m[PRIM][0m               Core 8 start compute primitive Sram_lifecycle.                                                                 | [36m16288 ns[0m
[INFO][0m[92m[PRIM][0m               Core 8 end compute primitive Sram_lifecycle.                                                                   | [36m16288 ns[0m
[INFO][0m[92m[PRIM][0m               Core 12 start compute primitive Sram_lifecycle.                                                                | [36m16290 ns[0m
[INFO][0m[92m[PRIM][0m               Core 12 end compute primitive Sram_lifecycle.                                                                  | [36m16290 ns[0m
[INFO][0m[92m[PRIM][0m               Core 8 start compute primitive Sram_lifecycle.                                                                 | [36m16294 ns[0m
[INFO][0m[92m[PRIM][0m               Core 8 end compute primitive Sram_lifecycle.                                                                   | [36m16294 ns[0m
[INFO][0m[92m[PRIM][0m               Core 8 start compute primitive Sram_lifecycle.                                                                 | [36m16300 ns[0m
[INFO][0m[92m[PRIM][0m               Core 8 end compute primitive Sram_lifecycle.                                                                   | [36m16300 ns[0m
[INFO][0m[92m[PRIM][0m               Core 4 start send primitive SEND_DONE.                                                                         | [36m16306 ns[0m
[INFO][0m[92m[PRIM][0m               Core 8 start compute primitive Sram_bind_oneshot.                                                              | [36m16306 ns[0m
[INFO][0m[92m[PRIM][0m               Core 8 end compute primitive Sram_bind_oneshot.                                                                | [36m16306 ns[0m
[INFO][0m[92m[PRIM][0m               Core 4 end send primitive SEND_DONE.                                                                           | [36m16310 ns[0m
[INFO][0m[92m[PRIM][0m               Core 8 start compute primitive Matmul_f.                                                                       | [36m16312 ns[0m
[INFO][0m[92m[PRIM][0m               Core 8 end compute primitive Matmul_f.                                                                         | [36m16312 ns[0m
[INFO][0m[92m[PRIM][0m               Core 4 start receive primitive RECV_START.                                                                     | [36m16316 ns[0m
[INFO][0m[92m[MEM_INTF][0m           End DONE reception.                                                                                            | [36m16316 ns[0m
[INFO][0m[92m[PRIM][0m               Core 8 start compute primitive Sram_lifecycle.                                                                 | [36m16318 ns[0m
[INFO][0m[92m[PRIM][0m               Core 8 end compute primitive Sram_lifecycle.                                                                   | [36m16318 ns[0m
[INFO][0m[92m[PRIM][0m               Core 8 start compute primitive Sram_lifecycle.                                                                 | [36m16324 ns[0m
[INFO][0m[92m[PRIM][0m               Core 8 end compute primitive Sram_lifecycle.                                                                   | [36m16324 ns[0m
[INFO][0m[92m[PRIM][0m               Core 8 start compute primitive Sram_lifecycle.                                                                 | [36m16394 ns[0m
[INFO][0m[92m[PRIM][0m               Core 8 end compute primitive Sram_lifecycle.                                                                   | [36m16394 ns[0m
[INFO][0m[92m[PRIM][0m               Core 8 start compute primitive Sram_lifecycle.                                                                 | [36m16400 ns[0m
[INFO][0m[92m[PRIM][0m               Core 8 end compute primitive Sram_lifecycle.                                                                   | [36m16400 ns[0m
[INFO][0m[92m[PRIM][0m               Core 8 start compute primitive Sram_bind_oneshot.                                                              | [36m16406 ns[0m
[INFO][0m[92m[PRIM][0m               Core 8 end compute primitive Sram_bind_oneshot.                                                                | [36m16406 ns[0m
[INFO][0m[92m[PRIM][0m               Core 8 start compute primitive Residual_f.                                                                     | [36m16412 ns[0m
[INFO][0m[92m[PRIM][0m               Core 8 end compute primitive Residual_f.                                                                       | [36m16412 ns[0m
[INFO][0m[92m[PRIM][0m               Core 8 start compute primitive Sram_lifecycle.                                                                 | [36m16418 ns[0m
[INFO][0m[92m[PRIM][0m               Core 8 end compute primitive Sram_lifecycle.                                                                   | [36m16418 ns[0m
[INFO][0m[92m[PRIM][0m               Core 8 start compute primitive Sram_lifecycle.                                                                 | [36m16424 ns[0m
[INFO][0m[92m[PRIM][0m               Core 8 end compute primitive Sram_lifecycle.                                                                   | [36m16424 ns[0m
[INFO][0m[92m[PRIM][0m               Core 8 start compute primitive Sram_lifecycle.                                                                 | [36m16430 ns[0m
[INFO][0m[92m[PRIM][0m               Core 8 end compute primitive Sram_lifecycle.                                                                   | [36m16430 ns[0m
[INFO][0m[92m[PRIM][0m               Core 12 start compute primitive Sram_lifecycle.                                                                | [36m16434 ns[0m
[INFO][0m[92m[PRIM][0m               Core 12 end compute primitive Sram_lifecycle.                                                                  | [36m16434 ns[0m
[INFO][0m[92m[PRIM][0m               Core 12 start compute primitive Collective_data_v1_prim.                                                       | [36m16440 ns[0m
[INFO][0m[92m[PRIM][0m               Core 8 start send primitive SEND_DONE.                                                                         | [36m16450 ns[0m
[INFO][0m[92m[PRIM][0m               Core 8 end send primitive SEND_DONE.                                                                           | [36m16454 ns[0m
[INFO][0m[92m[PRIM][0m               Core 8 start receive primitive RECV_START.                                                                     | [36m16460 ns[0m
[INFO][0m[92m[MEM_INTF][0m           End DONE reception.                                                                                            | [36m16460 ns[0m
[INFO][0m[92m[PRIM][0m               Core 12 end compute primitive Collective_data_v1_prim.                                                         | [36m16470 ns[0m
[INFO][0m[92m[PRIM][0m               Core 12 start compute primitive Sram_lifecycle.                                                                | [36m16476 ns[0m
[INFO][0m[92m[PRIM][0m               Core 12 end compute primitive Sram_lifecycle.                                                                  | [36m16476 ns[0m
[INFO][0m[92m[PRIM][0m               Core 12 start compute primitive Sram_lifecycle.                                                                | [36m16482 ns[0m
[INFO][0m[92m[PRIM][0m               Core 12 end compute primitive Sram_lifecycle.                                                                  | [36m16482 ns[0m
[INFO][0m[92m[PRIM][0m               Core 12 start compute primitive Sram_lifecycle.                                                                | [36m16488 ns[0m
[INFO][0m[92m[PRIM][0m               Core 12 end compute primitive Sram_lifecycle.                                                                  | [36m16488 ns[0m
[INFO][0m[92m[PRIM][0m               Core 12 start compute primitive Sram_lifecycle.                                                                | [36m16494 ns[0m
[INFO][0m[92m[PRIM][0m               Core 12 end compute primitive Sram_lifecycle.                                                                  | [36m16494 ns[0m
[INFO][0m[92m[PRIM][0m               Core 12 start compute primitive Sram_lifecycle.                                                                | [36m16500 ns[0m
[INFO][0m[92m[PRIM][0m               Core 12 end compute primitive Sram_lifecycle.                                                                  | [36m16500 ns[0m
[INFO][0m[92m[PRIM][0m               Core 12 start compute primitive Sram_bind_oneshot.                                                             | [36m16506 ns[0m
[INFO][0m[92m[PRIM][0m               Core 12 end compute primitive Sram_bind_oneshot.                                                               | [36m16506 ns[0m
[INFO][0m[92m[PRIM][0m               Core 12 start compute primitive Residual_f.                                                                    | [36m16512 ns[0m
[INFO][0m[92m[PRIM][0m               Core 12 end compute primitive Residual_f.                                                                      | [36m16512 ns[0m
[INFO][0m[92m[PRIM][0m               Core 12 start compute primitive Sram_lifecycle.                                                                | [36m16518 ns[0m
[INFO][0m[92m[PRIM][0m               Core 12 end compute primitive Sram_lifecycle.                                                                  | [36m16518 ns[0m
[INFO][0m[92m[PRIM][0m               Core 12 start compute primitive Sram_lifecycle.                                                                | [36m16524 ns[0m
[INFO][0m[92m[PRIM][0m               Core 12 end compute primitive Sram_lifecycle.                                                                  | [36m16524 ns[0m
[INFO][0m[92m[PRIM][0m               Core 12 start compute primitive Sram_lifecycle.                                                                | [36m16530 ns[0m
[INFO][0m[92m[PRIM][0m               Core 12 end compute primitive Sram_lifecycle.                                                                  | [36m16530 ns[0m
[INFO][0m[92m[PRIM][0m               Core 12 start send primitive SEND_DONE.                                                                        | [36m16536 ns[0m
[INFO][0m[92m[PRIM][0m               Core 12 end send primitive SEND_DONE.                                                                          | [36m16540 ns[0m
[INFO][0m[92m[PRIM][0m               Core 12 start receive primitive RECV_START.                                                                    | [36m16546 ns[0m
[INFO][0m[92m[MEM_INTF][0m           End DONE reception.                                                                                            | [36m16546 ns[0m

Info: /OSCI/SystemC: Simulation stopped by user.
[SIM_RESULT] makespan_cycles=8273
[PROGRAM_MEMORY] core=0 lsu_issued=16 lsu_completed=16 lsu_hbm_read_bytes=10496 lsu_hbm_write_bytes=256 lsu_sram_read_bytes=256 lsu_sram_write_bytes=10496 lsu_residual=0 dte_residual=0
[PROGRAM_MEMORY] core=4 lsu_issued=16 lsu_completed=16 lsu_hbm_read_bytes=10496 lsu_hbm_write_bytes=256 lsu_sram_read_bytes=256 lsu_sram_write_bytes=10496 lsu_residual=0 dte_residual=0
[PROGRAM_MEMORY] core=8 lsu_issued=16 lsu_completed=16 lsu_hbm_read_bytes=10496 lsu_hbm_write_bytes=256 lsu_sram_read_bytes=256 lsu_sram_write_bytes=10496 lsu_residual=0 dte_residual=0
[PROGRAM_MEMORY] core=12 lsu_issued=16 lsu_completed=16 lsu_hbm_read_bytes=10496 lsu_hbm_write_bytes=256 lsu_sram_read_bytes=256 lsu_sram_write_bytes=10496 lsu_residual=0 dte_residual=0
[PROGRAM_IO_PROBE] id=program_output_probe_92321d630bc2e59e core=0 address=16640 bytes=64 expected_checksum=f5a5fd42d16a20302798ef6ed309979b43003d2320d9f0e8ea9831a92759fb4b checksum=f5a5fd42d16a20302798ef6ed309979b43003d2320d9f0e8ea9831a92759fb4b valid=1 exact=1 pass=1
[PROGRAM_IO_PROBE] id=program_output_probe_0abc8dfa70d9c220 core=4 address=16640 bytes=64 expected_checksum=f5a5fd42d16a20302798ef6ed309979b43003d2320d9f0e8ea9831a92759fb4b checksum=f5a5fd42d16a20302798ef6ed309979b43003d2320d9f0e8ea9831a92759fb4b valid=1 exact=1 pass=1
[PROGRAM_IO_PROBE] id=program_output_probe_6a1b5cd3007538a6 core=8 address=16640 bytes=64 expected_checksum=f5a5fd42d16a20302798ef6ed309979b43003d2320d9f0e8ea9831a92759fb4b checksum=f5a5fd42d16a20302798ef6ed309979b43003d2320d9f0e8ea9831a92759fb4b valid=1 exact=1 pass=1
[PROGRAM_IO_PROBE] id=program_output_probe_8865f4b69fec940d core=12 address=16640 bytes=64 expected_checksum=f5a5fd42d16a20302798ef6ed309979b43003d2320d9f0e8ea9831a92759fb4b checksum=f5a5fd42d16a20302798ef6ed309979b43003d2320d9f0e8ea9831a92759fb4b valid=1 exact=1 pass=1
[PROGRAM_IO_PROBE] id=program_output_probe_66ee0fc332c35162 die=1 address=1058880 bytes=64 expected_checksum=57a5086b456554c597fd577e64cd4c78f15011cf2f658723f3d31cd65b45b0f7 checksum=57a5086b456554c597fd577e64cd4c78f15011cf2f658723f3d31cd65b45b0f7 valid=1 exact=1 pass=1
[PROGRAM_IO_PROBE] id=program_output_probe_c17d0a4af1b06d07 die=1 address=1059008 bytes=64 expected_checksum=ee4c1b02478a22621cfaabbe7b1dcac353ee6f2b2deaa5bdd8c98efb14462c95 checksum=ee4c1b02478a22621cfaabbe7b1dcac353ee6f2b2deaa5bdd8c98efb14462c95 valid=1 exact=1 pass=1
[PROGRAM_IO_PROBE] id=program_output_probe_69ace740a276731d die=2 address=2107392 bytes=64 expected_checksum=4fe5c452d2c877effb5a7119fdacb8fcb237fb90c5fbd5ba2b9d010b99bb6f0c checksum=4fe5c452d2c877effb5a7119fdacb8fcb237fb90c5fbd5ba2b9d010b99bb6f0c valid=1 exact=1 pass=1
[PROGRAM_IO_PROBE] id=program_output_probe_46826bb713793848 die=2 address=2107456 bytes=64 expected_checksum=16213d1d75c9aac7be8021b4586843fa20b11e44a75e0ee01af24c986b07976d checksum=16213d1d75c9aac7be8021b4586843fa20b11e44a75e0ee01af24c986b07976d valid=1 exact=1 pass=1
[PROGRAM_IO_PROBE] id=program_output_probe_069d1466d715aafc die=0 address=10304 bytes=64 expected_checksum=59b34b869c796caa319775eb6263ca2228647c50318cf3338d403510f4167b7e checksum=59b34b869c796caa319775eb6263ca2228647c50318cf3338d403510f4167b7e valid=1 exact=1 pass=1
[PROGRAM_IO_PROBE] id=program_output_probe_def8c6f5beace1c2 die=3 address=3156032 bytes=64 expected_checksum=4c0f612565c3ab14ef5f3af3b2e07a45abf04160144014c9886d60a435170ff2 checksum=4c0f612565c3ab14ef5f3af3b2e07a45abf04160144014c9886d60a435170ff2 valid=1 exact=1 pass=1
[PROGRAM_IO_PROBE] id=program_output_probe_68f9ad12e80bc616 die=2 address=2107520 bytes=64 expected_checksum=d183fbd041f2a6c47d73f1058aac61e04091a385c5d5e94b70cf40c66894f2f1 checksum=d183fbd041f2a6c47d73f1058aac61e04091a385c5d5e94b70cf40c66894f2f1 valid=1 exact=1 pass=1
[PROGRAM_IO_PROBE] id=program_output_probe_f8eb504c0b8a7a04 die=2 address=2107584 bytes=64 expected_checksum=0eb2aa6aed3f69af7669475a8595daa42729bb95735c09a2fa5a578553a96dba checksum=0eb2aa6aed3f69af7669475a8595daa42729bb95735c09a2fa5a578553a96dba valid=1 exact=1 pass=1
[PROGRAM_IO_PROBE] id=program_output_probe_b1b7e03831a3bab4 die=0 address=10240 bytes=64 expected_checksum=ff4feab49f0a1fedc68f4f1647b7730f1c563fbd53bafae79f7c96a77b35e870 checksum=ff4feab49f0a1fedc68f4f1647b7730f1c563fbd53bafae79f7c96a77b35e870 valid=1 exact=1 pass=1
[PROGRAM_IO_PROBE] id=program_output_probe_96c2b8b9f37b1212 die=3 address=3155968 bytes=64 expected_checksum=96ad14a7456f22a8d968b91f9381a44b3dac810abeef2263372001ea871e7b29 checksum=96ad14a7456f22a8d968b91f9381a44b3dac810abeef2263372001ea871e7b29 valid=1 exact=1 pass=1
[PROGRAM_IO_PROBE] id=program_output_probe_fd7390e44d891f0a die=1 address=1058816 bytes=64 expected_checksum=60790673ab29e3683284e43975a873170d72a46aa3b58efef647a6321f006e3e checksum=60790673ab29e3683284e43975a873170d72a46aa3b58efef647a6321f006e3e valid=1 exact=1 pass=1
[PROGRAM_IO_PROBE] id=program_output_probe_d43625d6cde9dbde die=0 address=10432 bytes=64 expected_checksum=68e7a345054ff6bca6da0c2cb61a550f748b130be529cd9ee67f12ddf714fd42 checksum=68e7a345054ff6bca6da0c2cb61a550f748b130be529cd9ee67f12ddf714fd42 valid=1 exact=1 pass=1
[PROGRAM_IO_PROBE] id=program_output_probe_75bf60523f564cef die=3 address=3156160 bytes=64 expected_checksum=e63e0cec9d8acdade8ea535c54626175cc7c0a7742b70f8060844d04afa6ca72 checksum=e63e0cec9d8acdade8ea535c54626175cc7c0a7742b70f8060844d04afa6ca72 valid=1 exact=1 pass=1
[PROGRAM_IO_PROBE] id=program_output_probe_0cf338b5114c085d die=1 address=1058944 bytes=64 expected_checksum=928ca3848d77f16585c375e2bc5442d6317d1fe19871fb25a8e29ca9d78aaf57 checksum=928ca3848d77f16585c375e2bc5442d6317d1fe19871fb25a8e29ca9d78aaf57 valid=1 exact=1 pass=1
[PROGRAM_IO_PROBE] id=program_output_probe_626535397a1deafd die=0 address=10368 bytes=64 expected_checksum=03ade3fbdbb6324d51fd73d52314b843736ed1ad505c1a2840b9c66ff730b450 checksum=03ade3fbdbb6324d51fd73d52314b843736ed1ad505c1a2840b9c66ff730b450 valid=1 exact=1 pass=1
[PROGRAM_IO_PROBE] id=program_output_probe_4c5667bdca3c2854 die=3 address=3156096 bytes=64 expected_checksum=7c1dc1c03a433bca9c99a58b8a4b1d354a582c43a512b1162f1ec90499422285 checksum=7c1dc1c03a433bca9c99a58b8a4b1d354a582c43a512b1162f1ec90499422285 valid=1 exact=1 pass=1
[PROGRAM_IO] phase=verify mode=timing initializations=372 probes=20 checksum=fcdbcb09f4e634482d8174c7bc351cd38747c57e241cc1ea687af352e1c654e7 pass=1
[INFO][0m[92m[SYSTEM][0m             [D2D] in_pkts=928 out_pkts=928 busy_cycles=0 stall_cycles=0.                                                   | [36m16546 ns[0m
[INFO][0m[92m[SYSTEM][0m             [D2D_TYPE] request_in=128 request_out=128 ack_in=256 ack_out=256 data_in=512 data_out=512.                     | [36m16546 ns[0m
[INFO][0m[92m[SYSTEM][0m             [D2D_DATA] in_pkts=512 out_pkts=512 in_seqhash=2757436829178307471 out_seqhash=1696583730245259819 in_csum=10486375874521451439 out_csum=12135921322876028575 out_inorder=0 out_minseq=1 out_maxseq=4 out_endseq=4 out_end_count=128 out_end_length=128 in_first_cycle=1595 in_last_cycle=8201 out_first_cycle=1598 out_last_cycle=8204. | [36m16546 ns[0m
[INFO][0m[92m[SYSTEM][0m             [V5_SUBFLOW] idx=0 source=0 tag=2 subflow=0 in=4 out=4 in_seqhash=15523928324350559131 out_seqhash=15523928324350559131 in_csum=1806765951601263986 out_csum=1806765951601263986 inorder=1 minseq=1 maxseq=4 endseq=4 ends=1 end_length=128. | [36m16546 ns[0m
[INFO][0m[92m[SYSTEM][0m             [V5_SUBFLOW] idx=0 source=0 tag=5 subflow=0 in=4 out=4 in_seqhash=15523928324350559131 out_seqhash=15523928324350559131 in_csum=11923328458303128946 out_csum=11923328458303128946 inorder=1 minseq=1 maxseq=4 endseq=4 ends=1 end_length=128. | [36m16546 ns[0m
[INFO][0m[92m[SYSTEM][0m             [V5_SUBFLOW] idx=0 source=0 tag=8 subflow=0 in=4 out=4 in_seqhash=15523928324350559131 out_seqhash=15523928324350559131 in_csum=6829686911002920306 out_csum=6829686911002920306 inorder=1 minseq=1 maxseq=4 endseq=4 ends=1 end_length=128. | [36m16546 ns[0m
[INFO][0m[92m[SYSTEM][0m             [V5_SUBFLOW] idx=0 source=0 tag=11 subflow=0 in=4 out=4 in_seqhash=15523928324350559131 out_seqhash=15523928324350559131 in_csum=6570659563684939122 out_csum=6570659563684939122 inorder=1 minseq=1 maxseq=4 endseq=4 ends=1 end_length=128. | [36m16546 ns[0m
[INFO][0m[92m[SYSTEM][0m             [V5_SUBFLOW] idx=0 source=0 tag=14 subflow=0 in=4 out=4 in_seqhash=15523928324350559131 out_seqhash=15523928324350559131 in_csum=3518415284978763122 out_csum=3518415284978763122 inorder=1 minseq=1 maxseq=4 endseq=4 ends=1 end_length=128. | [36m16546 ns[0m
[INFO][0m[92m[SYSTEM][0m             [V5_SUBFLOW] idx=0 source=0 tag=17 subflow=0 in=4 out=4 in_seqhash=15523928324350559131 out_seqhash=15523928324350559131 in_csum=15175771814194759026 out_csum=15175771814194759026 inorder=1 minseq=1 maxseq=4 endseq=4 ends=1 end_length=128. | [36m16546 ns[0m
[INFO][0m[92m[SYSTEM][0m             [V5_SUBFLOW] idx=0 source=0 tag=20 subflow=0 in=4 out=4 in_seqhash=15523928324350559131 out_seqhash=15523928324350559131 in_csum=11813764323618506098 out_csum=11813764323618506098 inorder=1 minseq=1 maxseq=4 endseq=4 ends=1 end_length=128. | [36m16546 ns[0m
[INFO][0m[92m[SYSTEM][0m             [V5_SUBFLOW] idx=0 source=0 tag=23 subflow=0 in=4 out=4 in_seqhash=15523928324350559131 out_seqhash=15523928324350559131 in_csum=16317575057221535090 out_csum=16317575057221535090 inorder=1 minseq=1 maxseq=4 endseq=4 ends=1 end_length=128. | [36m16546 ns[0m
[INFO][0m[92m[SYSTEM][0m             [V5_SUBFLOW] idx=0 source=4 tag=2 subflow=0 in=4 out=4 in_seqhash=15523928324350559131 out_seqhash=15523928324350559131 in_csum=1806765951601263986 out_csum=1806765951601263986 inorder=1 minseq=1 maxseq=4 endseq=4 ends=1 end_length=128. | [36m16546 ns[0m
[INFO][0m[92m[SYSTEM][0m             [V5_SUBFLOW] idx=0 source=4 tag=5 subflow=0 in=4 out=4 in_seqhash=15523928324350559131 out_seqhash=15523928324350559131 in_csum=11923328458303128946 out_csum=11923328458303128946 inorder=1 minseq=1 maxseq=4 endseq=4 ends=1 end_length=128. | [36m16546 ns[0m
[INFO][0m[92m[SYSTEM][0m             [V5_SUBFLOW] idx=0 source=4 tag=8 subflow=0 in=4 out=4 in_seqhash=15523928324350559131 out_seqhash=15523928324350559131 in_csum=6829686911002920306 out_csum=6829686911002920306 inorder=1 minseq=1 maxseq=4 endseq=4 ends=1 end_length=128. | [36m16546 ns[0m
[INFO][0m[92m[SYSTEM][0m             [V5_SUBFLOW] idx=0 source=4 tag=11 subflow=0 in=4 out=4 in_seqhash=15523928324350559131 out_seqhash=15523928324350559131 in_csum=6570659563684939122 out_csum=6570659563684939122 inorder=1 minseq=1 maxseq=4 endseq=4 ends=1 end_length=128. | [36m16546 ns[0m
[INFO][0m[92m[SYSTEM][0m             [V5_SUBFLOW] idx=0 source=4 tag=14 subflow=0 in=4 out=4 in_seqhash=15523928324350559131 out_seqhash=15523928324350559131 in_csum=3518415284978763122 out_csum=3518415284978763122 inorder=1 minseq=1 maxseq=4 endseq=4 ends=1 end_length=128. | [36m16546 ns[0m
[INFO][0m[92m[SYSTEM][0m             [V5_SUBFLOW] idx=0 source=4 tag=17 subflow=0 in=4 out=4 in_seqhash=15523928324350559131 out_seqhash=15523928324350559131 in_csum=15175771814194759026 out_csum=15175771814194759026 inorder=1 minseq=1 maxseq=4 endseq=4 ends=1 end_length=128. | [36m16546 ns[0m
[INFO][0m[92m[SYSTEM][0m             [V5_SUBFLOW] idx=0 source=4 tag=20 subflow=0 in=4 out=4 in_seqhash=15523928324350559131 out_seqhash=15523928324350559131 in_csum=11813764323618506098 out_csum=11813764323618506098 inorder=1 minseq=1 maxseq=4 endseq=4 ends=1 end_length=128. | [36m16546 ns[0m
[INFO][0m[92m[SYSTEM][0m             [V5_SUBFLOW] idx=0 source=4 tag=23 subflow=0 in=4 out=4 in_seqhash=15523928324350559131 out_seqhash=15523928324350559131 in_csum=16317575057221535090 out_csum=16317575057221535090 inorder=1 minseq=1 maxseq=4 endseq=4 ends=1 end_length=128. | [36m16546 ns[0m
[INFO][0m[92m[SYSTEM][0m             [V5_SUBFLOW] idx=1 source=0 tag=1 subflow=0 in=4 out=4 in_seqhash=15523928324350559131 out_seqhash=15523928324350559131 in_csum=18347627432769930610 out_csum=18347627432769930610 inorder=1 minseq=1 maxseq=4 endseq=4 ends=1 end_length=128. | [36m16546 ns[0m
[INFO][0m[92m[SYSTEM][0m             [V5_SUBFLOW] idx=1 source=0 tag=3 subflow=0 in=4 out=4 in_seqhash=15523928324350559131 out_seqhash=15523928324350559131 in_csum=16568413615597995378 out_csum=16568413615597995378 inorder=1 minseq=1 maxseq=4 endseq=4 ends=1 end_length=128. | [36m16546 ns[0m
[INFO][0m[92m[SYSTEM][0m             [V5_SUBFLOW] idx=1 source=0 tag=4 subflow=0 in=4 out=4 in_seqhash=15523928324350559131 out_seqhash=15523928324350559131 in_csum=5919170204855092594 out_csum=5919170204855092594 inorder=1 minseq=1 maxseq=4 endseq=4 ends=1 end_length=128. | [36m16546 ns[0m
[INFO][0m[92m[SYSTEM][0m             [V5_SUBFLOW] idx=1 source=0 tag=6 subflow=0 in=4 out=4 in_seqhash=15523928324350559131 out_seqhash=15523928324350559131 in_csum=1529768559901066610 out_csum=1529768559901066610 inorder=1 minseq=1 maxseq=4 endseq=4 ends=1 end_length=128. | [36m16546 ns[0m
[INFO][0m[92m[SYSTEM][0m             [V5_SUBFLOW] idx=1 source=0 tag=7 subflow=0 in=4 out=4 in_seqhash=15523928324350559131 out_seqhash=15523928324350559131 in_csum=8168647849982477682 out_csum=8168647849982477682 inorder=1 minseq=1 maxseq=4 endseq=4 ends=1 end_length=128. | [36m16546 ns[0m
[INFO][0m[92m[SYSTEM][0m             [V5_SUBFLOW] idx=1 source=0 tag=9 subflow=0 in=4 out=4 in_seqhash=15523928324350559131 out_seqhash=15523928324350559131 in_csum=12513062888639219058 out_csum=12513062888639219058 inorder=1 minseq=1 maxseq=4 endseq=4 ends=1 end_length=128. | [36m16546 ns[0m
[INFO][0m[92m[SYSTEM][0m             [V5_SUBFLOW] idx=1 source=0 tag=10 subflow=0 in=4 out=4 in_seqhash=15523928324350559131 out_seqhash=15523928324350559131 in_csum=9127562726891505010 out_csum=9127562726891505010 inorder=1 minseq=1 maxseq=4 endseq=4 ends=1 end_length=128. | [36m16546 ns[0m
[INFO][0m[92m[SYSTEM][0m             [V5_SUBFLOW] idx=1 source=0 tag=12 subflow=0 in=4 out=4 in_seqhash=15523928324350559131 out_seqhash=15523928324350559131 in_csum=4981073986838775154 out_csum=4981073986838775154 inorder=1 minseq=1 maxseq=4 endseq=4 ends=1 end_length=128. | [36m16546 ns[0m
[INFO][0m[92m[SYSTEM][0m             [V5_SUBFLOW] idx=1 source=0 tag=13 subflow=0 in=4 out=4 in_seqhash=15523928324350559131 out_seqhash=15523928324350559131 in_csum=14851145272070161778 out_csum=14851145272070161778 inorder=1 minseq=1 maxseq=4 endseq=4 ends=1 end_length=128. | [36m16546 ns[0m
[INFO][0m[92m[SYSTEM][0m             [V5_SUBFLOW] idx=1 source=0 tag=15 subflow=0 in=4 out=4 in_seqhash=15523928324350559131 out_seqhash=15523928324350559131 in_csum=16234021343265736050 out_csum=16234021343265736050 inorder=1 minseq=1 maxseq=4 endseq=4 ends=1 end_length=128. | [36m16546 ns[0m
[INFO][0m[92m[SYSTEM][0m             [V5_SUBFLOW] idx=1 source=0 tag=16 subflow=0 in=4 out=4 in_seqhash=15523928324350559131 out_seqhash=15523928324350559131 in_csum=4255934567471826290 out_csum=4255934567471826290 inorder=1 minseq=1 maxseq=4 endseq=4 ends=1 end_length=128. | [36m16546 ns[0m
[INFO][0m[92m[SYSTEM][0m             [V5_SUBFLOW] idx=1 source=0 tag=18 subflow=0 in=4 out=4 in_seqhash=15523928324350559131 out_seqhash=15523928324350559131 in_csum=11868062979506750834 out_csum=11868062979506750834 inorder=1 minseq=1 maxseq=4 endseq=4 ends=1 end_length=128. | [36m16546 ns[0m
[INFO][0m[92m[SYSTEM][0m             [V5_SUBFLOW] idx=1 source=0 tag=19 subflow=0 in=4 out=4 in_seqhash=15523928324350559131 out_seqhash=15523928324350559131 in_csum=16298771077293065586 out_csum=16298771077293065586 inorder=1 minseq=1 maxseq=4 endseq=4 ends=1 end_length=128. | [36m16546 ns[0m
[INFO][0m[92m[SYSTEM][0m             [V5_SUBFLOW] idx=1 source=0 tag=21 subflow=0 in=4 out=4 in_seqhash=15523928324350559131 out_seqhash=15523928324350559131 in_csum=17220168924171519346 out_csum=17220168924171519346 inorder=1 minseq=1 maxseq=4 endseq=4 ends=1 end_length=128. | [36m16546 ns[0m
[INFO][0m[92m[SYSTEM][0m             [V5_SUBFLOW] idx=1 source=0 tag=22 subflow=0 in=4 out=4 in_seqhash=15523928324350559131 out_seqhash=15523928324350559131 in_csum=14683878767159854450 out_csum=14683878767159854450 inorder=1 minseq=1 maxseq=4 endseq=4 ends=1 end_length=128. | [36m16546 ns[0m
[INFO][0m[92m[SYSTEM][0m             [V5_SUBFLOW] idx=1 source=0 tag=24 subflow=0 in=4 out=4 in_seqhash=15523928324350559131 out_seqhash=15523928324350559131 in_csum=6128365991911409010 out_csum=6128365991911409010 inorder=1 minseq=1 maxseq=4 endseq=4 ends=1 end_length=128. | [36m16546 ns[0m
[INFO][0m[92m[SYSTEM][0m             [V5_SUBFLOW] idx=2 source=0 tag=3 subflow=0 in=4 out=4 in_seqhash=15523928324350559131 out_seqhash=15523928324350559131 in_csum=6036745886992090482 out_csum=6036745886992090482 inorder=1 minseq=1 maxseq=4 endseq=4 ends=1 end_length=128. | [36m16546 ns[0m
[INFO][0m[92m[SYSTEM][0m             [V5_SUBFLOW] idx=2 source=0 tag=6 subflow=0 in=4 out=4 in_seqhash=15523928324350559131 out_seqhash=15523928324350559131 in_csum=12305756568291820914 out_csum=12305756568291820914 inorder=1 minseq=1 maxseq=4 endseq=4 ends=1 end_length=128. | [36m16546 ns[0m
[INFO][0m[92m[SYSTEM][0m             [V5_SUBFLOW] idx=2 source=0 tag=9 subflow=0 in=4 out=4 in_seqhash=15523928324350559131 out_seqhash=15523928324350559131 in_csum=16815126432684885362 out_csum=16815126432684885362 inorder=1 minseq=1 maxseq=4 endseq=4 ends=1 end_length=128. | [36m16546 ns[0m
[INFO][0m[92m[SYSTEM][0m             [V5_SUBFLOW] idx=2 source=0 tag=12 subflow=0 in=4 out=4 in_seqhash=15523928324350559131 out_seqhash=15523928324350559131 in_csum=15512741715444680050 out_csum=15512741715444680050 inorder=1 minseq=1 maxseq=4 endseq=4 ends=1 end_length=128. | [36m16546 ns[0m
[INFO][0m[92m[SYSTEM][0m             [V5_SUBFLOW] idx=2 source=0 tag=15 subflow=0 in=4 out=4 in_seqhash=15523928324350559131 out_seqhash=15523928324350559131 in_csum=8808711457638630770 out_csum=8808711457638630770 inorder=1 minseq=1 maxseq=4 endseq=4 ends=1 end_length=128. | [36m16546 ns[0m
[INFO][0m[92m[SYSTEM][0m             [V5_SUBFLOW] idx=2 source=0 tag=18 subflow=0 in=4 out=4 in_seqhash=15523928324350559131 out_seqhash=15523928324350559131 in_csum=13523135842565408114 out_csum=13523135842565408114 inorder=1 minseq=1 maxseq=4 endseq=4 ends=1 end_length=128. | [36m16546 ns[0m
[INFO][0m[92m[SYSTEM][0m             [V5_SUBFLOW] idx=2 source=0 tag=21 subflow=0 in=4 out=4 in_seqhash=15523928324350559131 out_seqhash=15523928324350559131 in_csum=12682792299595744626 out_csum=12682792299595744626 inorder=1 minseq=1 maxseq=4 endseq=4 ends=1 end_length=128. | [36m16546 ns[0m
[INFO][0m[92m[SYSTEM][0m             [V5_SUBFLOW] idx=2 source=0 tag=24 subflow=0 in=4 out=4 in_seqhash=15523928324350559131 out_seqhash=15523928324350559131 in_csum=6452625165082084722 out_csum=6452625165082084722 inorder=1 minseq=1 maxseq=4 endseq=4 ends=1 end_length=128. | [36m16546 ns[0m
[INFO][0m[92m[SYSTEM][0m             [V5_SUBFLOW] idx=2 source=4 tag=3 subflow=0 in=4 out=4 in_seqhash=15523928324350559131 out_seqhash=15523928324350559131 in_csum=6036745886992090482 out_csum=6036745886992090482 inorder=1 minseq=1 maxseq=4 endseq=4 ends=1 end_length=128. | [36m16546 ns[0m
[INFO][0m[92m[SYSTEM][0m             [V5_SUBFLOW] idx=2 source=4 tag=6 subflow=0 in=4 out=4 in_seqhash=15523928324350559131 out_seqhash=15523928324350559131 in_csum=12305756568291820914 out_csum=12305756568291820914 inorder=1 minseq=1 maxseq=4 endseq=4 ends=1 end_length=128. | [36m16546 ns[0m
[INFO][0m[92m[SYSTEM][0m             [V5_SUBFLOW] idx=2 source=4 tag=9 subflow=0 in=4 out=4 in_seqhash=15523928324350559131 out_seqhash=15523928324350559131 in_csum=16815126432684885362 out_csum=16815126432684885362 inorder=1 minseq=1 maxseq=4 endseq=4 ends=1 end_length=128. | [36m16546 ns[0m
[INFO][0m[92m[SYSTEM][0m             [V5_SUBFLOW] idx=2 source=4 tag=12 subflow=0 in=4 out=4 in_seqhash=15523928324350559131 out_seqhash=15523928324350559131 in_csum=15512741715444680050 out_csum=15512741715444680050 inorder=1 minseq=1 maxseq=4 endseq=4 ends=1 end_length=128. | [36m16546 ns[0m
[INFO][0m[92m[SYSTEM][0m             [V5_SUBFLOW] idx=2 source=4 tag=15 subflow=0 in=4 out=4 in_seqhash=15523928324350559131 out_seqhash=15523928324350559131 in_csum=8808711457638630770 out_csum=8808711457638630770 inorder=1 minseq=1 maxseq=4 endseq=4 ends=1 end_length=128. | [36m16546 ns[0m
[INFO][0m[92m[SYSTEM][0m             [V5_SUBFLOW] idx=2 source=4 tag=18 subflow=0 in=4 out=4 in_seqhash=15523928324350559131 out_seqhash=15523928324350559131 in_csum=13523135842565408114 out_csum=13523135842565408114 inorder=1 minseq=1 maxseq=4 endseq=4 ends=1 end_length=128. | [36m16546 ns[0m
[INFO][0m[92m[SYSTEM][0m             [V5_SUBFLOW] idx=2 source=4 tag=21 subflow=0 in=4 out=4 in_seqhash=15523928324350559131 out_seqhash=15523928324350559131 in_csum=12682792299595744626 out_csum=12682792299595744626 inorder=1 minseq=1 maxseq=4 endseq=4 ends=1 end_length=128. | [36m16546 ns[0m
[INFO][0m[92m[SYSTEM][0m             [V5_SUBFLOW] idx=2 source=4 tag=24 subflow=0 in=4 out=4 in_seqhash=15523928324350559131 out_seqhash=15523928324350559131 in_csum=6452625165082084722 out_csum=6452625165082084722 inorder=1 minseq=1 maxseq=4 endseq=4 ends=1 end_length=128. | [36m16546 ns[0m
[INFO][0m[92m[SYSTEM][0m             [V5_SUBFLOW] idx=3 source=4 tag=1 subflow=0 in=4 out=4 in_seqhash=15523928324350559131 out_seqhash=15523928324350559131 in_csum=13647524912644408690 out_csum=13647524912644408690 inorder=1 minseq=1 maxseq=4 endseq=4 ends=1 end_length=128. | [36m16546 ns[0m
[INFO][0m[92m[SYSTEM][0m             [V5_SUBFLOW] idx=3 source=4 tag=2 subflow=0 in=4 out=4 in_seqhash=15523928324350559131 out_seqhash=15523928324350559131 in_csum=4445875333240374642 out_csum=4445875333240374642 inorder=1 minseq=1 maxseq=4 endseq=4 ends=1 end_length=128. | [36m16546 ns[0m
[INFO][0m[92m[SYSTEM][0m             [V5_SUBFLOW] idx=3 source=4 tag=4 subflow=0 in=4 out=4 in_seqhash=15523928324350559131 out_seqhash=15523928324350559131 in_csum=11321415705107547506 out_csum=11321415705107547506 inorder=1 minseq=1 maxseq=4 endseq=4 ends=1 end_length=128. | [36m16546 ns[0m
[INFO][0m[92m[SYSTEM][0m             [V5_SUBFLOW] idx=3 source=4 tag=5 subflow=0 in=4 out=4 in_seqhash=15523928324350559131 out_seqhash=15523928324350559131 in_csum=15198571287308322162 out_csum=15198571287308322162 inorder=1 minseq=1 maxseq=4 endseq=4 ends=1 end_length=128. | [36m16546 ns[0m
[INFO][0m[92m[SYSTEM][0m             [V5_SUBFLOW] idx=3 source=4 tag=7 subflow=0 in=4 out=4 in_seqhash=15523928324350559131 out_seqhash=15523928324350559131 in_csum=813954824498759026 out_csum=813954824498759026 inorder=1 minseq=1 maxseq=4 endseq=4 ends=1 end_length=128. | [36m16546 ns[0m
[INFO][0m[92m[SYSTEM][0m             [V5_SUBFLOW] idx=3 source=4 tag=8 subflow=0 in=4 out=4 in_seqhash=15523928324350559131 out_seqhash=15523928324350559131 in_csum=3965679022971995506 out_csum=3965679022971995506 inorder=1 minseq=1 maxseq=4 endseq=4 ends=1 end_length=128. | [36m16546 ns[0m
[INFO][0m[92m[SYSTEM][0m             [V5_SUBFLOW] idx=3 source=4 tag=10 subflow=0 in=4 out=4 in_seqhash=15523928324350559131 out_seqhash=15523928324350559131 in_csum=2099732518113035634 out_csum=2099732518113035634 inorder=1 minseq=1 maxseq=4 endseq=4 ends=1 end_length=128. | [36m16546 ns[0m
[INFO][0m[92m[SYSTEM][0m             [V5_SUBFLOW] idx=3 source=4 tag=11 subflow=0 in=4 out=4 in_seqhash=15523928324350559131 out_seqhash=15523928324350559131 in_csum=18171932203791336818 out_csum=18171932203791336818 inorder=1 minseq=1 maxseq=4 endseq=4 ends=1 end_length=128. | [36m16546 ns[0m
[INFO][0m[92m[SYSTEM][0m             [V5_SUBFLOW] idx=3 source=4 tag=13 subflow=0 in=4 out=4 in_seqhash=15523928324350559131 out_seqhash=15523928324350559131 in_csum=18414585118216078706 out_csum=18414585118216078706 inorder=1 minseq=1 maxseq=4 endseq=4 ends=1 end_length=128. | [36m16546 ns[0m
[INFO][0m[92m[SYSTEM][0m             [V5_SUBFLOW] idx=3 source=4 tag=14 subflow=0 in=4 out=4 in_seqhash=15523928324350559131 out_seqhash=15523928324350559131 in_csum=13732579239855048050 out_csum=13732579239855048050 inorder=1 minseq=1 maxseq=4 endseq=4 ends=1 end_length=128. | [36m16546 ns[0m
[INFO][0m[92m[SYSTEM][0m             [V5_SUBFLOW] idx=3 source=4 tag=16 subflow=0 in=4 out=4 in_seqhash=15523928324350559131 out_seqhash=15523928324350559131 in_csum=11774027467658282354 out_csum=11774027467658282354 inorder=1 minseq=1 maxseq=4 endseq=4 ends=1 end_length=128. | [36m16546 ns[0m
[INFO][0m[92m[SYSTEM][0m             [V5_SUBFLOW] idx=3 source=4 tag=17 subflow=0 in=4 out=4 in_seqhash=15523928324350559131 out_seqhash=15523928324350559131 in_csum=7390173958378014066 out_csum=7390173958378014066 inorder=1 minseq=1 maxseq=4 endseq=4 ends=1 end_length=128. | [36m16546 ns[0m
[INFO][0m[92m[SYSTEM][0m             [V5_SUBFLOW] idx=3 source=4 tag=19 subflow=0 in=4 out=4 in_seqhash=15523928324350559131 out_seqhash=15523928324350559131 in_csum=5673901772384945522 out_csum=5673901772384945522 inorder=1 minseq=1 maxseq=4 endseq=4 ends=1 end_length=128. | [36m16546 ns[0m
[INFO][0m[92m[SYSTEM][0m             [V5_SUBFLOW] idx=3 source=4 tag=20 subflow=0 in=4 out=4 in_seqhash=15523928324350559131 out_seqhash=15523928324350559131 in_csum=4316678318930183538 out_csum=4316678318930183538 inorder=1 minseq=1 maxseq=4 endseq=4 ends=1 end_length=128. | [36m16546 ns[0m
[INFO][0m[92m[SYSTEM][0m             [V5_SUBFLOW] idx=3 source=4 tag=22 subflow=0 in=4 out=4 in_seqhash=15523928324350559131 out_seqhash=15523928324350559131 in_csum=17822924717170279794 out_csum=17822924717170279794 inorder=1 minseq=1 maxseq=4 endseq=4 ends=1 end_length=128. | [36m16546 ns[0m
[INFO][0m[92m[SYSTEM][0m             [V5_SUBFLOW] idx=3 source=4 tag=23 subflow=0 in=4 out=4 in_seqhash=15523928324350559131 out_seqhash=15523928324350559131 in_csum=5244349473424328050 out_csum=5244349473424328050 inorder=1 minseq=1 maxseq=4 endseq=4 ends=1 end_length=128. | [36m16546 ns[0m
[INFO][0m[92m[SYSTEM][0m             [V5_SUBFLOW] idx=4 source=8 tag=1 subflow=0 in=4 out=4 in_seqhash=15523928324350559131 out_seqhash=15523928324350559131 in_csum=12935520421729988310 out_csum=12935520421729988310 inorder=1 minseq=1 maxseq=4 endseq=4 ends=1 end_length=128. | [36m16546 ns[0m
[INFO][0m[92m[SYSTEM][0m             [V5_SUBFLOW] idx=4 source=8 tag=4 subflow=0 in=4 out=4 in_seqhash=15523928324350559131 out_seqhash=15523928324350559131 in_csum=9724664993647357654 out_csum=9724664993647357654 inorder=1 minseq=1 maxseq=4 endseq=4 ends=1 end_length=128. | [36m16546 ns[0m
[INFO][0m[92m[SYSTEM][0m             [V5_SUBFLOW] idx=4 source=8 tag=7 subflow=0 in=4 out=4 in_seqhash=15523928324350559131 out_seqhash=15523928324350559131 in_csum=5517528885497360086 out_csum=5517528885497360086 inorder=1 minseq=1 maxseq=4 endseq=4 ends=1 end_length=128. | [36m16546 ns[0m
[INFO][0m[92m[SYSTEM][0m             [V5_SUBFLOW] idx=4 source=8 tag=10 subflow=0 in=4 out=4 in_seqhash=15523928324350559131 out_seqhash=15523928324350559131 in_csum=17180796389224279766 out_csum=17180796389224279766 inorder=1 minseq=1 maxseq=4 endseq=4 ends=1 end_length=128. | [36m16546 ns[0m
[INFO][0m[92m[SYSTEM][0m             [V5_SUBFLOW] idx=4 source=8 tag=13 subflow=0 in=4 out=4 in_seqhash=15523928324350559131 out_seqhash=15523928324350559131 in_csum=9451986109958909654 out_csum=9451986109958909654 inorder=1 minseq=1 maxseq=4 endseq=4 ends=1 end_length=128. | [36m16546 ns[0m
[INFO][0m[92m[SYSTEM][0m             [V5_SUBFLOW] idx=4 source=8 tag=16 subflow=0 in=4 out=4 in_seqhash=15523928324350559131 out_seqhash=15523928324350559131 in_csum=8538247966811942614 out_csum=8538247966811942614 inorder=1 minseq=1 maxseq=4 endseq=4 ends=1 end_length=128. | [36m16546 ns[0m
[INFO][0m[92m[SYSTEM][0m             [V5_SUBFLOW] idx=4 source=8 tag=19 subflow=0 in=4 out=4 in_seqhash=15523928324350559131 out_seqhash=15523928324350559131 in_csum=5949874449724927702 out_csum=5949874449724927702 inorder=1 minseq=1 maxseq=4 endseq=4 ends=1 end_length=128. | [36m16546 ns[0m
[INFO][0m[92m[SYSTEM][0m             [V5_SUBFLOW] idx=4 source=8 tag=22 subflow=0 in=4 out=4 in_seqhash=15523928324350559131 out_seqhash=15523928324350559131 in_csum=6168932350349995734 out_csum=6168932350349995734 inorder=1 minseq=1 maxseq=4 endseq=4 ends=1 end_length=128. | [36m16546 ns[0m
[INFO][0m[92m[SYSTEM][0m             [V5_SUBFLOW] idx=4 source=12 tag=1 subflow=0 in=4 out=4 in_seqhash=15523928324350559131 out_seqhash=15523928324350559131 in_csum=12935520421729988310 out_csum=12935520421729988310 inorder=1 minseq=1 maxseq=4 endseq=4 ends=1 end_length=128. | [36m16546 ns[0m
[INFO][0m[92m[SYSTEM][0m             [V5_SUBFLOW] idx=4 source=12 tag=4 subflow=0 in=4 out=4 in_seqhash=15523928324350559131 out_seqhash=15523928324350559131 in_csum=9724664993647357654 out_csum=9724664993647357654 inorder=1 minseq=1 maxseq=4 endseq=4 ends=1 end_length=128. | [36m16546 ns[0m
[INFO][0m[92m[SYSTEM][0m             [V5_SUBFLOW] idx=4 source=12 tag=7 subflow=0 in=4 out=4 in_seqhash=15523928324350559131 out_seqhash=15523928324350559131 in_csum=5517528885497360086 out_csum=5517528885497360086 inorder=1 minseq=1 maxseq=4 endseq=4 ends=1 end_length=128. | [36m16546 ns[0m
[INFO][0m[92m[SYSTEM][0m             [V5_SUBFLOW] idx=4 source=12 tag=10 subflow=0 in=4 out=4 in_seqhash=15523928324350559131 out_seqhash=15523928324350559131 in_csum=17180796389224279766 out_csum=17180796389224279766 inorder=1 minseq=1 maxseq=4 endseq=4 ends=1 end_length=128. | [36m16546 ns[0m
[INFO][0m[92m[SYSTEM][0m             [V5_SUBFLOW] idx=4 source=12 tag=13 subflow=0 in=4 out=4 in_seqhash=15523928324350559131 out_seqhash=15523928324350559131 in_csum=9451986109958909654 out_csum=9451986109958909654 inorder=1 minseq=1 maxseq=4 endseq=4 ends=1 end_length=128. | [36m16546 ns[0m
[INFO][0m[92m[SYSTEM][0m             [V5_SUBFLOW] idx=4 source=12 tag=16 subflow=0 in=4 out=4 in_seqhash=15523928324350559131 out_seqhash=15523928324350559131 in_csum=8538247966811942614 out_csum=8538247966811942614 inorder=1 minseq=1 maxseq=4 endseq=4 ends=1 end_length=128. | [36m16546 ns[0m
[INFO][0m[92m[SYSTEM][0m             [V5_SUBFLOW] idx=4 source=12 tag=19 subflow=0 in=4 out=4 in_seqhash=15523928324350559131 out_seqhash=15523928324350559131 in_csum=5949874449724927702 out_csum=5949874449724927702 inorder=1 minseq=1 maxseq=4 endseq=4 ends=1 end_length=128. | [36m16546 ns[0m
[INFO][0m[92m[SYSTEM][0m             [V5_SUBFLOW] idx=4 source=12 tag=22 subflow=0 in=4 out=4 in_seqhash=15523928324350559131 out_seqhash=15523928324350559131 in_csum=6168932350349995734 out_csum=6168932350349995734 inorder=1 minseq=1 maxseq=4 endseq=4 ends=1 end_length=128. | [36m16546 ns[0m
[INFO][0m[92m[SYSTEM][0m             [V5_SUBFLOW] idx=5 source=8 tag=2 subflow=0 in=4 out=4 in_seqhash=15523928324350559131 out_seqhash=15523928324350559131 in_csum=8141605278442778326 out_csum=8141605278442778326 inorder=1 minseq=1 maxseq=4 endseq=4 ends=1 end_length=128. | [36m16546 ns[0m
[INFO][0m[92m[SYSTEM][0m             [V5_SUBFLOW] idx=5 source=8 tag=3 subflow=0 in=4 out=4 in_seqhash=15523928324350559131 out_seqhash=15523928324350559131 in_csum=18022205915444735702 out_csum=18022205915444735702 inorder=1 minseq=1 maxseq=4 endseq=4 ends=1 end_length=128. | [36m16546 ns[0m
[INFO][0m[92m[SYSTEM][0m             [V5_SUBFLOW] idx=5 source=8 tag=5 subflow=0 in=4 out=4 in_seqhash=15523928324350559131 out_seqhash=15523928324350559131 in_csum=16179826925857337046 out_csum=16179826925857337046 inorder=1 minseq=1 maxseq=4 endseq=4 ends=1 end_length=128. | [36m16546 ns[0m
[INFO][0m[92m[SYSTEM][0m             [V5_SUBFLOW] idx=5 source=8 tag=6 subflow=0 in=4 out=4 in_seqhash=15523928324350559131 out_seqhash=15523928324350559131 in_csum=8335948279389286102 out_csum=8335948279389286102 inorder=1 minseq=1 maxseq=4 endseq=4 ends=1 end_length=128. | [36m16546 ns[0m
[INFO][0m[92m[SYSTEM][0m             [V5_SUBFLOW] idx=5 source=8 tag=8 subflow=0 in=4 out=4 in_seqhash=15523928324350559131 out_seqhash=15523928324350559131 in_csum=9563757598273367766 out_csum=9563757598273367766 inorder=1 minseq=1 maxseq=4 endseq=4 ends=1 end_length=128. | [36m16546 ns[0m
[INFO][0m[92m[SYSTEM][0m             [V5_SUBFLOW] idx=5 source=8 tag=9 subflow=0 in=4 out=4 in_seqhash=15523928324350559131 out_seqhash=15523928324350559131 in_csum=4942767435142328022 out_csum=4942767435142328022 inorder=1 minseq=1 maxseq=4 endseq=4 ends=1 end_length=128. | [36m16546 ns[0m
[INFO][0m[92m[SYSTEM][0m             [V5_SUBFLOW] idx=5 source=8 tag=11 subflow=0 in=4 out=4 in_seqhash=15523928324350559131 out_seqhash=15523928324350559131 in_csum=5830695719648292566 out_csum=5830695719648292566 inorder=1 minseq=1 maxseq=4 endseq=4 ends=1 end_length=128. | [36m16546 ns[0m
[INFO][0m[92m[SYSTEM][0m             [V5_SUBFLOW] idx=5 source=8 tag=12 subflow=0 in=4 out=4 in_seqhash=15523928324350559131 out_seqhash=15523928324350559131 in_csum=15284298816980184790 out_csum=15284298816980184790 inorder=1 minseq=1 maxseq=4 endseq=4 ends=1 end_length=128. | [36m16546 ns[0m
[INFO][0m[92m[SYSTEM][0m             [V5_SUBFLOW] idx=5 source=8 tag=14 subflow=0 in=4 out=4 in_seqhash=15523928324350559131 out_seqhash=15523928324350559131 in_csum=11239518872120258262 out_csum=11239518872120258262 inorder=1 minseq=1 maxseq=4 endseq=4 ends=1 end_length=128. | [36m16546 ns[0m
[INFO][0m[92m[SYSTEM][0m             [V5_SUBFLOW] idx=5 source=8 tag=15 subflow=0 in=4 out=4 in_seqhash=15523928324350559131 out_seqhash=15523928324350559131 in_csum=16809893190751940310 out_csum=16809893190751940310 inorder=1 minseq=1 maxseq=4 endseq=4 ends=1 end_length=128. | [36m16546 ns[0m
[INFO][0m[92m[SYSTEM][0m             [V5_SUBFLOW] idx=5 source=8 tag=17 subflow=0 in=4 out=4 in_seqhash=15523928324350559131 out_seqhash=15523928324350559131 in_csum=6599263143556738774 out_csum=6599263143556738774 inorder=1 minseq=1 maxseq=4 endseq=4 ends=1 end_length=128. | [36m16546 ns[0m
[INFO][0m[92m[SYSTEM][0m             [V5_SUBFLOW] idx=5 source=8 tag=18 subflow=0 in=4 out=4 in_seqhash=15523928324350559131 out_seqhash=15523928324350559131 in_csum=5487702990054158038 out_csum=5487702990054158038 inorder=1 minseq=1 maxseq=4 endseq=4 ends=1 end_length=128. | [36m16546 ns[0m
[INFO][0m[92m[SYSTEM][0m             [V5_SUBFLOW] idx=5 source=8 tag=20 subflow=0 in=4 out=4 in_seqhash=15523928324350559131 out_seqhash=15523928324350559131 in_csum=3031567813749173974 out_csum=3031567813749173974 inorder=1 minseq=1 maxseq=4 endseq=4 ends=1 end_length=128. | [36m16546 ns[0m
[INFO][0m[92m[SYSTEM][0m             [V5_SUBFLOW] idx=5 source=8 tag=21 subflow=0 in=4 out=4 in_seqhash=15523928324350559131 out_seqhash=15523928324350559131 in_csum=9827484180979052246 out_csum=9827484180979052246 inorder=1 minseq=1 maxseq=4 endseq=4 ends=1 end_length=128. | [36m16546 ns[0m
[INFO][0m[92m[SYSTEM][0m             [V5_SUBFLOW] idx=5 source=8 tag=23 subflow=0 in=4 out=4 in_seqhash=15523928324350559131 out_seqhash=15523928324350559131 in_csum=16270602605846523606 out_csum=16270602605846523606 inorder=1 minseq=1 maxseq=4 endseq=4 ends=1 end_length=128. | [36m16546 ns[0m
[INFO][0m[92m[SYSTEM][0m             [V5_SUBFLOW] idx=5 source=8 tag=24 subflow=0 in=4 out=4 in_seqhash=15523928324350559131 out_seqhash=15523928324350559131 in_csum=4612456549972373206 out_csum=4612456549972373206 inorder=1 minseq=1 maxseq=4 endseq=4 ends=1 end_length=128. | [36m16546 ns[0m
[INFO][0m[92m[SYSTEM][0m             [V5_SUBFLOW] idx=6 source=8 tag=2 subflow=0 in=4 out=4 in_seqhash=15523928324350559131 out_seqhash=15523928324350559131 in_csum=4670737340623679190 out_csum=4670737340623679190 inorder=1 minseq=1 maxseq=4 endseq=4 ends=1 end_length=128. | [36m16546 ns[0m
[INFO][0m[92m[SYSTEM][0m             [V5_SUBFLOW] idx=6 source=8 tag=5 subflow=0 in=4 out=4 in_seqhash=15523928324350559131 out_seqhash=15523928324350559131 in_csum=8231536533501832918 out_csum=8231536533501832918 inorder=1 minseq=1 maxseq=4 endseq=4 ends=1 end_length=128. | [36m16546 ns[0m
[INFO][0m[92m[SYSTEM][0m             [V5_SUBFLOW] idx=6 source=8 tag=8 subflow=0 in=4 out=4 in_seqhash=15523928324350559131 out_seqhash=15523928324350559131 in_csum=16153649753023246038 out_csum=16153649753023246038 inorder=1 minseq=1 maxseq=4 endseq=4 ends=1 end_length=128. | [36m16546 ns[0m
[INFO][0m[92m[SYSTEM][0m             [V5_SUBFLOW] idx=6 source=8 tag=11 subflow=0 in=4 out=4 in_seqhash=15523928324350559131 out_seqhash=15523928324350559131 in_csum=7508568055820512982 out_csum=7508568055820512982 inorder=1 minseq=1 maxseq=4 endseq=4 ends=1 end_length=128. | [36m16546 ns[0m
[INFO][0m[92m[SYSTEM][0m             [V5_SUBFLOW] idx=6 source=8 tag=14 subflow=0 in=4 out=4 in_seqhash=15523928324350559131 out_seqhash=15523928324350559131 in_csum=3371448848127291094 out_csum=3371448848127291094 inorder=1 minseq=1 maxseq=4 endseq=4 ends=1 end_length=128. | [36m16546 ns[0m
[INFO][0m[92m[SYSTEM][0m             [V5_SUBFLOW] idx=6 source=8 tag=17 subflow=0 in=4 out=4 in_seqhash=15523928324350559131 out_seqhash=15523928324350559131 in_csum=3490090550810832598 out_csum=3490090550810832598 inorder=1 minseq=1 maxseq=4 endseq=4 ends=1 end_length=128. | [36m16546 ns[0m
[INFO][0m[92m[SYSTEM][0m             [V5_SUBFLOW] idx=6 source=8 tag=20 subflow=0 in=4 out=4 in_seqhash=15523928324350559131 out_seqhash=15523928324350559131 in_csum=10759744774316945110 out_csum=10759744774316945110 inorder=1 minseq=1 maxseq=4 endseq=4 ends=1 end_length=128. | [36m16546 ns[0m
[INFO][0m[92m[SYSTEM][0m             [V5_SUBFLOW] idx=6 source=8 tag=23 subflow=0 in=4 out=4 in_seqhash=15523928324350559131 out_seqhash=15523928324350559131 in_csum=15326817008935694038 out_csum=15326817008935694038 inorder=1 minseq=1 maxseq=4 endseq=4 ends=1 end_length=128. | [36m16546 ns[0m
[INFO][0m[92m[SYSTEM][0m             [V5_SUBFLOW] idx=6 source=12 tag=2 subflow=0 in=4 out=4 in_seqhash=15523928324350559131 out_seqhash=15523928324350559131 in_csum=4670737340623679190 out_csum=4670737340623679190 inorder=1 minseq=1 maxseq=4 endseq=4 ends=1 end_length=128. | [36m16546 ns[0m
[INFO][0m[92m[SYSTEM][0m             [V5_SUBFLOW] idx=6 source=12 tag=5 subflow=0 in=4 out=4 in_seqhash=15523928324350559131 out_seqhash=15523928324350559131 in_csum=8231536533501832918 out_csum=8231536533501832918 inorder=1 minseq=1 maxseq=4 endseq=4 ends=1 end_length=128. | [36m16546 ns[0m
[INFO][0m[92m[SYSTEM][0m             [V5_SUBFLOW] idx=6 source=12 tag=8 subflow=0 in=4 out=4 in_seqhash=15523928324350559131 out_seqhash=15523928324350559131 in_csum=16153649753023246038 out_csum=16153649753023246038 inorder=1 minseq=1 maxseq=4 endseq=4 ends=1 end_length=128. | [36m16546 ns[0m
[INFO][0m[92m[SYSTEM][0m             [V5_SUBFLOW] idx=6 source=12 tag=11 subflow=0 in=4 out=4 in_seqhash=15523928324350559131 out_seqhash=15523928324350559131 in_csum=7508568055820512982 out_csum=7508568055820512982 inorder=1 minseq=1 maxseq=4 endseq=4 ends=1 end_length=128. | [36m16546 ns[0m
[INFO][0m[92m[SYSTEM][0m             [V5_SUBFLOW] idx=6 source=12 tag=14 subflow=0 in=4 out=4 in_seqhash=15523928324350559131 out_seqhash=15523928324350559131 in_csum=3371448848127291094 out_csum=3371448848127291094 inorder=1 minseq=1 maxseq=4 endseq=4 ends=1 end_length=128. | [36m16546 ns[0m
[INFO][0m[92m[SYSTEM][0m             [V5_SUBFLOW] idx=6 source=12 tag=17 subflow=0 in=4 out=4 in_seqhash=15523928324350559131 out_seqhash=15523928324350559131 in_csum=3490090550810832598 out_csum=3490090550810832598 inorder=1 minseq=1 maxseq=4 endseq=4 ends=1 end_length=128. | [36m16546 ns[0m
[INFO][0m[92m[SYSTEM][0m             [V5_SUBFLOW] idx=6 source=12 tag=20 subflow=0 in=4 out=4 in_seqhash=15523928324350559131 out_seqhash=15523928324350559131 in_csum=10759744774316945110 out_csum=10759744774316945110 inorder=1 minseq=1 maxseq=4 endseq=4 ends=1 end_length=128. | [36m16546 ns[0m
[INFO][0m[92m[SYSTEM][0m             [V5_SUBFLOW] idx=6 source=12 tag=23 subflow=0 in=4 out=4 in_seqhash=15523928324350559131 out_seqhash=15523928324350559131 in_csum=15326817008935694038 out_csum=15326817008935694038 inorder=1 minseq=1 maxseq=4 endseq=4 ends=1 end_length=128. | [36m16546 ns[0m
[INFO][0m[92m[SYSTEM][0m             [V5_SUBFLOW] idx=7 source=12 tag=1 subflow=0 in=4 out=4 in_seqhash=15523928324350559131 out_seqhash=15523928324350559131 in_csum=8865955208447323862 out_csum=8865955208447323862 inorder=1 minseq=1 maxseq=4 endseq=4 ends=1 end_length=128. | [36m16546 ns[0m
[INFO][0m[92m[SYSTEM][0m             [V5_SUBFLOW] idx=7 source=12 tag=3 subflow=0 in=4 out=4 in_seqhash=15523928324350559131 out_seqhash=15523928324350559131 in_csum=10400572342710759126 out_csum=10400572342710759126 inorder=1 minseq=1 maxseq=4 endseq=4 ends=1 end_length=128. | [36m16546 ns[0m
[INFO][0m[92m[SYSTEM][0m             [V5_SUBFLOW] idx=7 source=12 tag=4 subflow=0 in=4 out=4 in_seqhash=15523928324350559131 out_seqhash=15523928324350559131 in_csum=14745615628212039382 out_csum=14745615628212039382 inorder=1 minseq=1 maxseq=4 endseq=4 ends=1 end_length=128. | [36m16546 ns[0m
[INFO][0m[92m[SYSTEM][0m             [V5_SUBFLOW] idx=7 source=12 tag=6 subflow=0 in=4 out=4 in_seqhash=15523928324350559131 out_seqhash=15523928324350559131 in_csum=18370184464552095446 out_csum=18370184464552095446 inorder=1 minseq=1 maxseq=4 endseq=4 ends=1 end_length=128. | [36m16546 ns[0m
[INFO][0m[92m[SYSTEM][0m             [V5_SUBFLOW] idx=7 source=12 tag=7 subflow=0 in=4 out=4 in_seqhash=15523928324350559131 out_seqhash=15523928324350559131 in_csum=10792369949055053526 out_csum=10792369949055053526 inorder=1 minseq=1 maxseq=4 endseq=4 ends=1 end_length=128. | [36m16546 ns[0m
[INFO][0m[92m[SYSTEM][0m             [V5_SUBFLOW] idx=7 source=12 tag=9 subflow=0 in=4 out=4 in_seqhash=15523928324350559131 out_seqhash=15523928324350559131 in_csum=6679895363060952790 out_csum=6679895363060952790 inorder=1 minseq=1 maxseq=4 endseq=4 ends=1 end_length=128. | [36m16546 ns[0m
[INFO][0m[92m[SYSTEM][0m             [V5_SUBFLOW] idx=7 source=12 tag=10 subflow=0 in=4 out=4 in_seqhash=15523928324350559131 out_seqhash=15523928324350559131 in_csum=10120278073414184662 out_csum=10120278073414184662 inorder=1 minseq=1 maxseq=4 endseq=4 ends=1 end_length=128. | [36m16546 ns[0m
[INFO][0m[92m[SYSTEM][0m             [V5_SUBFLOW] idx=7 source=12 tag=12 subflow=0 in=4 out=4 in_seqhash=15523928324350559131 out_seqhash=15523928324350559131 in_csum=6992684430930669270 out_csum=6992684430930669270 inorder=1 minseq=1 maxseq=4 endseq=4 ends=1 end_length=128. | [36m16546 ns[0m
[INFO][0m[92m[SYSTEM][0m             [V5_SUBFLOW] idx=7 source=12 tag=13 subflow=0 in=4 out=4 in_seqhash=15523928324350559131 out_seqhash=15523928324350559131 in_csum=13180403651468259030 out_csum=13180403651468259030 inorder=1 minseq=1 maxseq=4 endseq=4 ends=1 end_length=128. | [36m16546 ns[0m
[INFO][0m[92m[SYSTEM][0m             [V5_SUBFLOW] idx=7 source=12 tag=15 subflow=0 in=4 out=4 in_seqhash=15523928324350559131 out_seqhash=15523928324350559131 in_csum=2439334101426564822 out_csum=2439334101426564822 inorder=1 minseq=1 maxseq=4 endseq=4 ends=1 end_length=128. | [36m16546 ns[0m
[INFO][0m[92m[SYSTEM][0m             [V5_SUBFLOW] idx=7 source=12 tag=16 subflow=0 in=4 out=4 in_seqhash=15523928324350559131 out_seqhash=15523928324350559131 in_csum=1333614462925991638 out_csum=1333614462925991638 inorder=1 minseq=1 maxseq=4 endseq=4 ends=1 end_length=128. | [36m16546 ns[0m
[INFO][0m[92m[SYSTEM][0m             [V5_SUBFLOW] idx=7 source=12 tag=18 subflow=0 in=4 out=4 in_seqhash=15523928324350559131 out_seqhash=15523928324350559131 in_csum=14960678071655919318 out_csum=14960678071655919318 inorder=1 minseq=1 maxseq=4 endseq=4 ends=1 end_length=128. | [36m16546 ns[0m
[INFO][0m[92m[SYSTEM][0m             [V5_SUBFLOW] idx=7 source=12 tag=19 subflow=0 in=4 out=4 in_seqhash=15523928324350559131 out_seqhash=15523928324350559131 in_csum=11989201550028762838 out_csum=11989201550028762838 inorder=1 minseq=1 maxseq=4 endseq=4 ends=1 end_length=128. | [36m16546 ns[0m
[INFO][0m[92m[SYSTEM][0m             [V5_SUBFLOW] idx=7 source=12 tag=21 subflow=0 in=4 out=4 in_seqhash=15523928324350559131 out_seqhash=15523928324350559131 in_csum=14889676008780656342 out_csum=14889676008780656342 inorder=1 minseq=1 maxseq=4 endseq=4 ends=1 end_length=128. | [36m16546 ns[0m
[INFO][0m[92m[SYSTEM][0m             [V5_SUBFLOW] idx=7 source=12 tag=22 subflow=0 in=4 out=4 in_seqhash=15523928324350559131 out_seqhash=15523928324350559131 in_csum=6074919708128636630 out_csum=6074919708128636630 inorder=1 minseq=1 maxseq=4 endseq=4 ends=1 end_length=128. | [36m16546 ns[0m
[INFO][0m[92m[SYSTEM][0m             [V5_SUBFLOW] idx=7 source=12 tag=24 subflow=0 in=4 out=4 in_seqhash=15523928324350559131 out_seqhash=15523928324350559131 in_csum=1826211233406578390 out_csum=1826211233406578390 inorder=1 minseq=1 maxseq=4 endseq=4 ends=1 end_length=128. | [36m16546 ns[0m
[INFO][0m[92m[SYSTEM][0m             [D2D_REPIN] total=928 changed=928 same=0.                                                                      | [36m16546 ns[0m
[INFO][0m[92m[SYSTEM][0m             [D2D_LINK] idx=0 die0->die2 dir=N req_in=16 req_out=16 ack_in=32 ack_out=32 data_in=64 data_out=64.            | [36m16546 ns[0m
[INFO][0m[92m[SYSTEM][0m             [D2D_LINK] idx=1 die0->die1 dir=E req_in=16 req_out=16 ack_in=32 ack_out=32 data_in=64 data_out=64.            | [36m16546 ns[0m
[INFO][0m[92m[SYSTEM][0m             [D2D_LINK] idx=2 die1->die3 dir=N req_in=16 req_out=16 ack_in=32 ack_out=32 data_in=64 data_out=64.            | [36m16546 ns[0m
[INFO][0m[92m[SYSTEM][0m             [D2D_LINK] idx=3 die1->die0 dir=W req_in=16 req_out=16 ack_in=32 ack_out=32 data_in=64 data_out=64.            | [36m16546 ns[0m
[INFO][0m[92m[SYSTEM][0m             [D2D_LINK] idx=4 die2->die0 dir=S req_in=16 req_out=16 ack_in=32 ack_out=32 data_in=64 data_out=64.            | [36m16546 ns[0m
[INFO][0m[92m[SYSTEM][0m             [D2D_LINK] idx=5 die2->die3 dir=E req_in=16 req_out=16 ack_in=32 ack_out=32 data_in=64 data_out=64.            | [36m16546 ns[0m
[INFO][0m[92m[SYSTEM][0m             [D2D_LINK] idx=6 die3->die1 dir=S req_in=16 req_out=16 ack_in=32 ack_out=32 data_in=64 data_out=64.            | [36m16546 ns[0m
[INFO][0m[92m[SYSTEM][0m             [D2D_LINK] idx=7 die3->die2 dir=W req_in=16 req_out=16 ack_in=32 ack_out=32 data_in=64 data_out=64.            | [36m16546 ns[0m
[INFO][0m[92m[SYSTEM][0m             [SAF] reserved_packets=0 group_reserved_packets=0.                                                             | [36m16546 ns[0m
[INFO][0m[92m[SYSTEM][0m             [DIE_ACT] router_pkts=4018,3746,3746,3514 mesh_pkts=3599,3339,3339,3111.                                       | [36m16546 ns[0m
[INFO][0m[92m[SYSTEM][0m             [NOC_ACT] sends=1836,1692,1692,1564 stalls=0,0,0,0 d2d_source_stalls=0.                                        | [36m16546 ns[0m
[INFO][0m[92m[SYSTEM][0m             [FLOW_DONE] .                                                                                                  | [36m16546 ns[0m
[INFO][0m[92m[SYSTEM][0m             [SAF_ADMIT] success=0 reject=0.                                                                                | [36m16546 ns[0m
[INFO][0m[92m[SYSTEM][0m             [P5 P2P STATS] core=0 source_read_bytes=1536 sram_source_read_bytes=1536 hbm_source_read_bytes=0 wire_bytes=1536 wire_fragments=96 noc_rx_write_bytes=1536 tx_local_completions=24 rx_local_completions=24 admission_requests_sent=24 admission_requests_received=24 admission_acks_sent=24 admission_acks_received=24 duplicate_requests_suppressed=0 request_conflicts_rejected=0 request_aborts=0 completion_acks_sent=24 completion_acks_received=24 source_checksum=63499111 wire_checksum=63499111 destination_checksum=63499111. | [36m16546 ns[0m
[INFO][0m[92m[SYSTEM][0m             [P5 P2P DRAIN] core=0 residual=0.                                                                              | [36m16546 ns[0m
[INFO][0m[92m[SYSTEM][0m             [P5 P2P STATS] core=4 source_read_bytes=1536 sram_source_read_bytes=1536 hbm_source_read_bytes=0 wire_bytes=1536 wire_fragments=96 noc_rx_write_bytes=1536 tx_local_completions=24 rx_local_completions=24 admission_requests_sent=24 admission_requests_received=24 admission_acks_sent=24 admission_acks_received=24 duplicate_requests_suppressed=0 request_conflicts_rejected=0 request_aborts=0 completion_acks_sent=24 completion_acks_received=24 source_checksum=63499111 wire_checksum=63499111 destination_checksum=63499111. | [36m16546 ns[0m
[INFO][0m[92m[SYSTEM][0m             [P5 P2P DRAIN] core=4 residual=0.                                                                              | [36m16546 ns[0m
[INFO][0m[92m[SYSTEM][0m             [P5 P2P STATS] core=8 source_read_bytes=1536 sram_source_read_bytes=1536 hbm_source_read_bytes=0 wire_bytes=1536 wire_fragments=96 noc_rx_write_bytes=1536 tx_local_completions=24 rx_local_completions=24 admission_requests_sent=24 admission_requests_received=24 admission_acks_sent=24 admission_acks_received=24 duplicate_requests_suppressed=0 request_conflicts_rejected=0 request_aborts=0 completion_acks_sent=24 completion_acks_received=24 source_checksum=63499111 wire_checksum=63499111 destination_checksum=63499111. | [36m16546 ns[0m
[INFO][0m[92m[SYSTEM][0m             [P5 P2P DRAIN] core=8 residual=0.                                                                              | [36m16546 ns[0m
[INFO][0m[92m[SYSTEM][0m             [P5 P2P STATS] core=12 source_read_bytes=1536 sram_source_read_bytes=1536 hbm_source_read_bytes=0 wire_bytes=1536 wire_fragments=96 noc_rx_write_bytes=1536 tx_local_completions=24 rx_local_completions=24 admission_requests_sent=24 admission_requests_received=24 admission_acks_sent=24 admission_acks_received=24 duplicate_requests_suppressed=0 request_conflicts_rejected=0 request_aborts=0 completion_acks_sent=24 completion_acks_received=24 source_checksum=63499111 wire_checksum=63499111 destination_checksum=63499111. | [36m16546 ns[0m
[INFO][0m[92m[SYSTEM][0m             [P5 P2P DRAIN] core=12 residual=0.                                                                             | [36m16546 ns[0m
[INFO][0m[92m[SYSTEM][0m             [P5 P2P TIMING DRAIN] residual=0.                                                                              | [36m16546 ns[0m
[INFO][0m[92m[SYSTEM][0m             [COLL_DRAIN] tree_entries=0 reduce_nodes=0 barriers=0 gather=0 reduce_rx=0 endpoints=0 dte_tokens=0 event=0.   | [36m16546 ns[0m
[INFO][0m[92m[SYSTEM][0m             [DRAIN] router_residual=0.                                                                                     | [36m16546 ns[0m
[INFO][0m[92m[SYSTEM][0m             [CREDIT] data_balanced=1 ctrl_balanced=1.                                                                      | [36m16546 ns[0m
[INFO][0m[92m[SYSTEM][0m             [DRAIN] d2d_link_residual=0.                                                                                   | [36m16546 ns[0m
[INFO][0m[92m[SYSTEM][0m             [START_DATA] enqueued=4 injected=4 accepted=4 delivered=4 consumed=4 completed=4.                              | [36m16546 ns[0m
[INFO][0m[92m[SYSTEM][0m             [LOCK] max_output_ref=1.                                                                                       | [36m16546 ns[0m
[INFO][0m[92m[SYSTEM][0m             [HOSTLANE] done_total=4 ack_total=8 mismatch=0 per_lane_done=1,1,1,1.                                          | [36m16546 ns[0m
[INFO][0m[92m[SYSTEM][0m             [HOSTSIG] done=0:1,4:1,8:1,12:1, ack=0:0:2,4:0:1,4:4:1,8:0:1,8:8:1,12:0:1,12:12:1,.                            | [36m16546 ns[0m
[INFO][0m[92m[SYSTEM][0m             Total Real-time Cost: 0.527025s.                                                                               | [36m16546 ns[0m
[INFO][0m[92m[SYSTEM][0m             Cleanup monitor components.                                                                                    | [36m16546 ns[0m
[INFO][0m[92m[SYSTEM][0m             Cleanup memory interface components.                                                                           | [36m16546 ns[0m
