
        SystemC 2.3.3-Accellera --- Jan  6 2026 03:02:18
        Copyright (c) 1996-2018 by all Contributors,
        ALL RIGHTS RESERVED
[PROGRAM_IO] phase=resolved mode=timing initializations=432 probes=4 checksum=343ba30a2c10af3bead6d08f855527ec2d0f305737e13a1987ccef566114cead pass=1
===========================================================================
Memory Configuration:

 Memory type:                    HBM2
 Memory size in bytes:           1073741824
 Channels:                       1
 Pseudo channels per channel:    2
 Bank groups per pseudo channel: 4
 Banks per pseudo channel:       16
 Rows per bank:                  32768
 Columns per row:                128
 Pseudo channel width in bits:   64
 Pseudo channel size in bits:    4294967296
 Pseudo channel size in bytes:   536870912

===========================================================================
Memory Configuration:

 Memory type:                    HBM2
 Memory size in bytes:           1073741824
 Channels:                       1
 Pseudo channels per channel:    2
 Bank groups per pseudo channel: 4
 Banks per pseudo channel:       16
 Rows per bank:                  32768
 Columns per row:                128
 Pseudo channel width in bits:   64
 Pseudo channel size in bits:    4294967296
 Pseudo channel size in bytes:   536870912

===========================================================================
Memory Configuration:

 Memory type:                    HBM2
 Memory size in bytes:           1073741824
 Channels:                       1
 Pseudo channels per channel:    2
 Bank groups per pseudo channel: 4
 Banks per pseudo channel:       16
 Rows per bank:                  32768
 Columns per row:                128
 Pseudo channel width in bits:   64
 Pseudo channel size in bits:    4294967296
 Pseudo channel size in bytes:   536870912

===========================================================================
Memory Configuration:

 Memory type:                    HBM2
 Memory size in bytes:           1073741824
 Channels:                       1
 Pseudo channels per channel:    2
 Bank groups per pseudo channel: 4
 Banks per pseudo channel:       16
 Rows per bank:                  32768
 Columns per row:                128
 Pseudo channel width in bits:   64
 Pseudo channel size in bits:    4294967296
 Pseudo channel size in bytes:   536870912

Loaded Program Format 1.0, ISA 1.1, capabilities=0x0
[INFO][0m[92m[SYSTEM][0m             Address mapping with n=8 saved to ../DRAMSys/configs/addressmapping/am_ddr4_8x4Gbx8_df.json.                   | [36m0 s[0m
[INFO][0m[92m[SYSTEM][0m             Address mapping with n=8 saved to ../DRAMSys/configs/addressmapping/am_hbm2_gpu.json.                          | [36m0 s[0m
===========================================================================
Memory Configuration:

 Memory type:           DDR4
 Memory size in bytes:  4294967296
 Channels:              1
 Ranks per channel:     1
 Bank groups per rank:  4
 Banks per rank:        16
 Rows per bank:         32768
 Columns per row:       1024
 Device width in bits:  8
 Device size in bits:   4294967296
 Device size in bytes:  536870912
 Devices per rank:      8

===========================================================================
===========================================================================
Memory Configuration:

 Memory type:                    HBM2
 Memory size in bytes:           1073741824
 Channels:                       1
 Pseudo channels per channel:    2
 Bank groups per pseudo channel: 4
 Banks per pseudo channel:       16
 Rows per bank:                  32768
 Columns per row:                128
 Pseudo channel width in bits:   64
 Pseudo channel size in bits:    4294967296
 Pseudo channel size in bytes:   536870912

===========================================================================
Memory Configuration:

 Memory type:                    HBM2
 Memory size in bytes:           1073741824
 Channels:                       1
 Pseudo channels per channel:    2
 Bank groups per pseudo channel: 4
 Banks per pseudo channel:       16
 Rows per bank:                  32768
 Columns per row:                128
 Pseudo channel width in bits:   64
 Pseudo channel size in bits:    4294967296
 Pseudo channel size in bytes:   536870912

===========================================================================
Memory Configuration:

 Memory type:                    HBM2
 Memory size in bytes:           1073741824
 Channels:                       1
 Pseudo channels per channel:    2
 Bank groups per pseudo channel: 4
 Banks per pseudo channel:       16
 Rows per bank:                  32768
 Columns per row:                128
 Pseudo channel width in bits:   64
 Pseudo channel size in bits:    4294967296
 Pseudo channel size in bytes:   536870912

===========================================================================
Memory Configuration:

 Memory type:                    HBM2
 Memory size in bytes:           1073741824
 Channels:                       1
 Pseudo channels per channel:    2
 Bank groups per pseudo channel: 4
 Banks per pseudo channel:       16
 Rows per bank:                  32768
 Columns per row:                128
 Pseudo channel width in bits:   64
 Pseudo channel size in bits:    4294967296
 Pseudo channel size in bytes:   536870912

[INFO][0m[92m[GLOBAL_MEMORY][0m      Global link not initialized.                                                                                   | [36m0 s[0m
[INFO][0m[92m[SYSTEM][0m             Instantiated cores=16 routers=16 workers=16 dies=4 (CORES_PER_DIE=4, GRID=2x2, expect 16).                     | [36m0 s[0m
[INFO][0m[92m[SYSTEM][0m             [D2D] link_sites=8 link_units=8.                                                                               | [36m0 s[0m
[INFO][0m[92m[SYSTEM][0m             Components initialize complete, prepare to start..                                                             | [36m0 s[0m
[PROGRAM_IO] phase=applied mode=timing initializations=432 probes=4 checksum=343ba30a2c10af3bead6d08f855527ec2d0f305737e13a1987ccef566114cead pass=1

Info: (I702) default timescale unit used for tracing: 1 ps (Cchip_1.vcd)
[INFO][0m[92m[MEM_INTF][0m           Start write operation.                                                                                         | [36m2 ns[0m
[INFO][0m[92m[PRIM][0m               Core 15 start receive primitive RECV_CONF.                                                                     | [36m2 ns[0m
[INFO][0m[92m[PRIM][0m               Core 14 start receive primitive RECV_CONF.                                                                     | [36m2 ns[0m
[INFO][0m[92m[PRIM][0m               Core 13 start receive primitive RECV_CONF.                                                                     | [36m2 ns[0m
[INFO][0m[92m[PRIM][0m               Core 12 start receive primitive RECV_CONF.                                                                     | [36m2 ns[0m
[INFO][0m[92m[PRIM][0m               Core 11 start receive primitive RECV_CONF.                                                                     | [36m2 ns[0m
[INFO][0m[92m[PRIM][0m               Core 10 start receive primitive RECV_CONF.                                                                     | [36m2 ns[0m
[INFO][0m[92m[PRIM][0m               Core 9 start receive primitive RECV_CONF.                                                                      | [36m2 ns[0m
[INFO][0m[92m[PRIM][0m               Core 8 start receive primitive RECV_CONF.                                                                      | [36m2 ns[0m
[INFO][0m[92m[PRIM][0m               Core 7 start receive primitive RECV_CONF.                                                                      | [36m2 ns[0m
[INFO][0m[92m[PRIM][0m               Core 6 start receive primitive RECV_CONF.                                                                      | [36m2 ns[0m
[INFO][0m[92m[PRIM][0m               Core 5 start receive primitive RECV_CONF.                                                                      | [36m2 ns[0m
[INFO][0m[92m[PRIM][0m               Core 4 start receive primitive RECV_CONF.                                                                      | [36m2 ns[0m
[INFO][0m[92m[PRIM][0m               Core 3 start receive primitive RECV_CONF.                                                                      | [36m2 ns[0m
[INFO][0m[92m[PRIM][0m               Core 2 start receive primitive RECV_CONF.                                                                      | [36m2 ns[0m
[INFO][0m[92m[PRIM][0m               Core 1 start receive primitive RECV_CONF.                                                                      | [36m2 ns[0m
[INFO][0m[92m[PRIM][0m               Core 0 start receive primitive RECV_CONF.                                                                      | [36m2 ns[0m
[INFO][0m[92m[PRIM][0m               Core 12 end recv primitive RECV_CONF.                                                                          | [36m3406 ns[0m
[INFO][0m[92m[PRIM][0m               Core 8 end recv primitive RECV_CONF.                                                                           | [36m3406 ns[0m
[INFO][0m[92m[PRIM][0m               Core 4 end recv primitive RECV_CONF.                                                                           | [36m3406 ns[0m
[INFO][0m[92m[PRIM][0m               Core 4 start receive primitive RECV_WEIGHT.                                                                    | [36m3412 ns[0m
[INFO][0m[92m[PRIM][0m               Core 8 start receive primitive RECV_WEIGHT.                                                                    | [36m3412 ns[0m
[INFO][0m[92m[PRIM][0m               Core 12 start receive primitive RECV_WEIGHT.                                                                   | [36m3412 ns[0m
[INFO][0m[92m[MEM_INTF][0m           End write operation.                                                                                           | [36m3424 ns[0m
[INFO][0m[92m[MEM_INTF][0m           End config distribution.                                                                                       | [36m3424 ns[0m
[INFO][0m[92m[PRIM][0m               Core 0 end recv primitive RECV_CONF.                                                                           | [36m3438 ns[0m
[INFO][0m[92m[PRIM][0m               Core 0 start receive primitive RECV_WEIGHT.                                                                    | [36m3444 ns[0m
[INFO][0m[92m[MEM_INTF][0m           Start write operation.                                                                                         | [36m3448 ns[0m
[INFO][0m[92m[MEM_INTF][0m           End write operation.                                                                                           | [36m3450 ns[0m
[INFO][0m[92m[MEM_INTF][0m           End data distribution.                                                                                         | [36m3450 ns[0m
[INFO][0m[92m[PRIM][0m               Core 0 end recv primitive RECV_WEIGHT.                                                                         | [36m3462 ns[0m
[INFO][0m[92m[PRIM][0m               Core 4 end recv primitive RECV_WEIGHT.                                                                         | [36m3462 ns[0m
[INFO][0m[92m[PRIM][0m               Core 8 end recv primitive RECV_WEIGHT.                                                                         | [36m3462 ns[0m
[INFO][0m[92m[PRIM][0m               Core 12 end recv primitive RECV_WEIGHT.                                                                        | [36m3462 ns[0m
[INFO][0m[92m[PRIM][0m               Core 12 start receive primitive RECV_START.                                                                    | [36m3468 ns[0m
[INFO][0m[92m[PRIM][0m               Core 8 start receive primitive RECV_START.                                                                     | [36m3468 ns[0m
[INFO][0m[92m[PRIM][0m               Core 4 start receive primitive RECV_START.                                                                     | [36m3468 ns[0m
[INFO][0m[92m[PRIM][0m               Core 0 start receive primitive RECV_START.                                                                     | [36m3468 ns[0m
[INFO][0m[92m[MEM_INTF][0m           Start write operation.                                                                                         | [36m3472 ns[0m
[INFO][0m[92m[MEM_INTF][0m           End write operation.                                                                                           | [36m3474 ns[0m
[INFO][0m[92m[PRIM][0m               Core 12 end recv primitive RECV_START.                                                                         | [36m3484 ns[0m
[INFO][0m[92m[PRIM][0m               Core 8 end recv primitive RECV_START.                                                                          | [36m3484 ns[0m
[INFO][0m[92m[PRIM][0m               Core 4 end recv primitive RECV_START.                                                                          | [36m3484 ns[0m
[INFO][0m[92m[PRIM][0m               Core 0 end recv primitive RECV_START.                                                                          | [36m3484 ns[0m
[INFO][0m[92m[MEM_INTF][0m           End start data distribution: enqueued=4 injected=4 accepted=4 delivered=4 consumed=4 completed=4.              | [36m3484 ns[0m
[INFO][0m[92m[PRIM][0m               Core 0 start compute primitive Sram_lifecycle.                                                                 | [36m3490 ns[0m
[INFO][0m[92m[PRIM][0m               Core 4 start compute primitive Sram_lifecycle.                                                                 | [36m3490 ns[0m
[INFO][0m[92m[PRIM][0m               Core 8 start compute primitive Sram_lifecycle.                                                                 | [36m3490 ns[0m
[INFO][0m[92m[PRIM][0m               Core 12 start compute primitive Sram_lifecycle.                                                                | [36m3490 ns[0m
[INFO][0m[92m[PRIM][0m               Core 12 end compute primitive Sram_lifecycle.                                                                  | [36m3490 ns[0m
[INFO][0m[92m[PRIM][0m               Core 8 end compute primitive Sram_lifecycle.                                                                   | [36m3490 ns[0m
[INFO][0m[92m[PRIM][0m               Core 4 end compute primitive Sram_lifecycle.                                                                   | [36m3490 ns[0m
[INFO][0m[92m[PRIM][0m               Core 0 end compute primitive Sram_lifecycle.                                                                   | [36m3490 ns[0m
[INFO][0m[92m[PRIM][0m               Core 0 start compute primitive Lsu_mem.                                                                        | [36m3496 ns[0m
[INFO][0m[92m[PRIM][0m               Core 4 start compute primitive Lsu_mem.                                                                        | [36m3496 ns[0m
[INFO][0m[92m[PRIM][0m               Core 8 start compute primitive Lsu_mem.                                                                        | [36m3496 ns[0m
[INFO][0m[92m[PRIM][0m               Core 12 start compute primitive Lsu_mem.                                                                       | [36m3496 ns[0m
[INFO][0m[92m[PRIM][0m               Core 0 end compute primitive Lsu_mem.                                                                          | [36m4033 ns[0m
[INFO][0m[92m[PRIM][0m               Core 4 end compute primitive Lsu_mem.                                                                          | [36m4033 ns[0m
[INFO][0m[92m[PRIM][0m               Core 12 end compute primitive Lsu_mem.                                                                         | [36m4033 ns[0m
[INFO][0m[92m[PRIM][0m               Core 8 end compute primitive Lsu_mem.                                                                          | [36m4033 ns[0m
[INFO][0m[92m[PRIM][0m               Core 4 start compute primitive Sram_lifecycle.                                                                 | [36m4039 ns[0m
[INFO][0m[92m[PRIM][0m               Core 12 start compute primitive Sram_lifecycle.                                                                | [36m4039 ns[0m
[INFO][0m[92m[PRIM][0m               Core 8 start compute primitive Sram_lifecycle.                                                                 | [36m4039 ns[0m
[INFO][0m[92m[PRIM][0m               Core 0 start compute primitive Sram_lifecycle.                                                                 | [36m4039 ns[0m
[INFO][0m[92m[PRIM][0m               Core 0 end compute primitive Sram_lifecycle.                                                                   | [36m4039 ns[0m
[INFO][0m[92m[PRIM][0m               Core 8 end compute primitive Sram_lifecycle.                                                                   | [36m4039 ns[0m
[INFO][0m[92m[PRIM][0m               Core 12 end compute primitive Sram_lifecycle.                                                                  | [36m4039 ns[0m
[INFO][0m[92m[PRIM][0m               Core 4 end compute primitive Sram_lifecycle.                                                                   | [36m4039 ns[0m
[INFO][0m[92m[PRIM][0m               Core 8 start compute primitive Sram_lifecycle.                                                                 | [36m4045 ns[0m
[INFO][0m[92m[PRIM][0m               Core 12 start compute primitive Sram_lifecycle.                                                                | [36m4045 ns[0m
[INFO][0m[92m[PRIM][0m               Core 4 start compute primitive Sram_lifecycle.                                                                 | [36m4045 ns[0m
[INFO][0m[92m[PRIM][0m               Core 0 start compute primitive Sram_lifecycle.                                                                 | [36m4045 ns[0m
[INFO][0m[92m[PRIM][0m               Core 0 end compute primitive Sram_lifecycle.                                                                   | [36m4045 ns[0m
[INFO][0m[92m[PRIM][0m               Core 4 end compute primitive Sram_lifecycle.                                                                   | [36m4045 ns[0m
[INFO][0m[92m[PRIM][0m               Core 12 end compute primitive Sram_lifecycle.                                                                  | [36m4045 ns[0m
[INFO][0m[92m[PRIM][0m               Core 8 end compute primitive Sram_lifecycle.                                                                   | [36m4045 ns[0m
[INFO][0m[92m[PRIM][0m               Core 4 start compute primitive Sram_bind_oneshot.                                                              | [36m4051 ns[0m
[INFO][0m[92m[PRIM][0m               Core 12 start compute primitive Sram_bind_oneshot.                                                             | [36m4051 ns[0m
[INFO][0m[92m[PRIM][0m               Core 8 start compute primitive Sram_bind_oneshot.                                                              | [36m4051 ns[0m
[INFO][0m[92m[PRIM][0m               Core 0 start compute primitive Sram_bind_oneshot.                                                              | [36m4051 ns[0m
[INFO][0m[92m[PRIM][0m               Core 0 end compute primitive Sram_bind_oneshot.                                                                | [36m4051 ns[0m
[INFO][0m[92m[PRIM][0m               Core 8 end compute primitive Sram_bind_oneshot.                                                                | [36m4051 ns[0m
[INFO][0m[92m[PRIM][0m               Core 12 end compute primitive Sram_bind_oneshot.                                                               | [36m4051 ns[0m
[INFO][0m[92m[PRIM][0m               Core 4 end compute primitive Sram_bind_oneshot.                                                                | [36m4051 ns[0m
[INFO][0m[92m[PRIM][0m               Core 8 start compute primitive Embedding_lookup_prim.                                                          | [36m4057 ns[0m
[INFO][0m[92m[PRIM][0m               Core 4 start compute primitive Embedding_lookup_prim.                                                          | [36m4057 ns[0m
[INFO][0m[92m[PRIM][0m               Core 12 start compute primitive Embedding_lookup_prim.                                                         | [36m4057 ns[0m
[INFO][0m[92m[PRIM][0m               Core 0 start compute primitive Embedding_lookup_prim.                                                          | [36m4057 ns[0m
[INFO][0m[92m[PRIM][0m               Core 0 end compute primitive Embedding_lookup_prim.                                                            | [36m4057 ns[0m
[INFO][0m[92m[PRIM][0m               Core 12 end compute primitive Embedding_lookup_prim.                                                           | [36m4057 ns[0m
[INFO][0m[92m[PRIM][0m               Core 4 end compute primitive Embedding_lookup_prim.                                                            | [36m4057 ns[0m
[INFO][0m[92m[PRIM][0m               Core 8 end compute primitive Embedding_lookup_prim.                                                            | [36m4057 ns[0m
[INFO][0m[92m[PRIM][0m               Core 12 start compute primitive Sram_lifecycle.                                                                | [36m4063 ns[0m
[INFO][0m[92m[PRIM][0m               Core 4 start compute primitive Sram_lifecycle.                                                                 | [36m4063 ns[0m
[INFO][0m[92m[PRIM][0m               Core 8 start compute primitive Sram_lifecycle.                                                                 | [36m4063 ns[0m
[INFO][0m[92m[PRIM][0m               Core 0 start compute primitive Sram_lifecycle.                                                                 | [36m4063 ns[0m
[INFO][0m[92m[PRIM][0m               Core 0 end compute primitive Sram_lifecycle.                                                                   | [36m4063 ns[0m
[INFO][0m[92m[PRIM][0m               Core 8 end compute primitive Sram_lifecycle.                                                                   | [36m4063 ns[0m
[INFO][0m[92m[PRIM][0m               Core 4 end compute primitive Sram_lifecycle.                                                                   | [36m4063 ns[0m
[INFO][0m[92m[PRIM][0m               Core 12 end compute primitive Sram_lifecycle.                                                                  | [36m4063 ns[0m
[INFO][0m[92m[PRIM][0m               Core 8 start compute primitive Sram_lifecycle.                                                                 | [36m4069 ns[0m
[INFO][0m[92m[PRIM][0m               Core 4 start compute primitive Sram_lifecycle.                                                                 | [36m4069 ns[0m
[INFO][0m[92m[PRIM][0m               Core 12 start compute primitive Sram_lifecycle.                                                                | [36m4069 ns[0m
[INFO][0m[92m[PRIM][0m               Core 0 start compute primitive Sram_lifecycle.                                                                 | [36m4069 ns[0m
[INFO][0m[92m[PRIM][0m               Core 0 end compute primitive Sram_lifecycle.                                                                   | [36m4069 ns[0m
[INFO][0m[92m[PRIM][0m               Core 12 end compute primitive Sram_lifecycle.                                                                  | [36m4069 ns[0m
[INFO][0m[92m[PRIM][0m               Core 4 end compute primitive Sram_lifecycle.                                                                   | [36m4069 ns[0m
[INFO][0m[92m[PRIM][0m               Core 8 end compute primitive Sram_lifecycle.                                                                   | [36m4069 ns[0m
[INFO][0m[92m[PRIM][0m               Core 12 start compute primitive Sram_lifecycle.                                                                | [36m4075 ns[0m
[INFO][0m[92m[PRIM][0m               Core 4 start compute primitive Sram_lifecycle.                                                                 | [36m4075 ns[0m
[INFO][0m[92m[PRIM][0m               Core 8 start compute primitive Sram_lifecycle.                                                                 | [36m4075 ns[0m
[INFO][0m[92m[PRIM][0m               Core 0 start compute primitive Sram_lifecycle.                                                                 | [36m4075 ns[0m
[INFO][0m[92m[PRIM][0m               Core 0 end compute primitive Sram_lifecycle.                                                                   | [36m4075 ns[0m
[INFO][0m[92m[PRIM][0m               Core 8 end compute primitive Sram_lifecycle.                                                                   | [36m4075 ns[0m
[INFO][0m[92m[PRIM][0m               Core 4 end compute primitive Sram_lifecycle.                                                                   | [36m4075 ns[0m
[INFO][0m[92m[PRIM][0m               Core 12 end compute primitive Sram_lifecycle.                                                                  | [36m4075 ns[0m
[INFO][0m[92m[PRIM][0m               Core 8 start compute primitive Lsu_mem.                                                                        | [36m4081 ns[0m
[INFO][0m[92m[PRIM][0m               Core 4 start compute primitive Lsu_mem.                                                                        | [36m4081 ns[0m
[INFO][0m[92m[PRIM][0m               Core 12 start compute primitive Lsu_mem.                                                                       | [36m4081 ns[0m
[INFO][0m[92m[PRIM][0m               Core 0 start compute primitive Lsu_mem.                                                                        | [36m4081 ns[0m
[INFO][0m[92m[PRIM][0m               Core 4 end compute primitive Lsu_mem.                                                                          | [36m4148 ns[0m
[INFO][0m[92m[PRIM][0m               Core 0 end compute primitive Lsu_mem.                                                                          | [36m4148 ns[0m
[INFO][0m[92m[PRIM][0m               Core 12 end compute primitive Lsu_mem.                                                                         | [36m4148 ns[0m
[INFO][0m[92m[PRIM][0m               Core 8 end compute primitive Lsu_mem.                                                                          | [36m4148 ns[0m
[INFO][0m[92m[PRIM][0m               Core 8 start compute primitive Sram_lifecycle.                                                                 | [36m4154 ns[0m
[INFO][0m[92m[PRIM][0m               Core 12 start compute primitive Sram_lifecycle.                                                                | [36m4154 ns[0m
[INFO][0m[92m[PRIM][0m               Core 0 start compute primitive Sram_lifecycle.                                                                 | [36m4154 ns[0m
[INFO][0m[92m[PRIM][0m               Core 4 start compute primitive Sram_lifecycle.                                                                 | [36m4154 ns[0m
[INFO][0m[92m[PRIM][0m               Core 4 end compute primitive Sram_lifecycle.                                                                   | [36m4154 ns[0m
[INFO][0m[92m[PRIM][0m               Core 0 end compute primitive Sram_lifecycle.                                                                   | [36m4154 ns[0m
[INFO][0m[92m[PRIM][0m               Core 12 end compute primitive Sram_lifecycle.                                                                  | [36m4154 ns[0m
[INFO][0m[92m[PRIM][0m               Core 8 end compute primitive Sram_lifecycle.                                                                   | [36m4154 ns[0m
[INFO][0m[92m[PRIM][0m               Core 8 start compute primitive Sram_bind_oneshot.                                                              | [36m4160 ns[0m
[INFO][0m[92m[PRIM][0m               Core 12 start compute primitive Sram_bind_oneshot.                                                             | [36m4160 ns[0m
[INFO][0m[92m[PRIM][0m               Core 0 start compute primitive Sram_bind_oneshot.                                                              | [36m4160 ns[0m
[INFO][0m[92m[PRIM][0m               Core 4 start compute primitive Sram_bind_oneshot.                                                              | [36m4160 ns[0m
[INFO][0m[92m[PRIM][0m               Core 4 end compute primitive Sram_bind_oneshot.                                                                | [36m4160 ns[0m
[INFO][0m[92m[PRIM][0m               Core 0 end compute primitive Sram_bind_oneshot.                                                                | [36m4160 ns[0m
[INFO][0m[92m[PRIM][0m               Core 12 end compute primitive Sram_bind_oneshot.                                                               | [36m4160 ns[0m
[INFO][0m[92m[PRIM][0m               Core 8 end compute primitive Sram_bind_oneshot.                                                                | [36m4160 ns[0m
[INFO][0m[92m[PRIM][0m               Core 8 start compute primitive rmsnorm_forward.                                                                | [36m4166 ns[0m
[INFO][0m[92m[PRIM][0m               Core 12 start compute primitive rmsnorm_forward.                                                               | [36m4166 ns[0m
[INFO][0m[92m[PRIM][0m               Core 0 start compute primitive rmsnorm_forward.                                                                | [36m4166 ns[0m
[INFO][0m[92m[PRIM][0m               Core 4 start compute primitive rmsnorm_forward.                                                                | [36m4166 ns[0m
[INFO][0m[92m[PRIM][0m               Core 4 end compute primitive rmsnorm_forward.                                                                  | [36m4168 ns[0m
[INFO][0m[92m[PRIM][0m               Core 0 end compute primitive rmsnorm_forward.                                                                  | [36m4168 ns[0m
[INFO][0m[92m[PRIM][0m               Core 12 end compute primitive rmsnorm_forward.                                                                 | [36m4168 ns[0m
[INFO][0m[92m[PRIM][0m               Core 8 end compute primitive rmsnorm_forward.                                                                  | [36m4168 ns[0m
[INFO][0m[92m[PRIM][0m               Core 8 start compute primitive Sram_lifecycle.                                                                 | [36m4174 ns[0m
[INFO][0m[92m[PRIM][0m               Core 12 start compute primitive Sram_lifecycle.                                                                | [36m4174 ns[0m
[INFO][0m[92m[PRIM][0m               Core 0 start compute primitive Sram_lifecycle.                                                                 | [36m4174 ns[0m
[INFO][0m[92m[PRIM][0m               Core 4 start compute primitive Sram_lifecycle.                                                                 | [36m4174 ns[0m
[INFO][0m[92m[PRIM][0m               Core 4 end compute primitive Sram_lifecycle.                                                                   | [36m4174 ns[0m
[INFO][0m[92m[PRIM][0m               Core 0 end compute primitive Sram_lifecycle.                                                                   | [36m4174 ns[0m
[INFO][0m[92m[PRIM][0m               Core 12 end compute primitive Sram_lifecycle.                                                                  | [36m4174 ns[0m
[INFO][0m[92m[PRIM][0m               Core 8 end compute primitive Sram_lifecycle.                                                                   | [36m4174 ns[0m
[INFO][0m[92m[PRIM][0m               Core 8 start compute primitive Sram_lifecycle.                                                                 | [36m4180 ns[0m
[INFO][0m[92m[PRIM][0m               Core 12 start compute primitive Sram_lifecycle.                                                                | [36m4180 ns[0m
[INFO][0m[92m[PRIM][0m               Core 0 start compute primitive Sram_lifecycle.                                                                 | [36m4180 ns[0m
[INFO][0m[92m[PRIM][0m               Core 4 start compute primitive Sram_lifecycle.                                                                 | [36m4180 ns[0m
[INFO][0m[92m[PRIM][0m               Core 4 end compute primitive Sram_lifecycle.                                                                   | [36m4180 ns[0m
[INFO][0m[92m[PRIM][0m               Core 0 end compute primitive Sram_lifecycle.                                                                   | [36m4180 ns[0m
[INFO][0m[92m[PRIM][0m               Core 12 end compute primitive Sram_lifecycle.                                                                  | [36m4180 ns[0m
[INFO][0m[92m[PRIM][0m               Core 8 end compute primitive Sram_lifecycle.                                                                   | [36m4180 ns[0m
[INFO][0m[92m[PRIM][0m               Core 0 start compute primitive Sram_lifecycle.                                                                 | [36m4204 ns[0m
[INFO][0m[92m[PRIM][0m               Core 0 end compute primitive Sram_lifecycle.                                                                   | [36m4204 ns[0m
[INFO][0m[92m[PRIM][0m               Core 4 start compute primitive Sram_lifecycle.                                                                 | [36m4332 ns[0m
[INFO][0m[92m[PRIM][0m               Core 4 end compute primitive Sram_lifecycle.                                                                   | [36m4332 ns[0m
[INFO][0m[92m[PRIM][0m               Core 8 start compute primitive Sram_lifecycle.                                                                 | [36m4576 ns[0m
[INFO][0m[92m[PRIM][0m               Core 8 end compute primitive Sram_lifecycle.                                                                   | [36m4576 ns[0m
[INFO][0m[92m[PRIM][0m               Core 12 start compute primitive Sram_lifecycle.                                                                | [36m4864 ns[0m
[INFO][0m[92m[PRIM][0m               Core 12 end compute primitive Sram_lifecycle.                                                                  | [36m4864 ns[0m
[INFO][0m[92m[PRIM][0m               Core 0 start compute primitive Sram_lifecycle.                                                                 | [36m5170 ns[0m
[INFO][0m[92m[PRIM][0m               Core 0 end compute primitive Sram_lifecycle.                                                                   | [36m5170 ns[0m
[INFO][0m[92m[PRIM][0m               Core 0 start compute primitive Lsu_mem.                                                                        | [36m5176 ns[0m
[INFO][0m[92m[PRIM][0m               Core 4 start compute primitive Sram_lifecycle.                                                                 | [36m5180 ns[0m
[INFO][0m[92m[PRIM][0m               Core 4 end compute primitive Sram_lifecycle.                                                                   | [36m5180 ns[0m
[INFO][0m[92m[PRIM][0m               Core 8 start compute primitive Sram_lifecycle.                                                                 | [36m5184 ns[0m
[INFO][0m[92m[PRIM][0m               Core 8 end compute primitive Sram_lifecycle.                                                                   | [36m5184 ns[0m
[INFO][0m[92m[PRIM][0m               Core 4 start compute primitive Lsu_mem.                                                                        | [36m5186 ns[0m
[INFO][0m[92m[PRIM][0m               Core 8 start compute primitive Lsu_mem.                                                                        | [36m5190 ns[0m
[INFO][0m[92m[PRIM][0m               Core 12 start compute primitive Sram_lifecycle.                                                                | [36m5204 ns[0m
[INFO][0m[92m[PRIM][0m               Core 12 end compute primitive Sram_lifecycle.                                                                  | [36m5204 ns[0m
[INFO][0m[92m[PRIM][0m               Core 12 start compute primitive Lsu_mem.                                                                       | [36m5210 ns[0m
[INFO][0m[92m[PRIM][0m               Core 0 end compute primitive Lsu_mem.                                                                          | [36m5411 ns[0m
[INFO][0m[92m[PRIM][0m               Core 0 start compute primitive Sram_lifecycle.                                                                 | [36m5417 ns[0m
[INFO][0m[92m[PRIM][0m               Core 0 end compute primitive Sram_lifecycle.                                                                   | [36m5417 ns[0m
[INFO][0m[92m[PRIM][0m               Core 4 end compute primitive Lsu_mem.                                                                          | [36m5419 ns[0m
[INFO][0m[92m[PRIM][0m               Core 0 start compute primitive Sram_bind_oneshot.                                                              | [36m5423 ns[0m
[INFO][0m[92m[PRIM][0m               Core 0 end compute primitive Sram_bind_oneshot.                                                                | [36m5423 ns[0m
[INFO][0m[92m[PRIM][0m               Core 4 start compute primitive Sram_lifecycle.                                                                 | [36m5425 ns[0m
[INFO][0m[92m[PRIM][0m               Core 4 end compute primitive Sram_lifecycle.                                                                   | [36m5425 ns[0m
[INFO][0m[92m[PRIM][0m               Core 8 end compute primitive Lsu_mem.                                                                          | [36m5425 ns[0m
[INFO][0m[92m[PRIM][0m               Core 0 start compute primitive Matmul_f.                                                                       | [36m5429 ns[0m
[INFO][0m[92m[PRIM][0m               Core 8 start compute primitive Sram_lifecycle.                                                                 | [36m5431 ns[0m
[INFO][0m[92m[PRIM][0m               Core 4 start compute primitive Sram_bind_oneshot.                                                              | [36m5431 ns[0m
[INFO][0m[92m[PRIM][0m               Core 4 end compute primitive Sram_bind_oneshot.                                                                | [36m5431 ns[0m
[INFO][0m[92m[PRIM][0m               Core 8 end compute primitive Sram_lifecycle.                                                                   | [36m5431 ns[0m
[INFO][0m[92m[PRIM][0m               Core 8 start compute primitive Sram_bind_oneshot.                                                              | [36m5437 ns[0m
[INFO][0m[92m[PRIM][0m               Core 4 start compute primitive Matmul_f.                                                                       | [36m5437 ns[0m
[INFO][0m[92m[PRIM][0m               Core 8 end compute primitive Sram_bind_oneshot.                                                                | [36m5437 ns[0m
[INFO][0m[92m[PRIM][0m               Core 8 start compute primitive Matmul_f.                                                                       | [36m5443 ns[0m
[INFO][0m[92m[PRIM][0m               Core 12 end compute primitive Lsu_mem.                                                                         | [36m5443 ns[0m
[INFO][0m[92m[PRIM][0m               Core 12 start compute primitive Sram_lifecycle.                                                                | [36m5449 ns[0m
[INFO][0m[92m[PRIM][0m               Core 12 end compute primitive Sram_lifecycle.                                                                  | [36m5449 ns[0m
[INFO][0m[92m[PRIM][0m               Core 12 start compute primitive Sram_bind_oneshot.                                                             | [36m5455 ns[0m
[INFO][0m[92m[PRIM][0m               Core 12 end compute primitive Sram_bind_oneshot.                                                               | [36m5455 ns[0m
[INFO][0m[92m[PRIM][0m               Core 12 start compute primitive Matmul_f.                                                                      | [36m5461 ns[0m
[INFO][0m[92m[PRIM][0m               Core 0 end compute primitive Matmul_f.                                                                         | [36m5477 ns[0m
[INFO][0m[92m[PRIM][0m               Core 0 start compute primitive Sram_lifecycle.                                                                 | [36m5483 ns[0m
[INFO][0m[92m[PRIM][0m               Core 0 end compute primitive Sram_lifecycle.                                                                   | [36m5483 ns[0m
[INFO][0m[92m[PRIM][0m               Core 4 end compute primitive Matmul_f.                                                                         | [36m5485 ns[0m
[INFO][0m[92m[PRIM][0m               Core 0 start compute primitive Sram_lifecycle.                                                                 | [36m5489 ns[0m
[INFO][0m[92m[PRIM][0m               Core 0 end compute primitive Sram_lifecycle.                                                                   | [36m5489 ns[0m
[INFO][0m[92m[PRIM][0m               Core 8 end compute primitive Matmul_f.                                                                         | [36m5491 ns[0m
[INFO][0m[92m[PRIM][0m               Core 4 start compute primitive Sram_lifecycle.                                                                 | [36m5491 ns[0m
[INFO][0m[92m[PRIM][0m               Core 4 end compute primitive Sram_lifecycle.                                                                   | [36m5491 ns[0m
[INFO][0m[92m[PRIM][0m               Core 0 start compute primitive Sram_lifecycle.                                                                 | [36m5495 ns[0m
[INFO][0m[92m[PRIM][0m               Core 0 end compute primitive Sram_lifecycle.                                                                   | [36m5495 ns[0m
[INFO][0m[92m[PRIM][0m               Core 4 start compute primitive Sram_lifecycle.                                                                 | [36m5497 ns[0m
[INFO][0m[92m[PRIM][0m               Core 8 start compute primitive Sram_lifecycle.                                                                 | [36m5497 ns[0m
[INFO][0m[92m[PRIM][0m               Core 8 end compute primitive Sram_lifecycle.                                                                   | [36m5497 ns[0m
[INFO][0m[92m[PRIM][0m               Core 4 end compute primitive Sram_lifecycle.                                                                   | [36m5497 ns[0m
[INFO][0m[92m[PRIM][0m               Core 0 start compute primitive Sram_bind_oneshot.                                                              | [36m5501 ns[0m
[INFO][0m[92m[PRIM][0m               Core 0 end compute primitive Sram_bind_oneshot.                                                                | [36m5501 ns[0m
[INFO][0m[92m[PRIM][0m               Core 4 start compute primitive Sram_lifecycle.                                                                 | [36m5503 ns[0m
[INFO][0m[92m[PRIM][0m               Core 8 start compute primitive Sram_lifecycle.                                                                 | [36m5503 ns[0m
[INFO][0m[92m[PRIM][0m               Core 8 end compute primitive Sram_lifecycle.                                                                   | [36m5503 ns[0m
[INFO][0m[92m[PRIM][0m               Core 4 end compute primitive Sram_lifecycle.                                                                   | [36m5503 ns[0m
[INFO][0m[92m[PRIM][0m               Core 0 start compute primitive Rope_qk_exact_prim.                                                             | [36m5507 ns[0m
[INFO][0m[92m[PRIM][0m               Core 8 start compute primitive Sram_lifecycle.                                                                 | [36m5509 ns[0m
[INFO][0m[92m[PRIM][0m               Core 0 end compute primitive Rope_qk_exact_prim.                                                               | [36m5509 ns[0m
[INFO][0m[92m[PRIM][0m               Core 4 start compute primitive Sram_bind_oneshot.                                                              | [36m5509 ns[0m
[INFO][0m[92m[PRIM][0m               Core 12 end compute primitive Matmul_f.                                                                        | [36m5509 ns[0m
[INFO][0m[92m[PRIM][0m               Core 4 end compute primitive Sram_bind_oneshot.                                                                | [36m5509 ns[0m
[INFO][0m[92m[PRIM][0m               Core 8 end compute primitive Sram_lifecycle.                                                                   | [36m5509 ns[0m
[INFO][0m[92m[PRIM][0m               Core 0 start compute primitive Sram_lifecycle.                                                                 | [36m5515 ns[0m
[INFO][0m[92m[PRIM][0m               Core 8 start compute primitive Sram_bind_oneshot.                                                              | [36m5515 ns[0m
[INFO][0m[92m[PRIM][0m               Core 12 start compute primitive Sram_lifecycle.                                                                | [36m5515 ns[0m
[INFO][0m[92m[PRIM][0m               Core 4 start compute primitive Rope_qk_exact_prim.                                                             | [36m5515 ns[0m
[INFO][0m[92m[PRIM][0m               Core 12 end compute primitive Sram_lifecycle.                                                                  | [36m5515 ns[0m
[INFO][0m[92m[PRIM][0m               Core 8 end compute primitive Sram_bind_oneshot.                                                                | [36m5515 ns[0m
[INFO][0m[92m[PRIM][0m               Core 0 end compute primitive Sram_lifecycle.                                                                   | [36m5515 ns[0m
[INFO][0m[92m[PRIM][0m               Core 4 end compute primitive Rope_qk_exact_prim.                                                               | [36m5517 ns[0m
[INFO][0m[92m[PRIM][0m               Core 12 start compute primitive Sram_lifecycle.                                                                | [36m5521 ns[0m
[INFO][0m[92m[PRIM][0m               Core 0 start compute primitive Sram_lifecycle.                                                                 | [36m5521 ns[0m
[INFO][0m[92m[PRIM][0m               Core 8 start compute primitive Rope_qk_exact_prim.                                                             | [36m5521 ns[0m
[INFO][0m[92m[PRIM][0m               Core 0 end compute primitive Sram_lifecycle.                                                                   | [36m5521 ns[0m
[INFO][0m[92m[PRIM][0m               Core 12 end compute primitive Sram_lifecycle.                                                                  | [36m5521 ns[0m
[INFO][0m[92m[PRIM][0m               Core 4 start compute primitive Sram_lifecycle.                                                                 | [36m5523 ns[0m
[INFO][0m[92m[PRIM][0m               Core 8 end compute primitive Rope_qk_exact_prim.                                                               | [36m5523 ns[0m
[INFO][0m[92m[PRIM][0m               Core 4 end compute primitive Sram_lifecycle.                                                                   | [36m5523 ns[0m
[INFO][0m[92m[PRIM][0m               Core 0 start compute primitive Sram_bind_oneshot.                                                              | [36m5527 ns[0m
[INFO][0m[92m[PRIM][0m               Core 12 start compute primitive Sram_lifecycle.                                                                | [36m5527 ns[0m
[INFO][0m[92m[PRIM][0m               Core 12 end compute primitive Sram_lifecycle.                                                                  | [36m5527 ns[0m
[INFO][0m[92m[PRIM][0m               Core 0 end compute primitive Sram_bind_oneshot.                                                                | [36m5527 ns[0m
[INFO][0m[92m[PRIM][0m               Core 4 start compute primitive Sram_lifecycle.                                                                 | [36m5529 ns[0m
[INFO][0m[92m[PRIM][0m               Core 8 start compute primitive Sram_lifecycle.                                                                 | [36m5529 ns[0m
[INFO][0m[92m[PRIM][0m               Core 8 end compute primitive Sram_lifecycle.                                                                   | [36m5529 ns[0m
[INFO][0m[92m[PRIM][0m               Core 4 end compute primitive Sram_lifecycle.                                                                   | [36m5529 ns[0m
[INFO][0m[92m[PRIM][0m               Core 12 start compute primitive Sram_bind_oneshot.                                                             | [36m5533 ns[0m
[INFO][0m[92m[PRIM][0m               Core 0 start compute primitive Attention_exact_prim.                                                           | [36m5533 ns[0m
[INFO][0m[92m[PRIM][0m               Core 0 end compute primitive Attention_exact_prim.                                                             | [36m5533 ns[0m
[INFO][0m[92m[PRIM][0m               Core 12 end compute primitive Sram_bind_oneshot.                                                               | [36m5533 ns[0m
[INFO][0m[92m[PRIM][0m               Core 4 start compute primitive Sram_bind_oneshot.                                                              | [36m5535 ns[0m
[INFO][0m[92m[PRIM][0m               Core 8 start compute primitive Sram_lifecycle.                                                                 | [36m5535 ns[0m
[INFO][0m[92m[PRIM][0m               Core 8 end compute primitive Sram_lifecycle.                                                                   | [36m5535 ns[0m
[INFO][0m[92m[PRIM][0m               Core 4 end compute primitive Sram_bind_oneshot.                                                                | [36m5535 ns[0m
[INFO][0m[92m[PRIM][0m               Core 12 start compute primitive Rope_qk_exact_prim.                                                            | [36m5539 ns[0m
[INFO][0m[92m[PRIM][0m               Core 0 start compute primitive Sram_lifecycle.                                                                 | [36m5539 ns[0m
[INFO][0m[92m[PRIM][0m               Core 0 end compute primitive Sram_lifecycle.                                                                   | [36m5539 ns[0m
[INFO][0m[92m[PRIM][0m               Core 8 start compute primitive Sram_bind_oneshot.                                                              | [36m5541 ns[0m
[INFO][0m[92m[PRIM][0m               Core 4 start compute primitive Attention_exact_prim.                                                           | [36m5541 ns[0m
[INFO][0m[92m[PRIM][0m               Core 12 end compute primitive Rope_qk_exact_prim.                                                              | [36m5541 ns[0m
[INFO][0m[92m[PRIM][0m               Core 4 end compute primitive Attention_exact_prim.                                                             | [36m5541 ns[0m
[INFO][0m[92m[PRIM][0m               Core 8 end compute primitive Sram_bind_oneshot.                                                                | [36m5541 ns[0m
[INFO][0m[92m[PRIM][0m               Core 0 start compute primitive Sram_lifecycle.                                                                 | [36m5545 ns[0m
[INFO][0m[92m[PRIM][0m               Core 0 end compute primitive Sram_lifecycle.                                                                   | [36m5545 ns[0m
[INFO][0m[92m[PRIM][0m               Core 4 start compute primitive Sram_lifecycle.                                                                 | [36m5547 ns[0m
[INFO][0m[92m[PRIM][0m               Core 12 start compute primitive Sram_lifecycle.                                                                | [36m5547 ns[0m
[INFO][0m[92m[PRIM][0m               Core 8 start compute primitive Attention_exact_prim.                                                           | [36m5547 ns[0m
[INFO][0m[92m[PRIM][0m               Core 8 end compute primitive Attention_exact_prim.                                                             | [36m5547 ns[0m
[INFO][0m[92m[PRIM][0m               Core 12 end compute primitive Sram_lifecycle.                                                                  | [36m5547 ns[0m
[INFO][0m[92m[PRIM][0m               Core 4 end compute primitive Sram_lifecycle.                                                                   | [36m5547 ns[0m
[INFO][0m[92m[PRIM][0m               Core 0 start compute primitive Sram_lifecycle.                                                                 | [36m5551 ns[0m
[INFO][0m[92m[PRIM][0m               Core 0 end compute primitive Sram_lifecycle.                                                                   | [36m5551 ns[0m
[INFO][0m[92m[PRIM][0m               Core 8 start compute primitive Sram_lifecycle.                                                                 | [36m5553 ns[0m
[INFO][0m[92m[PRIM][0m               Core 12 start compute primitive Sram_lifecycle.                                                                | [36m5553 ns[0m
[INFO][0m[92m[PRIM][0m               Core 4 start compute primitive Sram_lifecycle.                                                                 | [36m5553 ns[0m
[INFO][0m[92m[PRIM][0m               Core 4 end compute primitive Sram_lifecycle.                                                                   | [36m5553 ns[0m
[INFO][0m[92m[PRIM][0m               Core 12 end compute primitive Sram_lifecycle.                                                                  | [36m5553 ns[0m
[INFO][0m[92m[PRIM][0m               Core 8 end compute primitive Sram_lifecycle.                                                                   | [36m5553 ns[0m
[INFO][0m[92m[PRIM][0m               Core 0 start compute primitive Lsu_mem.                                                                        | [36m5557 ns[0m
[INFO][0m[92m[PRIM][0m               Core 4 start compute primitive Sram_lifecycle.                                                                 | [36m5559 ns[0m
[INFO][0m[92m[PRIM][0m               Core 12 start compute primitive Sram_bind_oneshot.                                                             | [36m5559 ns[0m
[INFO][0m[92m[PRIM][0m               Core 8 start compute primitive Sram_lifecycle.                                                                 | [36m5559 ns[0m
[INFO][0m[92m[PRIM][0m               Core 8 end compute primitive Sram_lifecycle.                                                                   | [36m5559 ns[0m
[INFO][0m[92m[PRIM][0m               Core 12 end compute primitive Sram_bind_oneshot.                                                               | [36m5559 ns[0m
[INFO][0m[92m[PRIM][0m               Core 4 end compute primitive Sram_lifecycle.                                                                   | [36m5559 ns[0m
[INFO][0m[92m[PRIM][0m               Core 4 start compute primitive Lsu_mem.                                                                        | [36m5565 ns[0m
[INFO][0m[92m[PRIM][0m               Core 12 start compute primitive Attention_exact_prim.                                                          | [36m5565 ns[0m
[INFO][0m[92m[PRIM][0m               Core 8 start compute primitive Sram_lifecycle.                                                                 | [36m5565 ns[0m
[INFO][0m[92m[PRIM][0m               Core 8 end compute primitive Sram_lifecycle.                                                                   | [36m5565 ns[0m
[INFO][0m[92m[PRIM][0m               Core 12 end compute primitive Attention_exact_prim.                                                            | [36m5565 ns[0m
[INFO][0m[92m[PRIM][0m               Core 8 start compute primitive Lsu_mem.                                                                        | [36m5571 ns[0m
[INFO][0m[92m[PRIM][0m               Core 12 start compute primitive Sram_lifecycle.                                                                | [36m5571 ns[0m
[INFO][0m[92m[PRIM][0m               Core 12 end compute primitive Sram_lifecycle.                                                                  | [36m5571 ns[0m
[INFO][0m[92m[PRIM][0m               Core 12 start compute primitive Sram_lifecycle.                                                                | [36m5577 ns[0m
[INFO][0m[92m[PRIM][0m               Core 12 end compute primitive Sram_lifecycle.                                                                  | [36m5577 ns[0m
[INFO][0m[92m[PRIM][0m               Core 12 start compute primitive Sram_lifecycle.                                                                | [36m5583 ns[0m
[INFO][0m[92m[PRIM][0m               Core 12 end compute primitive Sram_lifecycle.                                                                  | [36m5583 ns[0m
[INFO][0m[92m[PRIM][0m               Core 12 start compute primitive Lsu_mem.                                                                       | [36m5589 ns[0m
[INFO][0m[92m[PRIM][0m               Core 0 end compute primitive Lsu_mem.                                                                          | [36m5628 ns[0m
[INFO][0m[92m[PRIM][0m               Core 0 start compute primitive Sram_lifecycle.                                                                 | [36m5634 ns[0m
[INFO][0m[92m[PRIM][0m               Core 0 end compute primitive Sram_lifecycle.                                                                   | [36m5634 ns[0m
[INFO][0m[92m[PRIM][0m               Core 4 end compute primitive Lsu_mem.                                                                          | [36m5636 ns[0m
[INFO][0m[92m[PRIM][0m               Core 0 start compute primitive Sram_lifecycle.                                                                 | [36m5640 ns[0m
[INFO][0m[92m[PRIM][0m               Core 0 end compute primitive Sram_lifecycle.                                                                   | [36m5640 ns[0m
[INFO][0m[92m[PRIM][0m               Core 4 start compute primitive Sram_lifecycle.                                                                 | [36m5642 ns[0m
[INFO][0m[92m[PRIM][0m               Core 4 end compute primitive Sram_lifecycle.                                                                   | [36m5642 ns[0m
[INFO][0m[92m[PRIM][0m               Core 8 end compute primitive Lsu_mem.                                                                          | [36m5642 ns[0m
[INFO][0m[92m[PRIM][0m               Core 0 start compute primitive Lsu_mem.                                                                        | [36m5646 ns[0m
[INFO][0m[92m[PRIM][0m               Core 4 start compute primitive Sram_lifecycle.                                                                 | [36m5648 ns[0m
[INFO][0m[92m[PRIM][0m               Core 8 start compute primitive Sram_lifecycle.                                                                 | [36m5648 ns[0m
[INFO][0m[92m[PRIM][0m               Core 8 end compute primitive Sram_lifecycle.                                                                   | [36m5648 ns[0m
[INFO][0m[92m[PRIM][0m               Core 4 end compute primitive Sram_lifecycle.                                                                   | [36m5648 ns[0m
[INFO][0m[92m[PRIM][0m               Core 4 start compute primitive Lsu_mem.                                                                        | [36m5654 ns[0m
[INFO][0m[92m[PRIM][0m               Core 8 start compute primitive Sram_lifecycle.                                                                 | [36m5654 ns[0m
[INFO][0m[92m[PRIM][0m               Core 8 end compute primitive Sram_lifecycle.                                                                   | [36m5654 ns[0m
[INFO][0m[92m[PRIM][0m               Core 8 start compute primitive Lsu_mem.                                                                        | [36m5660 ns[0m
[INFO][0m[92m[PRIM][0m               Core 12 end compute primitive Lsu_mem.                                                                         | [36m5660 ns[0m
[INFO][0m[92m[PRIM][0m               Core 12 start compute primitive Sram_lifecycle.                                                                | [36m5666 ns[0m
[INFO][0m[92m[PRIM][0m               Core 12 end compute primitive Sram_lifecycle.                                                                  | [36m5666 ns[0m
[INFO][0m[92m[PRIM][0m               Core 12 start compute primitive Sram_lifecycle.                                                                | [36m5672 ns[0m
[INFO][0m[92m[PRIM][0m               Core 12 end compute primitive Sram_lifecycle.                                                                  | [36m5672 ns[0m
[INFO][0m[92m[PRIM][0m               Core 12 start compute primitive Lsu_mem.                                                                       | [36m5678 ns[0m
[INFO][0m[92m[PRIM][0m               Core 0 end compute primitive Lsu_mem.                                                                          | [36m5717 ns[0m
[INFO][0m[92m[PRIM][0m               Core 0 start compute primitive Sram_lifecycle.                                                                 | [36m5723 ns[0m
[INFO][0m[92m[PRIM][0m               Core 0 end compute primitive Sram_lifecycle.                                                                   | [36m5723 ns[0m
[INFO][0m[92m[PRIM][0m               Core 4 end compute primitive Lsu_mem.                                                                          | [36m5725 ns[0m
[INFO][0m[92m[PRIM][0m               Core 0 start compute primitive Sram_lifecycle.                                                                 | [36m5729 ns[0m
[INFO][0m[92m[PRIM][0m               Core 0 end compute primitive Sram_lifecycle.                                                                   | [36m5729 ns[0m
[INFO][0m[92m[PRIM][0m               Core 4 start compute primitive Sram_lifecycle.                                                                 | [36m5731 ns[0m
[INFO][0m[92m[PRIM][0m               Core 4 end compute primitive Sram_lifecycle.                                                                   | [36m5731 ns[0m
[INFO][0m[92m[PRIM][0m               Core 8 end compute primitive Lsu_mem.                                                                          | [36m5731 ns[0m
[INFO][0m[92m[PRIM][0m               Core 0 start compute primitive Lsu_mem.                                                                        | [36m5735 ns[0m
[INFO][0m[92m[PRIM][0m               Core 4 start compute primitive Sram_lifecycle.                                                                 | [36m5737 ns[0m
[INFO][0m[92m[PRIM][0m               Core 8 start compute primitive Sram_lifecycle.                                                                 | [36m5737 ns[0m
[INFO][0m[92m[PRIM][0m               Core 8 end compute primitive Sram_lifecycle.                                                                   | [36m5737 ns[0m
[INFO][0m[92m[PRIM][0m               Core 4 end compute primitive Sram_lifecycle.                                                                   | [36m5737 ns[0m
[INFO][0m[92m[PRIM][0m               Core 4 start compute primitive Lsu_mem.                                                                        | [36m5743 ns[0m
[INFO][0m[92m[PRIM][0m               Core 8 start compute primitive Sram_lifecycle.                                                                 | [36m5743 ns[0m
[INFO][0m[92m[PRIM][0m               Core 8 end compute primitive Sram_lifecycle.                                                                   | [36m5743 ns[0m
[INFO][0m[92m[PRIM][0m               Core 8 start compute primitive Lsu_mem.                                                                        | [36m5749 ns[0m
[INFO][0m[92m[PRIM][0m               Core 12 end compute primitive Lsu_mem.                                                                         | [36m5749 ns[0m
[INFO][0m[92m[PRIM][0m               Core 12 start compute primitive Sram_lifecycle.                                                                | [36m5755 ns[0m
[INFO][0m[92m[PRIM][0m               Core 12 end compute primitive Sram_lifecycle.                                                                  | [36m5755 ns[0m
[INFO][0m[92m[PRIM][0m               Core 12 start compute primitive Sram_lifecycle.                                                                | [36m5761 ns[0m
[INFO][0m[92m[PRIM][0m               Core 12 end compute primitive Sram_lifecycle.                                                                  | [36m5761 ns[0m
[INFO][0m[92m[PRIM][0m               Core 12 start compute primitive Lsu_mem.                                                                       | [36m5767 ns[0m
[INFO][0m[92m[PRIM][0m               Core 0 end compute primitive Lsu_mem.                                                                          | [36m5848 ns[0m
[INFO][0m[92m[PRIM][0m               Core 0 start compute primitive Sram_lifecycle.                                                                 | [36m5854 ns[0m
[INFO][0m[92m[PRIM][0m               Core 0 end compute primitive Sram_lifecycle.                                                                   | [36m5854 ns[0m
[INFO][0m[92m[PRIM][0m               Core 4 end compute primitive Lsu_mem.                                                                          | [36m5856 ns[0m
[INFO][0m[92m[PRIM][0m               Core 0 start compute primitive Sram_lifecycle.                                                                 | [36m5860 ns[0m
[INFO][0m[92m[PRIM][0m               Core 0 end compute primitive Sram_lifecycle.                                                                   | [36m5860 ns[0m
[INFO][0m[92m[PRIM][0m               Core 4 start compute primitive Sram_lifecycle.                                                                 | [36m5862 ns[0m
[INFO][0m[92m[PRIM][0m               Core 4 end compute primitive Sram_lifecycle.                                                                   | [36m5862 ns[0m
[INFO][0m[92m[PRIM][0m               Core 8 end compute primitive Lsu_mem.                                                                          | [36m5862 ns[0m
[INFO][0m[92m[PRIM][0m               Core 0 start compute primitive Sram_bind_oneshot.                                                              | [36m5866 ns[0m
[INFO][0m[92m[PRIM][0m               Core 0 end compute primitive Sram_bind_oneshot.                                                                | [36m5866 ns[0m
[INFO][0m[92m[PRIM][0m               Core 8 start compute primitive Sram_lifecycle.                                                                 | [36m5868 ns[0m
[INFO][0m[92m[PRIM][0m               Core 4 start compute primitive Sram_lifecycle.                                                                 | [36m5868 ns[0m
[INFO][0m[92m[PRIM][0m               Core 4 end compute primitive Sram_lifecycle.                                                                   | [36m5868 ns[0m
[INFO][0m[92m[PRIM][0m               Core 8 end compute primitive Sram_lifecycle.                                                                   | [36m5868 ns[0m
[INFO][0m[92m[PRIM][0m               Core 0 start compute primitive Matmul_f.                                                                       | [36m5872 ns[0m
[INFO][0m[92m[PRIM][0m               Core 8 start compute primitive Sram_lifecycle.                                                                 | [36m5874 ns[0m
[INFO][0m[92m[PRIM][0m               Core 4 start compute primitive Sram_bind_oneshot.                                                              | [36m5874 ns[0m
[INFO][0m[92m[PRIM][0m               Core 4 end compute primitive Sram_bind_oneshot.                                                                | [36m5874 ns[0m
[INFO][0m[92m[PRIM][0m               Core 8 end compute primitive Sram_lifecycle.                                                                   | [36m5874 ns[0m
[INFO][0m[92m[PRIM][0m               Core 0 end compute primitive Matmul_f.                                                                         | [36m5876 ns[0m
[INFO][0m[92m[PRIM][0m               Core 8 start compute primitive Sram_bind_oneshot.                                                              | [36m5880 ns[0m
[INFO][0m[92m[PRIM][0m               Core 4 start compute primitive Matmul_f.                                                                       | [36m5880 ns[0m
[INFO][0m[92m[PRIM][0m               Core 8 end compute primitive Sram_bind_oneshot.                                                                | [36m5880 ns[0m
[INFO][0m[92m[PRIM][0m               Core 12 end compute primitive Lsu_mem.                                                                         | [36m5880 ns[0m
[INFO][0m[92m[PRIM][0m               Core 0 start compute primitive Sram_lifecycle.                                                                 | [36m5882 ns[0m
[INFO][0m[92m[PRIM][0m               Core 0 end compute primitive Sram_lifecycle.                                                                   | [36m5882 ns[0m
[INFO][0m[92m[PRIM][0m               Core 4 end compute primitive Matmul_f.                                                                         | [36m5884 ns[0m
[INFO][0m[92m[PRIM][0m               Core 12 start compute primitive Sram_lifecycle.                                                                | [36m5886 ns[0m
[INFO][0m[92m[PRIM][0m               Core 8 start compute primitive Matmul_f.                                                                       | [36m5886 ns[0m
[INFO][0m[92m[PRIM][0m               Core 12 end compute primitive Sram_lifecycle.                                                                  | [36m5886 ns[0m
[INFO][0m[92m[PRIM][0m               Core 0 start compute primitive Sram_lifecycle.                                                                 | [36m5888 ns[0m
[INFO][0m[92m[PRIM][0m               Core 0 end compute primitive Sram_lifecycle.                                                                   | [36m5888 ns[0m
[INFO][0m[92m[PRIM][0m               Core 4 start compute primitive Sram_lifecycle.                                                                 | [36m5890 ns[0m
[INFO][0m[92m[PRIM][0m               Core 8 end compute primitive Matmul_f.                                                                         | [36m5890 ns[0m
[INFO][0m[92m[PRIM][0m               Core 4 end compute primitive Sram_lifecycle.                                                                   | [36m5890 ns[0m
[INFO][0m[92m[PRIM][0m               Core 12 start compute primitive Sram_lifecycle.                                                                | [36m5892 ns[0m
[INFO][0m[92m[PRIM][0m               Core 12 end compute primitive Sram_lifecycle.                                                                  | [36m5892 ns[0m
[INFO][0m[92m[PRIM][0m               Core 8 start compute primitive Sram_lifecycle.                                                                 | [36m5896 ns[0m
[INFO][0m[92m[PRIM][0m               Core 8 end compute primitive Sram_lifecycle.                                                                   | [36m5896 ns[0m
[INFO][0m[92m[PRIM][0m               Core 12 start compute primitive Sram_bind_oneshot.                                                             | [36m5898 ns[0m
[INFO][0m[92m[PRIM][0m               Core 12 end compute primitive Sram_bind_oneshot.                                                               | [36m5898 ns[0m
[INFO][0m[92m[PRIM][0m               Core 12 start compute primitive Matmul_f.                                                                      | [36m5904 ns[0m
[INFO][0m[92m[PRIM][0m               Core 12 end compute primitive Matmul_f.                                                                        | [36m5908 ns[0m
[INFO][0m[92m[PRIM][0m               Core 12 start compute primitive Sram_lifecycle.                                                                | [36m5914 ns[0m
[INFO][0m[92m[PRIM][0m               Core 12 end compute primitive Sram_lifecycle.                                                                  | [36m5914 ns[0m
[INFO][0m[92m[PRIM][0m               Core 4 start compute primitive Sram_lifecycle.                                                                 | [36m5960 ns[0m
[INFO][0m[92m[PRIM][0m               Core 4 end compute primitive Sram_lifecycle.                                                                   | [36m5960 ns[0m
[INFO][0m[92m[PRIM][0m               Core 4 start compute primitive Sram_lifecycle.                                                                 | [36m5966 ns[0m
[INFO][0m[92m[PRIM][0m               Core 8 start compute primitive Sram_lifecycle.                                                                 | [36m5966 ns[0m
[INFO][0m[92m[PRIM][0m               Core 8 end compute primitive Sram_lifecycle.                                                                   | [36m5966 ns[0m
[INFO][0m[92m[PRIM][0m               Core 4 end compute primitive Sram_lifecycle.                                                                   | [36m5966 ns[0m
[INFO][0m[92m[PRIM][0m               Core 4 start compute primitive Sram_lifecycle.                                                                 | [36m5972 ns[0m
[INFO][0m[92m[PRIM][0m               Core 8 start compute primitive Sram_lifecycle.                                                                 | [36m5972 ns[0m
[INFO][0m[92m[PRIM][0m               Core 8 end compute primitive Sram_lifecycle.                                                                   | [36m5972 ns[0m
[INFO][0m[92m[PRIM][0m               Core 4 end compute primitive Sram_lifecycle.                                                                   | [36m5972 ns[0m
[INFO][0m[92m[PRIM][0m               Core 4 start compute primitive Sram_bind_oneshot.                                                              | [36m5978 ns[0m
[INFO][0m[92m[PRIM][0m               Core 8 start compute primitive Sram_lifecycle.                                                                 | [36m5978 ns[0m
[INFO][0m[92m[PRIM][0m               Core 8 end compute primitive Sram_lifecycle.                                                                   | [36m5978 ns[0m
[INFO][0m[92m[PRIM][0m               Core 4 end compute primitive Sram_bind_oneshot.                                                                | [36m5978 ns[0m
[INFO][0m[92m[PRIM][0m               Core 4 start compute primitive Matmul_f.                                                                       | [36m5984 ns[0m
[INFO][0m[92m[PRIM][0m               Core 8 start compute primitive Sram_bind_oneshot.                                                              | [36m5984 ns[0m
[INFO][0m[92m[PRIM][0m               Core 8 end compute primitive Sram_bind_oneshot.                                                                | [36m5984 ns[0m
[INFO][0m[92m[PRIM][0m               Core 4 end compute primitive Matmul_f.                                                                         | [36m5988 ns[0m
[INFO][0m[92m[PRIM][0m               Core 8 start compute primitive Matmul_f.                                                                       | [36m5990 ns[0m
[INFO][0m[92m[PRIM][0m               Core 4 start compute primitive Sram_lifecycle.                                                                 | [36m5994 ns[0m
[INFO][0m[92m[PRIM][0m               Core 8 end compute primitive Matmul_f.                                                                         | [36m5994 ns[0m
[INFO][0m[92m[PRIM][0m               Core 4 end compute primitive Sram_lifecycle.                                                                   | [36m5994 ns[0m
[INFO][0m[92m[PRIM][0m               Core 4 start compute primitive Sram_lifecycle.                                                                 | [36m6 us[0m
[INFO][0m[92m[PRIM][0m               Core 8 start compute primitive Sram_lifecycle.                                                                 | [36m6 us[0m
[INFO][0m[92m[PRIM][0m               Core 0 start compute primitive Sram_lifecycle.                                                                 | [36m6 us[0m
[INFO][0m[92m[PRIM][0m               Core 0 end compute primitive Sram_lifecycle.                                                                   | [36m6 us[0m
[INFO][0m[92m[PRIM][0m               Core 8 end compute primitive Sram_lifecycle.                                                                   | [36m6 us[0m
[INFO][0m[92m[PRIM][0m               Core 4 end compute primitive Sram_lifecycle.                                                                   | [36m6 us[0m
[INFO][0m[92m[PRIM][0m               Core 12 start compute primitive Sram_lifecycle.                                                                | [36m6016 ns[0m
[INFO][0m[92m[PRIM][0m               Core 12 end compute primitive Sram_lifecycle.                                                                  | [36m6016 ns[0m
[INFO][0m[92m[PRIM][0m               Core 12 start compute primitive Sram_lifecycle.                                                                | [36m6022 ns[0m
[INFO][0m[92m[PRIM][0m               Core 12 end compute primitive Sram_lifecycle.                                                                  | [36m6022 ns[0m
[INFO][0m[92m[PRIM][0m               Core 12 start compute primitive Sram_lifecycle.                                                                | [36m6028 ns[0m
[INFO][0m[92m[PRIM][0m               Core 12 end compute primitive Sram_lifecycle.                                                                  | [36m6028 ns[0m
[INFO][0m[92m[PRIM][0m               Core 0 start compute primitive Sram_lifecycle.                                                                 | [36m6030 ns[0m
[INFO][0m[92m[PRIM][0m               Core 0 end compute primitive Sram_lifecycle.                                                                   | [36m6030 ns[0m
[INFO][0m[92m[PRIM][0m               Core 12 start compute primitive Sram_bind_oneshot.                                                             | [36m6034 ns[0m
[INFO][0m[92m[PRIM][0m               Core 12 end compute primitive Sram_bind_oneshot.                                                               | [36m6034 ns[0m
[INFO][0m[92m[PRIM][0m               Core 12 start compute primitive Matmul_f.                                                                      | [36m6040 ns[0m
[INFO][0m[92m[PRIM][0m               Core 12 end compute primitive Matmul_f.                                                                        | [36m6044 ns[0m
[INFO][0m[92m[PRIM][0m               Core 12 start compute primitive Sram_lifecycle.                                                                | [36m6050 ns[0m
[INFO][0m[92m[PRIM][0m               Core 12 end compute primitive Sram_lifecycle.                                                                  | [36m6050 ns[0m
[INFO][0m[92m[PRIM][0m               Core 0 start compute primitive Sram_lifecycle.                                                                 | [36m6076 ns[0m
[INFO][0m[92m[PRIM][0m               Core 0 end compute primitive Sram_lifecycle.                                                                   | [36m6076 ns[0m
[INFO][0m[92m[PRIM][0m               Core 0 start compute primitive Collective_data_v1_prim.                                                        | [36m6082 ns[0m
[INFO][0m[92m[PRIM][0m               Core 8 start compute primitive Sram_lifecycle.                                                                 | [36m6102 ns[0m
[INFO][0m[92m[PRIM][0m               Core 8 end compute primitive Sram_lifecycle.                                                                   | [36m6102 ns[0m
[INFO][0m[92m[PRIM][0m               Core 8 start compute primitive Sram_lifecycle.                                                                 | [36m6108 ns[0m
[INFO][0m[92m[PRIM][0m               Core 8 end compute primitive Sram_lifecycle.                                                                   | [36m6108 ns[0m
[INFO][0m[92m[PRIM][0m               Core 0 end compute primitive Collective_data_v1_prim.                                                          | [36m6112 ns[0m
[INFO][0m[92m[PRIM][0m               Core 8 start compute primitive Sram_lifecycle.                                                                 | [36m6114 ns[0m
[INFO][0m[92m[PRIM][0m               Core 8 end compute primitive Sram_lifecycle.                                                                   | [36m6114 ns[0m
[INFO][0m[92m[PRIM][0m               Core 0 start compute primitive Sram_lifecycle.                                                                 | [36m6118 ns[0m
[INFO][0m[92m[PRIM][0m               Core 0 end compute primitive Sram_lifecycle.                                                                   | [36m6118 ns[0m
[INFO][0m[92m[PRIM][0m               Core 8 start compute primitive Sram_bind_oneshot.                                                              | [36m6120 ns[0m
[INFO][0m[92m[PRIM][0m               Core 8 end compute primitive Sram_bind_oneshot.                                                                | [36m6120 ns[0m
[INFO][0m[92m[PRIM][0m               Core 0 start compute primitive Sram_lifecycle.                                                                 | [36m6124 ns[0m
[INFO][0m[92m[PRIM][0m               Core 0 end compute primitive Sram_lifecycle.                                                                   | [36m6124 ns[0m
[INFO][0m[92m[PRIM][0m               Core 8 start compute primitive Matmul_f.                                                                       | [36m6126 ns[0m
[INFO][0m[92m[PRIM][0m               Core 12 start compute primitive Sram_lifecycle.                                                                | [36m6126 ns[0m
[INFO][0m[92m[PRIM][0m               Core 12 end compute primitive Sram_lifecycle.                                                                  | [36m6126 ns[0m
[INFO][0m[92m[PRIM][0m               Core 0 start compute primitive Sram_lifecycle.                                                                 | [36m6130 ns[0m
[INFO][0m[92m[PRIM][0m               Core 8 end compute primitive Matmul_f.                                                                         | [36m6130 ns[0m
[INFO][0m[92m[PRIM][0m               Core 0 end compute primitive Sram_lifecycle.                                                                   | [36m6130 ns[0m
[INFO][0m[92m[PRIM][0m               Core 12 start compute primitive Sram_lifecycle.                                                                | [36m6132 ns[0m
[INFO][0m[92m[PRIM][0m               Core 12 end compute primitive Sram_lifecycle.                                                                  | [36m6132 ns[0m
[INFO][0m[92m[PRIM][0m               Core 0 start compute primitive Sram_lifecycle.                                                                 | [36m6136 ns[0m
[INFO][0m[92m[PRIM][0m               Core 8 start compute primitive Sram_lifecycle.                                                                 | [36m6136 ns[0m
[INFO][0m[92m[PRIM][0m               Core 8 end compute primitive Sram_lifecycle.                                                                   | [36m6136 ns[0m
[INFO][0m[92m[PRIM][0m               Core 0 end compute primitive Sram_lifecycle.                                                                   | [36m6136 ns[0m
[INFO][0m[92m[PRIM][0m               Core 12 start compute primitive Sram_lifecycle.                                                                | [36m6138 ns[0m
[INFO][0m[92m[PRIM][0m               Core 12 end compute primitive Sram_lifecycle.                                                                  | [36m6138 ns[0m
[INFO][0m[92m[PRIM][0m               Core 0 start compute primitive Sram_lifecycle.                                                                 | [36m6142 ns[0m
[INFO][0m[92m[PRIM][0m               Core 8 start compute primitive Sram_lifecycle.                                                                 | [36m6142 ns[0m
[INFO][0m[92m[PRIM][0m               Core 8 end compute primitive Sram_lifecycle.                                                                   | [36m6142 ns[0m
[INFO][0m[92m[PRIM][0m               Core 0 end compute primitive Sram_lifecycle.                                                                   | [36m6142 ns[0m
[INFO][0m[92m[PRIM][0m               Core 12 start compute primitive Sram_bind_oneshot.                                                             | [36m6144 ns[0m
[INFO][0m[92m[PRIM][0m               Core 12 end compute primitive Sram_bind_oneshot.                                                               | [36m6144 ns[0m
[INFO][0m[92m[PRIM][0m               Core 0 start compute primitive Sram_lifecycle.                                                                 | [36m6148 ns[0m
[INFO][0m[92m[PRIM][0m               Core 0 end compute primitive Sram_lifecycle.                                                                   | [36m6148 ns[0m
[INFO][0m[92m[PRIM][0m               Core 12 start compute primitive Matmul_f.                                                                      | [36m6150 ns[0m
[INFO][0m[92m[PRIM][0m               Core 0 start compute primitive Sram_bind_oneshot.                                                              | [36m6154 ns[0m
[INFO][0m[92m[PRIM][0m               Core 12 end compute primitive Matmul_f.                                                                        | [36m6154 ns[0m
[INFO][0m[92m[PRIM][0m               Core 0 end compute primitive Sram_bind_oneshot.                                                                | [36m6154 ns[0m
[INFO][0m[92m[PRIM][0m               Core 0 start compute primitive Matmul_f.                                                                       | [36m6160 ns[0m
[INFO][0m[92m[PRIM][0m               Core 12 start compute primitive Sram_lifecycle.                                                                | [36m6160 ns[0m
[INFO][0m[92m[PRIM][0m               Core 12 end compute primitive Sram_lifecycle.                                                                  | [36m6160 ns[0m
[INFO][0m[92m[PRIM][0m               Core 0 end compute primitive Matmul_f.                                                                         | [36m6164 ns[0m
[INFO][0m[92m[PRIM][0m               Core 0 start compute primitive Sram_lifecycle.                                                                 | [36m6170 ns[0m
[INFO][0m[92m[PRIM][0m               Core 0 end compute primitive Sram_lifecycle.                                                                   | [36m6170 ns[0m
[INFO][0m[92m[PRIM][0m               Core 12 start compute primitive Sram_lifecycle.                                                                | [36m6230 ns[0m
[INFO][0m[92m[PRIM][0m               Core 12 end compute primitive Sram_lifecycle.                                                                  | [36m6230 ns[0m
[INFO][0m[92m[PRIM][0m               Core 12 start compute primitive Sram_lifecycle.                                                                | [36m6236 ns[0m
[INFO][0m[92m[PRIM][0m               Core 12 end compute primitive Sram_lifecycle.                                                                  | [36m6236 ns[0m
[INFO][0m[92m[PRIM][0m               Core 0 start compute primitive Sram_lifecycle.                                                                 | [36m6240 ns[0m
[INFO][0m[92m[PRIM][0m               Core 0 end compute primitive Sram_lifecycle.                                                                   | [36m6240 ns[0m
[INFO][0m[92m[PRIM][0m               Core 12 start compute primitive Sram_lifecycle.                                                                | [36m6242 ns[0m
[INFO][0m[92m[PRIM][0m               Core 12 end compute primitive Sram_lifecycle.                                                                  | [36m6242 ns[0m
[INFO][0m[92m[PRIM][0m               Core 0 start compute primitive Sram_lifecycle.                                                                 | [36m6246 ns[0m
[INFO][0m[92m[PRIM][0m               Core 0 end compute primitive Sram_lifecycle.                                                                   | [36m6246 ns[0m
[INFO][0m[92m[PRIM][0m               Core 12 start compute primitive Sram_bind_oneshot.                                                             | [36m6248 ns[0m
[INFO][0m[92m[PRIM][0m               Core 12 end compute primitive Sram_bind_oneshot.                                                               | [36m6248 ns[0m
[INFO][0m[92m[PRIM][0m               Core 0 start compute primitive Sram_lifecycle.                                                                 | [36m6252 ns[0m
[INFO][0m[92m[PRIM][0m               Core 0 end compute primitive Sram_lifecycle.                                                                   | [36m6252 ns[0m
[INFO][0m[92m[PRIM][0m               Core 12 start compute primitive Matmul_f.                                                                      | [36m6254 ns[0m
[INFO][0m[92m[PRIM][0m               Core 0 start compute primitive Sram_bind_oneshot.                                                              | [36m6258 ns[0m
[INFO][0m[92m[PRIM][0m               Core 12 end compute primitive Matmul_f.                                                                        | [36m6258 ns[0m
[INFO][0m[92m[PRIM][0m               Core 0 end compute primitive Sram_bind_oneshot.                                                                | [36m6258 ns[0m
[INFO][0m[92m[PRIM][0m               Core 0 start compute primitive Matmul_f.                                                                       | [36m6264 ns[0m
[INFO][0m[92m[PRIM][0m               Core 12 start compute primitive Sram_lifecycle.                                                                | [36m6264 ns[0m
[INFO][0m[92m[PRIM][0m               Core 12 end compute primitive Sram_lifecycle.                                                                  | [36m6264 ns[0m
[INFO][0m[92m[PRIM][0m               Core 0 end compute primitive Matmul_f.                                                                         | [36m6268 ns[0m
[INFO][0m[92m[PRIM][0m               Core 12 start compute primitive Sram_lifecycle.                                                                | [36m6270 ns[0m
[INFO][0m[92m[PRIM][0m               Core 12 end compute primitive Sram_lifecycle.                                                                  | [36m6270 ns[0m
[INFO][0m[92m[PRIM][0m               Core 0 start compute primitive Sram_lifecycle.                                                                 | [36m6274 ns[0m
[INFO][0m[92m[PRIM][0m               Core 0 end compute primitive Sram_lifecycle.                                                                   | [36m6274 ns[0m
[INFO][0m[92m[PRIM][0m               Core 12 start compute primitive Sram_lifecycle.                                                                | [36m6276 ns[0m
[INFO][0m[92m[PRIM][0m               Core 12 end compute primitive Sram_lifecycle.                                                                  | [36m6276 ns[0m
[INFO][0m[92m[PRIM][0m               Core 4 start compute primitive Sram_lifecycle.                                                                 | [36m6280 ns[0m
[INFO][0m[92m[PRIM][0m               Core 4 end compute primitive Sram_lifecycle.                                                                   | [36m6280 ns[0m
[INFO][0m[92m[PRIM][0m               Core 4 start compute primitive Sram_lifecycle.                                                                 | [36m6304 ns[0m
[INFO][0m[92m[PRIM][0m               Core 4 end compute primitive Sram_lifecycle.                                                                   | [36m6304 ns[0m
[INFO][0m[92m[PRIM][0m               Core 4 start compute primitive Sram_lifecycle.                                                                 | [36m6328 ns[0m
[INFO][0m[92m[PRIM][0m               Core 4 end compute primitive Sram_lifecycle.                                                                   | [36m6328 ns[0m
[INFO][0m[92m[PRIM][0m               Core 4 start compute primitive Collective_data_v1_prim.                                                        | [36m6334 ns[0m
[INFO][0m[92m[PRIM][0m               Core 0 start compute primitive Sram_lifecycle.                                                                 | [36m6344 ns[0m
[INFO][0m[92m[PRIM][0m               Core 0 end compute primitive Sram_lifecycle.                                                                   | [36m6344 ns[0m
[INFO][0m[92m[PRIM][0m               Core 0 start compute primitive Sram_lifecycle.                                                                 | [36m6350 ns[0m
[INFO][0m[92m[PRIM][0m               Core 0 end compute primitive Sram_lifecycle.                                                                   | [36m6350 ns[0m
[INFO][0m[92m[PRIM][0m               Core 0 start compute primitive Sram_lifecycle.                                                                 | [36m6356 ns[0m
[INFO][0m[92m[PRIM][0m               Core 0 end compute primitive Sram_lifecycle.                                                                   | [36m6356 ns[0m
[INFO][0m[92m[PRIM][0m               Core 0 start compute primitive Sram_bind_oneshot.                                                              | [36m6362 ns[0m
[INFO][0m[92m[PRIM][0m               Core 0 end compute primitive Sram_bind_oneshot.                                                                | [36m6362 ns[0m
[INFO][0m[92m[PRIM][0m               Core 4 end compute primitive Collective_data_v1_prim.                                                          | [36m6364 ns[0m
[INFO][0m[92m[PRIM][0m               Core 0 start compute primitive Matmul_f.                                                                       | [36m6368 ns[0m
[INFO][0m[92m[PRIM][0m               Core 4 start compute primitive Sram_lifecycle.                                                                 | [36m6370 ns[0m
[INFO][0m[92m[PRIM][0m               Core 4 end compute primitive Sram_lifecycle.                                                                   | [36m6370 ns[0m
[INFO][0m[92m[PRIM][0m               Core 0 end compute primitive Matmul_f.                                                                         | [36m6372 ns[0m
[INFO][0m[92m[PRIM][0m               Core 4 start compute primitive Sram_lifecycle.                                                                 | [36m6376 ns[0m
[INFO][0m[92m[PRIM][0m               Core 4 end compute primitive Sram_lifecycle.                                                                   | [36m6376 ns[0m
[INFO][0m[92m[PRIM][0m               Core 0 start compute primitive Sram_lifecycle.                                                                 | [36m6378 ns[0m
[INFO][0m[92m[PRIM][0m               Core 0 end compute primitive Sram_lifecycle.                                                                   | [36m6378 ns[0m
[INFO][0m[92m[PRIM][0m               Core 4 start compute primitive Sram_lifecycle.                                                                 | [36m6382 ns[0m
[INFO][0m[92m[PRIM][0m               Core 4 end compute primitive Sram_lifecycle.                                                                   | [36m6382 ns[0m
[INFO][0m[92m[PRIM][0m               Core 0 start compute primitive Sram_lifecycle.                                                                 | [36m6384 ns[0m
[INFO][0m[92m[PRIM][0m               Core 8 start compute primitive Sram_lifecycle.                                                                 | [36m6384 ns[0m
[INFO][0m[92m[PRIM][0m               Core 8 end compute primitive Sram_lifecycle.                                                                   | [36m6384 ns[0m
[INFO][0m[92m[PRIM][0m               Core 0 end compute primitive Sram_lifecycle.                                                                   | [36m6384 ns[0m
[INFO][0m[92m[PRIM][0m               Core 4 start compute primitive Sram_lifecycle.                                                                 | [36m6388 ns[0m
[INFO][0m[92m[PRIM][0m               Core 4 end compute primitive Sram_lifecycle.                                                                   | [36m6388 ns[0m
[INFO][0m[92m[PRIM][0m               Core 4 start compute primitive Sram_lifecycle.                                                                 | [36m6394 ns[0m
[INFO][0m[92m[PRIM][0m               Core 4 end compute primitive Sram_lifecycle.                                                                   | [36m6394 ns[0m
[INFO][0m[92m[PRIM][0m               Core 4 start compute primitive Sram_lifecycle.                                                                 | [36m6400 ns[0m
[INFO][0m[92m[PRIM][0m               Core 4 end compute primitive Sram_lifecycle.                                                                   | [36m6400 ns[0m
[INFO][0m[92m[PRIM][0m               Core 4 start compute primitive Sram_bind_oneshot.                                                              | [36m6406 ns[0m
[INFO][0m[92m[PRIM][0m               Core 4 end compute primitive Sram_bind_oneshot.                                                                | [36m6406 ns[0m
[INFO][0m[92m[PRIM][0m               Core 4 start compute primitive Matmul_f.                                                                       | [36m6412 ns[0m
[INFO][0m[92m[PRIM][0m               Core 4 end compute primitive Matmul_f.                                                                         | [36m6416 ns[0m
[INFO][0m[92m[PRIM][0m               Core 4 start compute primitive Sram_lifecycle.                                                                 | [36m6422 ns[0m
[INFO][0m[92m[PRIM][0m               Core 4 end compute primitive Sram_lifecycle.                                                                   | [36m6422 ns[0m
[INFO][0m[92m[PRIM][0m               Core 0 start compute primitive Sram_lifecycle.                                                                 | [36m6486 ns[0m
[INFO][0m[92m[PRIM][0m               Core 0 end compute primitive Sram_lifecycle.                                                                   | [36m6486 ns[0m
[INFO][0m[92m[PRIM][0m               Core 0 start compute primitive Sram_lifecycle.                                                                 | [36m6492 ns[0m
[INFO][0m[92m[PRIM][0m               Core 0 end compute primitive Sram_lifecycle.                                                                   | [36m6492 ns[0m
[INFO][0m[92m[PRIM][0m               Core 0 start compute primitive Sram_bind_oneshot.                                                              | [36m6498 ns[0m
[INFO][0m[92m[PRIM][0m               Core 0 end compute primitive Sram_bind_oneshot.                                                                | [36m6498 ns[0m
[INFO][0m[92m[PRIM][0m               Core 0 start compute primitive Residual_f.                                                                     | [36m6504 ns[0m
[INFO][0m[92m[PRIM][0m               Core 0 end compute primitive Residual_f.                                                                       | [36m6504 ns[0m
[INFO][0m[92m[PRIM][0m               Core 0 start compute primitive Sram_lifecycle.                                                                 | [36m6510 ns[0m
[INFO][0m[92m[PRIM][0m               Core 0 end compute primitive Sram_lifecycle.                                                                   | [36m6510 ns[0m
[INFO][0m[92m[PRIM][0m               Core 0 start compute primitive Sram_lifecycle.                                                                 | [36m6516 ns[0m
[INFO][0m[92m[PRIM][0m               Core 0 end compute primitive Sram_lifecycle.                                                                   | [36m6516 ns[0m
[INFO][0m[92m[PRIM][0m               Core 0 start compute primitive Sram_lifecycle.                                                                 | [36m6522 ns[0m
[INFO][0m[92m[PRIM][0m               Core 0 end compute primitive Sram_lifecycle.                                                                   | [36m6522 ns[0m
[INFO][0m[92m[PRIM][0m               Core 4 start compute primitive Sram_lifecycle.                                                                 | [36m6524 ns[0m
[INFO][0m[92m[PRIM][0m               Core 4 end compute primitive Sram_lifecycle.                                                                   | [36m6524 ns[0m
[INFO][0m[92m[PRIM][0m               Core 0 start compute primitive Lsu_mem.                                                                        | [36m6528 ns[0m
[INFO][0m[92m[PRIM][0m               Core 4 start compute primitive Sram_lifecycle.                                                                 | [36m6530 ns[0m
[INFO][0m[92m[PRIM][0m               Core 4 end compute primitive Sram_lifecycle.                                                                   | [36m6530 ns[0m
[INFO][0m[92m[PRIM][0m               Core 4 start compute primitive Sram_lifecycle.                                                                 | [36m6536 ns[0m
[INFO][0m[92m[PRIM][0m               Core 4 end compute primitive Sram_lifecycle.                                                                   | [36m6536 ns[0m
[INFO][0m[92m[PRIM][0m               Core 4 start compute primitive Sram_bind_oneshot.                                                              | [36m6542 ns[0m
[INFO][0m[92m[PRIM][0m               Core 4 end compute primitive Sram_bind_oneshot.                                                                | [36m6542 ns[0m
[INFO][0m[92m[PRIM][0m               Core 12 start compute primitive Sram_lifecycle.                                                                | [36m6546 ns[0m
[INFO][0m[92m[PRIM][0m               Core 12 end compute primitive Sram_lifecycle.                                                                  | [36m6546 ns[0m
[INFO][0m[92m[PRIM][0m               Core 4 start compute primitive Matmul_f.                                                                       | [36m6548 ns[0m
[INFO][0m[92m[PRIM][0m               Core 4 end compute primitive Matmul_f.                                                                         | [36m6552 ns[0m
[INFO][0m[92m[PRIM][0m               Core 4 start compute primitive Sram_lifecycle.                                                                 | [36m6558 ns[0m
[INFO][0m[92m[PRIM][0m               Core 4 end compute primitive Sram_lifecycle.                                                                   | [36m6558 ns[0m
[INFO][0m[92m[PRIM][0m               Core 4 start compute primitive Sram_lifecycle.                                                                 | [36m6564 ns[0m
[INFO][0m[92m[PRIM][0m               Core 4 end compute primitive Sram_lifecycle.                                                                   | [36m6564 ns[0m
[INFO][0m[92m[PRIM][0m               Core 8 start compute primitive Sram_lifecycle.                                                                 | [36m6584 ns[0m
[INFO][0m[92m[PRIM][0m               Core 8 end compute primitive Sram_lifecycle.                                                                   | [36m6584 ns[0m
[INFO][0m[92m[PRIM][0m               Core 0 end compute primitive Lsu_mem.                                                                          | [36m6598 ns[0m
[INFO][0m[92m[PRIM][0m               Core 0 start compute primitive Sram_lifecycle.                                                                 | [36m6604 ns[0m
[INFO][0m[92m[PRIM][0m               Core 0 end compute primitive Sram_lifecycle.                                                                   | [36m6604 ns[0m
[INFO][0m[92m[PRIM][0m               Core 8 start compute primitive Sram_lifecycle.                                                                 | [36m6608 ns[0m
[INFO][0m[92m[PRIM][0m               Core 8 end compute primitive Sram_lifecycle.                                                                   | [36m6608 ns[0m
[INFO][0m[92m[PRIM][0m               Core 0 start compute primitive Sram_bind_oneshot.                                                              | [36m6610 ns[0m
[INFO][0m[92m[PRIM][0m               Core 0 end compute primitive Sram_bind_oneshot.                                                                | [36m6610 ns[0m
[INFO][0m[92m[PRIM][0m               Core 8 start compute primitive Collective_data_v1_prim.                                                        | [36m6614 ns[0m
[INFO][0m[92m[PRIM][0m               Core 0 start compute primitive rmsnorm_forward.                                                                | [36m6616 ns[0m
[INFO][0m[92m[PRIM][0m               Core 0 end compute primitive rmsnorm_forward.                                                                  | [36m6618 ns[0m
[INFO][0m[92m[PRIM][0m               Core 0 start compute primitive Sram_lifecycle.                                                                 | [36m6624 ns[0m
[INFO][0m[92m[PRIM][0m               Core 0 end compute primitive Sram_lifecycle.                                                                   | [36m6624 ns[0m
[INFO][0m[92m[PRIM][0m               Core 0 start compute primitive Sram_lifecycle.                                                                 | [36m6630 ns[0m
[INFO][0m[92m[PRIM][0m               Core 0 end compute primitive Sram_lifecycle.                                                                   | [36m6630 ns[0m
[INFO][0m[92m[PRIM][0m               Core 4 start compute primitive Sram_lifecycle.                                                                 | [36m6636 ns[0m
[INFO][0m[92m[PRIM][0m               Core 4 end compute primitive Sram_lifecycle.                                                                   | [36m6636 ns[0m
[INFO][0m[92m[PRIM][0m               Core 4 start compute primitive Sram_lifecycle.                                                                 | [36m6642 ns[0m
[INFO][0m[92m[PRIM][0m               Core 4 end compute primitive Sram_lifecycle.                                                                   | [36m6642 ns[0m
[INFO][0m[92m[PRIM][0m               Core 8 end compute primitive Collective_data_v1_prim.                                                          | [36m6644 ns[0m
[INFO][0m[92m[PRIM][0m               Core 4 start compute primitive Sram_bind_oneshot.                                                              | [36m6648 ns[0m
[INFO][0m[92m[PRIM][0m               Core 4 end compute primitive Sram_bind_oneshot.                                                                | [36m6648 ns[0m
[INFO][0m[92m[PRIM][0m               Core 8 start compute primitive Sram_lifecycle.                                                                 | [36m6650 ns[0m
[INFO][0m[92m[PRIM][0m               Core 8 end compute primitive Sram_lifecycle.                                                                   | [36m6650 ns[0m
[INFO][0m[92m[PRIM][0m               Core 4 start compute primitive Residual_f.                                                                     | [36m6654 ns[0m
[INFO][0m[92m[PRIM][0m               Core 0 start compute primitive Sram_lifecycle.                                                                 | [36m6654 ns[0m
[INFO][0m[92m[PRIM][0m               Core 0 end compute primitive Sram_lifecycle.                                                                   | [36m6654 ns[0m
[INFO][0m[92m[PRIM][0m               Core 4 end compute primitive Residual_f.                                                                       | [36m6654 ns[0m
[INFO][0m[92m[PRIM][0m               Core 8 start compute primitive Sram_lifecycle.                                                                 | [36m6656 ns[0m
[INFO][0m[92m[PRIM][0m               Core 8 end compute primitive Sram_lifecycle.                                                                   | [36m6656 ns[0m
[INFO][0m[92m[PRIM][0m               Core 4 start compute primitive Sram_lifecycle.                                                                 | [36m6660 ns[0m
[INFO][0m[92m[PRIM][0m               Core 4 end compute primitive Sram_lifecycle.                                                                   | [36m6660 ns[0m
[INFO][0m[92m[PRIM][0m               Core 8 start compute primitive Sram_lifecycle.                                                                 | [36m6662 ns[0m
[INFO][0m[92m[PRIM][0m               Core 8 end compute primitive Sram_lifecycle.                                                                   | [36m6662 ns[0m
[INFO][0m[92m[PRIM][0m               Core 4 start compute primitive Sram_lifecycle.                                                                 | [36m6666 ns[0m
[INFO][0m[92m[PRIM][0m               Core 4 end compute primitive Sram_lifecycle.                                                                   | [36m6666 ns[0m
[INFO][0m[92m[PRIM][0m               Core 8 start compute primitive Sram_lifecycle.                                                                 | [36m6668 ns[0m
[INFO][0m[92m[PRIM][0m               Core 8 end compute primitive Sram_lifecycle.                                                                   | [36m6668 ns[0m
[INFO][0m[92m[PRIM][0m               Core 4 start compute primitive Sram_lifecycle.                                                                 | [36m6672 ns[0m
[INFO][0m[92m[PRIM][0m               Core 4 end compute primitive Sram_lifecycle.                                                                   | [36m6672 ns[0m
[INFO][0m[92m[PRIM][0m               Core 8 start compute primitive Sram_lifecycle.                                                                 | [36m6674 ns[0m
[INFO][0m[92m[PRIM][0m               Core 8 end compute primitive Sram_lifecycle.                                                                   | [36m6674 ns[0m
[INFO][0m[92m[PRIM][0m               Core 12 start compute primitive Sram_lifecycle.                                                                | [36m6676 ns[0m
[INFO][0m[92m[PRIM][0m               Core 12 end compute primitive Sram_lifecycle.                                                                  | [36m6676 ns[0m
[INFO][0m[92m[PRIM][0m               Core 4 start compute primitive Lsu_mem.                                                                        | [36m6678 ns[0m
[INFO][0m[92m[PRIM][0m               Core 8 start compute primitive Sram_lifecycle.                                                                 | [36m6680 ns[0m
[INFO][0m[92m[PRIM][0m               Core 8 end compute primitive Sram_lifecycle.                                                                   | [36m6680 ns[0m
[INFO][0m[92m[PRIM][0m               Core 8 start compute primitive Sram_bind_oneshot.                                                              | [36m6686 ns[0m
[INFO][0m[92m[PRIM][0m               Core 8 end compute primitive Sram_bind_oneshot.                                                                | [36m6686 ns[0m
[INFO][0m[92m[PRIM][0m               Core 8 start compute primitive Matmul_f.                                                                       | [36m6692 ns[0m
[INFO][0m[92m[PRIM][0m               Core 8 end compute primitive Matmul_f.                                                                         | [36m6696 ns[0m
[INFO][0m[92m[PRIM][0m               Core 8 start compute primitive Sram_lifecycle.                                                                 | [36m6702 ns[0m
[INFO][0m[92m[PRIM][0m               Core 8 end compute primitive Sram_lifecycle.                                                                   | [36m6702 ns[0m
[INFO][0m[92m[PRIM][0m               Core 8 start compute primitive Sram_lifecycle.                                                                 | [36m6708 ns[0m
[INFO][0m[92m[PRIM][0m               Core 8 end compute primitive Sram_lifecycle.                                                                   | [36m6708 ns[0m
[INFO][0m[92m[PRIM][0m               Core 4 end compute primitive Lsu_mem.                                                                          | [36m6744 ns[0m
[INFO][0m[92m[PRIM][0m               Core 4 start compute primitive Sram_lifecycle.                                                                 | [36m6750 ns[0m
[INFO][0m[92m[PRIM][0m               Core 4 end compute primitive Sram_lifecycle.                                                                   | [36m6750 ns[0m
[INFO][0m[92m[PRIM][0m               Core 4 start compute primitive Sram_bind_oneshot.                                                              | [36m6756 ns[0m
[INFO][0m[92m[PRIM][0m               Core 4 end compute primitive Sram_bind_oneshot.                                                                | [36m6756 ns[0m
[INFO][0m[92m[PRIM][0m               Core 4 start compute primitive rmsnorm_forward.                                                                | [36m6762 ns[0m
[INFO][0m[92m[PRIM][0m               Core 4 end compute primitive rmsnorm_forward.                                                                  | [36m6764 ns[0m
[INFO][0m[92m[PRIM][0m               Core 4 start compute primitive Sram_lifecycle.                                                                 | [36m6770 ns[0m
[INFO][0m[92m[PRIM][0m               Core 4 end compute primitive Sram_lifecycle.                                                                   | [36m6770 ns[0m
[INFO][0m[92m[PRIM][0m               Core 4 start compute primitive Sram_lifecycle.                                                                 | [36m6776 ns[0m
[INFO][0m[92m[PRIM][0m               Core 4 end compute primitive Sram_lifecycle.                                                                   | [36m6776 ns[0m
[INFO][0m[92m[PRIM][0m               Core 8 start compute primitive Sram_lifecycle.                                                                 | [36m6778 ns[0m
[INFO][0m[92m[PRIM][0m               Core 8 end compute primitive Sram_lifecycle.                                                                   | [36m6778 ns[0m
[INFO][0m[92m[PRIM][0m               Core 8 start compute primitive Sram_lifecycle.                                                                 | [36m6784 ns[0m
[INFO][0m[92m[PRIM][0m               Core 8 end compute primitive Sram_lifecycle.                                                                   | [36m6784 ns[0m
[INFO][0m[92m[PRIM][0m               Core 8 start compute primitive Sram_bind_oneshot.                                                              | [36m6790 ns[0m
[INFO][0m[92m[PRIM][0m               Core 8 end compute primitive Sram_bind_oneshot.                                                                | [36m6790 ns[0m
[INFO][0m[92m[PRIM][0m               Core 8 start compute primitive Residual_f.                                                                     | [36m6796 ns[0m
[INFO][0m[92m[PRIM][0m               Core 8 end compute primitive Residual_f.                                                                       | [36m6796 ns[0m
[INFO][0m[92m[PRIM][0m               Core 8 start compute primitive Sram_lifecycle.                                                                 | [36m6802 ns[0m
[INFO][0m[92m[PRIM][0m               Core 8 end compute primitive Sram_lifecycle.                                                                   | [36m6802 ns[0m
[INFO][0m[92m[PRIM][0m               Core 8 start compute primitive Sram_lifecycle.                                                                 | [36m6808 ns[0m
[INFO][0m[92m[PRIM][0m               Core 8 end compute primitive Sram_lifecycle.                                                                   | [36m6808 ns[0m
[INFO][0m[92m[PRIM][0m               Core 8 start compute primitive Sram_lifecycle.                                                                 | [36m6814 ns[0m
[INFO][0m[92m[PRIM][0m               Core 8 end compute primitive Sram_lifecycle.                                                                   | [36m6814 ns[0m
[INFO][0m[92m[PRIM][0m               Core 4 start compute primitive Sram_lifecycle.                                                                 | [36m6816 ns[0m
[INFO][0m[92m[PRIM][0m               Core 4 end compute primitive Sram_lifecycle.                                                                   | [36m6816 ns[0m
[INFO][0m[92m[PRIM][0m               Core 12 start compute primitive Sram_lifecycle.                                                                | [36m6818 ns[0m
[INFO][0m[92m[PRIM][0m               Core 12 end compute primitive Sram_lifecycle.                                                                  | [36m6818 ns[0m
[INFO][0m[92m[PRIM][0m               Core 8 start compute primitive Lsu_mem.                                                                        | [36m6820 ns[0m
[INFO][0m[92m[PRIM][0m               Core 12 start compute primitive Collective_data_v1_prim.                                                       | [36m6824 ns[0m
[INFO][0m[92m[PRIM][0m               Core 12 end compute primitive Collective_data_v1_prim.                                                         | [36m6854 ns[0m
[INFO][0m[92m[PRIM][0m               Core 12 start compute primitive Sram_lifecycle.                                                                | [36m6860 ns[0m
[INFO][0m[92m[PRIM][0m               Core 12 end compute primitive Sram_lifecycle.                                                                  | [36m6860 ns[0m
[INFO][0m[92m[PRIM][0m               Core 12 start compute primitive Sram_lifecycle.                                                                | [36m6866 ns[0m
[INFO][0m[92m[PRIM][0m               Core 12 end compute primitive Sram_lifecycle.                                                                  | [36m6866 ns[0m
[INFO][0m[92m[PRIM][0m               Core 12 start compute primitive Sram_lifecycle.                                                                | [36m6872 ns[0m
[INFO][0m[92m[PRIM][0m               Core 12 end compute primitive Sram_lifecycle.                                                                  | [36m6872 ns[0m
[INFO][0m[92m[PRIM][0m               Core 12 start compute primitive Sram_lifecycle.                                                                | [36m6878 ns[0m
[INFO][0m[92m[PRIM][0m               Core 12 end compute primitive Sram_lifecycle.                                                                  | [36m6878 ns[0m
[INFO][0m[92m[PRIM][0m               Core 12 start compute primitive Sram_lifecycle.                                                                | [36m6884 ns[0m
[INFO][0m[92m[PRIM][0m               Core 12 end compute primitive Sram_lifecycle.                                                                  | [36m6884 ns[0m
[INFO][0m[92m[PRIM][0m               Core 8 end compute primitive Lsu_mem.                                                                          | [36m6888 ns[0m
[INFO][0m[92m[PRIM][0m               Core 12 start compute primitive Sram_bind_oneshot.                                                             | [36m6890 ns[0m
[INFO][0m[92m[PRIM][0m               Core 12 end compute primitive Sram_bind_oneshot.                                                               | [36m6890 ns[0m
[INFO][0m[92m[PRIM][0m               Core 8 start compute primitive Sram_lifecycle.                                                                 | [36m6894 ns[0m
[INFO][0m[92m[PRIM][0m               Core 8 end compute primitive Sram_lifecycle.                                                                   | [36m6894 ns[0m
[INFO][0m[92m[PRIM][0m               Core 12 start compute primitive Residual_f.                                                                    | [36m6896 ns[0m
[INFO][0m[92m[PRIM][0m               Core 12 end compute primitive Residual_f.                                                                      | [36m6896 ns[0m
[INFO][0m[92m[PRIM][0m               Core 8 start compute primitive Sram_bind_oneshot.                                                              | [36m6900 ns[0m
[INFO][0m[92m[PRIM][0m               Core 8 end compute primitive Sram_bind_oneshot.                                                                | [36m6900 ns[0m
[INFO][0m[92m[PRIM][0m               Core 12 start compute primitive Sram_lifecycle.                                                                | [36m6902 ns[0m
[INFO][0m[92m[PRIM][0m               Core 12 end compute primitive Sram_lifecycle.                                                                  | [36m6902 ns[0m
[INFO][0m[92m[PRIM][0m               Core 8 start compute primitive rmsnorm_forward.                                                                | [36m6906 ns[0m
[INFO][0m[92m[PRIM][0m               Core 8 end compute primitive rmsnorm_forward.                                                                  | [36m6908 ns[0m
[INFO][0m[92m[PRIM][0m               Core 12 start compute primitive Sram_lifecycle.                                                                | [36m6908 ns[0m
[INFO][0m[92m[PRIM][0m               Core 12 end compute primitive Sram_lifecycle.                                                                  | [36m6908 ns[0m
[INFO][0m[92m[PRIM][0m               Core 12 start compute primitive Sram_lifecycle.                                                                | [36m6914 ns[0m
[INFO][0m[92m[PRIM][0m               Core 8 start compute primitive Sram_lifecycle.                                                                 | [36m6914 ns[0m
[INFO][0m[92m[PRIM][0m               Core 8 end compute primitive Sram_lifecycle.                                                                   | [36m6914 ns[0m
[INFO][0m[92m[PRIM][0m               Core 12 end compute primitive Sram_lifecycle.                                                                  | [36m6914 ns[0m
[INFO][0m[92m[PRIM][0m               Core 12 start compute primitive Lsu_mem.                                                                       | [36m6920 ns[0m
[INFO][0m[92m[PRIM][0m               Core 8 start compute primitive Sram_lifecycle.                                                                 | [36m6920 ns[0m
[INFO][0m[92m[PRIM][0m               Core 8 end compute primitive Sram_lifecycle.                                                                   | [36m6920 ns[0m
[INFO][0m[92m[PRIM][0m               Core 12 end compute primitive Lsu_mem.                                                                         | [36m6986 ns[0m
[INFO][0m[92m[PRIM][0m               Core 12 start compute primitive Sram_lifecycle.                                                                | [36m6992 ns[0m
[INFO][0m[92m[PRIM][0m               Core 12 end compute primitive Sram_lifecycle.                                                                  | [36m6992 ns[0m
[INFO][0m[92m[PRIM][0m               Core 12 start compute primitive Sram_bind_oneshot.                                                             | [36m6998 ns[0m
[INFO][0m[92m[PRIM][0m               Core 12 end compute primitive Sram_bind_oneshot.                                                               | [36m6998 ns[0m
[INFO][0m[92m[PRIM][0m               Core 12 start compute primitive rmsnorm_forward.                                                               | [36m7004 ns[0m
[INFO][0m[92m[PRIM][0m               Core 12 end compute primitive rmsnorm_forward.                                                                 | [36m7006 ns[0m
[INFO][0m[92m[PRIM][0m               Core 12 start compute primitive Sram_lifecycle.                                                                | [36m7012 ns[0m
[INFO][0m[92m[PRIM][0m               Core 12 end compute primitive Sram_lifecycle.                                                                  | [36m7012 ns[0m
[INFO][0m[92m[PRIM][0m               Core 12 start compute primitive Sram_lifecycle.                                                                | [36m7018 ns[0m
[INFO][0m[92m[PRIM][0m               Core 12 end compute primitive Sram_lifecycle.                                                                  | [36m7018 ns[0m
[INFO][0m[92m[PRIM][0m               Core 8 start compute primitive Sram_lifecycle.                                                                 | [36m7060 ns[0m
[INFO][0m[92m[PRIM][0m               Core 8 end compute primitive Sram_lifecycle.                                                                   | [36m7060 ns[0m
[INFO][0m[92m[PRIM][0m               Core 12 start compute primitive Sram_lifecycle.                                                                | [36m7348 ns[0m
[INFO][0m[92m[PRIM][0m               Core 12 end compute primitive Sram_lifecycle.                                                                  | [36m7348 ns[0m
[INFO][0m[92m[PRIM][0m               Core 0 start compute primitive Sram_lifecycle.                                                                 | [36m7654 ns[0m
[INFO][0m[92m[PRIM][0m               Core 0 end compute primitive Sram_lifecycle.                                                                   | [36m7654 ns[0m
[INFO][0m[92m[PRIM][0m               Core 0 start compute primitive Lsu_mem.                                                                        | [36m7660 ns[0m
[INFO][0m[92m[PRIM][0m               Core 4 start compute primitive Sram_lifecycle.                                                                 | [36m7664 ns[0m
[INFO][0m[92m[PRIM][0m               Core 4 end compute primitive Sram_lifecycle.                                                                   | [36m7664 ns[0m
[INFO][0m[92m[PRIM][0m               Core 8 start compute primitive Sram_lifecycle.                                                                 | [36m7668 ns[0m
[INFO][0m[92m[PRIM][0m               Core 8 end compute primitive Sram_lifecycle.                                                                   | [36m7668 ns[0m
[INFO][0m[92m[PRIM][0m               Core 4 start compute primitive Lsu_mem.                                                                        | [36m7670 ns[0m
[INFO][0m[92m[PRIM][0m               Core 8 start compute primitive Lsu_mem.                                                                        | [36m7674 ns[0m
[INFO][0m[92m[PRIM][0m               Core 12 start compute primitive Sram_lifecycle.                                                                | [36m7688 ns[0m
[INFO][0m[92m[PRIM][0m               Core 12 end compute primitive Sram_lifecycle.                                                                  | [36m7688 ns[0m
[INFO][0m[92m[PRIM][0m               Core 12 start compute primitive Lsu_mem.                                                                       | [36m7694 ns[0m
[INFO][0m[92m[PRIM][0m               Core 0 end compute primitive Lsu_mem.                                                                          | [36m7955 ns[0m
[INFO][0m[92m[PRIM][0m               Core 0 start compute primitive Sram_lifecycle.                                                                 | [36m7961 ns[0m
[INFO][0m[92m[PRIM][0m               Core 0 end compute primitive Sram_lifecycle.                                                                   | [36m7961 ns[0m
[INFO][0m[92m[PRIM][0m               Core 4 end compute primitive Lsu_mem.                                                                          | [36m7963 ns[0m
[INFO][0m[92m[PRIM][0m               Core 0 start compute primitive Sram_bind_oneshot.                                                              | [36m7967 ns[0m
[INFO][0m[92m[PRIM][0m               Core 0 end compute primitive Sram_bind_oneshot.                                                                | [36m7967 ns[0m
[INFO][0m[92m[PRIM][0m               Core 4 start compute primitive Sram_lifecycle.                                                                 | [36m7969 ns[0m
[INFO][0m[92m[PRIM][0m               Core 4 end compute primitive Sram_lifecycle.                                                                   | [36m7969 ns[0m
[INFO][0m[92m[PRIM][0m               Core 8 end compute primitive Lsu_mem.                                                                          | [36m7969 ns[0m
[INFO][0m[92m[PRIM][0m               Core 0 start compute primitive Matmul_f.                                                                       | [36m7973 ns[0m
[INFO][0m[92m[PRIM][0m               Core 8 start compute primitive Sram_lifecycle.                                                                 | [36m7975 ns[0m
[INFO][0m[92m[PRIM][0m               Core 4 start compute primitive Sram_bind_oneshot.                                                              | [36m7975 ns[0m
[INFO][0m[92m[PRIM][0m               Core 4 end compute primitive Sram_bind_oneshot.                                                                | [36m7975 ns[0m
[INFO][0m[92m[PRIM][0m               Core 8 end compute primitive Sram_lifecycle.                                                                   | [36m7975 ns[0m
[INFO][0m[92m[PRIM][0m               Core 8 start compute primitive Sram_bind_oneshot.                                                              | [36m7981 ns[0m
[INFO][0m[92m[PRIM][0m               Core 4 start compute primitive Matmul_f.                                                                       | [36m7981 ns[0m
[INFO][0m[92m[PRIM][0m               Core 8 end compute primitive Sram_bind_oneshot.                                                                | [36m7981 ns[0m
[INFO][0m[92m[PRIM][0m               Core 8 start compute primitive Matmul_f.                                                                       | [36m7987 ns[0m
[INFO][0m[92m[PRIM][0m               Core 12 end compute primitive Lsu_mem.                                                                         | [36m7987 ns[0m
[INFO][0m[92m[PRIM][0m               Core 12 start compute primitive Sram_lifecycle.                                                                | [36m7993 ns[0m
[INFO][0m[92m[PRIM][0m               Core 12 end compute primitive Sram_lifecycle.                                                                  | [36m7993 ns[0m
[INFO][0m[92m[PRIM][0m               Core 12 start compute primitive Sram_bind_oneshot.                                                             | [36m7999 ns[0m
[INFO][0m[92m[PRIM][0m               Core 12 end compute primitive Sram_bind_oneshot.                                                               | [36m7999 ns[0m
[INFO][0m[92m[PRIM][0m               Core 12 start compute primitive Matmul_f.                                                                      | [36m8005 ns[0m
[INFO][0m[92m[PRIM][0m               Core 0 end compute primitive Matmul_f.                                                                         | [36m8037 ns[0m
[INFO][0m[92m[PRIM][0m               Core 0 start compute primitive Sram_lifecycle.                                                                 | [36m8043 ns[0m
[INFO][0m[92m[PRIM][0m               Core 0 end compute primitive Sram_lifecycle.                                                                   | [36m8043 ns[0m
[INFO][0m[92m[PRIM][0m               Core 4 end compute primitive Matmul_f.                                                                         | [36m8045 ns[0m
[INFO][0m[92m[PRIM][0m               Core 0 start compute primitive Sram_lifecycle.                                                                 | [36m8049 ns[0m
[INFO][0m[92m[PRIM][0m               Core 0 end compute primitive Sram_lifecycle.                                                                   | [36m8049 ns[0m
[INFO][0m[92m[PRIM][0m               Core 8 end compute primitive Matmul_f.                                                                         | [36m8051 ns[0m
[INFO][0m[92m[PRIM][0m               Core 4 start compute primitive Sram_lifecycle.                                                                 | [36m8051 ns[0m
[INFO][0m[92m[PRIM][0m               Core 4 end compute primitive Sram_lifecycle.                                                                   | [36m8051 ns[0m
[INFO][0m[92m[PRIM][0m               Core 0 start compute primitive Sram_lifecycle.                                                                 | [36m8055 ns[0m
[INFO][0m[92m[PRIM][0m               Core 0 end compute primitive Sram_lifecycle.                                                                   | [36m8055 ns[0m
[INFO][0m[92m[PRIM][0m               Core 4 start compute primitive Sram_lifecycle.                                                                 | [36m8057 ns[0m
[INFO][0m[92m[PRIM][0m               Core 8 start compute primitive Sram_lifecycle.                                                                 | [36m8057 ns[0m
[INFO][0m[92m[PRIM][0m               Core 8 end compute primitive Sram_lifecycle.                                                                   | [36m8057 ns[0m
[INFO][0m[92m[PRIM][0m               Core 4 end compute primitive Sram_lifecycle.                                                                   | [36m8057 ns[0m
[INFO][0m[92m[PRIM][0m               Core 0 start compute primitive Sram_bind_oneshot.                                                              | [36m8061 ns[0m
[INFO][0m[92m[PRIM][0m               Core 0 end compute primitive Sram_bind_oneshot.                                                                | [36m8061 ns[0m
[INFO][0m[92m[PRIM][0m               Core 4 start compute primitive Sram_lifecycle.                                                                 | [36m8063 ns[0m
[INFO][0m[92m[PRIM][0m               Core 8 start compute primitive Sram_lifecycle.                                                                 | [36m8063 ns[0m
[INFO][0m[92m[PRIM][0m               Core 8 end compute primitive Sram_lifecycle.                                                                   | [36m8063 ns[0m
[INFO][0m[92m[PRIM][0m               Core 4 end compute primitive Sram_lifecycle.                                                                   | [36m8063 ns[0m
[INFO][0m[92m[PRIM][0m               Core 0 start compute primitive swiglu_forward.                                                                 | [36m8067 ns[0m
[INFO][0m[92m[PRIM][0m               Core 8 start compute primitive Sram_lifecycle.                                                                 | [36m8069 ns[0m
[INFO][0m[92m[PRIM][0m               Core 4 start compute primitive Sram_bind_oneshot.                                                              | [36m8069 ns[0m
[INFO][0m[92m[PRIM][0m               Core 12 end compute primitive Matmul_f.                                                                        | [36m8069 ns[0m
[INFO][0m[92m[PRIM][0m               Core 4 end compute primitive Sram_bind_oneshot.                                                                | [36m8069 ns[0m
[INFO][0m[92m[PRIM][0m               Core 8 end compute primitive Sram_lifecycle.                                                                   | [36m8069 ns[0m
[INFO][0m[92m[PRIM][0m               Core 0 end compute primitive swiglu_forward.                                                                   | [36m8071 ns[0m
[INFO][0m[92m[PRIM][0m               Core 12 start compute primitive Sram_lifecycle.                                                                | [36m8075 ns[0m
[INFO][0m[92m[PRIM][0m               Core 8 start compute primitive Sram_bind_oneshot.                                                              | [36m8075 ns[0m
[INFO][0m[92m[PRIM][0m               Core 4 start compute primitive swiglu_forward.                                                                 | [36m8075 ns[0m
[INFO][0m[92m[PRIM][0m               Core 8 end compute primitive Sram_bind_oneshot.                                                                | [36m8075 ns[0m
[INFO][0m[92m[PRIM][0m               Core 12 end compute primitive Sram_lifecycle.                                                                  | [36m8075 ns[0m
[INFO][0m[92m[PRIM][0m               Core 0 start compute primitive Sram_lifecycle.                                                                 | [36m8077 ns[0m
[INFO][0m[92m[PRIM][0m               Core 0 end compute primitive Sram_lifecycle.                                                                   | [36m8077 ns[0m
[INFO][0m[92m[PRIM][0m               Core 4 end compute primitive swiglu_forward.                                                                   | [36m8079 ns[0m
[INFO][0m[92m[PRIM][0m               Core 8 start compute primitive swiglu_forward.                                                                 | [36m8081 ns[0m
[INFO][0m[92m[PRIM][0m               Core 12 start compute primitive Sram_lifecycle.                                                                | [36m8081 ns[0m
[INFO][0m[92m[PRIM][0m               Core 12 end compute primitive Sram_lifecycle.                                                                  | [36m8081 ns[0m
[INFO][0m[92m[PRIM][0m               Core 0 start compute primitive Sram_lifecycle.                                                                 | [36m8083 ns[0m
[INFO][0m[92m[PRIM][0m               Core 0 end compute primitive Sram_lifecycle.                                                                   | [36m8083 ns[0m
[INFO][0m[92m[PRIM][0m               Core 4 start compute primitive Sram_lifecycle.                                                                 | [36m8085 ns[0m
[INFO][0m[92m[PRIM][0m               Core 8 end compute primitive swiglu_forward.                                                                   | [36m8085 ns[0m
[INFO][0m[92m[PRIM][0m               Core 4 end compute primitive Sram_lifecycle.                                                                   | [36m8085 ns[0m
[INFO][0m[92m[PRIM][0m               Core 12 start compute primitive Sram_lifecycle.                                                                | [36m8087 ns[0m
[INFO][0m[92m[PRIM][0m               Core 12 end compute primitive Sram_lifecycle.                                                                  | [36m8087 ns[0m
[INFO][0m[92m[PRIM][0m               Core 0 start compute primitive Sram_lifecycle.                                                                 | [36m8089 ns[0m
[INFO][0m[92m[PRIM][0m               Core 0 end compute primitive Sram_lifecycle.                                                                   | [36m8089 ns[0m
[INFO][0m[92m[PRIM][0m               Core 8 start compute primitive Sram_lifecycle.                                                                 | [36m8091 ns[0m
[INFO][0m[92m[PRIM][0m               Core 4 start compute primitive Sram_lifecycle.                                                                 | [36m8091 ns[0m
[INFO][0m[92m[PRIM][0m               Core 4 end compute primitive Sram_lifecycle.                                                                   | [36m8091 ns[0m
[INFO][0m[92m[PRIM][0m               Core 8 end compute primitive Sram_lifecycle.                                                                   | [36m8091 ns[0m
[INFO][0m[92m[PRIM][0m               Core 12 start compute primitive Sram_bind_oneshot.                                                             | [36m8093 ns[0m
[INFO][0m[92m[PRIM][0m               Core 12 end compute primitive Sram_bind_oneshot.                                                               | [36m8093 ns[0m
[INFO][0m[92m[PRIM][0m               Core 0 start compute primitive Lsu_mem.                                                                        | [36m8095 ns[0m
[INFO][0m[92m[PRIM][0m               Core 8 start compute primitive Sram_lifecycle.                                                                 | [36m8097 ns[0m
[INFO][0m[92m[PRIM][0m               Core 4 start compute primitive Sram_lifecycle.                                                                 | [36m8097 ns[0m
[INFO][0m[92m[PRIM][0m               Core 4 end compute primitive Sram_lifecycle.                                                                   | [36m8097 ns[0m
[INFO][0m[92m[PRIM][0m               Core 8 end compute primitive Sram_lifecycle.                                                                   | [36m8097 ns[0m
[INFO][0m[92m[PRIM][0m               Core 12 start compute primitive swiglu_forward.                                                                | [36m8099 ns[0m
[INFO][0m[92m[PRIM][0m               Core 12 end compute primitive swiglu_forward.                                                                  | [36m8103 ns[0m
[INFO][0m[92m[PRIM][0m               Core 4 start compute primitive Lsu_mem.                                                                        | [36m8103 ns[0m
[INFO][0m[92m[PRIM][0m               Core 8 start compute primitive Sram_lifecycle.                                                                 | [36m8103 ns[0m
[INFO][0m[92m[PRIM][0m               Core 8 end compute primitive Sram_lifecycle.                                                                   | [36m8103 ns[0m
[INFO][0m[92m[PRIM][0m               Core 12 start compute primitive Sram_lifecycle.                                                                | [36m8109 ns[0m
[INFO][0m[92m[PRIM][0m               Core 8 start compute primitive Lsu_mem.                                                                        | [36m8109 ns[0m
[INFO][0m[92m[PRIM][0m               Core 12 end compute primitive Sram_lifecycle.                                                                  | [36m8109 ns[0m
[INFO][0m[92m[PRIM][0m               Core 12 start compute primitive Sram_lifecycle.                                                                | [36m8115 ns[0m
[INFO][0m[92m[PRIM][0m               Core 12 end compute primitive Sram_lifecycle.                                                                  | [36m8115 ns[0m
[INFO][0m[92m[PRIM][0m               Core 12 start compute primitive Sram_lifecycle.                                                                | [36m8121 ns[0m
[INFO][0m[92m[PRIM][0m               Core 12 end compute primitive Sram_lifecycle.                                                                  | [36m8121 ns[0m
[INFO][0m[92m[PRIM][0m               Core 12 start compute primitive Lsu_mem.                                                                       | [36m8127 ns[0m
[INFO][0m[92m[PRIM][0m               Core 0 end compute primitive Lsu_mem.                                                                          | [36m8268 ns[0m
[INFO][0m[92m[PRIM][0m               Core 0 start compute primitive Sram_lifecycle.                                                                 | [36m8274 ns[0m
[INFO][0m[92m[PRIM][0m               Core 0 end compute primitive Sram_lifecycle.                                                                   | [36m8274 ns[0m
[INFO][0m[92m[PRIM][0m               Core 4 end compute primitive Lsu_mem.                                                                          | [36m8276 ns[0m
[INFO][0m[92m[PRIM][0m               Core 0 start compute primitive Sram_lifecycle.                                                                 | [36m8280 ns[0m
[INFO][0m[92m[PRIM][0m               Core 0 end compute primitive Sram_lifecycle.                                                                   | [36m8280 ns[0m
[INFO][0m[92m[PRIM][0m               Core 4 start compute primitive Sram_lifecycle.                                                                 | [36m8282 ns[0m
[INFO][0m[92m[PRIM][0m               Core 4 end compute primitive Sram_lifecycle.                                                                   | [36m8282 ns[0m
[INFO][0m[92m[PRIM][0m               Core 8 end compute primitive Lsu_mem.                                                                          | [36m8282 ns[0m
[INFO][0m[92m[PRIM][0m               Core 0 start compute primitive Sram_bind_oneshot.                                                              | [36m8286 ns[0m
[INFO][0m[92m[PRIM][0m               Core 0 end compute primitive Sram_bind_oneshot.                                                                | [36m8286 ns[0m
[INFO][0m[92m[PRIM][0m               Core 4 start compute primitive Sram_lifecycle.                                                                 | [36m8288 ns[0m
[INFO][0m[92m[PRIM][0m               Core 8 start compute primitive Sram_lifecycle.                                                                 | [36m8288 ns[0m
[INFO][0m[92m[PRIM][0m               Core 8 end compute primitive Sram_lifecycle.                                                                   | [36m8288 ns[0m
[INFO][0m[92m[PRIM][0m               Core 4 end compute primitive Sram_lifecycle.                                                                   | [36m8288 ns[0m
[INFO][0m[92m[PRIM][0m               Core 0 start compute primitive Matmul_f.                                                                       | [36m8292 ns[0m
[INFO][0m[92m[PRIM][0m               Core 8 start compute primitive Sram_lifecycle.                                                                 | [36m8294 ns[0m
[INFO][0m[92m[PRIM][0m               Core 4 start compute primitive Sram_bind_oneshot.                                                              | [36m8294 ns[0m
[INFO][0m[92m[PRIM][0m               Core 4 end compute primitive Sram_bind_oneshot.                                                                | [36m8294 ns[0m
[INFO][0m[92m[PRIM][0m               Core 8 end compute primitive Sram_lifecycle.                                                                   | [36m8294 ns[0m
[INFO][0m[92m[PRIM][0m               Core 8 start compute primitive Sram_bind_oneshot.                                                              | [36m8300 ns[0m
[INFO][0m[92m[PRIM][0m               Core 4 start compute primitive Matmul_f.                                                                       | [36m8300 ns[0m
[INFO][0m[92m[PRIM][0m               Core 0 end compute primitive Matmul_f.                                                                         | [36m8300 ns[0m
[INFO][0m[92m[PRIM][0m               Core 8 end compute primitive Sram_bind_oneshot.                                                                | [36m8300 ns[0m
[INFO][0m[92m[PRIM][0m               Core 12 end compute primitive Lsu_mem.                                                                         | [36m8300 ns[0m
[INFO][0m[92m[PRIM][0m               Core 12 start compute primitive Sram_lifecycle.                                                                | [36m8306 ns[0m
[INFO][0m[92m[PRIM][0m               Core 8 start compute primitive Matmul_f.                                                                       | [36m8306 ns[0m
[INFO][0m[92m[PRIM][0m               Core 0 start compute primitive Sram_lifecycle.                                                                 | [36m8306 ns[0m
[INFO][0m[92m[PRIM][0m               Core 0 end compute primitive Sram_lifecycle.                                                                   | [36m8306 ns[0m
[INFO][0m[92m[PRIM][0m               Core 12 end compute primitive Sram_lifecycle.                                                                  | [36m8306 ns[0m
[INFO][0m[92m[PRIM][0m               Core 4 end compute primitive Matmul_f.                                                                         | [36m8308 ns[0m
[INFO][0m[92m[PRIM][0m               Core 12 start compute primitive Sram_lifecycle.                                                                | [36m8312 ns[0m
[INFO][0m[92m[PRIM][0m               Core 0 start compute primitive Sram_lifecycle.                                                                 | [36m8312 ns[0m
[INFO][0m[92m[PRIM][0m               Core 0 end compute primitive Sram_lifecycle.                                                                   | [36m8312 ns[0m
[INFO][0m[92m[PRIM][0m               Core 12 end compute primitive Sram_lifecycle.                                                                  | [36m8312 ns[0m
[INFO][0m[92m[PRIM][0m               Core 4 start compute primitive Sram_lifecycle.                                                                 | [36m8314 ns[0m
[INFO][0m[92m[PRIM][0m               Core 8 end compute primitive Matmul_f.                                                                         | [36m8314 ns[0m
[INFO][0m[92m[PRIM][0m               Core 4 end compute primitive Sram_lifecycle.                                                                   | [36m8314 ns[0m
[INFO][0m[92m[PRIM][0m               Core 12 start compute primitive Sram_bind_oneshot.                                                             | [36m8318 ns[0m
[INFO][0m[92m[PRIM][0m               Core 12 end compute primitive Sram_bind_oneshot.                                                               | [36m8318 ns[0m
[INFO][0m[92m[PRIM][0m               Core 8 start compute primitive Sram_lifecycle.                                                                 | [36m8320 ns[0m
[INFO][0m[92m[PRIM][0m               Core 8 end compute primitive Sram_lifecycle.                                                                   | [36m8320 ns[0m
[INFO][0m[92m[PRIM][0m               Core 12 start compute primitive Matmul_f.                                                                      | [36m8324 ns[0m
[INFO][0m[92m[PRIM][0m               Core 12 end compute primitive Matmul_f.                                                                        | [36m8332 ns[0m
[INFO][0m[92m[PRIM][0m               Core 12 start compute primitive Sram_lifecycle.                                                                | [36m8338 ns[0m
[INFO][0m[92m[PRIM][0m               Core 12 end compute primitive Sram_lifecycle.                                                                  | [36m8338 ns[0m
[INFO][0m[92m[PRIM][0m               Core 4 start compute primitive Sram_lifecycle.                                                                 | [36m8384 ns[0m
[INFO][0m[92m[PRIM][0m               Core 4 end compute primitive Sram_lifecycle.                                                                   | [36m8384 ns[0m
[INFO][0m[92m[PRIM][0m               Core 4 start compute primitive Sram_lifecycle.                                                                 | [36m8390 ns[0m
[INFO][0m[92m[PRIM][0m               Core 8 start compute primitive Sram_lifecycle.                                                                 | [36m8390 ns[0m
[INFO][0m[92m[PRIM][0m               Core 8 end compute primitive Sram_lifecycle.                                                                   | [36m8390 ns[0m
[INFO][0m[92m[PRIM][0m               Core 4 end compute primitive Sram_lifecycle.                                                                   | [36m8390 ns[0m
[INFO][0m[92m[PRIM][0m               Core 4 start compute primitive Sram_lifecycle.                                                                 | [36m8396 ns[0m
[INFO][0m[92m[PRIM][0m               Core 8 start compute primitive Sram_lifecycle.                                                                 | [36m8396 ns[0m
[INFO][0m[92m[PRIM][0m               Core 8 end compute primitive Sram_lifecycle.                                                                   | [36m8396 ns[0m
[INFO][0m[92m[PRIM][0m               Core 4 end compute primitive Sram_lifecycle.                                                                   | [36m8396 ns[0m
[INFO][0m[92m[PRIM][0m               Core 4 start compute primitive Sram_bind_oneshot.                                                              | [36m8402 ns[0m
[INFO][0m[92m[PRIM][0m               Core 8 start compute primitive Sram_lifecycle.                                                                 | [36m8402 ns[0m
[INFO][0m[92m[PRIM][0m               Core 8 end compute primitive Sram_lifecycle.                                                                   | [36m8402 ns[0m
[INFO][0m[92m[PRIM][0m               Core 4 end compute primitive Sram_bind_oneshot.                                                                | [36m8402 ns[0m
[INFO][0m[92m[PRIM][0m               Core 4 start compute primitive Matmul_f.                                                                       | [36m8408 ns[0m
[INFO][0m[92m[PRIM][0m               Core 8 start compute primitive Sram_bind_oneshot.                                                              | [36m8408 ns[0m
[INFO][0m[92m[PRIM][0m               Core 8 end compute primitive Sram_bind_oneshot.                                                                | [36m8408 ns[0m
[INFO][0m[92m[PRIM][0m               Core 8 start compute primitive Matmul_f.                                                                       | [36m8414 ns[0m
[INFO][0m[92m[PRIM][0m               Core 4 end compute primitive Matmul_f.                                                                         | [36m8416 ns[0m
[INFO][0m[92m[PRIM][0m               Core 4 start compute primitive Sram_lifecycle.                                                                 | [36m8422 ns[0m
[INFO][0m[92m[PRIM][0m               Core 8 end compute primitive Matmul_f.                                                                         | [36m8422 ns[0m
[INFO][0m[92m[PRIM][0m               Core 4 end compute primitive Sram_lifecycle.                                                                   | [36m8422 ns[0m
[INFO][0m[92m[PRIM][0m               Core 0 start compute primitive Sram_lifecycle.                                                                 | [36m8424 ns[0m
[INFO][0m[92m[PRIM][0m               Core 0 end compute primitive Sram_lifecycle.                                                                   | [36m8424 ns[0m
[INFO][0m[92m[PRIM][0m               Core 4 start compute primitive Sram_lifecycle.                                                                 | [36m8428 ns[0m
[INFO][0m[92m[PRIM][0m               Core 8 start compute primitive Sram_lifecycle.                                                                 | [36m8428 ns[0m
[INFO][0m[92m[PRIM][0m               Core 8 end compute primitive Sram_lifecycle.                                                                   | [36m8428 ns[0m
[INFO][0m[92m[PRIM][0m               Core 4 end compute primitive Sram_lifecycle.                                                                   | [36m8428 ns[0m
[INFO][0m[92m[PRIM][0m               Core 12 start compute primitive Sram_lifecycle.                                                                | [36m8440 ns[0m
[INFO][0m[92m[PRIM][0m               Core 12 end compute primitive Sram_lifecycle.                                                                  | [36m8440 ns[0m
[INFO][0m[92m[PRIM][0m               Core 12 start compute primitive Sram_lifecycle.                                                                | [36m8446 ns[0m
[INFO][0m[92m[PRIM][0m               Core 12 end compute primitive Sram_lifecycle.                                                                  | [36m8446 ns[0m
[INFO][0m[92m[PRIM][0m               Core 12 start compute primitive Sram_lifecycle.                                                                | [36m8452 ns[0m
[INFO][0m[92m[PRIM][0m               Core 12 end compute primitive Sram_lifecycle.                                                                  | [36m8452 ns[0m
[INFO][0m[92m[PRIM][0m               Core 0 start compute primitive Sram_lifecycle.                                                                 | [36m8454 ns[0m
[INFO][0m[92m[PRIM][0m               Core 0 end compute primitive Sram_lifecycle.                                                                   | [36m8454 ns[0m
[INFO][0m[92m[PRIM][0m               Core 12 start compute primitive Sram_bind_oneshot.                                                             | [36m8458 ns[0m
[INFO][0m[92m[PRIM][0m               Core 12 end compute primitive Sram_bind_oneshot.                                                               | [36m8458 ns[0m
[INFO][0m[92m[PRIM][0m               Core 12 start compute primitive Matmul_f.                                                                      | [36m8464 ns[0m
[INFO][0m[92m[PRIM][0m               Core 12 end compute primitive Matmul_f.                                                                        | [36m8472 ns[0m
[INFO][0m[92m[PRIM][0m               Core 12 start compute primitive Sram_lifecycle.                                                                | [36m8478 ns[0m
[INFO][0m[92m[PRIM][0m               Core 12 end compute primitive Sram_lifecycle.                                                                  | [36m8478 ns[0m
[INFO][0m[92m[PRIM][0m               Core 0 start compute primitive Sram_lifecycle.                                                                 | [36m8500 ns[0m
[INFO][0m[92m[PRIM][0m               Core 0 end compute primitive Sram_lifecycle.                                                                   | [36m8500 ns[0m
[INFO][0m[92m[PRIM][0m               Core 0 start compute primitive Collective_data_v1_prim.                                                        | [36m8506 ns[0m
[INFO][0m[92m[PRIM][0m               Core 8 start compute primitive Sram_lifecycle.                                                                 | [36m8530 ns[0m
[INFO][0m[92m[PRIM][0m               Core 8 end compute primitive Sram_lifecycle.                                                                   | [36m8530 ns[0m
[INFO][0m[92m[PRIM][0m               Core 0 end compute primitive Collective_data_v1_prim.                                                          | [36m8536 ns[0m
[INFO][0m[92m[PRIM][0m               Core 8 start compute primitive Sram_lifecycle.                                                                 | [36m8536 ns[0m
[INFO][0m[92m[PRIM][0m               Core 8 end compute primitive Sram_lifecycle.                                                                   | [36m8536 ns[0m
[INFO][0m[92m[PRIM][0m               Core 8 start compute primitive Sram_lifecycle.                                                                 | [36m8542 ns[0m
[INFO][0m[92m[PRIM][0m               Core 0 start compute primitive Sram_lifecycle.                                                                 | [36m8542 ns[0m
[INFO][0m[92m[PRIM][0m               Core 0 end compute primitive Sram_lifecycle.                                                                   | [36m8542 ns[0m
[INFO][0m[92m[PRIM][0m               Core 8 end compute primitive Sram_lifecycle.                                                                   | [36m8542 ns[0m
[INFO][0m[92m[PRIM][0m               Core 8 start compute primitive Sram_bind_oneshot.                                                              | [36m8548 ns[0m
[INFO][0m[92m[PRIM][0m               Core 0 start compute primitive Sram_lifecycle.                                                                 | [36m8548 ns[0m
[INFO][0m[92m[PRIM][0m               Core 0 end compute primitive Sram_lifecycle.                                                                   | [36m8548 ns[0m
[INFO][0m[92m[PRIM][0m               Core 8 end compute primitive Sram_bind_oneshot.                                                                | [36m8548 ns[0m
[INFO][0m[92m[PRIM][0m               Core 8 start compute primitive Matmul_f.                                                                       | [36m8554 ns[0m
[INFO][0m[92m[PRIM][0m               Core 0 start compute primitive Sram_lifecycle.                                                                 | [36m8554 ns[0m
[INFO][0m[92m[PRIM][0m               Core 12 start compute primitive Sram_lifecycle.                                                                | [36m8554 ns[0m
[INFO][0m[92m[PRIM][0m               Core 12 end compute primitive Sram_lifecycle.                                                                  | [36m8554 ns[0m
[INFO][0m[92m[PRIM][0m               Core 0 end compute primitive Sram_lifecycle.                                                                   | [36m8554 ns[0m
[INFO][0m[92m[PRIM][0m               Core 12 start compute primitive Sram_lifecycle.                                                                | [36m8560 ns[0m
[INFO][0m[92m[PRIM][0m               Core 0 start compute primitive Sram_lifecycle.                                                                 | [36m8560 ns[0m
[INFO][0m[92m[PRIM][0m               Core 0 end compute primitive Sram_lifecycle.                                                                   | [36m8560 ns[0m
[INFO][0m[92m[PRIM][0m               Core 12 end compute primitive Sram_lifecycle.                                                                  | [36m8560 ns[0m
[INFO][0m[92m[PRIM][0m               Core 8 end compute primitive Matmul_f.                                                                         | [36m8562 ns[0m
[INFO][0m[92m[PRIM][0m               Core 12 start compute primitive Sram_lifecycle.                                                                | [36m8566 ns[0m
[INFO][0m[92m[PRIM][0m               Core 0 start compute primitive Sram_lifecycle.                                                                 | [36m8566 ns[0m
[INFO][0m[92m[PRIM][0m               Core 0 end compute primitive Sram_lifecycle.                                                                   | [36m8566 ns[0m
[INFO][0m[92m[PRIM][0m               Core 12 end compute primitive Sram_lifecycle.                                                                  | [36m8566 ns[0m
[INFO][0m[92m[PRIM][0m               Core 8 start compute primitive Sram_lifecycle.                                                                 | [36m8568 ns[0m
[INFO][0m[92m[PRIM][0m               Core 8 end compute primitive Sram_lifecycle.                                                                   | [36m8568 ns[0m
[INFO][0m[92m[PRIM][0m               Core 12 start compute primitive Sram_bind_oneshot.                                                             | [36m8572 ns[0m
[INFO][0m[92m[PRIM][0m               Core 0 start compute primitive Sram_lifecycle.                                                                 | [36m8572 ns[0m
[INFO][0m[92m[PRIM][0m               Core 0 end compute primitive Sram_lifecycle.                                                                   | [36m8572 ns[0m
[INFO][0m[92m[PRIM][0m               Core 12 end compute primitive Sram_bind_oneshot.                                                               | [36m8572 ns[0m
[INFO][0m[92m[PRIM][0m               Core 8 start compute primitive Sram_lifecycle.                                                                 | [36m8574 ns[0m
[INFO][0m[92m[PRIM][0m               Core 8 end compute primitive Sram_lifecycle.                                                                   | [36m8574 ns[0m
[INFO][0m[92m[PRIM][0m               Core 12 start compute primitive Matmul_f.                                                                      | [36m8578 ns[0m
[INFO][0m[92m[PRIM][0m               Core 0 start compute primitive Sram_bind_oneshot.                                                              | [36m8578 ns[0m
[INFO][0m[92m[PRIM][0m               Core 0 end compute primitive Sram_bind_oneshot.                                                                | [36m8578 ns[0m
[INFO][0m[92m[PRIM][0m               Core 0 start compute primitive Matmul_f.                                                                       | [36m8584 ns[0m
[INFO][0m[92m[PRIM][0m               Core 12 end compute primitive Matmul_f.                                                                        | [36m8586 ns[0m
[INFO][0m[92m[PRIM][0m               Core 12 start compute primitive Sram_lifecycle.                                                                | [36m8592 ns[0m
[INFO][0m[92m[PRIM][0m               Core 0 end compute primitive Matmul_f.                                                                         | [36m8592 ns[0m
[INFO][0m[92m[PRIM][0m               Core 12 end compute primitive Sram_lifecycle.                                                                  | [36m8592 ns[0m
[INFO][0m[92m[PRIM][0m               Core 0 start compute primitive Sram_lifecycle.                                                                 | [36m8598 ns[0m
[INFO][0m[92m[PRIM][0m               Core 0 end compute primitive Sram_lifecycle.                                                                   | [36m8598 ns[0m
[INFO][0m[92m[PRIM][0m               Core 12 start compute primitive Sram_lifecycle.                                                                | [36m8662 ns[0m
[INFO][0m[92m[PRIM][0m               Core 12 end compute primitive Sram_lifecycle.                                                                  | [36m8662 ns[0m
[INFO][0m[92m[PRIM][0m               Core 12 start compute primitive Sram_lifecycle.                                                                | [36m8668 ns[0m
[INFO][0m[92m[PRIM][0m               Core 0 start compute primitive Sram_lifecycle.                                                                 | [36m8668 ns[0m
[INFO][0m[92m[PRIM][0m               Core 0 end compute primitive Sram_lifecycle.                                                                   | [36m8668 ns[0m
[INFO][0m[92m[PRIM][0m               Core 12 end compute primitive Sram_lifecycle.                                                                  | [36m8668 ns[0m
[INFO][0m[92m[PRIM][0m               Core 12 start compute primitive Sram_lifecycle.                                                                | [36m8674 ns[0m
[INFO][0m[92m[PRIM][0m               Core 0 start compute primitive Sram_lifecycle.                                                                 | [36m8674 ns[0m
[INFO][0m[92m[PRIM][0m               Core 0 end compute primitive Sram_lifecycle.                                                                   | [36m8674 ns[0m
[INFO][0m[92m[PRIM][0m               Core 12 end compute primitive Sram_lifecycle.                                                                  | [36m8674 ns[0m
[INFO][0m[92m[PRIM][0m               Core 12 start compute primitive Sram_bind_oneshot.                                                             | [36m8680 ns[0m
[INFO][0m[92m[PRIM][0m               Core 0 start compute primitive Sram_lifecycle.                                                                 | [36m8680 ns[0m
[INFO][0m[92m[PRIM][0m               Core 0 end compute primitive Sram_lifecycle.                                                                   | [36m8680 ns[0m
[INFO][0m[92m[PRIM][0m               Core 12 end compute primitive Sram_bind_oneshot.                                                               | [36m8680 ns[0m
[INFO][0m[92m[PRIM][0m               Core 12 start compute primitive Matmul_f.                                                                      | [36m8686 ns[0m
[INFO][0m[92m[PRIM][0m               Core 0 start compute primitive Sram_bind_oneshot.                                                              | [36m8686 ns[0m
[INFO][0m[92m[PRIM][0m               Core 0 end compute primitive Sram_bind_oneshot.                                                                | [36m8686 ns[0m
[INFO][0m[92m[PRIM][0m               Core 0 start compute primitive Matmul_f.                                                                       | [36m8692 ns[0m
[INFO][0m[92m[PRIM][0m               Core 12 end compute primitive Matmul_f.                                                                        | [36m8694 ns[0m
[INFO][0m[92m[PRIM][0m               Core 12 start compute primitive Sram_lifecycle.                                                                | [36m8700 ns[0m
[INFO][0m[92m[PRIM][0m               Core 0 end compute primitive Matmul_f.                                                                         | [36m8700 ns[0m
[INFO][0m[92m[PRIM][0m               Core 12 end compute primitive Sram_lifecycle.                                                                  | [36m8700 ns[0m
[INFO][0m[92m[PRIM][0m               Core 12 start compute primitive Sram_lifecycle.                                                                | [36m8706 ns[0m
[INFO][0m[92m[PRIM][0m               Core 0 start compute primitive Sram_lifecycle.                                                                 | [36m8706 ns[0m
[INFO][0m[92m[PRIM][0m               Core 0 end compute primitive Sram_lifecycle.                                                                   | [36m8706 ns[0m
[INFO][0m[92m[PRIM][0m               Core 12 end compute primitive Sram_lifecycle.                                                                  | [36m8706 ns[0m
[INFO][0m[92m[PRIM][0m               Core 4 start compute primitive Sram_lifecycle.                                                                 | [36m8708 ns[0m
[INFO][0m[92m[PRIM][0m               Core 4 end compute primitive Sram_lifecycle.                                                                   | [36m8708 ns[0m
[INFO][0m[92m[PRIM][0m               Core 12 start compute primitive Sram_lifecycle.                                                                | [36m8712 ns[0m
[INFO][0m[92m[PRIM][0m               Core 12 end compute primitive Sram_lifecycle.                                                                  | [36m8712 ns[0m
[INFO][0m[92m[PRIM][0m               Core 4 start compute primitive Sram_lifecycle.                                                                 | [36m8732 ns[0m
[INFO][0m[92m[PRIM][0m               Core 4 end compute primitive Sram_lifecycle.                                                                   | [36m8732 ns[0m
[INFO][0m[92m[PRIM][0m               Core 4 start compute primitive Sram_lifecycle.                                                                 | [36m8756 ns[0m
[INFO][0m[92m[PRIM][0m               Core 4 end compute primitive Sram_lifecycle.                                                                   | [36m8756 ns[0m
[INFO][0m[92m[PRIM][0m               Core 4 start compute primitive Collective_data_v1_prim.                                                        | [36m8762 ns[0m
[INFO][0m[92m[PRIM][0m               Core 0 start compute primitive Sram_lifecycle.                                                                 | [36m8776 ns[0m
[INFO][0m[92m[PRIM][0m               Core 0 end compute primitive Sram_lifecycle.                                                                   | [36m8776 ns[0m
[INFO][0m[92m[PRIM][0m               Core 0 start compute primitive Sram_lifecycle.                                                                 | [36m8782 ns[0m
[INFO][0m[92m[PRIM][0m               Core 0 end compute primitive Sram_lifecycle.                                                                   | [36m8782 ns[0m
[INFO][0m[92m[PRIM][0m               Core 0 start compute primitive Sram_lifecycle.                                                                 | [36m8788 ns[0m
[INFO][0m[92m[PRIM][0m               Core 0 end compute primitive Sram_lifecycle.                                                                   | [36m8788 ns[0m
[INFO][0m[92m[PRIM][0m               Core 4 end compute primitive Collective_data_v1_prim.                                                          | [36m8792 ns[0m
[INFO][0m[92m[PRIM][0m               Core 0 start compute primitive Sram_bind_oneshot.                                                              | [36m8794 ns[0m
[INFO][0m[92m[PRIM][0m               Core 0 end compute primitive Sram_bind_oneshot.                                                                | [36m8794 ns[0m
[INFO][0m[92m[PRIM][0m               Core 4 start compute primitive Sram_lifecycle.                                                                 | [36m8798 ns[0m
[INFO][0m[92m[PRIM][0m               Core 4 end compute primitive Sram_lifecycle.                                                                   | [36m8798 ns[0m
[INFO][0m[92m[PRIM][0m               Core 0 start compute primitive Matmul_f.                                                                       | [36m8800 ns[0m
[INFO][0m[92m[PRIM][0m               Core 4 start compute primitive Sram_lifecycle.                                                                 | [36m8804 ns[0m
[INFO][0m[92m[PRIM][0m               Core 4 end compute primitive Sram_lifecycle.                                                                   | [36m8804 ns[0m
[INFO][0m[92m[PRIM][0m               Core 0 end compute primitive Matmul_f.                                                                         | [36m8808 ns[0m
[INFO][0m[92m[PRIM][0m               Core 4 start compute primitive Sram_lifecycle.                                                                 | [36m8810 ns[0m
[INFO][0m[92m[PRIM][0m               Core 4 end compute primitive Sram_lifecycle.                                                                   | [36m8810 ns[0m
[INFO][0m[92m[PRIM][0m               Core 0 start compute primitive Sram_lifecycle.                                                                 | [36m8814 ns[0m
[INFO][0m[92m[PRIM][0m               Core 0 end compute primitive Sram_lifecycle.                                                                   | [36m8814 ns[0m
[INFO][0m[92m[PRIM][0m               Core 4 start compute primitive Sram_lifecycle.                                                                 | [36m8816 ns[0m
[INFO][0m[92m[PRIM][0m               Core 8 start compute primitive Sram_lifecycle.                                                                 | [36m8816 ns[0m
[INFO][0m[92m[PRIM][0m               Core 8 end compute primitive Sram_lifecycle.                                                                   | [36m8816 ns[0m
[INFO][0m[92m[PRIM][0m               Core 4 end compute primitive Sram_lifecycle.                                                                   | [36m8816 ns[0m
[INFO][0m[92m[PRIM][0m               Core 0 start compute primitive Sram_lifecycle.                                                                 | [36m8820 ns[0m
[INFO][0m[92m[PRIM][0m               Core 0 end compute primitive Sram_lifecycle.                                                                   | [36m8820 ns[0m
[INFO][0m[92m[PRIM][0m               Core 4 start compute primitive Sram_lifecycle.                                                                 | [36m8822 ns[0m
[INFO][0m[92m[PRIM][0m               Core 4 end compute primitive Sram_lifecycle.                                                                   | [36m8822 ns[0m
[INFO][0m[92m[PRIM][0m               Core 4 start compute primitive Sram_lifecycle.                                                                 | [36m8828 ns[0m
[INFO][0m[92m[PRIM][0m               Core 4 end compute primitive Sram_lifecycle.                                                                   | [36m8828 ns[0m
[INFO][0m[92m[PRIM][0m               Core 4 start compute primitive Sram_bind_oneshot.                                                              | [36m8834 ns[0m
[INFO][0m[92m[PRIM][0m               Core 4 end compute primitive Sram_bind_oneshot.                                                                | [36m8834 ns[0m
[INFO][0m[92m[PRIM][0m               Core 4 start compute primitive Matmul_f.                                                                       | [36m8840 ns[0m
[INFO][0m[92m[PRIM][0m               Core 4 end compute primitive Matmul_f.                                                                         | [36m8848 ns[0m
[INFO][0m[92m[PRIM][0m               Core 4 start compute primitive Sram_lifecycle.                                                                 | [36m8854 ns[0m
[INFO][0m[92m[PRIM][0m               Core 4 end compute primitive Sram_lifecycle.                                                                   | [36m8854 ns[0m
[INFO][0m[92m[PRIM][0m               Core 0 start compute primitive Sram_lifecycle.                                                                 | [36m8922 ns[0m
[INFO][0m[92m[PRIM][0m               Core 0 end compute primitive Sram_lifecycle.                                                                   | [36m8922 ns[0m
[INFO][0m[92m[PRIM][0m               Core 0 start compute primitive Sram_lifecycle.                                                                 | [36m8928 ns[0m
[INFO][0m[92m[PRIM][0m               Core 0 end compute primitive Sram_lifecycle.                                                                   | [36m8928 ns[0m
[INFO][0m[92m[PRIM][0m               Core 0 start compute primitive Sram_bind_oneshot.                                                              | [36m8934 ns[0m
[INFO][0m[92m[PRIM][0m               Core 0 end compute primitive Sram_bind_oneshot.                                                                | [36m8934 ns[0m
[INFO][0m[92m[PRIM][0m               Core 0 start compute primitive Residual_f.                                                                     | [36m8940 ns[0m
[INFO][0m[92m[PRIM][0m               Core 0 end compute primitive Residual_f.                                                                       | [36m8940 ns[0m
[INFO][0m[92m[PRIM][0m               Core 0 start compute primitive Sram_lifecycle.                                                                 | [36m8946 ns[0m
[INFO][0m[92m[PRIM][0m               Core 0 end compute primitive Sram_lifecycle.                                                                   | [36m8946 ns[0m
[INFO][0m[92m[PRIM][0m               Core 0 start compute primitive Sram_lifecycle.                                                                 | [36m8952 ns[0m
[INFO][0m[92m[PRIM][0m               Core 0 end compute primitive Sram_lifecycle.                                                                   | [36m8952 ns[0m
[INFO][0m[92m[PRIM][0m               Core 4 start compute primitive Sram_lifecycle.                                                                 | [36m8956 ns[0m
[INFO][0m[92m[PRIM][0m               Core 4 end compute primitive Sram_lifecycle.                                                                   | [36m8956 ns[0m
[INFO][0m[92m[PRIM][0m               Core 0 start compute primitive Sram_lifecycle.                                                                 | [36m8958 ns[0m
[INFO][0m[92m[PRIM][0m               Core 0 end compute primitive Sram_lifecycle.                                                                   | [36m8958 ns[0m
[INFO][0m[92m[PRIM][0m               Core 4 start compute primitive Sram_lifecycle.                                                                 | [36m8962 ns[0m
[INFO][0m[92m[PRIM][0m               Core 4 end compute primitive Sram_lifecycle.                                                                   | [36m8962 ns[0m
[INFO][0m[92m[PRIM][0m               Core 0 start compute primitive Lsu_mem.                                                                        | [36m8964 ns[0m
[INFO][0m[92m[PRIM][0m               Core 4 start compute primitive Sram_lifecycle.                                                                 | [36m8968 ns[0m
[INFO][0m[92m[PRIM][0m               Core 4 end compute primitive Sram_lifecycle.                                                                   | [36m8968 ns[0m
[INFO][0m[92m[PRIM][0m               Core 4 start compute primitive Sram_bind_oneshot.                                                              | [36m8974 ns[0m
[INFO][0m[92m[PRIM][0m               Core 4 end compute primitive Sram_bind_oneshot.                                                                | [36m8974 ns[0m
[INFO][0m[92m[PRIM][0m               Core 4 start compute primitive Matmul_f.                                                                       | [36m8980 ns[0m
[INFO][0m[92m[PRIM][0m               Core 12 start compute primitive Sram_lifecycle.                                                                | [36m8982 ns[0m
[INFO][0m[92m[PRIM][0m               Core 12 end compute primitive Sram_lifecycle.                                                                  | [36m8982 ns[0m
[INFO][0m[92m[PRIM][0m               Core 4 end compute primitive Matmul_f.                                                                         | [36m8988 ns[0m
[INFO][0m[92m[PRIM][0m               Core 4 start compute primitive Sram_lifecycle.                                                                 | [36m8994 ns[0m
[INFO][0m[92m[PRIM][0m               Core 4 end compute primitive Sram_lifecycle.                                                                   | [36m8994 ns[0m
[INFO][0m[92m[PRIM][0m               Core 4 start compute primitive Sram_lifecycle.                                                                 | [36m9 us[0m
[INFO][0m[92m[PRIM][0m               Core 4 end compute primitive Sram_lifecycle.                                                                   | [36m9 us[0m
[INFO][0m[92m[PRIM][0m               Core 8 start compute primitive Sram_lifecycle.                                                                 | [36m9016 ns[0m
[INFO][0m[92m[PRIM][0m               Core 8 end compute primitive Sram_lifecycle.                                                                   | [36m9016 ns[0m
[INFO][0m[92m[PRIM][0m               Core 0 end compute primitive Lsu_mem.                                                                          | [36m9034 ns[0m
[INFO][0m[92m[PRIM][0m               Core 8 start compute primitive Sram_lifecycle.                                                                 | [36m9040 ns[0m
[INFO][0m[92m[PRIM][0m               Core 0 start compute primitive Sram_lifecycle.                                                                 | [36m9040 ns[0m
[INFO][0m[92m[PRIM][0m               Core 0 end compute primitive Sram_lifecycle.                                                                   | [36m9040 ns[0m
[INFO][0m[92m[PRIM][0m               Core 8 end compute primitive Sram_lifecycle.                                                                   | [36m9040 ns[0m
[INFO][0m[92m[PRIM][0m               Core 8 start compute primitive Collective_data_v1_prim.                                                        | [36m9046 ns[0m
[INFO][0m[92m[PRIM][0m               Core 0 start compute primitive Sram_bind_oneshot.                                                              | [36m9046 ns[0m
[INFO][0m[92m[PRIM][0m               Core 0 end compute primitive Sram_bind_oneshot.                                                                | [36m9046 ns[0m
[INFO][0m[92m[PRIM][0m               Core 0 start compute primitive rmsnorm_forward.                                                                | [36m9052 ns[0m
[INFO][0m[92m[PRIM][0m               Core 0 end compute primitive rmsnorm_forward.                                                                  | [36m9054 ns[0m
[INFO][0m[92m[PRIM][0m               Core 0 start compute primitive Sram_lifecycle.                                                                 | [36m9060 ns[0m
[INFO][0m[92m[PRIM][0m               Core 0 end compute primitive Sram_lifecycle.                                                                   | [36m9060 ns[0m
[INFO][0m[92m[PRIM][0m               Core 0 start compute primitive Sram_lifecycle.                                                                 | [36m9066 ns[0m
[INFO][0m[92m[PRIM][0m               Core 0 end compute primitive Sram_lifecycle.                                                                   | [36m9066 ns[0m
[INFO][0m[92m[PRIM][0m               Core 4 start compute primitive Sram_lifecycle.                                                                 | [36m9070 ns[0m
[INFO][0m[92m[PRIM][0m               Core 4 end compute primitive Sram_lifecycle.                                                                   | [36m9070 ns[0m
[INFO][0m[92m[PRIM][0m               Core 4 start compute primitive Sram_lifecycle.                                                                 | [36m9076 ns[0m
[INFO][0m[92m[PRIM][0m               Core 8 end compute primitive Collective_data_v1_prim.                                                          | [36m9076 ns[0m
[INFO][0m[92m[PRIM][0m               Core 4 end compute primitive Sram_lifecycle.                                                                   | [36m9076 ns[0m
[INFO][0m[92m[PRIM][0m               Core 4 start compute primitive Sram_bind_oneshot.                                                              | [36m9082 ns[0m
[INFO][0m[92m[PRIM][0m               Core 8 start compute primitive Sram_lifecycle.                                                                 | [36m9082 ns[0m
[INFO][0m[92m[PRIM][0m               Core 8 end compute primitive Sram_lifecycle.                                                                   | [36m9082 ns[0m
[INFO][0m[92m[PRIM][0m               Core 4 end compute primitive Sram_bind_oneshot.                                                                | [36m9082 ns[0m
[INFO][0m[92m[PRIM][0m               Core 4 start compute primitive Residual_f.                                                                     | [36m9088 ns[0m
[INFO][0m[92m[PRIM][0m               Core 8 start compute primitive Sram_lifecycle.                                                                 | [36m9088 ns[0m
[INFO][0m[92m[PRIM][0m               Core 8 end compute primitive Sram_lifecycle.                                                                   | [36m9088 ns[0m
[INFO][0m[92m[PRIM][0m               Core 4 end compute primitive Residual_f.                                                                       | [36m9088 ns[0m
[INFO][0m[92m[PRIM][0m               Core 0 start compute primitive Sram_lifecycle.                                                                 | [36m9090 ns[0m
[INFO][0m[92m[PRIM][0m               Core 0 end compute primitive Sram_lifecycle.                                                                   | [36m9090 ns[0m
[INFO][0m[92m[PRIM][0m               Core 8 start compute primitive Sram_lifecycle.                                                                 | [36m9094 ns[0m
[INFO][0m[92m[PRIM][0m               Core 4 start compute primitive Sram_lifecycle.                                                                 | [36m9094 ns[0m
[INFO][0m[92m[PRIM][0m               Core 4 end compute primitive Sram_lifecycle.                                                                   | [36m9094 ns[0m
[INFO][0m[92m[PRIM][0m               Core 8 end compute primitive Sram_lifecycle.                                                                   | [36m9094 ns[0m
[INFO][0m[92m[PRIM][0m               Core 8 start compute primitive Sram_lifecycle.                                                                 | [36m9100 ns[0m
[INFO][0m[92m[PRIM][0m               Core 4 start compute primitive Sram_lifecycle.                                                                 | [36m9100 ns[0m
[INFO][0m[92m[PRIM][0m               Core 4 end compute primitive Sram_lifecycle.                                                                   | [36m9100 ns[0m
[INFO][0m[92m[PRIM][0m               Core 8 end compute primitive Sram_lifecycle.                                                                   | [36m9100 ns[0m
[INFO][0m[92m[PRIM][0m               Core 8 start compute primitive Sram_lifecycle.                                                                 | [36m9106 ns[0m
[INFO][0m[92m[PRIM][0m               Core 4 start compute primitive Sram_lifecycle.                                                                 | [36m9106 ns[0m
[INFO][0m[92m[PRIM][0m               Core 4 end compute primitive Sram_lifecycle.                                                                   | [36m9106 ns[0m
[INFO][0m[92m[PRIM][0m               Core 8 end compute primitive Sram_lifecycle.                                                                   | [36m9106 ns[0m
[INFO][0m[92m[PRIM][0m               Core 12 start compute primitive Sram_lifecycle.                                                                | [36m9110 ns[0m
[INFO][0m[92m[PRIM][0m               Core 12 end compute primitive Sram_lifecycle.                                                                  | [36m9110 ns[0m
[INFO][0m[92m[PRIM][0m               Core 8 start compute primitive Sram_lifecycle.                                                                 | [36m9112 ns[0m
[INFO][0m[92m[PRIM][0m               Core 4 start compute primitive Lsu_mem.                                                                        | [36m9112 ns[0m
[INFO][0m[92m[PRIM][0m               Core 8 end compute primitive Sram_lifecycle.                                                                   | [36m9112 ns[0m
[INFO][0m[92m[PRIM][0m               Core 8 start compute primitive Sram_bind_oneshot.                                                              | [36m9118 ns[0m
[INFO][0m[92m[PRIM][0m               Core 8 end compute primitive Sram_bind_oneshot.                                                                | [36m9118 ns[0m
[INFO][0m[92m[PRIM][0m               Core 8 start compute primitive Matmul_f.                                                                       | [36m9124 ns[0m
[INFO][0m[92m[PRIM][0m               Core 8 end compute primitive Matmul_f.                                                                         | [36m9132 ns[0m
[INFO][0m[92m[PRIM][0m               Core 8 start compute primitive Sram_lifecycle.                                                                 | [36m9138 ns[0m
[INFO][0m[92m[PRIM][0m               Core 8 end compute primitive Sram_lifecycle.                                                                   | [36m9138 ns[0m
[INFO][0m[92m[PRIM][0m               Core 8 start compute primitive Sram_lifecycle.                                                                 | [36m9144 ns[0m
[INFO][0m[92m[PRIM][0m               Core 8 end compute primitive Sram_lifecycle.                                                                   | [36m9144 ns[0m
[INFO][0m[92m[PRIM][0m               Core 4 end compute primitive Lsu_mem.                                                                          | [36m9179 ns[0m
[INFO][0m[92m[PRIM][0m               Core 4 start compute primitive Sram_lifecycle.                                                                 | [36m9185 ns[0m
[INFO][0m[92m[PRIM][0m               Core 4 end compute primitive Sram_lifecycle.                                                                   | [36m9185 ns[0m
[INFO][0m[92m[PRIM][0m               Core 4 start compute primitive Sram_bind_oneshot.                                                              | [36m9191 ns[0m
[INFO][0m[92m[PRIM][0m               Core 4 end compute primitive Sram_bind_oneshot.                                                                | [36m9191 ns[0m
[INFO][0m[92m[PRIM][0m               Core 4 start compute primitive rmsnorm_forward.                                                                | [36m9197 ns[0m
[INFO][0m[92m[PRIM][0m               Core 4 end compute primitive rmsnorm_forward.                                                                  | [36m9199 ns[0m
[INFO][0m[92m[PRIM][0m               Core 4 start compute primitive Sram_lifecycle.                                                                 | [36m9205 ns[0m
[INFO][0m[92m[PRIM][0m               Core 4 end compute primitive Sram_lifecycle.                                                                   | [36m9205 ns[0m
[INFO][0m[92m[PRIM][0m               Core 4 start compute primitive Sram_lifecycle.                                                                 | [36m9211 ns[0m
[INFO][0m[92m[PRIM][0m               Core 4 end compute primitive Sram_lifecycle.                                                                   | [36m9211 ns[0m
[INFO][0m[92m[PRIM][0m               Core 8 start compute primitive Sram_lifecycle.                                                                 | [36m9214 ns[0m
[INFO][0m[92m[PRIM][0m               Core 8 end compute primitive Sram_lifecycle.                                                                   | [36m9214 ns[0m
[INFO][0m[92m[PRIM][0m               Core 8 start compute primitive Sram_lifecycle.                                                                 | [36m9220 ns[0m
[INFO][0m[92m[PRIM][0m               Core 8 end compute primitive Sram_lifecycle.                                                                   | [36m9220 ns[0m
[INFO][0m[92m[PRIM][0m               Core 8 start compute primitive Sram_bind_oneshot.                                                              | [36m9226 ns[0m
[INFO][0m[92m[PRIM][0m               Core 8 end compute primitive Sram_bind_oneshot.                                                                | [36m9226 ns[0m
[INFO][0m[92m[PRIM][0m               Core 8 start compute primitive Residual_f.                                                                     | [36m9232 ns[0m
[INFO][0m[92m[PRIM][0m               Core 8 end compute primitive Residual_f.                                                                       | [36m9232 ns[0m
[INFO][0m[92m[PRIM][0m               Core 8 start compute primitive Sram_lifecycle.                                                                 | [36m9238 ns[0m
[INFO][0m[92m[PRIM][0m               Core 8 end compute primitive Sram_lifecycle.                                                                   | [36m9238 ns[0m
[INFO][0m[92m[PRIM][0m               Core 8 start compute primitive Sram_lifecycle.                                                                 | [36m9244 ns[0m
[INFO][0m[92m[PRIM][0m               Core 8 end compute primitive Sram_lifecycle.                                                                   | [36m9244 ns[0m
[INFO][0m[92m[PRIM][0m               Core 8 start compute primitive Sram_lifecycle.                                                                 | [36m9250 ns[0m
[INFO][0m[92m[PRIM][0m               Core 8 end compute primitive Sram_lifecycle.                                                                   | [36m9250 ns[0m
[INFO][0m[92m[PRIM][0m               Core 4 start compute primitive Sram_lifecycle.                                                                 | [36m9251 ns[0m
[INFO][0m[92m[PRIM][0m               Core 4 end compute primitive Sram_lifecycle.                                                                   | [36m9251 ns[0m
[INFO][0m[92m[PRIM][0m               Core 12 start compute primitive Sram_lifecycle.                                                                | [36m9254 ns[0m
[INFO][0m[92m[PRIM][0m               Core 12 end compute primitive Sram_lifecycle.                                                                  | [36m9254 ns[0m
[INFO][0m[92m[PRIM][0m               Core 8 start compute primitive Lsu_mem.                                                                        | [36m9256 ns[0m
[INFO][0m[92m[PRIM][0m               Core 12 start compute primitive Collective_data_v1_prim.                                                       | [36m9260 ns[0m
[INFO][0m[92m[PRIM][0m               Core 12 end compute primitive Collective_data_v1_prim.                                                         | [36m9290 ns[0m
[INFO][0m[92m[PRIM][0m               Core 12 start compute primitive Sram_lifecycle.                                                                | [36m9296 ns[0m
[INFO][0m[92m[PRIM][0m               Core 12 end compute primitive Sram_lifecycle.                                                                  | [36m9296 ns[0m
[INFO][0m[92m[PRIM][0m               Core 12 start compute primitive Sram_lifecycle.                                                                | [36m9302 ns[0m
[INFO][0m[92m[PRIM][0m               Core 12 end compute primitive Sram_lifecycle.                                                                  | [36m9302 ns[0m
[INFO][0m[92m[PRIM][0m               Core 12 start compute primitive Sram_lifecycle.                                                                | [36m9308 ns[0m
[INFO][0m[92m[PRIM][0m               Core 12 end compute primitive Sram_lifecycle.                                                                  | [36m9308 ns[0m
[INFO][0m[92m[PRIM][0m               Core 12 start compute primitive Sram_lifecycle.                                                                | [36m9314 ns[0m
[INFO][0m[92m[PRIM][0m               Core 12 end compute primitive Sram_lifecycle.                                                                  | [36m9314 ns[0m
[INFO][0m[92m[PRIM][0m               Core 12 start compute primitive Sram_lifecycle.                                                                | [36m9320 ns[0m
[INFO][0m[92m[PRIM][0m               Core 12 end compute primitive Sram_lifecycle.                                                                  | [36m9320 ns[0m
[INFO][0m[92m[PRIM][0m               Core 8 end compute primitive Lsu_mem.                                                                          | [36m9324 ns[0m
[INFO][0m[92m[PRIM][0m               Core 12 start compute primitive Sram_bind_oneshot.                                                             | [36m9326 ns[0m
[INFO][0m[92m[PRIM][0m               Core 12 end compute primitive Sram_bind_oneshot.                                                               | [36m9326 ns[0m
[INFO][0m[92m[PRIM][0m               Core 8 start compute primitive Sram_lifecycle.                                                                 | [36m9330 ns[0m
[INFO][0m[92m[PRIM][0m               Core 8 end compute primitive Sram_lifecycle.                                                                   | [36m9330 ns[0m
[INFO][0m[92m[PRIM][0m               Core 12 start compute primitive Residual_f.                                                                    | [36m9332 ns[0m
[INFO][0m[92m[PRIM][0m               Core 12 end compute primitive Residual_f.                                                                      | [36m9332 ns[0m
[INFO][0m[92m[PRIM][0m               Core 8 start compute primitive Sram_bind_oneshot.                                                              | [36m9336 ns[0m
[INFO][0m[92m[PRIM][0m               Core 8 end compute primitive Sram_bind_oneshot.                                                                | [36m9336 ns[0m
[INFO][0m[92m[PRIM][0m               Core 12 start compute primitive Sram_lifecycle.                                                                | [36m9338 ns[0m
[INFO][0m[92m[PRIM][0m               Core 12 end compute primitive Sram_lifecycle.                                                                  | [36m9338 ns[0m
[INFO][0m[92m[PRIM][0m               Core 8 start compute primitive rmsnorm_forward.                                                                | [36m9342 ns[0m
[INFO][0m[92m[PRIM][0m               Core 8 end compute primitive rmsnorm_forward.                                                                  | [36m9344 ns[0m
[INFO][0m[92m[PRIM][0m               Core 12 start compute primitive Sram_lifecycle.                                                                | [36m9344 ns[0m
[INFO][0m[92m[PRIM][0m               Core 12 end compute primitive Sram_lifecycle.                                                                  | [36m9344 ns[0m
[INFO][0m[92m[PRIM][0m               Core 8 start compute primitive Sram_lifecycle.                                                                 | [36m9350 ns[0m
[INFO][0m[92m[PRIM][0m               Core 12 start compute primitive Sram_lifecycle.                                                                | [36m9350 ns[0m
[INFO][0m[92m[PRIM][0m               Core 12 end compute primitive Sram_lifecycle.                                                                  | [36m9350 ns[0m
[INFO][0m[92m[PRIM][0m               Core 8 end compute primitive Sram_lifecycle.                                                                   | [36m9350 ns[0m
[INFO][0m[92m[PRIM][0m               Core 8 start compute primitive Sram_lifecycle.                                                                 | [36m9356 ns[0m
[INFO][0m[92m[PRIM][0m               Core 12 start compute primitive Lsu_mem.                                                                       | [36m9356 ns[0m
[INFO][0m[92m[PRIM][0m               Core 8 end compute primitive Sram_lifecycle.                                                                   | [36m9356 ns[0m
[INFO][0m[92m[PRIM][0m               Core 12 end compute primitive Lsu_mem.                                                                         | [36m9422 ns[0m
[INFO][0m[92m[PRIM][0m               Core 12 start compute primitive Sram_lifecycle.                                                                | [36m9428 ns[0m
[INFO][0m[92m[PRIM][0m               Core 12 end compute primitive Sram_lifecycle.                                                                  | [36m9428 ns[0m
[INFO][0m[92m[PRIM][0m               Core 12 start compute primitive Sram_bind_oneshot.                                                             | [36m9434 ns[0m
[INFO][0m[92m[PRIM][0m               Core 12 end compute primitive Sram_bind_oneshot.                                                               | [36m9434 ns[0m
[INFO][0m[92m[PRIM][0m               Core 12 start compute primitive rmsnorm_forward.                                                               | [36m9440 ns[0m
[INFO][0m[92m[PRIM][0m               Core 12 end compute primitive rmsnorm_forward.                                                                 | [36m9442 ns[0m
[INFO][0m[92m[PRIM][0m               Core 12 start compute primitive Sram_lifecycle.                                                                | [36m9448 ns[0m
[INFO][0m[92m[PRIM][0m               Core 12 end compute primitive Sram_lifecycle.                                                                  | [36m9448 ns[0m
[INFO][0m[92m[PRIM][0m               Core 12 start compute primitive Sram_lifecycle.                                                                | [36m9454 ns[0m
[INFO][0m[92m[PRIM][0m               Core 12 end compute primitive Sram_lifecycle.                                                                  | [36m9454 ns[0m
[INFO][0m[92m[PRIM][0m               Core 8 start compute primitive Sram_lifecycle.                                                                 | [36m9494 ns[0m
[INFO][0m[92m[PRIM][0m               Core 8 end compute primitive Sram_lifecycle.                                                                   | [36m9494 ns[0m
[INFO][0m[92m[PRIM][0m               Core 12 start compute primitive Sram_lifecycle.                                                                | [36m9782 ns[0m
[INFO][0m[92m[PRIM][0m               Core 12 end compute primitive Sram_lifecycle.                                                                  | [36m9782 ns[0m
[INFO][0m[92m[PRIM][0m               Core 0 start compute primitive Sram_lifecycle.                                                                 | [36m10088 ns[0m
[INFO][0m[92m[PRIM][0m               Core 0 end compute primitive Sram_lifecycle.                                                                   | [36m10088 ns[0m
[INFO][0m[92m[PRIM][0m               Core 0 start compute primitive Lsu_mem.                                                                        | [36m10094 ns[0m
[INFO][0m[92m[PRIM][0m               Core 4 start compute primitive Sram_lifecycle.                                                                 | [36m10098 ns[0m
[INFO][0m[92m[PRIM][0m               Core 4 end compute primitive Sram_lifecycle.                                                                   | [36m10098 ns[0m
[INFO][0m[92m[PRIM][0m               Core 8 start compute primitive Sram_lifecycle.                                                                 | [36m10102 ns[0m
[INFO][0m[92m[PRIM][0m               Core 8 end compute primitive Sram_lifecycle.                                                                   | [36m10102 ns[0m
[INFO][0m[92m[PRIM][0m               Core 4 start compute primitive Lsu_mem.                                                                        | [36m10104 ns[0m
[INFO][0m[92m[PRIM][0m               Core 8 start compute primitive Lsu_mem.                                                                        | [36m10108 ns[0m
[INFO][0m[92m[PRIM][0m               Core 12 start compute primitive Sram_lifecycle.                                                                | [36m10122 ns[0m
[INFO][0m[92m[PRIM][0m               Core 12 end compute primitive Sram_lifecycle.                                                                  | [36m10122 ns[0m
[INFO][0m[92m[PRIM][0m               Core 12 start compute primitive Lsu_mem.                                                                       | [36m10128 ns[0m
[INFO][0m[92m[PRIM][0m               Core 0 end compute primitive Lsu_mem.                                                                          | [36m10329 ns[0m
[INFO][0m[92m[PRIM][0m               Core 0 start compute primitive Sram_lifecycle.                                                                 | [36m10335 ns[0m
[INFO][0m[92m[PRIM][0m               Core 0 end compute primitive Sram_lifecycle.                                                                   | [36m10335 ns[0m
[INFO][0m[92m[PRIM][0m               Core 4 end compute primitive Lsu_mem.                                                                          | [36m10337 ns[0m
[INFO][0m[92m[PRIM][0m               Core 0 start compute primitive Sram_bind_oneshot.                                                              | [36m10341 ns[0m
[INFO][0m[92m[PRIM][0m               Core 0 end compute primitive Sram_bind_oneshot.                                                                | [36m10341 ns[0m
[INFO][0m[92m[PRIM][0m               Core 4 start compute primitive Sram_lifecycle.                                                                 | [36m10343 ns[0m
[INFO][0m[92m[PRIM][0m               Core 4 end compute primitive Sram_lifecycle.                                                                   | [36m10343 ns[0m
[INFO][0m[92m[PRIM][0m               Core 8 end compute primitive Lsu_mem.                                                                          | [36m10343 ns[0m
[INFO][0m[92m[PRIM][0m               Core 0 start compute primitive Matmul_f.                                                                       | [36m10347 ns[0m
[INFO][0m[92m[PRIM][0m               Core 8 start compute primitive Sram_lifecycle.                                                                 | [36m10349 ns[0m
[INFO][0m[92m[PRIM][0m               Core 4 start compute primitive Sram_bind_oneshot.                                                              | [36m10349 ns[0m
[INFO][0m[92m[PRIM][0m               Core 4 end compute primitive Sram_bind_oneshot.                                                                | [36m10349 ns[0m
[INFO][0m[92m[PRIM][0m               Core 8 end compute primitive Sram_lifecycle.                                                                   | [36m10349 ns[0m
[INFO][0m[92m[PRIM][0m               Core 8 start compute primitive Sram_bind_oneshot.                                                              | [36m10355 ns[0m
[INFO][0m[92m[PRIM][0m               Core 4 start compute primitive Matmul_f.                                                                       | [36m10355 ns[0m
[INFO][0m[92m[PRIM][0m               Core 8 end compute primitive Sram_bind_oneshot.                                                                | [36m10355 ns[0m
[INFO][0m[92m[PRIM][0m               Core 8 start compute primitive Matmul_f.                                                                       | [36m10361 ns[0m
[INFO][0m[92m[PRIM][0m               Core 12 end compute primitive Lsu_mem.                                                                         | [36m10361 ns[0m
[INFO][0m[92m[PRIM][0m               Core 12 start compute primitive Sram_lifecycle.                                                                | [36m10367 ns[0m
[INFO][0m[92m[PRIM][0m               Core 12 end compute primitive Sram_lifecycle.                                                                  | [36m10367 ns[0m
[INFO][0m[92m[PRIM][0m               Core 12 start compute primitive Sram_bind_oneshot.                                                             | [36m10373 ns[0m
[INFO][0m[92m[PRIM][0m               Core 12 end compute primitive Sram_bind_oneshot.                                                               | [36m10373 ns[0m
[INFO][0m[92m[PRIM][0m               Core 12 start compute primitive Matmul_f.                                                                      | [36m10379 ns[0m
[INFO][0m[92m[PRIM][0m               Core 0 end compute primitive Matmul_f.                                                                         | [36m10395 ns[0m
[INFO][0m[92m[PRIM][0m               Core 0 start compute primitive Sram_lifecycle.                                                                 | [36m10401 ns[0m
[INFO][0m[92m[PRIM][0m               Core 0 end compute primitive Sram_lifecycle.                                                                   | [36m10401 ns[0m
[INFO][0m[92m[PRIM][0m               Core 4 end compute primitive Matmul_f.                                                                         | [36m10403 ns[0m
[INFO][0m[92m[PRIM][0m               Core 0 start compute primitive Sram_lifecycle.                                                                 | [36m10407 ns[0m
[INFO][0m[92m[PRIM][0m               Core 0 end compute primitive Sram_lifecycle.                                                                   | [36m10407 ns[0m
[INFO][0m[92m[PRIM][0m               Core 8 end compute primitive Matmul_f.                                                                         | [36m10409 ns[0m
[INFO][0m[92m[PRIM][0m               Core 4 start compute primitive Sram_lifecycle.                                                                 | [36m10409 ns[0m
[INFO][0m[92m[PRIM][0m               Core 4 end compute primitive Sram_lifecycle.                                                                   | [36m10409 ns[0m
[INFO][0m[92m[PRIM][0m               Core 0 start compute primitive Sram_lifecycle.                                                                 | [36m10413 ns[0m
[INFO][0m[92m[PRIM][0m               Core 0 end compute primitive Sram_lifecycle.                                                                   | [36m10413 ns[0m
[INFO][0m[92m[PRIM][0m               Core 4 start compute primitive Sram_lifecycle.                                                                 | [36m10415 ns[0m
[INFO][0m[92m[PRIM][0m               Core 8 start compute primitive Sram_lifecycle.                                                                 | [36m10415 ns[0m
[INFO][0m[92m[PRIM][0m               Core 8 end compute primitive Sram_lifecycle.                                                                   | [36m10415 ns[0m
[INFO][0m[92m[PRIM][0m               Core 4 end compute primitive Sram_lifecycle.                                                                   | [36m10415 ns[0m
[INFO][0m[92m[PRIM][0m               Core 0 start compute primitive Sram_bind_oneshot.                                                              | [36m10419 ns[0m
[INFO][0m[92m[PRIM][0m               Core 0 end compute primitive Sram_bind_oneshot.                                                                | [36m10419 ns[0m
[INFO][0m[92m[PRIM][0m               Core 4 start compute primitive Sram_lifecycle.                                                                 | [36m10421 ns[0m
[INFO][0m[92m[PRIM][0m               Core 8 start compute primitive Sram_lifecycle.                                                                 | [36m10421 ns[0m
[INFO][0m[92m[PRIM][0m               Core 8 end compute primitive Sram_lifecycle.                                                                   | [36m10421 ns[0m
[INFO][0m[92m[PRIM][0m               Core 4 end compute primitive Sram_lifecycle.                                                                   | [36m10421 ns[0m
[INFO][0m[92m[PRIM][0m               Core 0 start compute primitive Rope_qk_exact_prim.                                                             | [36m10425 ns[0m
[INFO][0m[92m[PRIM][0m               Core 8 start compute primitive Sram_lifecycle.                                                                 | [36m10427 ns[0m
[INFO][0m[92m[PRIM][0m               Core 0 end compute primitive Rope_qk_exact_prim.                                                               | [36m10427 ns[0m
[INFO][0m[92m[PRIM][0m               Core 4 start compute primitive Sram_bind_oneshot.                                                              | [36m10427 ns[0m
[INFO][0m[92m[PRIM][0m               Core 12 end compute primitive Matmul_f.                                                                        | [36m10427 ns[0m
[INFO][0m[92m[PRIM][0m               Core 4 end compute primitive Sram_bind_oneshot.                                                                | [36m10427 ns[0m
[INFO][0m[92m[PRIM][0m               Core 8 end compute primitive Sram_lifecycle.                                                                   | [36m10427 ns[0m
[INFO][0m[92m[PRIM][0m               Core 0 start compute primitive Sram_lifecycle.                                                                 | [36m10433 ns[0m
[INFO][0m[92m[PRIM][0m               Core 8 start compute primitive Sram_bind_oneshot.                                                              | [36m10433 ns[0m
[INFO][0m[92m[PRIM][0m               Core 12 start compute primitive Sram_lifecycle.                                                                | [36m10433 ns[0m
[INFO][0m[92m[PRIM][0m               Core 4 start compute primitive Rope_qk_exact_prim.                                                             | [36m10433 ns[0m
[INFO][0m[92m[PRIM][0m               Core 12 end compute primitive Sram_lifecycle.                                                                  | [36m10433 ns[0m
[INFO][0m[92m[PRIM][0m               Core 8 end compute primitive Sram_bind_oneshot.                                                                | [36m10433 ns[0m
[INFO][0m[92m[PRIM][0m               Core 0 end compute primitive Sram_lifecycle.                                                                   | [36m10433 ns[0m
[INFO][0m[92m[PRIM][0m               Core 4 end compute primitive Rope_qk_exact_prim.                                                               | [36m10435 ns[0m
[INFO][0m[92m[PRIM][0m               Core 12 start compute primitive Sram_lifecycle.                                                                | [36m10439 ns[0m
[INFO][0m[92m[PRIM][0m               Core 0 start compute primitive Sram_lifecycle.                                                                 | [36m10439 ns[0m
[INFO][0m[92m[PRIM][0m               Core 8 start compute primitive Rope_qk_exact_prim.                                                             | [36m10439 ns[0m
[INFO][0m[92m[PRIM][0m               Core 0 end compute primitive Sram_lifecycle.                                                                   | [36m10439 ns[0m
[INFO][0m[92m[PRIM][0m               Core 12 end compute primitive Sram_lifecycle.                                                                  | [36m10439 ns[0m
[INFO][0m[92m[PRIM][0m               Core 4 start compute primitive Sram_lifecycle.                                                                 | [36m10441 ns[0m
[INFO][0m[92m[PRIM][0m               Core 8 end compute primitive Rope_qk_exact_prim.                                                               | [36m10441 ns[0m
[INFO][0m[92m[PRIM][0m               Core 4 end compute primitive Sram_lifecycle.                                                                   | [36m10441 ns[0m
[INFO][0m[92m[PRIM][0m               Core 0 start compute primitive Sram_bind_oneshot.                                                              | [36m10445 ns[0m
[INFO][0m[92m[PRIM][0m               Core 12 start compute primitive Sram_lifecycle.                                                                | [36m10445 ns[0m
[INFO][0m[92m[PRIM][0m               Core 12 end compute primitive Sram_lifecycle.                                                                  | [36m10445 ns[0m
[INFO][0m[92m[PRIM][0m               Core 0 end compute primitive Sram_bind_oneshot.                                                                | [36m10445 ns[0m
[INFO][0m[92m[PRIM][0m               Core 4 start compute primitive Sram_lifecycle.                                                                 | [36m10447 ns[0m
[INFO][0m[92m[PRIM][0m               Core 8 start compute primitive Sram_lifecycle.                                                                 | [36m10447 ns[0m
[INFO][0m[92m[PRIM][0m               Core 8 end compute primitive Sram_lifecycle.                                                                   | [36m10447 ns[0m
[INFO][0m[92m[PRIM][0m               Core 4 end compute primitive Sram_lifecycle.                                                                   | [36m10447 ns[0m
[INFO][0m[92m[PRIM][0m               Core 12 start compute primitive Sram_bind_oneshot.                                                             | [36m10451 ns[0m
[INFO][0m[92m[PRIM][0m               Core 0 start compute primitive Attention_exact_prim.                                                           | [36m10451 ns[0m
[INFO][0m[92m[PRIM][0m               Core 0 end compute primitive Attention_exact_prim.                                                             | [36m10451 ns[0m
[INFO][0m[92m[PRIM][0m               Core 12 end compute primitive Sram_bind_oneshot.                                                               | [36m10451 ns[0m
[INFO][0m[92m[PRIM][0m               Core 4 start compute primitive Sram_bind_oneshot.                                                              | [36m10453 ns[0m
[INFO][0m[92m[PRIM][0m               Core 8 start compute primitive Sram_lifecycle.                                                                 | [36m10453 ns[0m
[INFO][0m[92m[PRIM][0m               Core 8 end compute primitive Sram_lifecycle.                                                                   | [36m10453 ns[0m
[INFO][0m[92m[PRIM][0m               Core 4 end compute primitive Sram_bind_oneshot.                                                                | [36m10453 ns[0m
[INFO][0m[92m[PRIM][0m               Core 12 start compute primitive Rope_qk_exact_prim.                                                            | [36m10457 ns[0m
[INFO][0m[92m[PRIM][0m               Core 0 start compute primitive Sram_lifecycle.                                                                 | [36m10457 ns[0m
[INFO][0m[92m[PRIM][0m               Core 0 end compute primitive Sram_lifecycle.                                                                   | [36m10457 ns[0m
[INFO][0m[92m[PRIM][0m               Core 8 start compute primitive Sram_bind_oneshot.                                                              | [36m10459 ns[0m
[INFO][0m[92m[PRIM][0m               Core 4 start compute primitive Attention_exact_prim.                                                           | [36m10459 ns[0m
[INFO][0m[92m[PRIM][0m               Core 12 end compute primitive Rope_qk_exact_prim.                                                              | [36m10459 ns[0m
[INFO][0m[92m[PRIM][0m               Core 4 end compute primitive Attention_exact_prim.                                                             | [36m10459 ns[0m
[INFO][0m[92m[PRIM][0m               Core 8 end compute primitive Sram_bind_oneshot.                                                                | [36m10459 ns[0m
[INFO][0m[92m[PRIM][0m               Core 0 start compute primitive Sram_lifecycle.                                                                 | [36m10463 ns[0m
[INFO][0m[92m[PRIM][0m               Core 0 end compute primitive Sram_lifecycle.                                                                   | [36m10463 ns[0m
[INFO][0m[92m[PRIM][0m               Core 4 start compute primitive Sram_lifecycle.                                                                 | [36m10465 ns[0m
[INFO][0m[92m[PRIM][0m               Core 12 start compute primitive Sram_lifecycle.                                                                | [36m10465 ns[0m
[INFO][0m[92m[PRIM][0m               Core 8 start compute primitive Attention_exact_prim.                                                           | [36m10465 ns[0m
[INFO][0m[92m[PRIM][0m               Core 8 end compute primitive Attention_exact_prim.                                                             | [36m10465 ns[0m
[INFO][0m[92m[PRIM][0m               Core 12 end compute primitive Sram_lifecycle.                                                                  | [36m10465 ns[0m
[INFO][0m[92m[PRIM][0m               Core 4 end compute primitive Sram_lifecycle.                                                                   | [36m10465 ns[0m
[INFO][0m[92m[PRIM][0m               Core 0 start compute primitive Sram_lifecycle.                                                                 | [36m10469 ns[0m
[INFO][0m[92m[PRIM][0m               Core 0 end compute primitive Sram_lifecycle.                                                                   | [36m10469 ns[0m
[INFO][0m[92m[PRIM][0m               Core 8 start compute primitive Sram_lifecycle.                                                                 | [36m10471 ns[0m
[INFO][0m[92m[PRIM][0m               Core 12 start compute primitive Sram_lifecycle.                                                                | [36m10471 ns[0m
[INFO][0m[92m[PRIM][0m               Core 4 start compute primitive Sram_lifecycle.                                                                 | [36m10471 ns[0m
[INFO][0m[92m[PRIM][0m               Core 4 end compute primitive Sram_lifecycle.                                                                   | [36m10471 ns[0m
[INFO][0m[92m[PRIM][0m               Core 12 end compute primitive Sram_lifecycle.                                                                  | [36m10471 ns[0m
[INFO][0m[92m[PRIM][0m               Core 8 end compute primitive Sram_lifecycle.                                                                   | [36m10471 ns[0m
[INFO][0m[92m[PRIM][0m               Core 0 start compute primitive Lsu_mem.                                                                        | [36m10475 ns[0m
[INFO][0m[92m[PRIM][0m               Core 4 start compute primitive Sram_lifecycle.                                                                 | [36m10477 ns[0m
[INFO][0m[92m[PRIM][0m               Core 12 start compute primitive Sram_bind_oneshot.                                                             | [36m10477 ns[0m
[INFO][0m[92m[PRIM][0m               Core 8 start compute primitive Sram_lifecycle.                                                                 | [36m10477 ns[0m
[INFO][0m[92m[PRIM][0m               Core 8 end compute primitive Sram_lifecycle.                                                                   | [36m10477 ns[0m
[INFO][0m[92m[PRIM][0m               Core 12 end compute primitive Sram_bind_oneshot.                                                               | [36m10477 ns[0m
[INFO][0m[92m[PRIM][0m               Core 4 end compute primitive Sram_lifecycle.                                                                   | [36m10477 ns[0m
[INFO][0m[92m[PRIM][0m               Core 4 start compute primitive Lsu_mem.                                                                        | [36m10483 ns[0m
[INFO][0m[92m[PRIM][0m               Core 12 start compute primitive Attention_exact_prim.                                                          | [36m10483 ns[0m
[INFO][0m[92m[PRIM][0m               Core 8 start compute primitive Sram_lifecycle.                                                                 | [36m10483 ns[0m
[INFO][0m[92m[PRIM][0m               Core 8 end compute primitive Sram_lifecycle.                                                                   | [36m10483 ns[0m
[INFO][0m[92m[PRIM][0m               Core 12 end compute primitive Attention_exact_prim.                                                            | [36m10483 ns[0m
[INFO][0m[92m[PRIM][0m               Core 8 start compute primitive Lsu_mem.                                                                        | [36m10489 ns[0m
[INFO][0m[92m[PRIM][0m               Core 12 start compute primitive Sram_lifecycle.                                                                | [36m10489 ns[0m
[INFO][0m[92m[PRIM][0m               Core 12 end compute primitive Sram_lifecycle.                                                                  | [36m10489 ns[0m
[INFO][0m[92m[PRIM][0m               Core 12 start compute primitive Sram_lifecycle.                                                                | [36m10495 ns[0m
[INFO][0m[92m[PRIM][0m               Core 12 end compute primitive Sram_lifecycle.                                                                  | [36m10495 ns[0m
[INFO][0m[92m[PRIM][0m               Core 12 start compute primitive Sram_lifecycle.                                                                | [36m10501 ns[0m
[INFO][0m[92m[PRIM][0m               Core 12 end compute primitive Sram_lifecycle.                                                                  | [36m10501 ns[0m
[INFO][0m[92m[PRIM][0m               Core 12 start compute primitive Lsu_mem.                                                                       | [36m10507 ns[0m
[INFO][0m[92m[PRIM][0m               Core 0 end compute primitive Lsu_mem.                                                                          | [36m10546 ns[0m
[INFO][0m[92m[PRIM][0m               Core 0 start compute primitive Sram_lifecycle.                                                                 | [36m10552 ns[0m
[INFO][0m[92m[PRIM][0m               Core 0 end compute primitive Sram_lifecycle.                                                                   | [36m10552 ns[0m
[INFO][0m[92m[PRIM][0m               Core 4 end compute primitive Lsu_mem.                                                                          | [36m10554 ns[0m
[INFO][0m[92m[PRIM][0m               Core 0 start compute primitive Sram_lifecycle.                                                                 | [36m10558 ns[0m
[INFO][0m[92m[PRIM][0m               Core 0 end compute primitive Sram_lifecycle.                                                                   | [36m10558 ns[0m
[INFO][0m[92m[PRIM][0m               Core 4 start compute primitive Sram_lifecycle.                                                                 | [36m10560 ns[0m
[INFO][0m[92m[PRIM][0m               Core 4 end compute primitive Sram_lifecycle.                                                                   | [36m10560 ns[0m
[INFO][0m[92m[PRIM][0m               Core 8 end compute primitive Lsu_mem.                                                                          | [36m10560 ns[0m
[INFO][0m[92m[PRIM][0m               Core 0 start compute primitive Lsu_mem.                                                                        | [36m10564 ns[0m
[INFO][0m[92m[PRIM][0m               Core 4 start compute primitive Sram_lifecycle.                                                                 | [36m10566 ns[0m
[INFO][0m[92m[PRIM][0m               Core 8 start compute primitive Sram_lifecycle.                                                                 | [36m10566 ns[0m
[INFO][0m[92m[PRIM][0m               Core 8 end compute primitive Sram_lifecycle.                                                                   | [36m10566 ns[0m
[INFO][0m[92m[PRIM][0m               Core 4 end compute primitive Sram_lifecycle.                                                                   | [36m10566 ns[0m
[INFO][0m[92m[PRIM][0m               Core 4 start compute primitive Lsu_mem.                                                                        | [36m10572 ns[0m
[INFO][0m[92m[PRIM][0m               Core 8 start compute primitive Sram_lifecycle.                                                                 | [36m10572 ns[0m
[INFO][0m[92m[PRIM][0m               Core 8 end compute primitive Sram_lifecycle.                                                                   | [36m10572 ns[0m
[INFO][0m[92m[PRIM][0m               Core 8 start compute primitive Lsu_mem.                                                                        | [36m10578 ns[0m
[INFO][0m[92m[PRIM][0m               Core 12 end compute primitive Lsu_mem.                                                                         | [36m10578 ns[0m
[INFO][0m[92m[PRIM][0m               Core 12 start compute primitive Sram_lifecycle.                                                                | [36m10584 ns[0m
[INFO][0m[92m[PRIM][0m               Core 12 end compute primitive Sram_lifecycle.                                                                  | [36m10584 ns[0m
[INFO][0m[92m[PRIM][0m               Core 12 start compute primitive Sram_lifecycle.                                                                | [36m10590 ns[0m
[INFO][0m[92m[PRIM][0m               Core 12 end compute primitive Sram_lifecycle.                                                                  | [36m10590 ns[0m
[INFO][0m[92m[PRIM][0m               Core 12 start compute primitive Lsu_mem.                                                                       | [36m10596 ns[0m
[INFO][0m[92m[PRIM][0m               Core 0 end compute primitive Lsu_mem.                                                                          | [36m10635 ns[0m
[INFO][0m[92m[PRIM][0m               Core 0 start compute primitive Sram_lifecycle.                                                                 | [36m10641 ns[0m
[INFO][0m[92m[PRIM][0m               Core 0 end compute primitive Sram_lifecycle.                                                                   | [36m10641 ns[0m
[INFO][0m[92m[PRIM][0m               Core 4 end compute primitive Lsu_mem.                                                                          | [36m10643 ns[0m
[INFO][0m[92m[PRIM][0m               Core 0 start compute primitive Sram_lifecycle.                                                                 | [36m10647 ns[0m
[INFO][0m[92m[PRIM][0m               Core 0 end compute primitive Sram_lifecycle.                                                                   | [36m10647 ns[0m
[INFO][0m[92m[PRIM][0m               Core 4 start compute primitive Sram_lifecycle.                                                                 | [36m10649 ns[0m
[INFO][0m[92m[PRIM][0m               Core 4 end compute primitive Sram_lifecycle.                                                                   | [36m10649 ns[0m
[INFO][0m[92m[PRIM][0m               Core 8 end compute primitive Lsu_mem.                                                                          | [36m10649 ns[0m
[INFO][0m[92m[PRIM][0m               Core 0 start compute primitive Lsu_mem.                                                                        | [36m10653 ns[0m
[INFO][0m[92m[PRIM][0m               Core 4 start compute primitive Sram_lifecycle.                                                                 | [36m10655 ns[0m
[INFO][0m[92m[PRIM][0m               Core 8 start compute primitive Sram_lifecycle.                                                                 | [36m10655 ns[0m
[INFO][0m[92m[PRIM][0m               Core 8 end compute primitive Sram_lifecycle.                                                                   | [36m10655 ns[0m
[INFO][0m[92m[PRIM][0m               Core 4 end compute primitive Sram_lifecycle.                                                                   | [36m10655 ns[0m
[INFO][0m[92m[PRIM][0m               Core 4 start compute primitive Lsu_mem.                                                                        | [36m10661 ns[0m
[INFO][0m[92m[PRIM][0m               Core 8 start compute primitive Sram_lifecycle.                                                                 | [36m10661 ns[0m
[INFO][0m[92m[PRIM][0m               Core 8 end compute primitive Sram_lifecycle.                                                                   | [36m10661 ns[0m
[INFO][0m[92m[PRIM][0m               Core 8 start compute primitive Lsu_mem.                                                                        | [36m10667 ns[0m
[INFO][0m[92m[PRIM][0m               Core 12 end compute primitive Lsu_mem.                                                                         | [36m10667 ns[0m
[INFO][0m[92m[PRIM][0m               Core 12 start compute primitive Sram_lifecycle.                                                                | [36m10673 ns[0m
[INFO][0m[92m[PRIM][0m               Core 12 end compute primitive Sram_lifecycle.                                                                  | [36m10673 ns[0m
[INFO][0m[92m[PRIM][0m               Core 12 start compute primitive Sram_lifecycle.                                                                | [36m10679 ns[0m
[INFO][0m[92m[PRIM][0m               Core 12 end compute primitive Sram_lifecycle.                                                                  | [36m10679 ns[0m
[INFO][0m[92m[PRIM][0m               Core 12 start compute primitive Lsu_mem.                                                                       | [36m10685 ns[0m
[INFO][0m[92m[PRIM][0m               Core 0 end compute primitive Lsu_mem.                                                                          | [36m10766 ns[0m
[INFO][0m[92m[PRIM][0m               Core 0 start compute primitive Sram_lifecycle.                                                                 | [36m10772 ns[0m
[INFO][0m[92m[PRIM][0m               Core 0 end compute primitive Sram_lifecycle.                                                                   | [36m10772 ns[0m
[INFO][0m[92m[PRIM][0m               Core 4 end compute primitive Lsu_mem.                                                                          | [36m10774 ns[0m
[INFO][0m[92m[PRIM][0m               Core 0 start compute primitive Sram_lifecycle.                                                                 | [36m10778 ns[0m
[INFO][0m[92m[PRIM][0m               Core 0 end compute primitive Sram_lifecycle.                                                                   | [36m10778 ns[0m
[INFO][0m[92m[PRIM][0m               Core 4 start compute primitive Sram_lifecycle.                                                                 | [36m10780 ns[0m
[INFO][0m[92m[PRIM][0m               Core 4 end compute primitive Sram_lifecycle.                                                                   | [36m10780 ns[0m
[INFO][0m[92m[PRIM][0m               Core 8 end compute primitive Lsu_mem.                                                                          | [36m10780 ns[0m
[INFO][0m[92m[PRIM][0m               Core 0 start compute primitive Sram_bind_oneshot.                                                              | [36m10784 ns[0m
[INFO][0m[92m[PRIM][0m               Core 0 end compute primitive Sram_bind_oneshot.                                                                | [36m10784 ns[0m
[INFO][0m[92m[PRIM][0m               Core 8 start compute primitive Sram_lifecycle.                                                                 | [36m10786 ns[0m
[INFO][0m[92m[PRIM][0m               Core 4 start compute primitive Sram_lifecycle.                                                                 | [36m10786 ns[0m
[INFO][0m[92m[PRIM][0m               Core 4 end compute primitive Sram_lifecycle.                                                                   | [36m10786 ns[0m
[INFO][0m[92m[PRIM][0m               Core 8 end compute primitive Sram_lifecycle.                                                                   | [36m10786 ns[0m
[INFO][0m[92m[PRIM][0m               Core 0 start compute primitive Matmul_f.                                                                       | [36m10790 ns[0m
[INFO][0m[92m[PRIM][0m               Core 8 start compute primitive Sram_lifecycle.                                                                 | [36m10792 ns[0m
[INFO][0m[92m[PRIM][0m               Core 4 start compute primitive Sram_bind_oneshot.                                                              | [36m10792 ns[0m
[INFO][0m[92m[PRIM][0m               Core 4 end compute primitive Sram_bind_oneshot.                                                                | [36m10792 ns[0m
[INFO][0m[92m[PRIM][0m               Core 8 end compute primitive Sram_lifecycle.                                                                   | [36m10792 ns[0m
[INFO][0m[92m[PRIM][0m               Core 0 end compute primitive Matmul_f.                                                                         | [36m10794 ns[0m
[INFO][0m[92m[PRIM][0m               Core 8 start compute primitive Sram_bind_oneshot.                                                              | [36m10798 ns[0m
[INFO][0m[92m[PRIM][0m               Core 4 start compute primitive Matmul_f.                                                                       | [36m10798 ns[0m
[INFO][0m[92m[PRIM][0m               Core 8 end compute primitive Sram_bind_oneshot.                                                                | [36m10798 ns[0m
[INFO][0m[92m[PRIM][0m               Core 12 end compute primitive Lsu_mem.                                                                         | [36m10798 ns[0m
[INFO][0m[92m[PRIM][0m               Core 0 start compute primitive Sram_lifecycle.                                                                 | [36m10800 ns[0m
[INFO][0m[92m[PRIM][0m               Core 0 end compute primitive Sram_lifecycle.                                                                   | [36m10800 ns[0m
[INFO][0m[92m[PRIM][0m               Core 4 end compute primitive Matmul_f.                                                                         | [36m10802 ns[0m
[INFO][0m[92m[PRIM][0m               Core 12 start compute primitive Sram_lifecycle.                                                                | [36m10804 ns[0m
[INFO][0m[92m[PRIM][0m               Core 8 start compute primitive Matmul_f.                                                                       | [36m10804 ns[0m
[INFO][0m[92m[PRIM][0m               Core 12 end compute primitive Sram_lifecycle.                                                                  | [36m10804 ns[0m
[INFO][0m[92m[PRIM][0m               Core 0 start compute primitive Sram_lifecycle.                                                                 | [36m10806 ns[0m
[INFO][0m[92m[PRIM][0m               Core 0 end compute primitive Sram_lifecycle.                                                                   | [36m10806 ns[0m
[INFO][0m[92m[PRIM][0m               Core 4 start compute primitive Sram_lifecycle.                                                                 | [36m10808 ns[0m
[INFO][0m[92m[PRIM][0m               Core 8 end compute primitive Matmul_f.                                                                         | [36m10808 ns[0m
[INFO][0m[92m[PRIM][0m               Core 4 end compute primitive Sram_lifecycle.                                                                   | [36m10808 ns[0m
[INFO][0m[92m[PRIM][0m               Core 12 start compute primitive Sram_lifecycle.                                                                | [36m10810 ns[0m
[INFO][0m[92m[PRIM][0m               Core 12 end compute primitive Sram_lifecycle.                                                                  | [36m10810 ns[0m
[INFO][0m[92m[PRIM][0m               Core 8 start compute primitive Sram_lifecycle.                                                                 | [36m10814 ns[0m
[INFO][0m[92m[PRIM][0m               Core 8 end compute primitive Sram_lifecycle.                                                                   | [36m10814 ns[0m
[INFO][0m[92m[PRIM][0m               Core 12 start compute primitive Sram_bind_oneshot.                                                             | [36m10816 ns[0m
[INFO][0m[92m[PRIM][0m               Core 12 end compute primitive Sram_bind_oneshot.                                                               | [36m10816 ns[0m
[INFO][0m[92m[PRIM][0m               Core 12 start compute primitive Matmul_f.                                                                      | [36m10822 ns[0m
[INFO][0m[92m[PRIM][0m               Core 12 end compute primitive Matmul_f.                                                                        | [36m10826 ns[0m
[INFO][0m[92m[PRIM][0m               Core 12 start compute primitive Sram_lifecycle.                                                                | [36m10832 ns[0m
[INFO][0m[92m[PRIM][0m               Core 12 end compute primitive Sram_lifecycle.                                                                  | [36m10832 ns[0m
[INFO][0m[92m[PRIM][0m               Core 4 start compute primitive Sram_lifecycle.                                                                 | [36m10878 ns[0m
[INFO][0m[92m[PRIM][0m               Core 4 end compute primitive Sram_lifecycle.                                                                   | [36m10878 ns[0m
[INFO][0m[92m[PRIM][0m               Core 4 start compute primitive Sram_lifecycle.                                                                 | [36m10884 ns[0m
[INFO][0m[92m[PRIM][0m               Core 8 start compute primitive Sram_lifecycle.                                                                 | [36m10884 ns[0m
[INFO][0m[92m[PRIM][0m               Core 8 end compute primitive Sram_lifecycle.                                                                   | [36m10884 ns[0m
[INFO][0m[92m[PRIM][0m               Core 4 end compute primitive Sram_lifecycle.                                                                   | [36m10884 ns[0m
[INFO][0m[92m[PRIM][0m               Core 4 start compute primitive Sram_lifecycle.                                                                 | [36m10890 ns[0m
[INFO][0m[92m[PRIM][0m               Core 8 start compute primitive Sram_lifecycle.                                                                 | [36m10890 ns[0m
[INFO][0m[92m[PRIM][0m               Core 8 end compute primitive Sram_lifecycle.                                                                   | [36m10890 ns[0m
[INFO][0m[92m[PRIM][0m               Core 4 end compute primitive Sram_lifecycle.                                                                   | [36m10890 ns[0m
[INFO][0m[92m[PRIM][0m               Core 4 start compute primitive Sram_bind_oneshot.                                                              | [36m10896 ns[0m
[INFO][0m[92m[PRIM][0m               Core 8 start compute primitive Sram_lifecycle.                                                                 | [36m10896 ns[0m
[INFO][0m[92m[PRIM][0m               Core 8 end compute primitive Sram_lifecycle.                                                                   | [36m10896 ns[0m
[INFO][0m[92m[PRIM][0m               Core 4 end compute primitive Sram_bind_oneshot.                                                                | [36m10896 ns[0m
[INFO][0m[92m[PRIM][0m               Core 4 start compute primitive Matmul_f.                                                                       | [36m10902 ns[0m
[INFO][0m[92m[PRIM][0m               Core 8 start compute primitive Sram_bind_oneshot.                                                              | [36m10902 ns[0m
[INFO][0m[92m[PRIM][0m               Core 8 end compute primitive Sram_bind_oneshot.                                                                | [36m10902 ns[0m
[INFO][0m[92m[PRIM][0m               Core 4 end compute primitive Matmul_f.                                                                         | [36m10906 ns[0m
[INFO][0m[92m[PRIM][0m               Core 8 start compute primitive Matmul_f.                                                                       | [36m10908 ns[0m
[INFO][0m[92m[PRIM][0m               Core 4 start compute primitive Sram_lifecycle.                                                                 | [36m10912 ns[0m
[INFO][0m[92m[PRIM][0m               Core 8 end compute primitive Matmul_f.                                                                         | [36m10912 ns[0m
[INFO][0m[92m[PRIM][0m               Core 4 end compute primitive Sram_lifecycle.                                                                   | [36m10912 ns[0m
[INFO][0m[92m[PRIM][0m               Core 4 start compute primitive Sram_lifecycle.                                                                 | [36m10918 ns[0m
[INFO][0m[92m[PRIM][0m               Core 8 start compute primitive Sram_lifecycle.                                                                 | [36m10918 ns[0m
[INFO][0m[92m[PRIM][0m               Core 0 start compute primitive Sram_lifecycle.                                                                 | [36m10918 ns[0m
[INFO][0m[92m[PRIM][0m               Core 0 end compute primitive Sram_lifecycle.                                                                   | [36m10918 ns[0m
[INFO][0m[92m[PRIM][0m               Core 8 end compute primitive Sram_lifecycle.                                                                   | [36m10918 ns[0m
[INFO][0m[92m[PRIM][0m               Core 4 end compute primitive Sram_lifecycle.                                                                   | [36m10918 ns[0m
[INFO][0m[92m[PRIM][0m               Core 12 start compute primitive Sram_lifecycle.                                                                | [36m10934 ns[0m
[INFO][0m[92m[PRIM][0m               Core 12 end compute primitive Sram_lifecycle.                                                                  | [36m10934 ns[0m
[INFO][0m[92m[PRIM][0m               Core 12 start compute primitive Sram_lifecycle.                                                                | [36m10940 ns[0m
[INFO][0m[92m[PRIM][0m               Core 12 end compute primitive Sram_lifecycle.                                                                  | [36m10940 ns[0m
[INFO][0m[92m[PRIM][0m               Core 12 start compute primitive Sram_lifecycle.                                                                | [36m10946 ns[0m
[INFO][0m[92m[PRIM][0m               Core 12 end compute primitive Sram_lifecycle.                                                                  | [36m10946 ns[0m
[INFO][0m[92m[PRIM][0m               Core 0 start compute primitive Sram_lifecycle.                                                                 | [36m10948 ns[0m
[INFO][0m[92m[PRIM][0m               Core 0 end compute primitive Sram_lifecycle.                                                                   | [36m10948 ns[0m
[INFO][0m[92m[PRIM][0m               Core 12 start compute primitive Sram_bind_oneshot.                                                             | [36m10952 ns[0m
[INFO][0m[92m[PRIM][0m               Core 12 end compute primitive Sram_bind_oneshot.                                                               | [36m10952 ns[0m
[INFO][0m[92m[PRIM][0m               Core 12 start compute primitive Matmul_f.                                                                      | [36m10958 ns[0m
[INFO][0m[92m[PRIM][0m               Core 12 end compute primitive Matmul_f.                                                                        | [36m10962 ns[0m
[INFO][0m[92m[PRIM][0m               Core 12 start compute primitive Sram_lifecycle.                                                                | [36m10968 ns[0m
[INFO][0m[92m[PRIM][0m               Core 12 end compute primitive Sram_lifecycle.                                                                  | [36m10968 ns[0m
[INFO][0m[92m[PRIM][0m               Core 0 start compute primitive Sram_lifecycle.                                                                 | [36m10994 ns[0m
[INFO][0m[92m[PRIM][0m               Core 0 end compute primitive Sram_lifecycle.                                                                   | [36m10994 ns[0m
[INFO][0m[92m[PRIM][0m               Core 0 start compute primitive Collective_data_v1_prim.                                                        | [36m11 us[0m
[INFO][0m[92m[PRIM][0m               Core 8 start compute primitive Sram_lifecycle.                                                                 | [36m11020 ns[0m
[INFO][0m[92m[PRIM][0m               Core 8 end compute primitive Sram_lifecycle.                                                                   | [36m11020 ns[0m
[INFO][0m[92m[PRIM][0m               Core 8 start compute primitive Sram_lifecycle.                                                                 | [36m11026 ns[0m
[INFO][0m[92m[PRIM][0m               Core 8 end compute primitive Sram_lifecycle.                                                                   | [36m11026 ns[0m
[INFO][0m[92m[PRIM][0m               Core 0 end compute primitive Collective_data_v1_prim.                                                          | [36m11030 ns[0m
[INFO][0m[92m[PRIM][0m               Core 8 start compute primitive Sram_lifecycle.                                                                 | [36m11032 ns[0m
[INFO][0m[92m[PRIM][0m               Core 8 end compute primitive Sram_lifecycle.                                                                   | [36m11032 ns[0m
[INFO][0m[92m[PRIM][0m               Core 0 start compute primitive Sram_lifecycle.                                                                 | [36m11036 ns[0m
[INFO][0m[92m[PRIM][0m               Core 0 end compute primitive Sram_lifecycle.                                                                   | [36m11036 ns[0m
[INFO][0m[92m[PRIM][0m               Core 8 start compute primitive Sram_bind_oneshot.                                                              | [36m11038 ns[0m
[INFO][0m[92m[PRIM][0m               Core 8 end compute primitive Sram_bind_oneshot.                                                                | [36m11038 ns[0m
[INFO][0m[92m[PRIM][0m               Core 0 start compute primitive Sram_lifecycle.                                                                 | [36m11042 ns[0m
[INFO][0m[92m[PRIM][0m               Core 0 end compute primitive Sram_lifecycle.                                                                   | [36m11042 ns[0m
[INFO][0m[92m[PRIM][0m               Core 8 start compute primitive Matmul_f.                                                                       | [36m11044 ns[0m
[INFO][0m[92m[PRIM][0m               Core 12 start compute primitive Sram_lifecycle.                                                                | [36m11044 ns[0m
[INFO][0m[92m[PRIM][0m               Core 12 end compute primitive Sram_lifecycle.                                                                  | [36m11044 ns[0m
[INFO][0m[92m[PRIM][0m               Core 0 start compute primitive Sram_lifecycle.                                                                 | [36m11048 ns[0m
[INFO][0m[92m[PRIM][0m               Core 8 end compute primitive Matmul_f.                                                                         | [36m11048 ns[0m
[INFO][0m[92m[PRIM][0m               Core 0 end compute primitive Sram_lifecycle.                                                                   | [36m11048 ns[0m
[INFO][0m[92m[PRIM][0m               Core 12 start compute primitive Sram_lifecycle.                                                                | [36m11050 ns[0m
[INFO][0m[92m[PRIM][0m               Core 12 end compute primitive Sram_lifecycle.                                                                  | [36m11050 ns[0m
[INFO][0m[92m[PRIM][0m               Core 0 start compute primitive Sram_lifecycle.                                                                 | [36m11054 ns[0m
[INFO][0m[92m[PRIM][0m               Core 8 start compute primitive Sram_lifecycle.                                                                 | [36m11054 ns[0m
[INFO][0m[92m[PRIM][0m               Core 8 end compute primitive Sram_lifecycle.                                                                   | [36m11054 ns[0m
[INFO][0m[92m[PRIM][0m               Core 0 end compute primitive Sram_lifecycle.                                                                   | [36m11054 ns[0m
[INFO][0m[92m[PRIM][0m               Core 12 start compute primitive Sram_lifecycle.                                                                | [36m11056 ns[0m
[INFO][0m[92m[PRIM][0m               Core 12 end compute primitive Sram_lifecycle.                                                                  | [36m11056 ns[0m
[INFO][0m[92m[PRIM][0m               Core 0 start compute primitive Sram_lifecycle.                                                                 | [36m11060 ns[0m
[INFO][0m[92m[PRIM][0m               Core 8 start compute primitive Sram_lifecycle.                                                                 | [36m11060 ns[0m
[INFO][0m[92m[PRIM][0m               Core 8 end compute primitive Sram_lifecycle.                                                                   | [36m11060 ns[0m
[INFO][0m[92m[PRIM][0m               Core 0 end compute primitive Sram_lifecycle.                                                                   | [36m11060 ns[0m
[INFO][0m[92m[PRIM][0m               Core 12 start compute primitive Sram_bind_oneshot.                                                             | [36m11062 ns[0m
[INFO][0m[92m[PRIM][0m               Core 12 end compute primitive Sram_bind_oneshot.                                                               | [36m11062 ns[0m
[INFO][0m[92m[PRIM][0m               Core 0 start compute primitive Sram_lifecycle.                                                                 | [36m11066 ns[0m
[INFO][0m[92m[PRIM][0m               Core 0 end compute primitive Sram_lifecycle.                                                                   | [36m11066 ns[0m
[INFO][0m[92m[PRIM][0m               Core 12 start compute primitive Matmul_f.                                                                      | [36m11068 ns[0m
[INFO][0m[92m[PRIM][0m               Core 0 start compute primitive Sram_bind_oneshot.                                                              | [36m11072 ns[0m
[INFO][0m[92m[PRIM][0m               Core 12 end compute primitive Matmul_f.                                                                        | [36m11072 ns[0m
[INFO][0m[92m[PRIM][0m               Core 0 end compute primitive Sram_bind_oneshot.                                                                | [36m11072 ns[0m
[INFO][0m[92m[PRIM][0m               Core 0 start compute primitive Matmul_f.                                                                       | [36m11078 ns[0m
[INFO][0m[92m[PRIM][0m               Core 12 start compute primitive Sram_lifecycle.                                                                | [36m11078 ns[0m
[INFO][0m[92m[PRIM][0m               Core 12 end compute primitive Sram_lifecycle.                                                                  | [36m11078 ns[0m
[INFO][0m[92m[PRIM][0m               Core 0 end compute primitive Matmul_f.                                                                         | [36m11082 ns[0m
[INFO][0m[92m[PRIM][0m               Core 0 start compute primitive Sram_lifecycle.                                                                 | [36m11088 ns[0m
[INFO][0m[92m[PRIM][0m               Core 0 end compute primitive Sram_lifecycle.                                                                   | [36m11088 ns[0m
[INFO][0m[92m[PRIM][0m               Core 12 start compute primitive Sram_lifecycle.                                                                | [36m11148 ns[0m
[INFO][0m[92m[PRIM][0m               Core 12 end compute primitive Sram_lifecycle.                                                                  | [36m11148 ns[0m
[INFO][0m[92m[PRIM][0m               Core 12 start compute primitive Sram_lifecycle.                                                                | [36m11154 ns[0m
[INFO][0m[92m[PRIM][0m               Core 12 end compute primitive Sram_lifecycle.                                                                  | [36m11154 ns[0m
[INFO][0m[92m[PRIM][0m               Core 0 start compute primitive Sram_lifecycle.                                                                 | [36m11158 ns[0m
[INFO][0m[92m[PRIM][0m               Core 0 end compute primitive Sram_lifecycle.                                                                   | [36m11158 ns[0m
[INFO][0m[92m[PRIM][0m               Core 12 start compute primitive Sram_lifecycle.                                                                | [36m11160 ns[0m
[INFO][0m[92m[PRIM][0m               Core 12 end compute primitive Sram_lifecycle.                                                                  | [36m11160 ns[0m
[INFO][0m[92m[PRIM][0m               Core 0 start compute primitive Sram_lifecycle.                                                                 | [36m11164 ns[0m
[INFO][0m[92m[PRIM][0m               Core 0 end compute primitive Sram_lifecycle.                                                                   | [36m11164 ns[0m
[INFO][0m[92m[PRIM][0m               Core 12 start compute primitive Sram_bind_oneshot.                                                             | [36m11166 ns[0m
[INFO][0m[92m[PRIM][0m               Core 12 end compute primitive Sram_bind_oneshot.                                                               | [36m11166 ns[0m
[INFO][0m[92m[PRIM][0m               Core 0 start compute primitive Sram_lifecycle.                                                                 | [36m11170 ns[0m
[INFO][0m[92m[PRIM][0m               Core 0 end compute primitive Sram_lifecycle.                                                                   | [36m11170 ns[0m
[INFO][0m[92m[PRIM][0m               Core 12 start compute primitive Matmul_f.                                                                      | [36m11172 ns[0m
[INFO][0m[92m[PRIM][0m               Core 0 start compute primitive Sram_bind_oneshot.                                                              | [36m11176 ns[0m
[INFO][0m[92m[PRIM][0m               Core 12 end compute primitive Matmul_f.                                                                        | [36m11176 ns[0m
[INFO][0m[92m[PRIM][0m               Core 0 end compute primitive Sram_bind_oneshot.                                                                | [36m11176 ns[0m
[INFO][0m[92m[PRIM][0m               Core 0 start compute primitive Matmul_f.                                                                       | [36m11182 ns[0m
[INFO][0m[92m[PRIM][0m               Core 12 start compute primitive Sram_lifecycle.                                                                | [36m11182 ns[0m
[INFO][0m[92m[PRIM][0m               Core 12 end compute primitive Sram_lifecycle.                                                                  | [36m11182 ns[0m
[INFO][0m[92m[PRIM][0m               Core 0 end compute primitive Matmul_f.                                                                         | [36m11186 ns[0m
[INFO][0m[92m[PRIM][0m               Core 12 start compute primitive Sram_lifecycle.                                                                | [36m11188 ns[0m
[INFO][0m[92m[PRIM][0m               Core 12 end compute primitive Sram_lifecycle.                                                                  | [36m11188 ns[0m
[INFO][0m[92m[PRIM][0m               Core 0 start compute primitive Sram_lifecycle.                                                                 | [36m11192 ns[0m
[INFO][0m[92m[PRIM][0m               Core 0 end compute primitive Sram_lifecycle.                                                                   | [36m11192 ns[0m
[INFO][0m[92m[PRIM][0m               Core 12 start compute primitive Sram_lifecycle.                                                                | [36m11194 ns[0m
[INFO][0m[92m[PRIM][0m               Core 12 end compute primitive Sram_lifecycle.                                                                  | [36m11194 ns[0m
[INFO][0m[92m[PRIM][0m               Core 4 start compute primitive Sram_lifecycle.                                                                 | [36m11198 ns[0m
[INFO][0m[92m[PRIM][0m               Core 4 end compute primitive Sram_lifecycle.                                                                   | [36m11198 ns[0m
[INFO][0m[92m[PRIM][0m               Core 4 start compute primitive Sram_lifecycle.                                                                 | [36m11222 ns[0m
[INFO][0m[92m[PRIM][0m               Core 4 end compute primitive Sram_lifecycle.                                                                   | [36m11222 ns[0m
[INFO][0m[92m[PRIM][0m               Core 4 start compute primitive Sram_lifecycle.                                                                 | [36m11246 ns[0m
[INFO][0m[92m[PRIM][0m               Core 4 end compute primitive Sram_lifecycle.                                                                   | [36m11246 ns[0m
[INFO][0m[92m[PRIM][0m               Core 4 start compute primitive Collective_data_v1_prim.                                                        | [36m11252 ns[0m
[INFO][0m[92m[PRIM][0m               Core 0 start compute primitive Sram_lifecycle.                                                                 | [36m11262 ns[0m
[INFO][0m[92m[PRIM][0m               Core 0 end compute primitive Sram_lifecycle.                                                                   | [36m11262 ns[0m
[INFO][0m[92m[PRIM][0m               Core 0 start compute primitive Sram_lifecycle.                                                                 | [36m11268 ns[0m
[INFO][0m[92m[PRIM][0m               Core 0 end compute primitive Sram_lifecycle.                                                                   | [36m11268 ns[0m
[INFO][0m[92m[PRIM][0m               Core 0 start compute primitive Sram_lifecycle.                                                                 | [36m11274 ns[0m
[INFO][0m[92m[PRIM][0m               Core 0 end compute primitive Sram_lifecycle.                                                                   | [36m11274 ns[0m
[INFO][0m[92m[PRIM][0m               Core 0 start compute primitive Sram_bind_oneshot.                                                              | [36m11280 ns[0m
[INFO][0m[92m[PRIM][0m               Core 0 end compute primitive Sram_bind_oneshot.                                                                | [36m11280 ns[0m
[INFO][0m[92m[PRIM][0m               Core 4 end compute primitive Collective_data_v1_prim.                                                          | [36m11282 ns[0m
[INFO][0m[92m[PRIM][0m               Core 0 start compute primitive Matmul_f.                                                                       | [36m11286 ns[0m
[INFO][0m[92m[PRIM][0m               Core 4 start compute primitive Sram_lifecycle.                                                                 | [36m11288 ns[0m
[INFO][0m[92m[PRIM][0m               Core 4 end compute primitive Sram_lifecycle.                                                                   | [36m11288 ns[0m
[INFO][0m[92m[PRIM][0m               Core 0 end compute primitive Matmul_f.                                                                         | [36m11290 ns[0m
[INFO][0m[92m[PRIM][0m               Core 4 start compute primitive Sram_lifecycle.                                                                 | [36m11294 ns[0m
[INFO][0m[92m[PRIM][0m               Core 4 end compute primitive Sram_lifecycle.                                                                   | [36m11294 ns[0m
[INFO][0m[92m[PRIM][0m               Core 0 start compute primitive Sram_lifecycle.                                                                 | [36m11296 ns[0m
[INFO][0m[92m[PRIM][0m               Core 0 end compute primitive Sram_lifecycle.                                                                   | [36m11296 ns[0m
[INFO][0m[92m[PRIM][0m               Core 4 start compute primitive Sram_lifecycle.                                                                 | [36m11300 ns[0m
[INFO][0m[92m[PRIM][0m               Core 4 end compute primitive Sram_lifecycle.                                                                   | [36m11300 ns[0m
[INFO][0m[92m[PRIM][0m               Core 0 start compute primitive Sram_lifecycle.                                                                 | [36m11302 ns[0m
[INFO][0m[92m[PRIM][0m               Core 8 start compute primitive Sram_lifecycle.                                                                 | [36m11302 ns[0m
[INFO][0m[92m[PRIM][0m               Core 8 end compute primitive Sram_lifecycle.                                                                   | [36m11302 ns[0m
[INFO][0m[92m[PRIM][0m               Core 0 end compute primitive Sram_lifecycle.                                                                   | [36m11302 ns[0m
[INFO][0m[92m[PRIM][0m               Core 4 start compute primitive Sram_lifecycle.                                                                 | [36m11306 ns[0m
[INFO][0m[92m[PRIM][0m               Core 4 end compute primitive Sram_lifecycle.                                                                   | [36m11306 ns[0m
[INFO][0m[92m[PRIM][0m               Core 4 start compute primitive Sram_lifecycle.                                                                 | [36m11312 ns[0m
[INFO][0m[92m[PRIM][0m               Core 4 end compute primitive Sram_lifecycle.                                                                   | [36m11312 ns[0m
[INFO][0m[92m[PRIM][0m               Core 4 start compute primitive Sram_lifecycle.                                                                 | [36m11318 ns[0m
[INFO][0m[92m[PRIM][0m               Core 4 end compute primitive Sram_lifecycle.                                                                   | [36m11318 ns[0m
[INFO][0m[92m[PRIM][0m               Core 4 start compute primitive Sram_bind_oneshot.                                                              | [36m11324 ns[0m
[INFO][0m[92m[PRIM][0m               Core 4 end compute primitive Sram_bind_oneshot.                                                                | [36m11324 ns[0m
[INFO][0m[92m[PRIM][0m               Core 4 start compute primitive Matmul_f.                                                                       | [36m11330 ns[0m
[INFO][0m[92m[PRIM][0m               Core 4 end compute primitive Matmul_f.                                                                         | [36m11334 ns[0m
[INFO][0m[92m[PRIM][0m               Core 4 start compute primitive Sram_lifecycle.                                                                 | [36m11340 ns[0m
[INFO][0m[92m[PRIM][0m               Core 4 end compute primitive Sram_lifecycle.                                                                   | [36m11340 ns[0m
[INFO][0m[92m[PRIM][0m               Core 0 start compute primitive Sram_lifecycle.                                                                 | [36m11404 ns[0m
[INFO][0m[92m[PRIM][0m               Core 0 end compute primitive Sram_lifecycle.                                                                   | [36m11404 ns[0m
[INFO][0m[92m[PRIM][0m               Core 0 start compute primitive Sram_lifecycle.                                                                 | [36m11410 ns[0m
[INFO][0m[92m[PRIM][0m               Core 0 end compute primitive Sram_lifecycle.                                                                   | [36m11410 ns[0m
[INFO][0m[92m[PRIM][0m               Core 0 start compute primitive Sram_bind_oneshot.                                                              | [36m11416 ns[0m
[INFO][0m[92m[PRIM][0m               Core 0 end compute primitive Sram_bind_oneshot.                                                                | [36m11416 ns[0m
[INFO][0m[92m[PRIM][0m               Core 0 start compute primitive Residual_f.                                                                     | [36m11422 ns[0m
[INFO][0m[92m[PRIM][0m               Core 0 end compute primitive Residual_f.                                                                       | [36m11422 ns[0m
[INFO][0m[92m[PRIM][0m               Core 0 start compute primitive Sram_lifecycle.                                                                 | [36m11428 ns[0m
[INFO][0m[92m[PRIM][0m               Core 0 end compute primitive Sram_lifecycle.                                                                   | [36m11428 ns[0m
[INFO][0m[92m[PRIM][0m               Core 0 start compute primitive Sram_lifecycle.                                                                 | [36m11434 ns[0m
[INFO][0m[92m[PRIM][0m               Core 0 end compute primitive Sram_lifecycle.                                                                   | [36m11434 ns[0m
[INFO][0m[92m[PRIM][0m               Core 0 start compute primitive Sram_lifecycle.                                                                 | [36m11440 ns[0m
[INFO][0m[92m[PRIM][0m               Core 0 end compute primitive Sram_lifecycle.                                                                   | [36m11440 ns[0m
[INFO][0m[92m[PRIM][0m               Core 4 start compute primitive Sram_lifecycle.                                                                 | [36m11442 ns[0m
[INFO][0m[92m[PRIM][0m               Core 4 end compute primitive Sram_lifecycle.                                                                   | [36m11442 ns[0m
[INFO][0m[92m[PRIM][0m               Core 0 start compute primitive Lsu_mem.                                                                        | [36m11446 ns[0m
[INFO][0m[92m[PRIM][0m               Core 4 start compute primitive Sram_lifecycle.                                                                 | [36m11448 ns[0m
[INFO][0m[92m[PRIM][0m               Core 4 end compute primitive Sram_lifecycle.                                                                   | [36m11448 ns[0m
[INFO][0m[92m[PRIM][0m               Core 4 start compute primitive Sram_lifecycle.                                                                 | [36m11454 ns[0m
[INFO][0m[92m[PRIM][0m               Core 4 end compute primitive Sram_lifecycle.                                                                   | [36m11454 ns[0m
[INFO][0m[92m[PRIM][0m               Core 4 start compute primitive Sram_bind_oneshot.                                                              | [36m11460 ns[0m
[INFO][0m[92m[PRIM][0m               Core 4 end compute primitive Sram_bind_oneshot.                                                                | [36m11460 ns[0m
[INFO][0m[92m[PRIM][0m               Core 12 start compute primitive Sram_lifecycle.                                                                | [36m11464 ns[0m
[INFO][0m[92m[PRIM][0m               Core 12 end compute primitive Sram_lifecycle.                                                                  | [36m11464 ns[0m
[INFO][0m[92m[PRIM][0m               Core 4 start compute primitive Matmul_f.                                                                       | [36m11466 ns[0m
[INFO][0m[92m[PRIM][0m               Core 4 end compute primitive Matmul_f.                                                                         | [36m11470 ns[0m
[INFO][0m[92m[PRIM][0m               Core 4 start compute primitive Sram_lifecycle.                                                                 | [36m11476 ns[0m
[INFO][0m[92m[PRIM][0m               Core 4 end compute primitive Sram_lifecycle.                                                                   | [36m11476 ns[0m
[INFO][0m[92m[PRIM][0m               Core 4 start compute primitive Sram_lifecycle.                                                                 | [36m11482 ns[0m
[INFO][0m[92m[PRIM][0m               Core 4 end compute primitive Sram_lifecycle.                                                                   | [36m11482 ns[0m
[INFO][0m[92m[PRIM][0m               Core 8 start compute primitive Sram_lifecycle.                                                                 | [36m11502 ns[0m
[INFO][0m[92m[PRIM][0m               Core 8 end compute primitive Sram_lifecycle.                                                                   | [36m11502 ns[0m
[INFO][0m[92m[PRIM][0m               Core 0 end compute primitive Lsu_mem.                                                                          | [36m11516 ns[0m
[INFO][0m[92m[PRIM][0m               Core 0 start compute primitive Sram_lifecycle.                                                                 | [36m11522 ns[0m
[INFO][0m[92m[PRIM][0m               Core 0 end compute primitive Sram_lifecycle.                                                                   | [36m11522 ns[0m
[INFO][0m[92m[PRIM][0m               Core 8 start compute primitive Sram_lifecycle.                                                                 | [36m11526 ns[0m
[INFO][0m[92m[PRIM][0m               Core 8 end compute primitive Sram_lifecycle.                                                                   | [36m11526 ns[0m
[INFO][0m[92m[PRIM][0m               Core 0 start compute primitive Sram_bind_oneshot.                                                              | [36m11528 ns[0m
[INFO][0m[92m[PRIM][0m               Core 0 end compute primitive Sram_bind_oneshot.                                                                | [36m11528 ns[0m
[INFO][0m[92m[PRIM][0m               Core 8 start compute primitive Collective_data_v1_prim.                                                        | [36m11532 ns[0m
[INFO][0m[92m[PRIM][0m               Core 0 start compute primitive rmsnorm_forward.                                                                | [36m11534 ns[0m
[INFO][0m[92m[PRIM][0m               Core 0 end compute primitive rmsnorm_forward.                                                                  | [36m11536 ns[0m
[INFO][0m[92m[PRIM][0m               Core 0 start compute primitive Sram_lifecycle.                                                                 | [36m11542 ns[0m
[INFO][0m[92m[PRIM][0m               Core 0 end compute primitive Sram_lifecycle.                                                                   | [36m11542 ns[0m
[INFO][0m[92m[PRIM][0m               Core 0 start compute primitive Sram_lifecycle.                                                                 | [36m11548 ns[0m
[INFO][0m[92m[PRIM][0m               Core 0 end compute primitive Sram_lifecycle.                                                                   | [36m11548 ns[0m
[INFO][0m[92m[PRIM][0m               Core 4 start compute primitive Sram_lifecycle.                                                                 | [36m11554 ns[0m
[INFO][0m[92m[PRIM][0m               Core 4 end compute primitive Sram_lifecycle.                                                                   | [36m11554 ns[0m
[INFO][0m[92m[PRIM][0m               Core 4 start compute primitive Sram_lifecycle.                                                                 | [36m11560 ns[0m
[INFO][0m[92m[PRIM][0m               Core 4 end compute primitive Sram_lifecycle.                                                                   | [36m11560 ns[0m
[INFO][0m[92m[PRIM][0m               Core 8 end compute primitive Collective_data_v1_prim.                                                          | [36m11562 ns[0m
[INFO][0m[92m[PRIM][0m               Core 4 start compute primitive Sram_bind_oneshot.                                                              | [36m11566 ns[0m
[INFO][0m[92m[PRIM][0m               Core 4 end compute primitive Sram_bind_oneshot.                                                                | [36m11566 ns[0m
[INFO][0m[92m[PRIM][0m               Core 8 start compute primitive Sram_lifecycle.                                                                 | [36m11568 ns[0m
[INFO][0m[92m[PRIM][0m               Core 8 end compute primitive Sram_lifecycle.                                                                   | [36m11568 ns[0m
[INFO][0m[92m[PRIM][0m               Core 4 start compute primitive Residual_f.                                                                     | [36m11572 ns[0m
[INFO][0m[92m[PRIM][0m               Core 0 start compute primitive Sram_lifecycle.                                                                 | [36m11572 ns[0m
[INFO][0m[92m[PRIM][0m               Core 0 end compute primitive Sram_lifecycle.                                                                   | [36m11572 ns[0m
[INFO][0m[92m[PRIM][0m               Core 4 end compute primitive Residual_f.                                                                       | [36m11572 ns[0m
[INFO][0m[92m[PRIM][0m               Core 8 start compute primitive Sram_lifecycle.                                                                 | [36m11574 ns[0m
[INFO][0m[92m[PRIM][0m               Core 8 end compute primitive Sram_lifecycle.                                                                   | [36m11574 ns[0m
[INFO][0m[92m[PRIM][0m               Core 4 start compute primitive Sram_lifecycle.                                                                 | [36m11578 ns[0m
[INFO][0m[92m[PRIM][0m               Core 4 end compute primitive Sram_lifecycle.                                                                   | [36m11578 ns[0m
[INFO][0m[92m[PRIM][0m               Core 8 start compute primitive Sram_lifecycle.                                                                 | [36m11580 ns[0m
[INFO][0m[92m[PRIM][0m               Core 8 end compute primitive Sram_lifecycle.                                                                   | [36m11580 ns[0m
[INFO][0m[92m[PRIM][0m               Core 4 start compute primitive Sram_lifecycle.                                                                 | [36m11584 ns[0m
[INFO][0m[92m[PRIM][0m               Core 4 end compute primitive Sram_lifecycle.                                                                   | [36m11584 ns[0m
[INFO][0m[92m[PRIM][0m               Core 8 start compute primitive Sram_lifecycle.                                                                 | [36m11586 ns[0m
[INFO][0m[92m[PRIM][0m               Core 8 end compute primitive Sram_lifecycle.                                                                   | [36m11586 ns[0m
[INFO][0m[92m[PRIM][0m               Core 4 start compute primitive Sram_lifecycle.                                                                 | [36m11590 ns[0m
[INFO][0m[92m[PRIM][0m               Core 4 end compute primitive Sram_lifecycle.                                                                   | [36m11590 ns[0m
[INFO][0m[92m[PRIM][0m               Core 8 start compute primitive Sram_lifecycle.                                                                 | [36m11592 ns[0m
[INFO][0m[92m[PRIM][0m               Core 8 end compute primitive Sram_lifecycle.                                                                   | [36m11592 ns[0m
[INFO][0m[92m[PRIM][0m               Core 12 start compute primitive Sram_lifecycle.                                                                | [36m11594 ns[0m
[INFO][0m[92m[PRIM][0m               Core 12 end compute primitive Sram_lifecycle.                                                                  | [36m11594 ns[0m
[INFO][0m[92m[PRIM][0m               Core 4 start compute primitive Lsu_mem.                                                                        | [36m11596 ns[0m
[INFO][0m[92m[PRIM][0m               Core 8 start compute primitive Sram_lifecycle.                                                                 | [36m11598 ns[0m
[INFO][0m[92m[PRIM][0m               Core 8 end compute primitive Sram_lifecycle.                                                                   | [36m11598 ns[0m
[INFO][0m[92m[PRIM][0m               Core 8 start compute primitive Sram_bind_oneshot.                                                              | [36m11604 ns[0m
[INFO][0m[92m[PRIM][0m               Core 8 end compute primitive Sram_bind_oneshot.                                                                | [36m11604 ns[0m
[INFO][0m[92m[PRIM][0m               Core 8 start compute primitive Matmul_f.                                                                       | [36m11610 ns[0m
[INFO][0m[92m[PRIM][0m               Core 8 end compute primitive Matmul_f.                                                                         | [36m11614 ns[0m
[INFO][0m[92m[PRIM][0m               Core 8 start compute primitive Sram_lifecycle.                                                                 | [36m11620 ns[0m
[INFO][0m[92m[PRIM][0m               Core 8 end compute primitive Sram_lifecycle.                                                                   | [36m11620 ns[0m
[INFO][0m[92m[PRIM][0m               Core 8 start compute primitive Sram_lifecycle.                                                                 | [36m11626 ns[0m
[INFO][0m[92m[PRIM][0m               Core 8 end compute primitive Sram_lifecycle.                                                                   | [36m11626 ns[0m
[INFO][0m[92m[PRIM][0m               Core 4 end compute primitive Lsu_mem.                                                                          | [36m11662 ns[0m
[INFO][0m[92m[PRIM][0m               Core 4 start compute primitive Sram_lifecycle.                                                                 | [36m11668 ns[0m
[INFO][0m[92m[PRIM][0m               Core 4 end compute primitive Sram_lifecycle.                                                                   | [36m11668 ns[0m
[INFO][0m[92m[PRIM][0m               Core 4 start compute primitive Sram_bind_oneshot.                                                              | [36m11674 ns[0m
[INFO][0m[92m[PRIM][0m               Core 4 end compute primitive Sram_bind_oneshot.                                                                | [36m11674 ns[0m
[INFO][0m[92m[PRIM][0m               Core 4 start compute primitive rmsnorm_forward.                                                                | [36m11680 ns[0m
[INFO][0m[92m[PRIM][0m               Core 4 end compute primitive rmsnorm_forward.                                                                  | [36m11682 ns[0m
[INFO][0m[92m[PRIM][0m               Core 4 start compute primitive Sram_lifecycle.                                                                 | [36m11688 ns[0m
[INFO][0m[92m[PRIM][0m               Core 4 end compute primitive Sram_lifecycle.                                                                   | [36m11688 ns[0m
[INFO][0m[92m[PRIM][0m               Core 4 start compute primitive Sram_lifecycle.                                                                 | [36m11694 ns[0m
[INFO][0m[92m[PRIM][0m               Core 4 end compute primitive Sram_lifecycle.                                                                   | [36m11694 ns[0m
[INFO][0m[92m[PRIM][0m               Core 8 start compute primitive Sram_lifecycle.                                                                 | [36m11696 ns[0m
[INFO][0m[92m[PRIM][0m               Core 8 end compute primitive Sram_lifecycle.                                                                   | [36m11696 ns[0m
[INFO][0m[92m[PRIM][0m               Core 8 start compute primitive Sram_lifecycle.                                                                 | [36m11702 ns[0m
[INFO][0m[92m[PRIM][0m               Core 8 end compute primitive Sram_lifecycle.                                                                   | [36m11702 ns[0m
[INFO][0m[92m[PRIM][0m               Core 8 start compute primitive Sram_bind_oneshot.                                                              | [36m11708 ns[0m
[INFO][0m[92m[PRIM][0m               Core 8 end compute primitive Sram_bind_oneshot.                                                                | [36m11708 ns[0m
[INFO][0m[92m[PRIM][0m               Core 8 start compute primitive Residual_f.                                                                     | [36m11714 ns[0m
[INFO][0m[92m[PRIM][0m               Core 8 end compute primitive Residual_f.                                                                       | [36m11714 ns[0m
[INFO][0m[92m[PRIM][0m               Core 8 start compute primitive Sram_lifecycle.                                                                 | [36m11720 ns[0m
[INFO][0m[92m[PRIM][0m               Core 8 end compute primitive Sram_lifecycle.                                                                   | [36m11720 ns[0m
[INFO][0m[92m[PRIM][0m               Core 8 start compute primitive Sram_lifecycle.                                                                 | [36m11726 ns[0m
[INFO][0m[92m[PRIM][0m               Core 8 end compute primitive Sram_lifecycle.                                                                   | [36m11726 ns[0m
[INFO][0m[92m[PRIM][0m               Core 8 start compute primitive Sram_lifecycle.                                                                 | [36m11732 ns[0m
[INFO][0m[92m[PRIM][0m               Core 8 end compute primitive Sram_lifecycle.                                                                   | [36m11732 ns[0m
[INFO][0m[92m[PRIM][0m               Core 4 start compute primitive Sram_lifecycle.                                                                 | [36m11734 ns[0m
[INFO][0m[92m[PRIM][0m               Core 4 end compute primitive Sram_lifecycle.                                                                   | [36m11734 ns[0m
[INFO][0m[92m[PRIM][0m               Core 12 start compute primitive Sram_lifecycle.                                                                | [36m11736 ns[0m
[INFO][0m[92m[PRIM][0m               Core 12 end compute primitive Sram_lifecycle.                                                                  | [36m11736 ns[0m
[INFO][0m[92m[PRIM][0m               Core 8 start compute primitive Lsu_mem.                                                                        | [36m11738 ns[0m
[INFO][0m[92m[PRIM][0m               Core 12 start compute primitive Collective_data_v1_prim.                                                       | [36m11742 ns[0m
[INFO][0m[92m[PRIM][0m               Core 12 end compute primitive Collective_data_v1_prim.                                                         | [36m11772 ns[0m
[INFO][0m[92m[PRIM][0m               Core 12 start compute primitive Sram_lifecycle.                                                                | [36m11778 ns[0m
[INFO][0m[92m[PRIM][0m               Core 12 end compute primitive Sram_lifecycle.                                                                  | [36m11778 ns[0m
[INFO][0m[92m[PRIM][0m               Core 12 start compute primitive Sram_lifecycle.                                                                | [36m11784 ns[0m
[INFO][0m[92m[PRIM][0m               Core 12 end compute primitive Sram_lifecycle.                                                                  | [36m11784 ns[0m
[INFO][0m[92m[PRIM][0m               Core 12 start compute primitive Sram_lifecycle.                                                                | [36m11790 ns[0m
[INFO][0m[92m[PRIM][0m               Core 12 end compute primitive Sram_lifecycle.                                                                  | [36m11790 ns[0m
[INFO][0m[92m[PRIM][0m               Core 12 start compute primitive Sram_lifecycle.                                                                | [36m11796 ns[0m
[INFO][0m[92m[PRIM][0m               Core 12 end compute primitive Sram_lifecycle.                                                                  | [36m11796 ns[0m
[INFO][0m[92m[PRIM][0m               Core 12 start compute primitive Sram_lifecycle.                                                                | [36m11802 ns[0m
[INFO][0m[92m[PRIM][0m               Core 12 end compute primitive Sram_lifecycle.                                                                  | [36m11802 ns[0m
[INFO][0m[92m[PRIM][0m               Core 8 end compute primitive Lsu_mem.                                                                          | [36m11806 ns[0m
[INFO][0m[92m[PRIM][0m               Core 12 start compute primitive Sram_bind_oneshot.                                                             | [36m11808 ns[0m
[INFO][0m[92m[PRIM][0m               Core 12 end compute primitive Sram_bind_oneshot.                                                               | [36m11808 ns[0m
[INFO][0m[92m[PRIM][0m               Core 8 start compute primitive Sram_lifecycle.                                                                 | [36m11812 ns[0m
[INFO][0m[92m[PRIM][0m               Core 8 end compute primitive Sram_lifecycle.                                                                   | [36m11812 ns[0m
[INFO][0m[92m[PRIM][0m               Core 12 start compute primitive Residual_f.                                                                    | [36m11814 ns[0m
[INFO][0m[92m[PRIM][0m               Core 12 end compute primitive Residual_f.                                                                      | [36m11814 ns[0m
[INFO][0m[92m[PRIM][0m               Core 8 start compute primitive Sram_bind_oneshot.                                                              | [36m11818 ns[0m
[INFO][0m[92m[PRIM][0m               Core 8 end compute primitive Sram_bind_oneshot.                                                                | [36m11818 ns[0m
[INFO][0m[92m[PRIM][0m               Core 12 start compute primitive Sram_lifecycle.                                                                | [36m11820 ns[0m
[INFO][0m[92m[PRIM][0m               Core 12 end compute primitive Sram_lifecycle.                                                                  | [36m11820 ns[0m
[INFO][0m[92m[PRIM][0m               Core 8 start compute primitive rmsnorm_forward.                                                                | [36m11824 ns[0m
[INFO][0m[92m[PRIM][0m               Core 8 end compute primitive rmsnorm_forward.                                                                  | [36m11826 ns[0m
[INFO][0m[92m[PRIM][0m               Core 12 start compute primitive Sram_lifecycle.                                                                | [36m11826 ns[0m
[INFO][0m[92m[PRIM][0m               Core 12 end compute primitive Sram_lifecycle.                                                                  | [36m11826 ns[0m
[INFO][0m[92m[PRIM][0m               Core 12 start compute primitive Sram_lifecycle.                                                                | [36m11832 ns[0m
[INFO][0m[92m[PRIM][0m               Core 8 start compute primitive Sram_lifecycle.                                                                 | [36m11832 ns[0m
[INFO][0m[92m[PRIM][0m               Core 8 end compute primitive Sram_lifecycle.                                                                   | [36m11832 ns[0m
[INFO][0m[92m[PRIM][0m               Core 12 end compute primitive Sram_lifecycle.                                                                  | [36m11832 ns[0m
[INFO][0m[92m[PRIM][0m               Core 12 start compute primitive Lsu_mem.                                                                       | [36m11838 ns[0m
[INFO][0m[92m[PRIM][0m               Core 8 start compute primitive Sram_lifecycle.                                                                 | [36m11838 ns[0m
[INFO][0m[92m[PRIM][0m               Core 8 end compute primitive Sram_lifecycle.                                                                   | [36m11838 ns[0m
[INFO][0m[92m[PRIM][0m               Core 12 end compute primitive Lsu_mem.                                                                         | [36m11904 ns[0m
[INFO][0m[92m[PRIM][0m               Core 12 start compute primitive Sram_lifecycle.                                                                | [36m11910 ns[0m
[INFO][0m[92m[PRIM][0m               Core 12 end compute primitive Sram_lifecycle.                                                                  | [36m11910 ns[0m
[INFO][0m[92m[PRIM][0m               Core 12 start compute primitive Sram_bind_oneshot.                                                             | [36m11916 ns[0m
[INFO][0m[92m[PRIM][0m               Core 12 end compute primitive Sram_bind_oneshot.                                                               | [36m11916 ns[0m
[INFO][0m[92m[PRIM][0m               Core 12 start compute primitive rmsnorm_forward.                                                               | [36m11922 ns[0m
[INFO][0m[92m[PRIM][0m               Core 12 end compute primitive rmsnorm_forward.                                                                 | [36m11924 ns[0m
[INFO][0m[92m[PRIM][0m               Core 12 start compute primitive Sram_lifecycle.                                                                | [36m11930 ns[0m
[INFO][0m[92m[PRIM][0m               Core 12 end compute primitive Sram_lifecycle.                                                                  | [36m11930 ns[0m
[INFO][0m[92m[PRIM][0m               Core 12 start compute primitive Sram_lifecycle.                                                                | [36m11936 ns[0m
[INFO][0m[92m[PRIM][0m               Core 12 end compute primitive Sram_lifecycle.                                                                  | [36m11936 ns[0m
[INFO][0m[92m[PRIM][0m               Core 8 start compute primitive Sram_lifecycle.                                                                 | [36m11978 ns[0m
[INFO][0m[92m[PRIM][0m               Core 8 end compute primitive Sram_lifecycle.                                                                   | [36m11978 ns[0m
[INFO][0m[92m[PRIM][0m               Core 12 start compute primitive Sram_lifecycle.                                                                | [36m12266 ns[0m
[INFO][0m[92m[PRIM][0m               Core 12 end compute primitive Sram_lifecycle.                                                                  | [36m12266 ns[0m
[INFO][0m[92m[PRIM][0m               Core 0 start compute primitive Sram_lifecycle.                                                                 | [36m12572 ns[0m
[INFO][0m[92m[PRIM][0m               Core 0 end compute primitive Sram_lifecycle.                                                                   | [36m12572 ns[0m
[INFO][0m[92m[PRIM][0m               Core 0 start compute primitive Lsu_mem.                                                                        | [36m12578 ns[0m
[INFO][0m[92m[PRIM][0m               Core 4 start compute primitive Sram_lifecycle.                                                                 | [36m12582 ns[0m
[INFO][0m[92m[PRIM][0m               Core 4 end compute primitive Sram_lifecycle.                                                                   | [36m12582 ns[0m
[INFO][0m[92m[PRIM][0m               Core 8 start compute primitive Sram_lifecycle.                                                                 | [36m12586 ns[0m
[INFO][0m[92m[PRIM][0m               Core 8 end compute primitive Sram_lifecycle.                                                                   | [36m12586 ns[0m
[INFO][0m[92m[PRIM][0m               Core 4 start compute primitive Lsu_mem.                                                                        | [36m12588 ns[0m
[INFO][0m[92m[PRIM][0m               Core 8 start compute primitive Lsu_mem.                                                                        | [36m12592 ns[0m
[INFO][0m[92m[PRIM][0m               Core 12 start compute primitive Sram_lifecycle.                                                                | [36m12606 ns[0m
[INFO][0m[92m[PRIM][0m               Core 12 end compute primitive Sram_lifecycle.                                                                  | [36m12606 ns[0m
[INFO][0m[92m[PRIM][0m               Core 12 start compute primitive Lsu_mem.                                                                       | [36m12612 ns[0m
[INFO][0m[92m[PRIM][0m               Core 0 end compute primitive Lsu_mem.                                                                          | [36m12873 ns[0m
[INFO][0m[92m[PRIM][0m               Core 0 start compute primitive Sram_lifecycle.                                                                 | [36m12879 ns[0m
[INFO][0m[92m[PRIM][0m               Core 0 end compute primitive Sram_lifecycle.                                                                   | [36m12879 ns[0m
[INFO][0m[92m[PRIM][0m               Core 4 end compute primitive Lsu_mem.                                                                          | [36m12881 ns[0m
[INFO][0m[92m[PRIM][0m               Core 0 start compute primitive Sram_bind_oneshot.                                                              | [36m12885 ns[0m
[INFO][0m[92m[PRIM][0m               Core 0 end compute primitive Sram_bind_oneshot.                                                                | [36m12885 ns[0m
[INFO][0m[92m[PRIM][0m               Core 4 start compute primitive Sram_lifecycle.                                                                 | [36m12887 ns[0m
[INFO][0m[92m[PRIM][0m               Core 4 end compute primitive Sram_lifecycle.                                                                   | [36m12887 ns[0m
[INFO][0m[92m[PRIM][0m               Core 8 end compute primitive Lsu_mem.                                                                          | [36m12887 ns[0m
[INFO][0m[92m[PRIM][0m               Core 0 start compute primitive Matmul_f.                                                                       | [36m12891 ns[0m
[INFO][0m[92m[PRIM][0m               Core 8 start compute primitive Sram_lifecycle.                                                                 | [36m12893 ns[0m
[INFO][0m[92m[PRIM][0m               Core 4 start compute primitive Sram_bind_oneshot.                                                              | [36m12893 ns[0m
[INFO][0m[92m[PRIM][0m               Core 4 end compute primitive Sram_bind_oneshot.                                                                | [36m12893 ns[0m
[INFO][0m[92m[PRIM][0m               Core 8 end compute primitive Sram_lifecycle.                                                                   | [36m12893 ns[0m
[INFO][0m[92m[PRIM][0m               Core 8 start compute primitive Sram_bind_oneshot.                                                              | [36m12899 ns[0m
[INFO][0m[92m[PRIM][0m               Core 4 start compute primitive Matmul_f.                                                                       | [36m12899 ns[0m
[INFO][0m[92m[PRIM][0m               Core 8 end compute primitive Sram_bind_oneshot.                                                                | [36m12899 ns[0m
[INFO][0m[92m[PRIM][0m               Core 8 start compute primitive Matmul_f.                                                                       | [36m12905 ns[0m
[INFO][0m[92m[PRIM][0m               Core 12 end compute primitive Lsu_mem.                                                                         | [36m12905 ns[0m
[INFO][0m[92m[PRIM][0m               Core 12 start compute primitive Sram_lifecycle.                                                                | [36m12911 ns[0m
[INFO][0m[92m[PRIM][0m               Core 12 end compute primitive Sram_lifecycle.                                                                  | [36m12911 ns[0m
[INFO][0m[92m[PRIM][0m               Core 12 start compute primitive Sram_bind_oneshot.                                                             | [36m12917 ns[0m
[INFO][0m[92m[PRIM][0m               Core 12 end compute primitive Sram_bind_oneshot.                                                               | [36m12917 ns[0m
[INFO][0m[92m[PRIM][0m               Core 12 start compute primitive Matmul_f.                                                                      | [36m12923 ns[0m
[INFO][0m[92m[PRIM][0m               Core 0 end compute primitive Matmul_f.                                                                         | [36m12955 ns[0m
[INFO][0m[92m[PRIM][0m               Core 0 start compute primitive Sram_lifecycle.                                                                 | [36m12961 ns[0m
[INFO][0m[92m[PRIM][0m               Core 0 end compute primitive Sram_lifecycle.                                                                   | [36m12961 ns[0m
[INFO][0m[92m[PRIM][0m               Core 4 end compute primitive Matmul_f.                                                                         | [36m12963 ns[0m
[INFO][0m[92m[PRIM][0m               Core 0 start compute primitive Sram_lifecycle.                                                                 | [36m12967 ns[0m
[INFO][0m[92m[PRIM][0m               Core 0 end compute primitive Sram_lifecycle.                                                                   | [36m12967 ns[0m
[INFO][0m[92m[PRIM][0m               Core 8 end compute primitive Matmul_f.                                                                         | [36m12969 ns[0m
[INFO][0m[92m[PRIM][0m               Core 4 start compute primitive Sram_lifecycle.                                                                 | [36m12969 ns[0m
[INFO][0m[92m[PRIM][0m               Core 4 end compute primitive Sram_lifecycle.                                                                   | [36m12969 ns[0m
[INFO][0m[92m[PRIM][0m               Core 0 start compute primitive Sram_lifecycle.                                                                 | [36m12973 ns[0m
[INFO][0m[92m[PRIM][0m               Core 0 end compute primitive Sram_lifecycle.                                                                   | [36m12973 ns[0m
[INFO][0m[92m[PRIM][0m               Core 4 start compute primitive Sram_lifecycle.                                                                 | [36m12975 ns[0m
[INFO][0m[92m[PRIM][0m               Core 8 start compute primitive Sram_lifecycle.                                                                 | [36m12975 ns[0m
[INFO][0m[92m[PRIM][0m               Core 8 end compute primitive Sram_lifecycle.                                                                   | [36m12975 ns[0m
[INFO][0m[92m[PRIM][0m               Core 4 end compute primitive Sram_lifecycle.                                                                   | [36m12975 ns[0m
[INFO][0m[92m[PRIM][0m               Core 0 start compute primitive Sram_bind_oneshot.                                                              | [36m12979 ns[0m
[INFO][0m[92m[PRIM][0m               Core 0 end compute primitive Sram_bind_oneshot.                                                                | [36m12979 ns[0m
[INFO][0m[92m[PRIM][0m               Core 4 start compute primitive Sram_lifecycle.                                                                 | [36m12981 ns[0m
[INFO][0m[92m[PRIM][0m               Core 8 start compute primitive Sram_lifecycle.                                                                 | [36m12981 ns[0m
[INFO][0m[92m[PRIM][0m               Core 8 end compute primitive Sram_lifecycle.                                                                   | [36m12981 ns[0m
[INFO][0m[92m[PRIM][0m               Core 4 end compute primitive Sram_lifecycle.                                                                   | [36m12981 ns[0m
[INFO][0m[92m[PRIM][0m               Core 0 start compute primitive swiglu_forward.                                                                 | [36m12985 ns[0m
[INFO][0m[92m[PRIM][0m               Core 8 start compute primitive Sram_lifecycle.                                                                 | [36m12987 ns[0m
[INFO][0m[92m[PRIM][0m               Core 4 start compute primitive Sram_bind_oneshot.                                                              | [36m12987 ns[0m
[INFO][0m[92m[PRIM][0m               Core 12 end compute primitive Matmul_f.                                                                        | [36m12987 ns[0m
[INFO][0m[92m[PRIM][0m               Core 4 end compute primitive Sram_bind_oneshot.                                                                | [36m12987 ns[0m
[INFO][0m[92m[PRIM][0m               Core 8 end compute primitive Sram_lifecycle.                                                                   | [36m12987 ns[0m
[INFO][0m[92m[PRIM][0m               Core 0 end compute primitive swiglu_forward.                                                                   | [36m12989 ns[0m
[INFO][0m[92m[PRIM][0m               Core 12 start compute primitive Sram_lifecycle.                                                                | [36m12993 ns[0m
[INFO][0m[92m[PRIM][0m               Core 8 start compute primitive Sram_bind_oneshot.                                                              | [36m12993 ns[0m
[INFO][0m[92m[PRIM][0m               Core 4 start compute primitive swiglu_forward.                                                                 | [36m12993 ns[0m
[INFO][0m[92m[PRIM][0m               Core 8 end compute primitive Sram_bind_oneshot.                                                                | [36m12993 ns[0m
[INFO][0m[92m[PRIM][0m               Core 12 end compute primitive Sram_lifecycle.                                                                  | [36m12993 ns[0m
[INFO][0m[92m[PRIM][0m               Core 0 start compute primitive Sram_lifecycle.                                                                 | [36m12995 ns[0m
[INFO][0m[92m[PRIM][0m               Core 0 end compute primitive Sram_lifecycle.                                                                   | [36m12995 ns[0m
[INFO][0m[92m[PRIM][0m               Core 4 end compute primitive swiglu_forward.                                                                   | [36m12997 ns[0m
[INFO][0m[92m[PRIM][0m               Core 8 start compute primitive swiglu_forward.                                                                 | [36m12999 ns[0m
[INFO][0m[92m[PRIM][0m               Core 12 start compute primitive Sram_lifecycle.                                                                | [36m12999 ns[0m
[INFO][0m[92m[PRIM][0m               Core 12 end compute primitive Sram_lifecycle.                                                                  | [36m12999 ns[0m
[INFO][0m[92m[PRIM][0m               Core 0 start compute primitive Sram_lifecycle.                                                                 | [36m13001 ns[0m
[INFO][0m[92m[PRIM][0m               Core 0 end compute primitive Sram_lifecycle.                                                                   | [36m13001 ns[0m
[INFO][0m[92m[PRIM][0m               Core 4 start compute primitive Sram_lifecycle.                                                                 | [36m13003 ns[0m
[INFO][0m[92m[PRIM][0m               Core 8 end compute primitive swiglu_forward.                                                                   | [36m13003 ns[0m
[INFO][0m[92m[PRIM][0m               Core 4 end compute primitive Sram_lifecycle.                                                                   | [36m13003 ns[0m
[INFO][0m[92m[PRIM][0m               Core 12 start compute primitive Sram_lifecycle.                                                                | [36m13005 ns[0m
[INFO][0m[92m[PRIM][0m               Core 12 end compute primitive Sram_lifecycle.                                                                  | [36m13005 ns[0m
[INFO][0m[92m[PRIM][0m               Core 0 start compute primitive Sram_lifecycle.                                                                 | [36m13007 ns[0m
[INFO][0m[92m[PRIM][0m               Core 0 end compute primitive Sram_lifecycle.                                                                   | [36m13007 ns[0m
[INFO][0m[92m[PRIM][0m               Core 8 start compute primitive Sram_lifecycle.                                                                 | [36m13009 ns[0m
[INFO][0m[92m[PRIM][0m               Core 4 start compute primitive Sram_lifecycle.                                                                 | [36m13009 ns[0m
[INFO][0m[92m[PRIM][0m               Core 4 end compute primitive Sram_lifecycle.                                                                   | [36m13009 ns[0m
[INFO][0m[92m[PRIM][0m               Core 8 end compute primitive Sram_lifecycle.                                                                   | [36m13009 ns[0m
[INFO][0m[92m[PRIM][0m               Core 12 start compute primitive Sram_bind_oneshot.                                                             | [36m13011 ns[0m
[INFO][0m[92m[PRIM][0m               Core 12 end compute primitive Sram_bind_oneshot.                                                               | [36m13011 ns[0m
[INFO][0m[92m[PRIM][0m               Core 0 start compute primitive Lsu_mem.                                                                        | [36m13013 ns[0m
[INFO][0m[92m[PRIM][0m               Core 8 start compute primitive Sram_lifecycle.                                                                 | [36m13015 ns[0m
[INFO][0m[92m[PRIM][0m               Core 4 start compute primitive Sram_lifecycle.                                                                 | [36m13015 ns[0m
[INFO][0m[92m[PRIM][0m               Core 4 end compute primitive Sram_lifecycle.                                                                   | [36m13015 ns[0m
[INFO][0m[92m[PRIM][0m               Core 8 end compute primitive Sram_lifecycle.                                                                   | [36m13015 ns[0m
[INFO][0m[92m[PRIM][0m               Core 12 start compute primitive swiglu_forward.                                                                | [36m13017 ns[0m
[INFO][0m[92m[PRIM][0m               Core 12 end compute primitive swiglu_forward.                                                                  | [36m13021 ns[0m
[INFO][0m[92m[PRIM][0m               Core 4 start compute primitive Lsu_mem.                                                                        | [36m13021 ns[0m
[INFO][0m[92m[PRIM][0m               Core 8 start compute primitive Sram_lifecycle.                                                                 | [36m13021 ns[0m
[INFO][0m[92m[PRIM][0m               Core 8 end compute primitive Sram_lifecycle.                                                                   | [36m13021 ns[0m
[INFO][0m[92m[PRIM][0m               Core 12 start compute primitive Sram_lifecycle.                                                                | [36m13027 ns[0m
[INFO][0m[92m[PRIM][0m               Core 8 start compute primitive Lsu_mem.                                                                        | [36m13027 ns[0m
[INFO][0m[92m[PRIM][0m               Core 12 end compute primitive Sram_lifecycle.                                                                  | [36m13027 ns[0m
[INFO][0m[92m[PRIM][0m               Core 12 start compute primitive Sram_lifecycle.                                                                | [36m13033 ns[0m
[INFO][0m[92m[PRIM][0m               Core 12 end compute primitive Sram_lifecycle.                                                                  | [36m13033 ns[0m
[INFO][0m[92m[PRIM][0m               Core 12 start compute primitive Sram_lifecycle.                                                                | [36m13039 ns[0m
[INFO][0m[92m[PRIM][0m               Core 12 end compute primitive Sram_lifecycle.                                                                  | [36m13039 ns[0m
[INFO][0m[92m[PRIM][0m               Core 12 start compute primitive Lsu_mem.                                                                       | [36m13045 ns[0m
[INFO][0m[92m[PRIM][0m               Core 0 end compute primitive Lsu_mem.                                                                          | [36m13186 ns[0m
[INFO][0m[92m[PRIM][0m               Core 0 start compute primitive Sram_lifecycle.                                                                 | [36m13192 ns[0m
[INFO][0m[92m[PRIM][0m               Core 0 end compute primitive Sram_lifecycle.                                                                   | [36m13192 ns[0m
[INFO][0m[92m[PRIM][0m               Core 4 end compute primitive Lsu_mem.                                                                          | [36m13194 ns[0m
[INFO][0m[92m[PRIM][0m               Core 0 start compute primitive Sram_lifecycle.                                                                 | [36m13198 ns[0m
[INFO][0m[92m[PRIM][0m               Core 0 end compute primitive Sram_lifecycle.                                                                   | [36m13198 ns[0m
[INFO][0m[92m[PRIM][0m               Core 4 start compute primitive Sram_lifecycle.                                                                 | [36m13200 ns[0m
[INFO][0m[92m[PRIM][0m               Core 4 end compute primitive Sram_lifecycle.                                                                   | [36m13200 ns[0m
[INFO][0m[92m[PRIM][0m               Core 8 end compute primitive Lsu_mem.                                                                          | [36m13200 ns[0m
[INFO][0m[92m[PRIM][0m               Core 0 start compute primitive Sram_bind_oneshot.                                                              | [36m13204 ns[0m
[INFO][0m[92m[PRIM][0m               Core 0 end compute primitive Sram_bind_oneshot.                                                                | [36m13204 ns[0m
[INFO][0m[92m[PRIM][0m               Core 4 start compute primitive Sram_lifecycle.                                                                 | [36m13206 ns[0m
[INFO][0m[92m[PRIM][0m               Core 8 start compute primitive Sram_lifecycle.                                                                 | [36m13206 ns[0m
[INFO][0m[92m[PRIM][0m               Core 8 end compute primitive Sram_lifecycle.                                                                   | [36m13206 ns[0m
[INFO][0m[92m[PRIM][0m               Core 4 end compute primitive Sram_lifecycle.                                                                   | [36m13206 ns[0m
[INFO][0m[92m[PRIM][0m               Core 0 start compute primitive Matmul_f.                                                                       | [36m13210 ns[0m
[INFO][0m[92m[PRIM][0m               Core 8 start compute primitive Sram_lifecycle.                                                                 | [36m13212 ns[0m
[INFO][0m[92m[PRIM][0m               Core 4 start compute primitive Sram_bind_oneshot.                                                              | [36m13212 ns[0m
[INFO][0m[92m[PRIM][0m               Core 4 end compute primitive Sram_bind_oneshot.                                                                | [36m13212 ns[0m
[INFO][0m[92m[PRIM][0m               Core 8 end compute primitive Sram_lifecycle.                                                                   | [36m13212 ns[0m
[INFO][0m[92m[PRIM][0m               Core 8 start compute primitive Sram_bind_oneshot.                                                              | [36m13218 ns[0m
[INFO][0m[92m[PRIM][0m               Core 4 start compute primitive Matmul_f.                                                                       | [36m13218 ns[0m
[INFO][0m[92m[PRIM][0m               Core 0 end compute primitive Matmul_f.                                                                         | [36m13218 ns[0m
[INFO][0m[92m[PRIM][0m               Core 8 end compute primitive Sram_bind_oneshot.                                                                | [36m13218 ns[0m
[INFO][0m[92m[PRIM][0m               Core 12 end compute primitive Lsu_mem.                                                                         | [36m13218 ns[0m
[INFO][0m[92m[PRIM][0m               Core 12 start compute primitive Sram_lifecycle.                                                                | [36m13224 ns[0m
[INFO][0m[92m[PRIM][0m               Core 8 start compute primitive Matmul_f.                                                                       | [36m13224 ns[0m
[INFO][0m[92m[PRIM][0m               Core 0 start compute primitive Sram_lifecycle.                                                                 | [36m13224 ns[0m
[INFO][0m[92m[PRIM][0m               Core 0 end compute primitive Sram_lifecycle.                                                                   | [36m13224 ns[0m
[INFO][0m[92m[PRIM][0m               Core 12 end compute primitive Sram_lifecycle.                                                                  | [36m13224 ns[0m
[INFO][0m[92m[PRIM][0m               Core 4 end compute primitive Matmul_f.                                                                         | [36m13226 ns[0m
[INFO][0m[92m[PRIM][0m               Core 12 start compute primitive Sram_lifecycle.                                                                | [36m13230 ns[0m
[INFO][0m[92m[PRIM][0m               Core 0 start compute primitive Sram_lifecycle.                                                                 | [36m13230 ns[0m
[INFO][0m[92m[PRIM][0m               Core 0 end compute primitive Sram_lifecycle.                                                                   | [36m13230 ns[0m
[INFO][0m[92m[PRIM][0m               Core 12 end compute primitive Sram_lifecycle.                                                                  | [36m13230 ns[0m
[INFO][0m[92m[PRIM][0m               Core 4 start compute primitive Sram_lifecycle.                                                                 | [36m13232 ns[0m
[INFO][0m[92m[PRIM][0m               Core 8 end compute primitive Matmul_f.                                                                         | [36m13232 ns[0m
[INFO][0m[92m[PRIM][0m               Core 4 end compute primitive Sram_lifecycle.                                                                   | [36m13232 ns[0m
[INFO][0m[92m[PRIM][0m               Core 12 start compute primitive Sram_bind_oneshot.                                                             | [36m13236 ns[0m
[INFO][0m[92m[PRIM][0m               Core 12 end compute primitive Sram_bind_oneshot.                                                               | [36m13236 ns[0m
[INFO][0m[92m[PRIM][0m               Core 8 start compute primitive Sram_lifecycle.                                                                 | [36m13238 ns[0m
[INFO][0m[92m[PRIM][0m               Core 8 end compute primitive Sram_lifecycle.                                                                   | [36m13238 ns[0m
[INFO][0m[92m[PRIM][0m               Core 12 start compute primitive Matmul_f.                                                                      | [36m13242 ns[0m
[INFO][0m[92m[PRIM][0m               Core 12 end compute primitive Matmul_f.                                                                        | [36m13250 ns[0m
[INFO][0m[92m[PRIM][0m               Core 12 start compute primitive Sram_lifecycle.                                                                | [36m13256 ns[0m
[INFO][0m[92m[PRIM][0m               Core 12 end compute primitive Sram_lifecycle.                                                                  | [36m13256 ns[0m
[INFO][0m[92m[PRIM][0m               Core 4 start compute primitive Sram_lifecycle.                                                                 | [36m13302 ns[0m
[INFO][0m[92m[PRIM][0m               Core 4 end compute primitive Sram_lifecycle.                                                                   | [36m13302 ns[0m
[INFO][0m[92m[PRIM][0m               Core 4 start compute primitive Sram_lifecycle.                                                                 | [36m13308 ns[0m
[INFO][0m[92m[PRIM][0m               Core 8 start compute primitive Sram_lifecycle.                                                                 | [36m13308 ns[0m
[INFO][0m[92m[PRIM][0m               Core 8 end compute primitive Sram_lifecycle.                                                                   | [36m13308 ns[0m
[INFO][0m[92m[PRIM][0m               Core 4 end compute primitive Sram_lifecycle.                                                                   | [36m13308 ns[0m
[INFO][0m[92m[PRIM][0m               Core 4 start compute primitive Sram_lifecycle.                                                                 | [36m13314 ns[0m
[INFO][0m[92m[PRIM][0m               Core 8 start compute primitive Sram_lifecycle.                                                                 | [36m13314 ns[0m
[INFO][0m[92m[PRIM][0m               Core 8 end compute primitive Sram_lifecycle.                                                                   | [36m13314 ns[0m
[INFO][0m[92m[PRIM][0m               Core 4 end compute primitive Sram_lifecycle.                                                                   | [36m13314 ns[0m
[INFO][0m[92m[PRIM][0m               Core 4 start compute primitive Sram_bind_oneshot.                                                              | [36m13320 ns[0m
[INFO][0m[92m[PRIM][0m               Core 8 start compute primitive Sram_lifecycle.                                                                 | [36m13320 ns[0m
[INFO][0m[92m[PRIM][0m               Core 8 end compute primitive Sram_lifecycle.                                                                   | [36m13320 ns[0m
[INFO][0m[92m[PRIM][0m               Core 4 end compute primitive Sram_bind_oneshot.                                                                | [36m13320 ns[0m
[INFO][0m[92m[PRIM][0m               Core 4 start compute primitive Matmul_f.                                                                       | [36m13326 ns[0m
[INFO][0m[92m[PRIM][0m               Core 8 start compute primitive Sram_bind_oneshot.                                                              | [36m13326 ns[0m
[INFO][0m[92m[PRIM][0m               Core 8 end compute primitive Sram_bind_oneshot.                                                                | [36m13326 ns[0m
[INFO][0m[92m[PRIM][0m               Core 8 start compute primitive Matmul_f.                                                                       | [36m13332 ns[0m
[INFO][0m[92m[PRIM][0m               Core 4 end compute primitive Matmul_f.                                                                         | [36m13334 ns[0m
[INFO][0m[92m[PRIM][0m               Core 4 start compute primitive Sram_lifecycle.                                                                 | [36m13340 ns[0m
[INFO][0m[92m[PRIM][0m               Core 8 end compute primitive Matmul_f.                                                                         | [36m13340 ns[0m
[INFO][0m[92m[PRIM][0m               Core 4 end compute primitive Sram_lifecycle.                                                                   | [36m13340 ns[0m
[INFO][0m[92m[PRIM][0m               Core 0 start compute primitive Sram_lifecycle.                                                                 | [36m13342 ns[0m
[INFO][0m[92m[PRIM][0m               Core 0 end compute primitive Sram_lifecycle.                                                                   | [36m13342 ns[0m
[INFO][0m[92m[PRIM][0m               Core 4 start compute primitive Sram_lifecycle.                                                                 | [36m13346 ns[0m
[INFO][0m[92m[PRIM][0m               Core 8 start compute primitive Sram_lifecycle.                                                                 | [36m13346 ns[0m
[INFO][0m[92m[PRIM][0m               Core 8 end compute primitive Sram_lifecycle.                                                                   | [36m13346 ns[0m
[INFO][0m[92m[PRIM][0m               Core 4 end compute primitive Sram_lifecycle.                                                                   | [36m13346 ns[0m
[INFO][0m[92m[PRIM][0m               Core 12 start compute primitive Sram_lifecycle.                                                                | [36m13358 ns[0m
[INFO][0m[92m[PRIM][0m               Core 12 end compute primitive Sram_lifecycle.                                                                  | [36m13358 ns[0m
[INFO][0m[92m[PRIM][0m               Core 12 start compute primitive Sram_lifecycle.                                                                | [36m13364 ns[0m
[INFO][0m[92m[PRIM][0m               Core 12 end compute primitive Sram_lifecycle.                                                                  | [36m13364 ns[0m
[INFO][0m[92m[PRIM][0m               Core 12 start compute primitive Sram_lifecycle.                                                                | [36m13370 ns[0m
[INFO][0m[92m[PRIM][0m               Core 12 end compute primitive Sram_lifecycle.                                                                  | [36m13370 ns[0m
[INFO][0m[92m[PRIM][0m               Core 0 start compute primitive Sram_lifecycle.                                                                 | [36m13372 ns[0m
[INFO][0m[92m[PRIM][0m               Core 0 end compute primitive Sram_lifecycle.                                                                   | [36m13372 ns[0m
[INFO][0m[92m[PRIM][0m               Core 12 start compute primitive Sram_bind_oneshot.                                                             | [36m13376 ns[0m
[INFO][0m[92m[PRIM][0m               Core 12 end compute primitive Sram_bind_oneshot.                                                               | [36m13376 ns[0m
[INFO][0m[92m[PRIM][0m               Core 12 start compute primitive Matmul_f.                                                                      | [36m13382 ns[0m
[INFO][0m[92m[PRIM][0m               Core 12 end compute primitive Matmul_f.                                                                        | [36m13390 ns[0m
[INFO][0m[92m[PRIM][0m               Core 12 start compute primitive Sram_lifecycle.                                                                | [36m13396 ns[0m
[INFO][0m[92m[PRIM][0m               Core 12 end compute primitive Sram_lifecycle.                                                                  | [36m13396 ns[0m
[INFO][0m[92m[PRIM][0m               Core 0 start compute primitive Sram_lifecycle.                                                                 | [36m13418 ns[0m
[INFO][0m[92m[PRIM][0m               Core 0 end compute primitive Sram_lifecycle.                                                                   | [36m13418 ns[0m
[INFO][0m[92m[PRIM][0m               Core 0 start compute primitive Collective_data_v1_prim.                                                        | [36m13424 ns[0m
[INFO][0m[92m[PRIM][0m               Core 8 start compute primitive Sram_lifecycle.                                                                 | [36m13448 ns[0m
[INFO][0m[92m[PRIM][0m               Core 8 end compute primitive Sram_lifecycle.                                                                   | [36m13448 ns[0m
[INFO][0m[92m[PRIM][0m               Core 0 end compute primitive Collective_data_v1_prim.                                                          | [36m13454 ns[0m
[INFO][0m[92m[PRIM][0m               Core 8 start compute primitive Sram_lifecycle.                                                                 | [36m13454 ns[0m
[INFO][0m[92m[PRIM][0m               Core 8 end compute primitive Sram_lifecycle.                                                                   | [36m13454 ns[0m
[INFO][0m[92m[PRIM][0m               Core 8 start compute primitive Sram_lifecycle.                                                                 | [36m13460 ns[0m
[INFO][0m[92m[PRIM][0m               Core 0 start compute primitive Sram_lifecycle.                                                                 | [36m13460 ns[0m
[INFO][0m[92m[PRIM][0m               Core 0 end compute primitive Sram_lifecycle.                                                                   | [36m13460 ns[0m
[INFO][0m[92m[PRIM][0m               Core 8 end compute primitive Sram_lifecycle.                                                                   | [36m13460 ns[0m
[INFO][0m[92m[PRIM][0m               Core 8 start compute primitive Sram_bind_oneshot.                                                              | [36m13466 ns[0m
[INFO][0m[92m[PRIM][0m               Core 0 start compute primitive Sram_lifecycle.                                                                 | [36m13466 ns[0m
[INFO][0m[92m[PRIM][0m               Core 0 end compute primitive Sram_lifecycle.                                                                   | [36m13466 ns[0m
[INFO][0m[92m[PRIM][0m               Core 8 end compute primitive Sram_bind_oneshot.                                                                | [36m13466 ns[0m
[INFO][0m[92m[PRIM][0m               Core 8 start compute primitive Matmul_f.                                                                       | [36m13472 ns[0m
[INFO][0m[92m[PRIM][0m               Core 0 start compute primitive Sram_lifecycle.                                                                 | [36m13472 ns[0m
[INFO][0m[92m[PRIM][0m               Core 12 start compute primitive Sram_lifecycle.                                                                | [36m13472 ns[0m
[INFO][0m[92m[PRIM][0m               Core 12 end compute primitive Sram_lifecycle.                                                                  | [36m13472 ns[0m
[INFO][0m[92m[PRIM][0m               Core 0 end compute primitive Sram_lifecycle.                                                                   | [36m13472 ns[0m
[INFO][0m[92m[PRIM][0m               Core 12 start compute primitive Sram_lifecycle.                                                                | [36m13478 ns[0m
[INFO][0m[92m[PRIM][0m               Core 0 start compute primitive Sram_lifecycle.                                                                 | [36m13478 ns[0m
[INFO][0m[92m[PRIM][0m               Core 0 end compute primitive Sram_lifecycle.                                                                   | [36m13478 ns[0m
[INFO][0m[92m[PRIM][0m               Core 12 end compute primitive Sram_lifecycle.                                                                  | [36m13478 ns[0m
[INFO][0m[92m[PRIM][0m               Core 8 end compute primitive Matmul_f.                                                                         | [36m13480 ns[0m
[INFO][0m[92m[PRIM][0m               Core 12 start compute primitive Sram_lifecycle.                                                                | [36m13484 ns[0m
[INFO][0m[92m[PRIM][0m               Core 0 start compute primitive Sram_lifecycle.                                                                 | [36m13484 ns[0m
[INFO][0m[92m[PRIM][0m               Core 0 end compute primitive Sram_lifecycle.                                                                   | [36m13484 ns[0m
[INFO][0m[92m[PRIM][0m               Core 12 end compute primitive Sram_lifecycle.                                                                  | [36m13484 ns[0m
[INFO][0m[92m[PRIM][0m               Core 8 start compute primitive Sram_lifecycle.                                                                 | [36m13486 ns[0m
[INFO][0m[92m[PRIM][0m               Core 8 end compute primitive Sram_lifecycle.                                                                   | [36m13486 ns[0m
[INFO][0m[92m[PRIM][0m               Core 12 start compute primitive Sram_bind_oneshot.                                                             | [36m13490 ns[0m
[INFO][0m[92m[PRIM][0m               Core 0 start compute primitive Sram_lifecycle.                                                                 | [36m13490 ns[0m
[INFO][0m[92m[PRIM][0m               Core 0 end compute primitive Sram_lifecycle.                                                                   | [36m13490 ns[0m
[INFO][0m[92m[PRIM][0m               Core 12 end compute primitive Sram_bind_oneshot.                                                               | [36m13490 ns[0m
[INFO][0m[92m[PRIM][0m               Core 8 start compute primitive Sram_lifecycle.                                                                 | [36m13492 ns[0m
[INFO][0m[92m[PRIM][0m               Core 8 end compute primitive Sram_lifecycle.                                                                   | [36m13492 ns[0m
[INFO][0m[92m[PRIM][0m               Core 12 start compute primitive Matmul_f.                                                                      | [36m13496 ns[0m
[INFO][0m[92m[PRIM][0m               Core 0 start compute primitive Sram_bind_oneshot.                                                              | [36m13496 ns[0m
[INFO][0m[92m[PRIM][0m               Core 0 end compute primitive Sram_bind_oneshot.                                                                | [36m13496 ns[0m
[INFO][0m[92m[PRIM][0m               Core 0 start compute primitive Matmul_f.                                                                       | [36m13502 ns[0m
[INFO][0m[92m[PRIM][0m               Core 12 end compute primitive Matmul_f.                                                                        | [36m13504 ns[0m
[INFO][0m[92m[PRIM][0m               Core 12 start compute primitive Sram_lifecycle.                                                                | [36m13510 ns[0m
[INFO][0m[92m[PRIM][0m               Core 0 end compute primitive Matmul_f.                                                                         | [36m13510 ns[0m
[INFO][0m[92m[PRIM][0m               Core 12 end compute primitive Sram_lifecycle.                                                                  | [36m13510 ns[0m
[INFO][0m[92m[PRIM][0m               Core 0 start compute primitive Sram_lifecycle.                                                                 | [36m13516 ns[0m
[INFO][0m[92m[PRIM][0m               Core 0 end compute primitive Sram_lifecycle.                                                                   | [36m13516 ns[0m
[INFO][0m[92m[PRIM][0m               Core 12 start compute primitive Sram_lifecycle.                                                                | [36m13580 ns[0m
[INFO][0m[92m[PRIM][0m               Core 12 end compute primitive Sram_lifecycle.                                                                  | [36m13580 ns[0m
[INFO][0m[92m[PRIM][0m               Core 12 start compute primitive Sram_lifecycle.                                                                | [36m13586 ns[0m
[INFO][0m[92m[PRIM][0m               Core 0 start compute primitive Sram_lifecycle.                                                                 | [36m13586 ns[0m
[INFO][0m[92m[PRIM][0m               Core 0 end compute primitive Sram_lifecycle.                                                                   | [36m13586 ns[0m
[INFO][0m[92m[PRIM][0m               Core 12 end compute primitive Sram_lifecycle.                                                                  | [36m13586 ns[0m
[INFO][0m[92m[PRIM][0m               Core 12 start compute primitive Sram_lifecycle.                                                                | [36m13592 ns[0m
[INFO][0m[92m[PRIM][0m               Core 0 start compute primitive Sram_lifecycle.                                                                 | [36m13592 ns[0m
[INFO][0m[92m[PRIM][0m               Core 0 end compute primitive Sram_lifecycle.                                                                   | [36m13592 ns[0m
[INFO][0m[92m[PRIM][0m               Core 12 end compute primitive Sram_lifecycle.                                                                  | [36m13592 ns[0m
[INFO][0m[92m[PRIM][0m               Core 12 start compute primitive Sram_bind_oneshot.                                                             | [36m13598 ns[0m
[INFO][0m[92m[PRIM][0m               Core 0 start compute primitive Sram_lifecycle.                                                                 | [36m13598 ns[0m
[INFO][0m[92m[PRIM][0m               Core 0 end compute primitive Sram_lifecycle.                                                                   | [36m13598 ns[0m
[INFO][0m[92m[PRIM][0m               Core 12 end compute primitive Sram_bind_oneshot.                                                               | [36m13598 ns[0m
[INFO][0m[92m[PRIM][0m               Core 12 start compute primitive Matmul_f.                                                                      | [36m13604 ns[0m
[INFO][0m[92m[PRIM][0m               Core 0 start compute primitive Sram_bind_oneshot.                                                              | [36m13604 ns[0m
[INFO][0m[92m[PRIM][0m               Core 0 end compute primitive Sram_bind_oneshot.                                                                | [36m13604 ns[0m
[INFO][0m[92m[PRIM][0m               Core 0 start compute primitive Matmul_f.                                                                       | [36m13610 ns[0m
[INFO][0m[92m[PRIM][0m               Core 12 end compute primitive Matmul_f.                                                                        | [36m13612 ns[0m
[INFO][0m[92m[PRIM][0m               Core 12 start compute primitive Sram_lifecycle.                                                                | [36m13618 ns[0m
[INFO][0m[92m[PRIM][0m               Core 0 end compute primitive Matmul_f.                                                                         | [36m13618 ns[0m
[INFO][0m[92m[PRIM][0m               Core 12 end compute primitive Sram_lifecycle.                                                                  | [36m13618 ns[0m
[INFO][0m[92m[PRIM][0m               Core 12 start compute primitive Sram_lifecycle.                                                                | [36m13624 ns[0m
[INFO][0m[92m[PRIM][0m               Core 0 start compute primitive Sram_lifecycle.                                                                 | [36m13624 ns[0m
[INFO][0m[92m[PRIM][0m               Core 0 end compute primitive Sram_lifecycle.                                                                   | [36m13624 ns[0m
[INFO][0m[92m[PRIM][0m               Core 12 end compute primitive Sram_lifecycle.                                                                  | [36m13624 ns[0m
[INFO][0m[92m[PRIM][0m               Core 4 start compute primitive Sram_lifecycle.                                                                 | [36m13626 ns[0m
[INFO][0m[92m[PRIM][0m               Core 4 end compute primitive Sram_lifecycle.                                                                   | [36m13626 ns[0m
[INFO][0m[92m[PRIM][0m               Core 12 start compute primitive Sram_lifecycle.                                                                | [36m13630 ns[0m
[INFO][0m[92m[PRIM][0m               Core 12 end compute primitive Sram_lifecycle.                                                                  | [36m13630 ns[0m
[INFO][0m[92m[PRIM][0m               Core 4 start compute primitive Sram_lifecycle.                                                                 | [36m13650 ns[0m
[INFO][0m[92m[PRIM][0m               Core 4 end compute primitive Sram_lifecycle.                                                                   | [36m13650 ns[0m
[INFO][0m[92m[PRIM][0m               Core 4 start compute primitive Sram_lifecycle.                                                                 | [36m13674 ns[0m
[INFO][0m[92m[PRIM][0m               Core 4 end compute primitive Sram_lifecycle.                                                                   | [36m13674 ns[0m
[INFO][0m[92m[PRIM][0m               Core 4 start compute primitive Collective_data_v1_prim.                                                        | [36m13680 ns[0m
[INFO][0m[92m[PRIM][0m               Core 0 start compute primitive Sram_lifecycle.                                                                 | [36m13694 ns[0m
[INFO][0m[92m[PRIM][0m               Core 0 end compute primitive Sram_lifecycle.                                                                   | [36m13694 ns[0m
[INFO][0m[92m[PRIM][0m               Core 0 start compute primitive Sram_lifecycle.                                                                 | [36m13700 ns[0m
[INFO][0m[92m[PRIM][0m               Core 0 end compute primitive Sram_lifecycle.                                                                   | [36m13700 ns[0m
[INFO][0m[92m[PRIM][0m               Core 0 start compute primitive Sram_lifecycle.                                                                 | [36m13706 ns[0m
[INFO][0m[92m[PRIM][0m               Core 0 end compute primitive Sram_lifecycle.                                                                   | [36m13706 ns[0m
[INFO][0m[92m[PRIM][0m               Core 4 end compute primitive Collective_data_v1_prim.                                                          | [36m13710 ns[0m
[INFO][0m[92m[PRIM][0m               Core 0 start compute primitive Sram_bind_oneshot.                                                              | [36m13712 ns[0m
[INFO][0m[92m[PRIM][0m               Core 0 end compute primitive Sram_bind_oneshot.                                                                | [36m13712 ns[0m
[INFO][0m[92m[PRIM][0m               Core 4 start compute primitive Sram_lifecycle.                                                                 | [36m13716 ns[0m
[INFO][0m[92m[PRIM][0m               Core 4 end compute primitive Sram_lifecycle.                                                                   | [36m13716 ns[0m
[INFO][0m[92m[PRIM][0m               Core 0 start compute primitive Matmul_f.                                                                       | [36m13718 ns[0m
[INFO][0m[92m[PRIM][0m               Core 4 start compute primitive Sram_lifecycle.                                                                 | [36m13722 ns[0m
[INFO][0m[92m[PRIM][0m               Core 4 end compute primitive Sram_lifecycle.                                                                   | [36m13722 ns[0m
[INFO][0m[92m[PRIM][0m               Core 0 end compute primitive Matmul_f.                                                                         | [36m13726 ns[0m
[INFO][0m[92m[PRIM][0m               Core 4 start compute primitive Sram_lifecycle.                                                                 | [36m13728 ns[0m
[INFO][0m[92m[PRIM][0m               Core 4 end compute primitive Sram_lifecycle.                                                                   | [36m13728 ns[0m
[INFO][0m[92m[PRIM][0m               Core 0 start compute primitive Sram_lifecycle.                                                                 | [36m13732 ns[0m
[INFO][0m[92m[PRIM][0m               Core 0 end compute primitive Sram_lifecycle.                                                                   | [36m13732 ns[0m
[INFO][0m[92m[PRIM][0m               Core 4 start compute primitive Sram_lifecycle.                                                                 | [36m13734 ns[0m
[INFO][0m[92m[PRIM][0m               Core 8 start compute primitive Sram_lifecycle.                                                                 | [36m13734 ns[0m
[INFO][0m[92m[PRIM][0m               Core 8 end compute primitive Sram_lifecycle.                                                                   | [36m13734 ns[0m
[INFO][0m[92m[PRIM][0m               Core 4 end compute primitive Sram_lifecycle.                                                                   | [36m13734 ns[0m
[INFO][0m[92m[PRIM][0m               Core 0 start compute primitive Sram_lifecycle.                                                                 | [36m13738 ns[0m
[INFO][0m[92m[PRIM][0m               Core 0 end compute primitive Sram_lifecycle.                                                                   | [36m13738 ns[0m
[INFO][0m[92m[PRIM][0m               Core 4 start compute primitive Sram_lifecycle.                                                                 | [36m13740 ns[0m
[INFO][0m[92m[PRIM][0m               Core 4 end compute primitive Sram_lifecycle.                                                                   | [36m13740 ns[0m
[INFO][0m[92m[PRIM][0m               Core 4 start compute primitive Sram_lifecycle.                                                                 | [36m13746 ns[0m
[INFO][0m[92m[PRIM][0m               Core 4 end compute primitive Sram_lifecycle.                                                                   | [36m13746 ns[0m
[INFO][0m[92m[PRIM][0m               Core 4 start compute primitive Sram_bind_oneshot.                                                              | [36m13752 ns[0m
[INFO][0m[92m[PRIM][0m               Core 4 end compute primitive Sram_bind_oneshot.                                                                | [36m13752 ns[0m
[INFO][0m[92m[PRIM][0m               Core 4 start compute primitive Matmul_f.                                                                       | [36m13758 ns[0m
[INFO][0m[92m[PRIM][0m               Core 4 end compute primitive Matmul_f.                                                                         | [36m13766 ns[0m
[INFO][0m[92m[PRIM][0m               Core 4 start compute primitive Sram_lifecycle.                                                                 | [36m13772 ns[0m
[INFO][0m[92m[PRIM][0m               Core 4 end compute primitive Sram_lifecycle.                                                                   | [36m13772 ns[0m
[INFO][0m[92m[PRIM][0m               Core 0 start compute primitive Sram_lifecycle.                                                                 | [36m13840 ns[0m
[INFO][0m[92m[PRIM][0m               Core 0 end compute primitive Sram_lifecycle.                                                                   | [36m13840 ns[0m
[INFO][0m[92m[PRIM][0m               Core 0 start compute primitive Sram_lifecycle.                                                                 | [36m13846 ns[0m
[INFO][0m[92m[PRIM][0m               Core 0 end compute primitive Sram_lifecycle.                                                                   | [36m13846 ns[0m
[INFO][0m[92m[PRIM][0m               Core 0 start compute primitive Sram_bind_oneshot.                                                              | [36m13852 ns[0m
[INFO][0m[92m[PRIM][0m               Core 0 end compute primitive Sram_bind_oneshot.                                                                | [36m13852 ns[0m
[INFO][0m[92m[PRIM][0m               Core 0 start compute primitive Residual_f.                                                                     | [36m13858 ns[0m
[INFO][0m[92m[PRIM][0m               Core 0 end compute primitive Residual_f.                                                                       | [36m13858 ns[0m
[INFO][0m[92m[PRIM][0m               Core 0 start compute primitive Sram_lifecycle.                                                                 | [36m13864 ns[0m
[INFO][0m[92m[PRIM][0m               Core 0 end compute primitive Sram_lifecycle.                                                                   | [36m13864 ns[0m
[INFO][0m[92m[PRIM][0m               Core 0 start compute primitive Sram_lifecycle.                                                                 | [36m13870 ns[0m
[INFO][0m[92m[PRIM][0m               Core 0 end compute primitive Sram_lifecycle.                                                                   | [36m13870 ns[0m
[INFO][0m[92m[PRIM][0m               Core 4 start compute primitive Sram_lifecycle.                                                                 | [36m13874 ns[0m
[INFO][0m[92m[PRIM][0m               Core 4 end compute primitive Sram_lifecycle.                                                                   | [36m13874 ns[0m
[INFO][0m[92m[PRIM][0m               Core 0 start compute primitive Sram_lifecycle.                                                                 | [36m13876 ns[0m
[INFO][0m[92m[PRIM][0m               Core 0 end compute primitive Sram_lifecycle.                                                                   | [36m13876 ns[0m
[INFO][0m[92m[PRIM][0m               Core 4 start compute primitive Sram_lifecycle.                                                                 | [36m13880 ns[0m
[INFO][0m[92m[PRIM][0m               Core 4 end compute primitive Sram_lifecycle.                                                                   | [36m13880 ns[0m
[INFO][0m[92m[PRIM][0m               Core 0 start compute primitive Lsu_mem.                                                                        | [36m13882 ns[0m
[INFO][0m[92m[PRIM][0m               Core 4 start compute primitive Sram_lifecycle.                                                                 | [36m13886 ns[0m
[INFO][0m[92m[PRIM][0m               Core 4 end compute primitive Sram_lifecycle.                                                                   | [36m13886 ns[0m
[INFO][0m[92m[PRIM][0m               Core 4 start compute primitive Sram_bind_oneshot.                                                              | [36m13892 ns[0m
[INFO][0m[92m[PRIM][0m               Core 4 end compute primitive Sram_bind_oneshot.                                                                | [36m13892 ns[0m
[INFO][0m[92m[PRIM][0m               Core 4 start compute primitive Matmul_f.                                                                       | [36m13898 ns[0m
[INFO][0m[92m[PRIM][0m               Core 12 start compute primitive Sram_lifecycle.                                                                | [36m13900 ns[0m
[INFO][0m[92m[PRIM][0m               Core 12 end compute primitive Sram_lifecycle.                                                                  | [36m13900 ns[0m
[INFO][0m[92m[PRIM][0m               Core 4 end compute primitive Matmul_f.                                                                         | [36m13906 ns[0m
[INFO][0m[92m[PRIM][0m               Core 4 start compute primitive Sram_lifecycle.                                                                 | [36m13912 ns[0m
[INFO][0m[92m[PRIM][0m               Core 4 end compute primitive Sram_lifecycle.                                                                   | [36m13912 ns[0m
[INFO][0m[92m[PRIM][0m               Core 4 start compute primitive Sram_lifecycle.                                                                 | [36m13918 ns[0m
[INFO][0m[92m[PRIM][0m               Core 4 end compute primitive Sram_lifecycle.                                                                   | [36m13918 ns[0m
[INFO][0m[92m[PRIM][0m               Core 8 start compute primitive Sram_lifecycle.                                                                 | [36m13934 ns[0m
[INFO][0m[92m[PRIM][0m               Core 8 end compute primitive Sram_lifecycle.                                                                   | [36m13934 ns[0m
[INFO][0m[92m[PRIM][0m               Core 0 end compute primitive Lsu_mem.                                                                          | [36m13952 ns[0m
[INFO][0m[92m[PRIM][0m               Core 8 start compute primitive Sram_lifecycle.                                                                 | [36m13958 ns[0m
[INFO][0m[92m[PRIM][0m               Core 0 start compute primitive Sram_lifecycle.                                                                 | [36m13958 ns[0m
[INFO][0m[92m[PRIM][0m               Core 0 end compute primitive Sram_lifecycle.                                                                   | [36m13958 ns[0m
[INFO][0m[92m[PRIM][0m               Core 8 end compute primitive Sram_lifecycle.                                                                   | [36m13958 ns[0m
[INFO][0m[92m[PRIM][0m               Core 8 start compute primitive Collective_data_v1_prim.                                                        | [36m13964 ns[0m
[INFO][0m[92m[PRIM][0m               Core 0 start compute primitive Sram_bind_oneshot.                                                              | [36m13964 ns[0m
[INFO][0m[92m[PRIM][0m               Core 0 end compute primitive Sram_bind_oneshot.                                                                | [36m13964 ns[0m
[INFO][0m[92m[PRIM][0m               Core 0 start compute primitive rmsnorm_forward.                                                                | [36m13970 ns[0m
[INFO][0m[92m[PRIM][0m               Core 0 end compute primitive rmsnorm_forward.                                                                  | [36m13972 ns[0m
[INFO][0m[92m[PRIM][0m               Core 0 start compute primitive Sram_lifecycle.                                                                 | [36m13978 ns[0m
[INFO][0m[92m[PRIM][0m               Core 0 end compute primitive Sram_lifecycle.                                                                   | [36m13978 ns[0m
[INFO][0m[92m[PRIM][0m               Core 0 start compute primitive Sram_lifecycle.                                                                 | [36m13984 ns[0m
[INFO][0m[92m[PRIM][0m               Core 0 end compute primitive Sram_lifecycle.                                                                   | [36m13984 ns[0m
[INFO][0m[92m[PRIM][0m               Core 4 start compute primitive Sram_lifecycle.                                                                 | [36m13988 ns[0m
[INFO][0m[92m[PRIM][0m               Core 4 end compute primitive Sram_lifecycle.                                                                   | [36m13988 ns[0m
[INFO][0m[92m[PRIM][0m               Core 0 start compute primitive Sram_lifecycle.                                                                 | [36m13990 ns[0m
[INFO][0m[92m[PRIM][0m               Core 0 end compute primitive Sram_lifecycle.                                                                   | [36m13990 ns[0m
[INFO][0m[92m[PRIM][0m               Core 8 end compute primitive Collective_data_v1_prim.                                                          | [36m13994 ns[0m
[INFO][0m[92m[PRIM][0m               Core 4 start compute primitive Sram_lifecycle.                                                                 | [36m13994 ns[0m
[INFO][0m[92m[PRIM][0m               Core 4 end compute primitive Sram_lifecycle.                                                                   | [36m13994 ns[0m
[INFO][0m[92m[PRIM][0m               Core 0 start compute primitive Lsu_mem.                                                                        | [36m13996 ns[0m
[INFO][0m[92m[PRIM][0m               Core 4 start compute primitive Sram_bind_oneshot.                                                              | [36m14 us[0m
[INFO][0m[92m[PRIM][0m               Core 8 start compute primitive Sram_lifecycle.                                                                 | [36m14 us[0m
[INFO][0m[92m[PRIM][0m               Core 8 end compute primitive Sram_lifecycle.                                                                   | [36m14 us[0m
[INFO][0m[92m[PRIM][0m               Core 4 end compute primitive Sram_bind_oneshot.                                                                | [36m14 us[0m
[INFO][0m[92m[PRIM][0m               Core 8 start compute primitive Sram_lifecycle.                                                                 | [36m14006 ns[0m
[INFO][0m[92m[PRIM][0m               Core 4 start compute primitive Residual_f.                                                                     | [36m14006 ns[0m
[INFO][0m[92m[PRIM][0m               Core 4 end compute primitive Residual_f.                                                                       | [36m14006 ns[0m
[INFO][0m[92m[PRIM][0m               Core 8 end compute primitive Sram_lifecycle.                                                                   | [36m14006 ns[0m
[INFO][0m[92m[PRIM][0m               Core 4 start compute primitive Sram_lifecycle.                                                                 | [36m14012 ns[0m
[INFO][0m[92m[PRIM][0m               Core 8 start compute primitive Sram_lifecycle.                                                                 | [36m14012 ns[0m
[INFO][0m[92m[PRIM][0m               Core 8 end compute primitive Sram_lifecycle.                                                                   | [36m14012 ns[0m
[INFO][0m[92m[PRIM][0m               Core 4 end compute primitive Sram_lifecycle.                                                                   | [36m14012 ns[0m
[INFO][0m[92m[PRIM][0m               Core 4 start compute primitive Sram_lifecycle.                                                                 | [36m14018 ns[0m
[INFO][0m[92m[PRIM][0m               Core 8 start compute primitive Sram_lifecycle.                                                                 | [36m14018 ns[0m
[INFO][0m[92m[PRIM][0m               Core 8 end compute primitive Sram_lifecycle.                                                                   | [36m14018 ns[0m
[INFO][0m[92m[PRIM][0m               Core 4 end compute primitive Sram_lifecycle.                                                                   | [36m14018 ns[0m
[INFO][0m[92m[PRIM][0m               Core 4 start compute primitive Sram_lifecycle.                                                                 | [36m14024 ns[0m
[INFO][0m[92m[PRIM][0m               Core 8 start compute primitive Sram_lifecycle.                                                                 | [36m14024 ns[0m
[INFO][0m[92m[PRIM][0m               Core 8 end compute primitive Sram_lifecycle.                                                                   | [36m14024 ns[0m
[INFO][0m[92m[PRIM][0m               Core 4 end compute primitive Sram_lifecycle.                                                                   | [36m14024 ns[0m
[INFO][0m[92m[PRIM][0m               Core 12 start compute primitive Sram_lifecycle.                                                                | [36m14028 ns[0m
[INFO][0m[92m[PRIM][0m               Core 12 end compute primitive Sram_lifecycle.                                                                  | [36m14028 ns[0m
[INFO][0m[92m[PRIM][0m               Core 4 start compute primitive Lsu_mem.                                                                        | [36m14030 ns[0m
[INFO][0m[92m[PRIM][0m               Core 8 start compute primitive Sram_lifecycle.                                                                 | [36m14030 ns[0m
[INFO][0m[92m[PRIM][0m               Core 8 end compute primitive Sram_lifecycle.                                                                   | [36m14030 ns[0m
[INFO][0m[92m[PRIM][0m               Core 8 start compute primitive Sram_bind_oneshot.                                                              | [36m14036 ns[0m
[INFO][0m[92m[PRIM][0m               Core 8 end compute primitive Sram_bind_oneshot.                                                                | [36m14036 ns[0m
[INFO][0m[92m[PRIM][0m               Core 8 start compute primitive Matmul_f.                                                                       | [36m14042 ns[0m
[INFO][0m[92m[PRIM][0m               Core 8 end compute primitive Matmul_f.                                                                         | [36m14050 ns[0m
[INFO][0m[92m[PRIM][0m               Core 8 start compute primitive Sram_lifecycle.                                                                 | [36m14056 ns[0m
[INFO][0m[92m[PRIM][0m               Core 8 end compute primitive Sram_lifecycle.                                                                   | [36m14056 ns[0m
[INFO][0m[92m[PRIM][0m               Core 8 start compute primitive Sram_lifecycle.                                                                 | [36m14062 ns[0m
[INFO][0m[92m[PRIM][0m               Core 8 end compute primitive Sram_lifecycle.                                                                   | [36m14062 ns[0m
[INFO][0m[92m[PRIM][0m               Core 4 end compute primitive Lsu_mem.                                                                          | [36m14097 ns[0m
[INFO][0m[92m[PRIM][0m               Core 4 start compute primitive Sram_lifecycle.                                                                 | [36m14103 ns[0m
[INFO][0m[92m[PRIM][0m               Core 4 end compute primitive Sram_lifecycle.                                                                   | [36m14103 ns[0m
[INFO][0m[92m[PRIM][0m               Core 4 start compute primitive Sram_bind_oneshot.                                                              | [36m14109 ns[0m
[INFO][0m[92m[PRIM][0m               Core 4 end compute primitive Sram_bind_oneshot.                                                                | [36m14109 ns[0m
[INFO][0m[92m[PRIM][0m               Core 4 start compute primitive rmsnorm_forward.                                                                | [36m14115 ns[0m
[INFO][0m[92m[PRIM][0m               Core 4 end compute primitive rmsnorm_forward.                                                                  | [36m14117 ns[0m
[INFO][0m[92m[PRIM][0m               Core 4 start compute primitive Sram_lifecycle.                                                                 | [36m14123 ns[0m
[INFO][0m[92m[PRIM][0m               Core 4 end compute primitive Sram_lifecycle.                                                                   | [36m14123 ns[0m
[INFO][0m[92m[PRIM][0m               Core 4 start compute primitive Sram_lifecycle.                                                                 | [36m14129 ns[0m
[INFO][0m[92m[PRIM][0m               Core 4 end compute primitive Sram_lifecycle.                                                                   | [36m14129 ns[0m
[INFO][0m[92m[PRIM][0m               Core 8 start compute primitive Sram_lifecycle.                                                                 | [36m14132 ns[0m
[INFO][0m[92m[PRIM][0m               Core 8 end compute primitive Sram_lifecycle.                                                                   | [36m14132 ns[0m
[INFO][0m[92m[PRIM][0m               Core 4 start compute primitive Sram_lifecycle.                                                                 | [36m14135 ns[0m
[INFO][0m[92m[PRIM][0m               Core 4 end compute primitive Sram_lifecycle.                                                                   | [36m14135 ns[0m
[INFO][0m[92m[PRIM][0m               Core 8 start compute primitive Sram_lifecycle.                                                                 | [36m14138 ns[0m
[INFO][0m[92m[PRIM][0m               Core 8 end compute primitive Sram_lifecycle.                                                                   | [36m14138 ns[0m
[INFO][0m[92m[PRIM][0m               Core 4 start compute primitive Lsu_mem.                                                                        | [36m14141 ns[0m
[INFO][0m[92m[PRIM][0m               Core 8 start compute primitive Sram_bind_oneshot.                                                              | [36m14144 ns[0m
[INFO][0m[92m[PRIM][0m               Core 8 end compute primitive Sram_bind_oneshot.                                                                | [36m14144 ns[0m
[INFO][0m[92m[PRIM][0m               Core 8 start compute primitive Residual_f.                                                                     | [36m14150 ns[0m
[INFO][0m[92m[PRIM][0m               Core 8 end compute primitive Residual_f.                                                                       | [36m14150 ns[0m
[INFO][0m[92m[PRIM][0m               Core 8 start compute primitive Sram_lifecycle.                                                                 | [36m14156 ns[0m
[INFO][0m[92m[PRIM][0m               Core 8 end compute primitive Sram_lifecycle.                                                                   | [36m14156 ns[0m
[INFO][0m[92m[PRIM][0m               Core 8 start compute primitive Sram_lifecycle.                                                                 | [36m14162 ns[0m
[INFO][0m[92m[PRIM][0m               Core 8 end compute primitive Sram_lifecycle.                                                                   | [36m14162 ns[0m
[INFO][0m[92m[PRIM][0m               Core 8 start compute primitive Sram_lifecycle.                                                                 | [36m14168 ns[0m
[INFO][0m[92m[PRIM][0m               Core 8 end compute primitive Sram_lifecycle.                                                                   | [36m14168 ns[0m
[INFO][0m[92m[PRIM][0m               Core 12 start compute primitive Sram_lifecycle.                                                                | [36m14172 ns[0m
[INFO][0m[92m[PRIM][0m               Core 12 end compute primitive Sram_lifecycle.                                                                  | [36m14172 ns[0m
[INFO][0m[92m[PRIM][0m               Core 8 start compute primitive Lsu_mem.                                                                        | [36m14174 ns[0m
[INFO][0m[92m[PRIM][0m               Core 12 start compute primitive Collective_data_v1_prim.                                                       | [36m14178 ns[0m
[INFO][0m[92m[PRIM][0m               Core 12 end compute primitive Collective_data_v1_prim.                                                         | [36m14208 ns[0m
[INFO][0m[92m[PRIM][0m               Core 12 start compute primitive Sram_lifecycle.                                                                | [36m14214 ns[0m
[INFO][0m[92m[PRIM][0m               Core 12 end compute primitive Sram_lifecycle.                                                                  | [36m14214 ns[0m
[INFO][0m[92m[PRIM][0m               Core 12 start compute primitive Sram_lifecycle.                                                                | [36m14220 ns[0m
[INFO][0m[92m[PRIM][0m               Core 12 end compute primitive Sram_lifecycle.                                                                  | [36m14220 ns[0m
[INFO][0m[92m[PRIM][0m               Core 12 start compute primitive Sram_lifecycle.                                                                | [36m14226 ns[0m
[INFO][0m[92m[PRIM][0m               Core 12 end compute primitive Sram_lifecycle.                                                                  | [36m14226 ns[0m
[INFO][0m[92m[PRIM][0m               Core 12 start compute primitive Sram_lifecycle.                                                                | [36m14232 ns[0m
[INFO][0m[92m[PRIM][0m               Core 12 end compute primitive Sram_lifecycle.                                                                  | [36m14232 ns[0m
[INFO][0m[92m[PRIM][0m               Core 12 start compute primitive Sram_lifecycle.                                                                | [36m14238 ns[0m
[INFO][0m[92m[PRIM][0m               Core 12 end compute primitive Sram_lifecycle.                                                                  | [36m14238 ns[0m
[INFO][0m[92m[PRIM][0m               Core 8 end compute primitive Lsu_mem.                                                                          | [36m14242 ns[0m
[INFO][0m[92m[PRIM][0m               Core 12 start compute primitive Sram_bind_oneshot.                                                             | [36m14244 ns[0m
[INFO][0m[92m[PRIM][0m               Core 12 end compute primitive Sram_bind_oneshot.                                                               | [36m14244 ns[0m
[INFO][0m[92m[PRIM][0m               Core 8 start compute primitive Sram_lifecycle.                                                                 | [36m14248 ns[0m
[INFO][0m[92m[PRIM][0m               Core 8 end compute primitive Sram_lifecycle.                                                                   | [36m14248 ns[0m
[INFO][0m[92m[PRIM][0m               Core 12 start compute primitive Residual_f.                                                                    | [36m14250 ns[0m
[INFO][0m[92m[PRIM][0m               Core 12 end compute primitive Residual_f.                                                                      | [36m14250 ns[0m
[INFO][0m[92m[PRIM][0m               Core 8 start compute primitive Sram_bind_oneshot.                                                              | [36m14254 ns[0m
[INFO][0m[92m[PRIM][0m               Core 8 end compute primitive Sram_bind_oneshot.                                                                | [36m14254 ns[0m
[INFO][0m[92m[PRIM][0m               Core 12 start compute primitive Sram_lifecycle.                                                                | [36m14256 ns[0m
[INFO][0m[92m[PRIM][0m               Core 12 end compute primitive Sram_lifecycle.                                                                  | [36m14256 ns[0m
[INFO][0m[92m[PRIM][0m               Core 8 start compute primitive rmsnorm_forward.                                                                | [36m14260 ns[0m
[INFO][0m[92m[PRIM][0m               Core 12 start compute primitive Sram_lifecycle.                                                                | [36m14262 ns[0m
[INFO][0m[92m[PRIM][0m               Core 8 end compute primitive rmsnorm_forward.                                                                  | [36m14262 ns[0m
[INFO][0m[92m[PRIM][0m               Core 12 end compute primitive Sram_lifecycle.                                                                  | [36m14262 ns[0m
[INFO][0m[92m[PRIM][0m               Core 12 start compute primitive Sram_lifecycle.                                                                | [36m14268 ns[0m
[INFO][0m[92m[PRIM][0m               Core 8 start compute primitive Sram_lifecycle.                                                                 | [36m14268 ns[0m
[INFO][0m[92m[PRIM][0m               Core 8 end compute primitive Sram_lifecycle.                                                                   | [36m14268 ns[0m
[INFO][0m[92m[PRIM][0m               Core 12 end compute primitive Sram_lifecycle.                                                                  | [36m14268 ns[0m
[INFO][0m[92m[PRIM][0m               Core 8 start compute primitive Sram_lifecycle.                                                                 | [36m14274 ns[0m
[INFO][0m[92m[PRIM][0m               Core 12 start compute primitive Lsu_mem.                                                                       | [36m14274 ns[0m
[INFO][0m[92m[PRIM][0m               Core 8 end compute primitive Sram_lifecycle.                                                                   | [36m14274 ns[0m
[INFO][0m[92m[PRIM][0m               Core 8 start compute primitive Sram_lifecycle.                                                                 | [36m14280 ns[0m
[INFO][0m[92m[PRIM][0m               Core 8 end compute primitive Sram_lifecycle.                                                                   | [36m14280 ns[0m
[INFO][0m[92m[PRIM][0m               Core 8 start compute primitive Lsu_mem.                                                                        | [36m14286 ns[0m
[INFO][0m[92m[PRIM][0m               Core 12 end compute primitive Lsu_mem.                                                                         | [36m14341 ns[0m
[INFO][0m[92m[PRIM][0m               Core 12 start compute primitive Sram_lifecycle.                                                                | [36m14347 ns[0m
[INFO][0m[92m[PRIM][0m               Core 12 end compute primitive Sram_lifecycle.                                                                  | [36m14347 ns[0m
[INFO][0m[92m[PRIM][0m               Core 12 start compute primitive Sram_bind_oneshot.                                                             | [36m14353 ns[0m
[INFO][0m[92m[PRIM][0m               Core 12 end compute primitive Sram_bind_oneshot.                                                               | [36m14353 ns[0m
[INFO][0m[92m[PRIM][0m               Core 12 start compute primitive rmsnorm_forward.                                                               | [36m14359 ns[0m
[INFO][0m[92m[PRIM][0m               Core 12 end compute primitive rmsnorm_forward.                                                                 | [36m14361 ns[0m
[INFO][0m[92m[PRIM][0m               Core 12 start compute primitive Sram_lifecycle.                                                                | [36m14367 ns[0m
[INFO][0m[92m[PRIM][0m               Core 12 end compute primitive Sram_lifecycle.                                                                  | [36m14367 ns[0m
[INFO][0m[92m[PRIM][0m               Core 12 start compute primitive Sram_lifecycle.                                                                | [36m14373 ns[0m
[INFO][0m[92m[PRIM][0m               Core 12 end compute primitive Sram_lifecycle.                                                                  | [36m14373 ns[0m
[INFO][0m[92m[PRIM][0m               Core 12 start compute primitive Sram_lifecycle.                                                                | [36m14379 ns[0m
[INFO][0m[92m[PRIM][0m               Core 12 end compute primitive Sram_lifecycle.                                                                  | [36m14379 ns[0m
[INFO][0m[92m[PRIM][0m               Core 12 start compute primitive Lsu_mem.                                                                       | [36m14385 ns[0m
[INFO][0m[92m[PRIM][0m               Core 0 end compute primitive Lsu_mem.                                                                          | [36m14533 ns[0m
[INFO][0m[92m[PRIM][0m               Core 0 start compute primitive Sram_lifecycle.                                                                 | [36m14539 ns[0m
[INFO][0m[92m[PRIM][0m               Core 0 end compute primitive Sram_lifecycle.                                                                   | [36m14539 ns[0m
[INFO][0m[92m[PRIM][0m               Core 0 start compute primitive Sram_bind_oneshot.                                                              | [36m14545 ns[0m
[INFO][0m[92m[PRIM][0m               Core 0 end compute primitive Sram_bind_oneshot.                                                                | [36m14545 ns[0m
[INFO][0m[92m[PRIM][0m               Core 0 start compute primitive Matmul_f.                                                                       | [36m14551 ns[0m
[INFO][0m[92m[PRIM][0m               Core 0 end compute primitive Matmul_f.                                                                         | [36m14583 ns[0m
[INFO][0m[92m[PRIM][0m               Core 0 start compute primitive Sram_lifecycle.                                                                 | [36m14589 ns[0m
[INFO][0m[92m[PRIM][0m               Core 0 end compute primitive Sram_lifecycle.                                                                   | [36m14589 ns[0m
[INFO][0m[92m[PRIM][0m               Core 0 start compute primitive Sram_lifecycle.                                                                 | [36m14595 ns[0m
[INFO][0m[92m[PRIM][0m               Core 0 end compute primitive Sram_lifecycle.                                                                   | [36m14595 ns[0m
[INFO][0m[92m[PRIM][0m               Core 0 start compute primitive Sram_lifecycle.                                                                 | [36m14601 ns[0m
[INFO][0m[92m[PRIM][0m               Core 0 end compute primitive Sram_lifecycle.                                                                   | [36m14601 ns[0m
[INFO][0m[92m[PRIM][0m               Core 0 start send primitive SEND_DONE.                                                                         | [36m14607 ns[0m
[INFO][0m[92m[PRIM][0m               Core 0 end send primitive SEND_DONE.                                                                           | [36m14611 ns[0m
[INFO][0m[92m[PRIM][0m               Core 0 start receive primitive RECV_START.                                                                     | [36m14617 ns[0m
[INFO][0m[92m[MEM_INTF][0m           End DONE reception.                                                                                            | [36m14617 ns[0m
[INFO][0m[92m[PRIM][0m               Core 4 end compute primitive Lsu_mem.                                                                          | [36m14678 ns[0m
[INFO][0m[92m[PRIM][0m               Core 4 start compute primitive Sram_lifecycle.                                                                 | [36m14684 ns[0m
[INFO][0m[92m[PRIM][0m               Core 4 end compute primitive Sram_lifecycle.                                                                   | [36m14684 ns[0m
[INFO][0m[92m[PRIM][0m               Core 4 start compute primitive Sram_bind_oneshot.                                                              | [36m14690 ns[0m
[INFO][0m[92m[PRIM][0m               Core 4 end compute primitive Sram_bind_oneshot.                                                                | [36m14690 ns[0m
[INFO][0m[92m[PRIM][0m               Core 4 start compute primitive Matmul_f.                                                                       | [36m14696 ns[0m
[INFO][0m[92m[PRIM][0m               Core 4 end compute primitive Matmul_f.                                                                         | [36m14728 ns[0m
[INFO][0m[92m[PRIM][0m               Core 4 start compute primitive Sram_lifecycle.                                                                 | [36m14734 ns[0m
[INFO][0m[92m[PRIM][0m               Core 4 end compute primitive Sram_lifecycle.                                                                   | [36m14734 ns[0m
[INFO][0m[92m[PRIM][0m               Core 4 start compute primitive Sram_lifecycle.                                                                 | [36m14740 ns[0m
[INFO][0m[92m[PRIM][0m               Core 4 end compute primitive Sram_lifecycle.                                                                   | [36m14740 ns[0m
[INFO][0m[92m[PRIM][0m               Core 4 start compute primitive Sram_lifecycle.                                                                 | [36m14746 ns[0m
[INFO][0m[92m[PRIM][0m               Core 4 end compute primitive Sram_lifecycle.                                                                   | [36m14746 ns[0m
[INFO][0m[92m[PRIM][0m               Core 4 start send primitive SEND_DONE.                                                                         | [36m14752 ns[0m
[INFO][0m[92m[PRIM][0m               Core 4 end send primitive SEND_DONE.                                                                           | [36m14756 ns[0m
[INFO][0m[92m[PRIM][0m               Core 4 start receive primitive RECV_START.                                                                     | [36m14762 ns[0m
[INFO][0m[92m[MEM_INTF][0m           End DONE reception.                                                                                            | [36m14762 ns[0m
[INFO][0m[92m[PRIM][0m               Core 8 end compute primitive Lsu_mem.                                                                          | [36m14823 ns[0m
[INFO][0m[92m[PRIM][0m               Core 8 start compute primitive Sram_lifecycle.                                                                 | [36m14829 ns[0m
[INFO][0m[92m[PRIM][0m               Core 8 end compute primitive Sram_lifecycle.                                                                   | [36m14829 ns[0m
[INFO][0m[92m[PRIM][0m               Core 8 start compute primitive Sram_bind_oneshot.                                                              | [36m14835 ns[0m
[INFO][0m[92m[PRIM][0m               Core 8 end compute primitive Sram_bind_oneshot.                                                                | [36m14835 ns[0m
[INFO][0m[92m[PRIM][0m               Core 8 start compute primitive Matmul_f.                                                                       | [36m14841 ns[0m
[INFO][0m[92m[PRIM][0m               Core 8 end compute primitive Matmul_f.                                                                         | [36m14873 ns[0m
[INFO][0m[92m[PRIM][0m               Core 8 start compute primitive Sram_lifecycle.                                                                 | [36m14879 ns[0m
[INFO][0m[92m[PRIM][0m               Core 8 end compute primitive Sram_lifecycle.                                                                   | [36m14879 ns[0m
[INFO][0m[92m[PRIM][0m               Core 8 start compute primitive Sram_lifecycle.                                                                 | [36m14885 ns[0m
[INFO][0m[92m[PRIM][0m               Core 8 end compute primitive Sram_lifecycle.                                                                   | [36m14885 ns[0m
[INFO][0m[92m[PRIM][0m               Core 8 start compute primitive Sram_lifecycle.                                                                 | [36m14891 ns[0m
[INFO][0m[92m[PRIM][0m               Core 8 end compute primitive Sram_lifecycle.                                                                   | [36m14891 ns[0m
[INFO][0m[92m[PRIM][0m               Core 8 start send primitive SEND_DONE.                                                                         | [36m14897 ns[0m
[INFO][0m[92m[PRIM][0m               Core 8 end send primitive SEND_DONE.                                                                           | [36m14901 ns[0m
[INFO][0m[92m[PRIM][0m               Core 8 start receive primitive RECV_START.                                                                     | [36m14907 ns[0m
[INFO][0m[92m[MEM_INTF][0m           End DONE reception.                                                                                            | [36m14907 ns[0m
[INFO][0m[92m[PRIM][0m               Core 12 end compute primitive Lsu_mem.                                                                         | [36m14922 ns[0m
[INFO][0m[92m[PRIM][0m               Core 12 start compute primitive Sram_lifecycle.                                                                | [36m14928 ns[0m
[INFO][0m[92m[PRIM][0m               Core 12 end compute primitive Sram_lifecycle.                                                                  | [36m14928 ns[0m
[INFO][0m[92m[PRIM][0m               Core 12 start compute primitive Sram_bind_oneshot.                                                             | [36m14934 ns[0m
[INFO][0m[92m[PRIM][0m               Core 12 end compute primitive Sram_bind_oneshot.                                                               | [36m14934 ns[0m
[INFO][0m[92m[PRIM][0m               Core 12 start compute primitive Matmul_f.                                                                      | [36m14940 ns[0m
[INFO][0m[92m[PRIM][0m               Core 12 end compute primitive Matmul_f.                                                                        | [36m14972 ns[0m
[INFO][0m[92m[PRIM][0m               Core 12 start compute primitive Sram_lifecycle.                                                                | [36m14978 ns[0m
[INFO][0m[92m[PRIM][0m               Core 12 end compute primitive Sram_lifecycle.                                                                  | [36m14978 ns[0m
[INFO][0m[92m[PRIM][0m               Core 12 start compute primitive Sram_lifecycle.                                                                | [36m14984 ns[0m
[INFO][0m[92m[PRIM][0m               Core 12 end compute primitive Sram_lifecycle.                                                                  | [36m14984 ns[0m
[INFO][0m[92m[PRIM][0m               Core 12 start compute primitive Sram_lifecycle.                                                                | [36m14990 ns[0m
[INFO][0m[92m[PRIM][0m               Core 12 end compute primitive Sram_lifecycle.                                                                  | [36m14990 ns[0m
[INFO][0m[92m[PRIM][0m               Core 12 start send primitive SEND_DONE.                                                                        | [36m14996 ns[0m
[INFO][0m[92m[PRIM][0m               Core 12 end send primitive SEND_DONE.                                                                          | [36m15 us[0m
[INFO][0m[92m[PRIM][0m               Core 12 start receive primitive RECV_START.                                                                    | [36m15006 ns[0m
[INFO][0m[92m[MEM_INTF][0m           End DONE reception.                                                                                            | [36m15006 ns[0m

Info: /OSCI/SystemC: Simulation stopped by user.
[SIM_RESULT] makespan_cycles=7503
[PROGRAM_MEMORY] core=0 lsu_issued=19 lsu_completed=19 lsu_hbm_read_bytes=4768 lsu_hbm_write_bytes=256 lsu_sram_read_bytes=256 lsu_sram_write_bytes=4768 lsu_residual=0 dte_residual=0
[PROGRAM_MEMORY] core=4 lsu_issued=19 lsu_completed=19 lsu_hbm_read_bytes=4768 lsu_hbm_write_bytes=256 lsu_sram_read_bytes=256 lsu_sram_write_bytes=4768 lsu_residual=0 dte_residual=0
[PROGRAM_MEMORY] core=8 lsu_issued=19 lsu_completed=19 lsu_hbm_read_bytes=4768 lsu_hbm_write_bytes=256 lsu_sram_read_bytes=256 lsu_sram_write_bytes=4768 lsu_residual=0 dte_residual=0
[PROGRAM_MEMORY] core=12 lsu_issued=19 lsu_completed=19 lsu_hbm_read_bytes=4768 lsu_hbm_write_bytes=256 lsu_sram_read_bytes=256 lsu_sram_write_bytes=4768 lsu_residual=0 dte_residual=0
[PROGRAM_IO_PROBE] id=program_output_probe_bf05e5a97b384fec core=0 address=8832 bytes=128 expected_checksum=38723a2e5e8a17aa7950dc008209944e898f69a7bd10a23c839d341e935fd5ca checksum=38723a2e5e8a17aa7950dc008209944e898f69a7bd10a23c839d341e935fd5ca valid=1 exact=1 pass=1
[PROGRAM_IO_PROBE] id=program_output_probe_3d350e1ad5f83487 core=4 address=8832 bytes=128 expected_checksum=38723a2e5e8a17aa7950dc008209944e898f69a7bd10a23c839d341e935fd5ca checksum=38723a2e5e8a17aa7950dc008209944e898f69a7bd10a23c839d341e935fd5ca valid=1 exact=1 pass=1
[PROGRAM_IO_PROBE] id=program_output_probe_a47dd7bd14a22688 core=8 address=8832 bytes=128 expected_checksum=38723a2e5e8a17aa7950dc008209944e898f69a7bd10a23c839d341e935fd5ca checksum=38723a2e5e8a17aa7950dc008209944e898f69a7bd10a23c839d341e935fd5ca valid=1 exact=1 pass=1
[PROGRAM_IO_PROBE] id=program_output_probe_417764755a96eedd core=12 address=8832 bytes=128 expected_checksum=38723a2e5e8a17aa7950dc008209944e898f69a7bd10a23c839d341e935fd5ca checksum=38723a2e5e8a17aa7950dc008209944e898f69a7bd10a23c839d341e935fd5ca valid=1 exact=1 pass=1
[PROGRAM_IO] phase=verify mode=timing initializations=432 probes=4 checksum=dfe98033b632f1604c499e619d2aa6a6c0a5b0c55a7b13495a10a061fc032ac2 pass=1
[INFO][0m[92m[SYSTEM][0m             [D2D] in_pkts=928 out_pkts=928 busy_cycles=0 stall_cycles=0.                                                   | [36m15006 ns[0m
[INFO][0m[92m[SYSTEM][0m             [D2D_TYPE] request_in=128 request_out=128 ack_in=256 ack_out=256 data_in=512 data_out=512.                     | [36m15006 ns[0m
[INFO][0m[92m[SYSTEM][0m             [D2D_DATA] in_pkts=512 out_pkts=512 in_seqhash=3785301266814725379 out_seqhash=6355895523387308061 in_csum=6028460293678986779 out_csum=3465513686079730251 out_inorder=0 out_minseq=1 out_maxseq=4 out_endseq=4 out_end_count=128 out_end_length=128 in_first_cycle=2133 in_last_cycle=7070 out_first_cycle=2136 out_last_cycle=7073. | [36m15006 ns[0m
[INFO][0m[92m[SYSTEM][0m             [V5_SUBFLOW] idx=0 source=0 tag=2 subflow=0 in=4 out=4 in_seqhash=15523928324350559131 out_seqhash=15523928324350559131 in_csum=1806765951601263986 out_csum=1806765951601263986 inorder=1 minseq=1 maxseq=4 endseq=4 ends=1 end_length=128. | [36m15006 ns[0m
[INFO][0m[92m[SYSTEM][0m             [V5_SUBFLOW] idx=0 source=0 tag=5 subflow=0 in=4 out=4 in_seqhash=15523928324350559131 out_seqhash=15523928324350559131 in_csum=11923328458303128946 out_csum=11923328458303128946 inorder=1 minseq=1 maxseq=4 endseq=4 ends=1 end_length=128. | [36m15006 ns[0m
[INFO][0m[92m[SYSTEM][0m             [V5_SUBFLOW] idx=0 source=0 tag=8 subflow=0 in=4 out=4 in_seqhash=15523928324350559131 out_seqhash=15523928324350559131 in_csum=6829686911002920306 out_csum=6829686911002920306 inorder=1 minseq=1 maxseq=4 endseq=4 ends=1 end_length=128. | [36m15006 ns[0m
[INFO][0m[92m[SYSTEM][0m             [V5_SUBFLOW] idx=0 source=0 tag=11 subflow=0 in=4 out=4 in_seqhash=15523928324350559131 out_seqhash=15523928324350559131 in_csum=6570659563684939122 out_csum=6570659563684939122 inorder=1 minseq=1 maxseq=4 endseq=4 ends=1 end_length=128. | [36m15006 ns[0m
[INFO][0m[92m[SYSTEM][0m             [V5_SUBFLOW] idx=0 source=0 tag=14 subflow=0 in=4 out=4 in_seqhash=15523928324350559131 out_seqhash=15523928324350559131 in_csum=3518415284978763122 out_csum=3518415284978763122 inorder=1 minseq=1 maxseq=4 endseq=4 ends=1 end_length=128. | [36m15006 ns[0m
[INFO][0m[92m[SYSTEM][0m             [V5_SUBFLOW] idx=0 source=0 tag=17 subflow=0 in=4 out=4 in_seqhash=15523928324350559131 out_seqhash=15523928324350559131 in_csum=15175771814194759026 out_csum=15175771814194759026 inorder=1 minseq=1 maxseq=4 endseq=4 ends=1 end_length=128. | [36m15006 ns[0m
[INFO][0m[92m[SYSTEM][0m             [V5_SUBFLOW] idx=0 source=0 tag=20 subflow=0 in=4 out=4 in_seqhash=15523928324350559131 out_seqhash=15523928324350559131 in_csum=11813764323618506098 out_csum=11813764323618506098 inorder=1 minseq=1 maxseq=4 endseq=4 ends=1 end_length=128. | [36m15006 ns[0m
[INFO][0m[92m[SYSTEM][0m             [V5_SUBFLOW] idx=0 source=0 tag=23 subflow=0 in=4 out=4 in_seqhash=15523928324350559131 out_seqhash=15523928324350559131 in_csum=16317575057221535090 out_csum=16317575057221535090 inorder=1 minseq=1 maxseq=4 endseq=4 ends=1 end_length=128. | [36m15006 ns[0m
[INFO][0m[92m[SYSTEM][0m             [V5_SUBFLOW] idx=0 source=4 tag=2 subflow=0 in=4 out=4 in_seqhash=15523928324350559131 out_seqhash=15523928324350559131 in_csum=1806765951601263986 out_csum=1806765951601263986 inorder=1 minseq=1 maxseq=4 endseq=4 ends=1 end_length=128. | [36m15006 ns[0m
[INFO][0m[92m[SYSTEM][0m             [V5_SUBFLOW] idx=0 source=4 tag=5 subflow=0 in=4 out=4 in_seqhash=15523928324350559131 out_seqhash=15523928324350559131 in_csum=11923328458303128946 out_csum=11923328458303128946 inorder=1 minseq=1 maxseq=4 endseq=4 ends=1 end_length=128. | [36m15006 ns[0m
[INFO][0m[92m[SYSTEM][0m             [V5_SUBFLOW] idx=0 source=4 tag=8 subflow=0 in=4 out=4 in_seqhash=15523928324350559131 out_seqhash=15523928324350559131 in_csum=6829686911002920306 out_csum=6829686911002920306 inorder=1 minseq=1 maxseq=4 endseq=4 ends=1 end_length=128. | [36m15006 ns[0m
[INFO][0m[92m[SYSTEM][0m             [V5_SUBFLOW] idx=0 source=4 tag=11 subflow=0 in=4 out=4 in_seqhash=15523928324350559131 out_seqhash=15523928324350559131 in_csum=6570659563684939122 out_csum=6570659563684939122 inorder=1 minseq=1 maxseq=4 endseq=4 ends=1 end_length=128. | [36m15006 ns[0m
[INFO][0m[92m[SYSTEM][0m             [V5_SUBFLOW] idx=0 source=4 tag=14 subflow=0 in=4 out=4 in_seqhash=15523928324350559131 out_seqhash=15523928324350559131 in_csum=3518415284978763122 out_csum=3518415284978763122 inorder=1 minseq=1 maxseq=4 endseq=4 ends=1 end_length=128. | [36m15006 ns[0m
[INFO][0m[92m[SYSTEM][0m             [V5_SUBFLOW] idx=0 source=4 tag=17 subflow=0 in=4 out=4 in_seqhash=15523928324350559131 out_seqhash=15523928324350559131 in_csum=15175771814194759026 out_csum=15175771814194759026 inorder=1 minseq=1 maxseq=4 endseq=4 ends=1 end_length=128. | [36m15006 ns[0m
[INFO][0m[92m[SYSTEM][0m             [V5_SUBFLOW] idx=0 source=4 tag=20 subflow=0 in=4 out=4 in_seqhash=15523928324350559131 out_seqhash=15523928324350559131 in_csum=11813764323618506098 out_csum=11813764323618506098 inorder=1 minseq=1 maxseq=4 endseq=4 ends=1 end_length=128. | [36m15006 ns[0m
[INFO][0m[92m[SYSTEM][0m             [V5_SUBFLOW] idx=0 source=4 tag=23 subflow=0 in=4 out=4 in_seqhash=15523928324350559131 out_seqhash=15523928324350559131 in_csum=16317575057221535090 out_csum=16317575057221535090 inorder=1 minseq=1 maxseq=4 endseq=4 ends=1 end_length=128. | [36m15006 ns[0m
[INFO][0m[92m[SYSTEM][0m             [V5_SUBFLOW] idx=1 source=0 tag=1 subflow=0 in=4 out=4 in_seqhash=15523928324350559131 out_seqhash=15523928324350559131 in_csum=18347627432769930610 out_csum=18347627432769930610 inorder=1 minseq=1 maxseq=4 endseq=4 ends=1 end_length=128. | [36m15006 ns[0m
[INFO][0m[92m[SYSTEM][0m             [V5_SUBFLOW] idx=1 source=0 tag=3 subflow=0 in=4 out=4 in_seqhash=15523928324350559131 out_seqhash=15523928324350559131 in_csum=16568413615597995378 out_csum=16568413615597995378 inorder=1 minseq=1 maxseq=4 endseq=4 ends=1 end_length=128. | [36m15006 ns[0m
[INFO][0m[92m[SYSTEM][0m             [V5_SUBFLOW] idx=1 source=0 tag=4 subflow=0 in=4 out=4 in_seqhash=15523928324350559131 out_seqhash=15523928324350559131 in_csum=5919170204855092594 out_csum=5919170204855092594 inorder=1 minseq=1 maxseq=4 endseq=4 ends=1 end_length=128. | [36m15006 ns[0m
[INFO][0m[92m[SYSTEM][0m             [V5_SUBFLOW] idx=1 source=0 tag=6 subflow=0 in=4 out=4 in_seqhash=15523928324350559131 out_seqhash=15523928324350559131 in_csum=1529768559901066610 out_csum=1529768559901066610 inorder=1 minseq=1 maxseq=4 endseq=4 ends=1 end_length=128. | [36m15006 ns[0m
[INFO][0m[92m[SYSTEM][0m             [V5_SUBFLOW] idx=1 source=0 tag=7 subflow=0 in=4 out=4 in_seqhash=15523928324350559131 out_seqhash=15523928324350559131 in_csum=8168647849982477682 out_csum=8168647849982477682 inorder=1 minseq=1 maxseq=4 endseq=4 ends=1 end_length=128. | [36m15006 ns[0m
[INFO][0m[92m[SYSTEM][0m             [V5_SUBFLOW] idx=1 source=0 tag=9 subflow=0 in=4 out=4 in_seqhash=15523928324350559131 out_seqhash=15523928324350559131 in_csum=12513062888639219058 out_csum=12513062888639219058 inorder=1 minseq=1 maxseq=4 endseq=4 ends=1 end_length=128. | [36m15006 ns[0m
[INFO][0m[92m[SYSTEM][0m             [V5_SUBFLOW] idx=1 source=0 tag=10 subflow=0 in=4 out=4 in_seqhash=15523928324350559131 out_seqhash=15523928324350559131 in_csum=9127562726891505010 out_csum=9127562726891505010 inorder=1 minseq=1 maxseq=4 endseq=4 ends=1 end_length=128. | [36m15006 ns[0m
[INFO][0m[92m[SYSTEM][0m             [V5_SUBFLOW] idx=1 source=0 tag=12 subflow=0 in=4 out=4 in_seqhash=15523928324350559131 out_seqhash=15523928324350559131 in_csum=4981073986838775154 out_csum=4981073986838775154 inorder=1 minseq=1 maxseq=4 endseq=4 ends=1 end_length=128. | [36m15006 ns[0m
[INFO][0m[92m[SYSTEM][0m             [V5_SUBFLOW] idx=1 source=0 tag=13 subflow=0 in=4 out=4 in_seqhash=15523928324350559131 out_seqhash=15523928324350559131 in_csum=14851145272070161778 out_csum=14851145272070161778 inorder=1 minseq=1 maxseq=4 endseq=4 ends=1 end_length=128. | [36m15006 ns[0m
[INFO][0m[92m[SYSTEM][0m             [V5_SUBFLOW] idx=1 source=0 tag=15 subflow=0 in=4 out=4 in_seqhash=15523928324350559131 out_seqhash=15523928324350559131 in_csum=16234021343265736050 out_csum=16234021343265736050 inorder=1 minseq=1 maxseq=4 endseq=4 ends=1 end_length=128. | [36m15006 ns[0m
[INFO][0m[92m[SYSTEM][0m             [V5_SUBFLOW] idx=1 source=0 tag=16 subflow=0 in=4 out=4 in_seqhash=15523928324350559131 out_seqhash=15523928324350559131 in_csum=4255934567471826290 out_csum=4255934567471826290 inorder=1 minseq=1 maxseq=4 endseq=4 ends=1 end_length=128. | [36m15006 ns[0m
[INFO][0m[92m[SYSTEM][0m             [V5_SUBFLOW] idx=1 source=0 tag=18 subflow=0 in=4 out=4 in_seqhash=15523928324350559131 out_seqhash=15523928324350559131 in_csum=11868062979506750834 out_csum=11868062979506750834 inorder=1 minseq=1 maxseq=4 endseq=4 ends=1 end_length=128. | [36m15006 ns[0m
[INFO][0m[92m[SYSTEM][0m             [V5_SUBFLOW] idx=1 source=0 tag=19 subflow=0 in=4 out=4 in_seqhash=15523928324350559131 out_seqhash=15523928324350559131 in_csum=16298771077293065586 out_csum=16298771077293065586 inorder=1 minseq=1 maxseq=4 endseq=4 ends=1 end_length=128. | [36m15006 ns[0m
[INFO][0m[92m[SYSTEM][0m             [V5_SUBFLOW] idx=1 source=0 tag=21 subflow=0 in=4 out=4 in_seqhash=15523928324350559131 out_seqhash=15523928324350559131 in_csum=17220168924171519346 out_csum=17220168924171519346 inorder=1 minseq=1 maxseq=4 endseq=4 ends=1 end_length=128. | [36m15006 ns[0m
[INFO][0m[92m[SYSTEM][0m             [V5_SUBFLOW] idx=1 source=0 tag=22 subflow=0 in=4 out=4 in_seqhash=15523928324350559131 out_seqhash=15523928324350559131 in_csum=14683878767159854450 out_csum=14683878767159854450 inorder=1 minseq=1 maxseq=4 endseq=4 ends=1 end_length=128. | [36m15006 ns[0m
[INFO][0m[92m[SYSTEM][0m             [V5_SUBFLOW] idx=1 source=0 tag=24 subflow=0 in=4 out=4 in_seqhash=15523928324350559131 out_seqhash=15523928324350559131 in_csum=6128365991911409010 out_csum=6128365991911409010 inorder=1 minseq=1 maxseq=4 endseq=4 ends=1 end_length=128. | [36m15006 ns[0m
[INFO][0m[92m[SYSTEM][0m             [V5_SUBFLOW] idx=2 source=0 tag=3 subflow=0 in=4 out=4 in_seqhash=15523928324350559131 out_seqhash=15523928324350559131 in_csum=6036745886992090482 out_csum=6036745886992090482 inorder=1 minseq=1 maxseq=4 endseq=4 ends=1 end_length=128. | [36m15006 ns[0m
[INFO][0m[92m[SYSTEM][0m             [V5_SUBFLOW] idx=2 source=0 tag=6 subflow=0 in=4 out=4 in_seqhash=15523928324350559131 out_seqhash=15523928324350559131 in_csum=12305756568291820914 out_csum=12305756568291820914 inorder=1 minseq=1 maxseq=4 endseq=4 ends=1 end_length=128. | [36m15006 ns[0m
[INFO][0m[92m[SYSTEM][0m             [V5_SUBFLOW] idx=2 source=0 tag=9 subflow=0 in=4 out=4 in_seqhash=15523928324350559131 out_seqhash=15523928324350559131 in_csum=16815126432684885362 out_csum=16815126432684885362 inorder=1 minseq=1 maxseq=4 endseq=4 ends=1 end_length=128. | [36m15006 ns[0m
[INFO][0m[92m[SYSTEM][0m             [V5_SUBFLOW] idx=2 source=0 tag=12 subflow=0 in=4 out=4 in_seqhash=15523928324350559131 out_seqhash=15523928324350559131 in_csum=15512741715444680050 out_csum=15512741715444680050 inorder=1 minseq=1 maxseq=4 endseq=4 ends=1 end_length=128. | [36m15006 ns[0m
[INFO][0m[92m[SYSTEM][0m             [V5_SUBFLOW] idx=2 source=0 tag=15 subflow=0 in=4 out=4 in_seqhash=15523928324350559131 out_seqhash=15523928324350559131 in_csum=8808711457638630770 out_csum=8808711457638630770 inorder=1 minseq=1 maxseq=4 endseq=4 ends=1 end_length=128. | [36m15006 ns[0m
[INFO][0m[92m[SYSTEM][0m             [V5_SUBFLOW] idx=2 source=0 tag=18 subflow=0 in=4 out=4 in_seqhash=15523928324350559131 out_seqhash=15523928324350559131 in_csum=13523135842565408114 out_csum=13523135842565408114 inorder=1 minseq=1 maxseq=4 endseq=4 ends=1 end_length=128. | [36m15006 ns[0m
[INFO][0m[92m[SYSTEM][0m             [V5_SUBFLOW] idx=2 source=0 tag=21 subflow=0 in=4 out=4 in_seqhash=15523928324350559131 out_seqhash=15523928324350559131 in_csum=12682792299595744626 out_csum=12682792299595744626 inorder=1 minseq=1 maxseq=4 endseq=4 ends=1 end_length=128. | [36m15006 ns[0m
[INFO][0m[92m[SYSTEM][0m             [V5_SUBFLOW] idx=2 source=0 tag=24 subflow=0 in=4 out=4 in_seqhash=15523928324350559131 out_seqhash=15523928324350559131 in_csum=6452625165082084722 out_csum=6452625165082084722 inorder=1 minseq=1 maxseq=4 endseq=4 ends=1 end_length=128. | [36m15006 ns[0m
[INFO][0m[92m[SYSTEM][0m             [V5_SUBFLOW] idx=2 source=4 tag=3 subflow=0 in=4 out=4 in_seqhash=15523928324350559131 out_seqhash=15523928324350559131 in_csum=6036745886992090482 out_csum=6036745886992090482 inorder=1 minseq=1 maxseq=4 endseq=4 ends=1 end_length=128. | [36m15006 ns[0m
[INFO][0m[92m[SYSTEM][0m             [V5_SUBFLOW] idx=2 source=4 tag=6 subflow=0 in=4 out=4 in_seqhash=15523928324350559131 out_seqhash=15523928324350559131 in_csum=12305756568291820914 out_csum=12305756568291820914 inorder=1 minseq=1 maxseq=4 endseq=4 ends=1 end_length=128. | [36m15006 ns[0m
[INFO][0m[92m[SYSTEM][0m             [V5_SUBFLOW] idx=2 source=4 tag=9 subflow=0 in=4 out=4 in_seqhash=15523928324350559131 out_seqhash=15523928324350559131 in_csum=16815126432684885362 out_csum=16815126432684885362 inorder=1 minseq=1 maxseq=4 endseq=4 ends=1 end_length=128. | [36m15006 ns[0m
[INFO][0m[92m[SYSTEM][0m             [V5_SUBFLOW] idx=2 source=4 tag=12 subflow=0 in=4 out=4 in_seqhash=15523928324350559131 out_seqhash=15523928324350559131 in_csum=15512741715444680050 out_csum=15512741715444680050 inorder=1 minseq=1 maxseq=4 endseq=4 ends=1 end_length=128. | [36m15006 ns[0m
[INFO][0m[92m[SYSTEM][0m             [V5_SUBFLOW] idx=2 source=4 tag=15 subflow=0 in=4 out=4 in_seqhash=15523928324350559131 out_seqhash=15523928324350559131 in_csum=8808711457638630770 out_csum=8808711457638630770 inorder=1 minseq=1 maxseq=4 endseq=4 ends=1 end_length=128. | [36m15006 ns[0m
[INFO][0m[92m[SYSTEM][0m             [V5_SUBFLOW] idx=2 source=4 tag=18 subflow=0 in=4 out=4 in_seqhash=15523928324350559131 out_seqhash=15523928324350559131 in_csum=13523135842565408114 out_csum=13523135842565408114 inorder=1 minseq=1 maxseq=4 endseq=4 ends=1 end_length=128. | [36m15006 ns[0m
[INFO][0m[92m[SYSTEM][0m             [V5_SUBFLOW] idx=2 source=4 tag=21 subflow=0 in=4 out=4 in_seqhash=15523928324350559131 out_seqhash=15523928324350559131 in_csum=12682792299595744626 out_csum=12682792299595744626 inorder=1 minseq=1 maxseq=4 endseq=4 ends=1 end_length=128. | [36m15006 ns[0m
[INFO][0m[92m[SYSTEM][0m             [V5_SUBFLOW] idx=2 source=4 tag=24 subflow=0 in=4 out=4 in_seqhash=15523928324350559131 out_seqhash=15523928324350559131 in_csum=6452625165082084722 out_csum=6452625165082084722 inorder=1 minseq=1 maxseq=4 endseq=4 ends=1 end_length=128. | [36m15006 ns[0m
[INFO][0m[92m[SYSTEM][0m             [V5_SUBFLOW] idx=3 source=4 tag=1 subflow=0 in=4 out=4 in_seqhash=15523928324350559131 out_seqhash=15523928324350559131 in_csum=13647524912644408690 out_csum=13647524912644408690 inorder=1 minseq=1 maxseq=4 endseq=4 ends=1 end_length=128. | [36m15006 ns[0m
[INFO][0m[92m[SYSTEM][0m             [V5_SUBFLOW] idx=3 source=4 tag=2 subflow=0 in=4 out=4 in_seqhash=15523928324350559131 out_seqhash=15523928324350559131 in_csum=4445875333240374642 out_csum=4445875333240374642 inorder=1 minseq=1 maxseq=4 endseq=4 ends=1 end_length=128. | [36m15006 ns[0m
[INFO][0m[92m[SYSTEM][0m             [V5_SUBFLOW] idx=3 source=4 tag=4 subflow=0 in=4 out=4 in_seqhash=15523928324350559131 out_seqhash=15523928324350559131 in_csum=11321415705107547506 out_csum=11321415705107547506 inorder=1 minseq=1 maxseq=4 endseq=4 ends=1 end_length=128. | [36m15006 ns[0m
[INFO][0m[92m[SYSTEM][0m             [V5_SUBFLOW] idx=3 source=4 tag=5 subflow=0 in=4 out=4 in_seqhash=15523928324350559131 out_seqhash=15523928324350559131 in_csum=15198571287308322162 out_csum=15198571287308322162 inorder=1 minseq=1 maxseq=4 endseq=4 ends=1 end_length=128. | [36m15006 ns[0m
[INFO][0m[92m[SYSTEM][0m             [V5_SUBFLOW] idx=3 source=4 tag=7 subflow=0 in=4 out=4 in_seqhash=15523928324350559131 out_seqhash=15523928324350559131 in_csum=813954824498759026 out_csum=813954824498759026 inorder=1 minseq=1 maxseq=4 endseq=4 ends=1 end_length=128. | [36m15006 ns[0m
[INFO][0m[92m[SYSTEM][0m             [V5_SUBFLOW] idx=3 source=4 tag=8 subflow=0 in=4 out=4 in_seqhash=15523928324350559131 out_seqhash=15523928324350559131 in_csum=3965679022971995506 out_csum=3965679022971995506 inorder=1 minseq=1 maxseq=4 endseq=4 ends=1 end_length=128. | [36m15006 ns[0m
[INFO][0m[92m[SYSTEM][0m             [V5_SUBFLOW] idx=3 source=4 tag=10 subflow=0 in=4 out=4 in_seqhash=15523928324350559131 out_seqhash=15523928324350559131 in_csum=2099732518113035634 out_csum=2099732518113035634 inorder=1 minseq=1 maxseq=4 endseq=4 ends=1 end_length=128. | [36m15006 ns[0m
[INFO][0m[92m[SYSTEM][0m             [V5_SUBFLOW] idx=3 source=4 tag=11 subflow=0 in=4 out=4 in_seqhash=15523928324350559131 out_seqhash=15523928324350559131 in_csum=18171932203791336818 out_csum=18171932203791336818 inorder=1 minseq=1 maxseq=4 endseq=4 ends=1 end_length=128. | [36m15006 ns[0m
[INFO][0m[92m[SYSTEM][0m             [V5_SUBFLOW] idx=3 source=4 tag=13 subflow=0 in=4 out=4 in_seqhash=15523928324350559131 out_seqhash=15523928324350559131 in_csum=18414585118216078706 out_csum=18414585118216078706 inorder=1 minseq=1 maxseq=4 endseq=4 ends=1 end_length=128. | [36m15006 ns[0m
[INFO][0m[92m[SYSTEM][0m             [V5_SUBFLOW] idx=3 source=4 tag=14 subflow=0 in=4 out=4 in_seqhash=15523928324350559131 out_seqhash=15523928324350559131 in_csum=13732579239855048050 out_csum=13732579239855048050 inorder=1 minseq=1 maxseq=4 endseq=4 ends=1 end_length=128. | [36m15006 ns[0m
[INFO][0m[92m[SYSTEM][0m             [V5_SUBFLOW] idx=3 source=4 tag=16 subflow=0 in=4 out=4 in_seqhash=15523928324350559131 out_seqhash=15523928324350559131 in_csum=11774027467658282354 out_csum=11774027467658282354 inorder=1 minseq=1 maxseq=4 endseq=4 ends=1 end_length=128. | [36m15006 ns[0m
[INFO][0m[92m[SYSTEM][0m             [V5_SUBFLOW] idx=3 source=4 tag=17 subflow=0 in=4 out=4 in_seqhash=15523928324350559131 out_seqhash=15523928324350559131 in_csum=7390173958378014066 out_csum=7390173958378014066 inorder=1 minseq=1 maxseq=4 endseq=4 ends=1 end_length=128. | [36m15006 ns[0m
[INFO][0m[92m[SYSTEM][0m             [V5_SUBFLOW] idx=3 source=4 tag=19 subflow=0 in=4 out=4 in_seqhash=15523928324350559131 out_seqhash=15523928324350559131 in_csum=5673901772384945522 out_csum=5673901772384945522 inorder=1 minseq=1 maxseq=4 endseq=4 ends=1 end_length=128. | [36m15006 ns[0m
[INFO][0m[92m[SYSTEM][0m             [V5_SUBFLOW] idx=3 source=4 tag=20 subflow=0 in=4 out=4 in_seqhash=15523928324350559131 out_seqhash=15523928324350559131 in_csum=4316678318930183538 out_csum=4316678318930183538 inorder=1 minseq=1 maxseq=4 endseq=4 ends=1 end_length=128. | [36m15006 ns[0m
[INFO][0m[92m[SYSTEM][0m             [V5_SUBFLOW] idx=3 source=4 tag=22 subflow=0 in=4 out=4 in_seqhash=15523928324350559131 out_seqhash=15523928324350559131 in_csum=17822924717170279794 out_csum=17822924717170279794 inorder=1 minseq=1 maxseq=4 endseq=4 ends=1 end_length=128. | [36m15006 ns[0m
[INFO][0m[92m[SYSTEM][0m             [V5_SUBFLOW] idx=3 source=4 tag=23 subflow=0 in=4 out=4 in_seqhash=15523928324350559131 out_seqhash=15523928324350559131 in_csum=5244349473424328050 out_csum=5244349473424328050 inorder=1 minseq=1 maxseq=4 endseq=4 ends=1 end_length=128. | [36m15006 ns[0m
[INFO][0m[92m[SYSTEM][0m             [V5_SUBFLOW] idx=4 source=8 tag=1 subflow=0 in=4 out=4 in_seqhash=15523928324350559131 out_seqhash=15523928324350559131 in_csum=12935520421729988310 out_csum=12935520421729988310 inorder=1 minseq=1 maxseq=4 endseq=4 ends=1 end_length=128. | [36m15006 ns[0m
[INFO][0m[92m[SYSTEM][0m             [V5_SUBFLOW] idx=4 source=8 tag=4 subflow=0 in=4 out=4 in_seqhash=15523928324350559131 out_seqhash=15523928324350559131 in_csum=9724664993647357654 out_csum=9724664993647357654 inorder=1 minseq=1 maxseq=4 endseq=4 ends=1 end_length=128. | [36m15006 ns[0m
[INFO][0m[92m[SYSTEM][0m             [V5_SUBFLOW] idx=4 source=8 tag=7 subflow=0 in=4 out=4 in_seqhash=15523928324350559131 out_seqhash=15523928324350559131 in_csum=5517528885497360086 out_csum=5517528885497360086 inorder=1 minseq=1 maxseq=4 endseq=4 ends=1 end_length=128. | [36m15006 ns[0m
[INFO][0m[92m[SYSTEM][0m             [V5_SUBFLOW] idx=4 source=8 tag=10 subflow=0 in=4 out=4 in_seqhash=15523928324350559131 out_seqhash=15523928324350559131 in_csum=17180796389224279766 out_csum=17180796389224279766 inorder=1 minseq=1 maxseq=4 endseq=4 ends=1 end_length=128. | [36m15006 ns[0m
[INFO][0m[92m[SYSTEM][0m             [V5_SUBFLOW] idx=4 source=8 tag=13 subflow=0 in=4 out=4 in_seqhash=15523928324350559131 out_seqhash=15523928324350559131 in_csum=9451986109958909654 out_csum=9451986109958909654 inorder=1 minseq=1 maxseq=4 endseq=4 ends=1 end_length=128. | [36m15006 ns[0m
[INFO][0m[92m[SYSTEM][0m             [V5_SUBFLOW] idx=4 source=8 tag=16 subflow=0 in=4 out=4 in_seqhash=15523928324350559131 out_seqhash=15523928324350559131 in_csum=8538247966811942614 out_csum=8538247966811942614 inorder=1 minseq=1 maxseq=4 endseq=4 ends=1 end_length=128. | [36m15006 ns[0m
[INFO][0m[92m[SYSTEM][0m             [V5_SUBFLOW] idx=4 source=8 tag=19 subflow=0 in=4 out=4 in_seqhash=15523928324350559131 out_seqhash=15523928324350559131 in_csum=5949874449724927702 out_csum=5949874449724927702 inorder=1 minseq=1 maxseq=4 endseq=4 ends=1 end_length=128. | [36m15006 ns[0m
[INFO][0m[92m[SYSTEM][0m             [V5_SUBFLOW] idx=4 source=8 tag=22 subflow=0 in=4 out=4 in_seqhash=15523928324350559131 out_seqhash=15523928324350559131 in_csum=6168932350349995734 out_csum=6168932350349995734 inorder=1 minseq=1 maxseq=4 endseq=4 ends=1 end_length=128. | [36m15006 ns[0m
[INFO][0m[92m[SYSTEM][0m             [V5_SUBFLOW] idx=4 source=12 tag=1 subflow=0 in=4 out=4 in_seqhash=15523928324350559131 out_seqhash=15523928324350559131 in_csum=12935520421729988310 out_csum=12935520421729988310 inorder=1 minseq=1 maxseq=4 endseq=4 ends=1 end_length=128. | [36m15006 ns[0m
[INFO][0m[92m[SYSTEM][0m             [V5_SUBFLOW] idx=4 source=12 tag=4 subflow=0 in=4 out=4 in_seqhash=15523928324350559131 out_seqhash=15523928324350559131 in_csum=9724664993647357654 out_csum=9724664993647357654 inorder=1 minseq=1 maxseq=4 endseq=4 ends=1 end_length=128. | [36m15006 ns[0m
[INFO][0m[92m[SYSTEM][0m             [V5_SUBFLOW] idx=4 source=12 tag=7 subflow=0 in=4 out=4 in_seqhash=15523928324350559131 out_seqhash=15523928324350559131 in_csum=5517528885497360086 out_csum=5517528885497360086 inorder=1 minseq=1 maxseq=4 endseq=4 ends=1 end_length=128. | [36m15006 ns[0m
[INFO][0m[92m[SYSTEM][0m             [V5_SUBFLOW] idx=4 source=12 tag=10 subflow=0 in=4 out=4 in_seqhash=15523928324350559131 out_seqhash=15523928324350559131 in_csum=17180796389224279766 out_csum=17180796389224279766 inorder=1 minseq=1 maxseq=4 endseq=4 ends=1 end_length=128. | [36m15006 ns[0m
[INFO][0m[92m[SYSTEM][0m             [V5_SUBFLOW] idx=4 source=12 tag=13 subflow=0 in=4 out=4 in_seqhash=15523928324350559131 out_seqhash=15523928324350559131 in_csum=9451986109958909654 out_csum=9451986109958909654 inorder=1 minseq=1 maxseq=4 endseq=4 ends=1 end_length=128. | [36m15006 ns[0m
[INFO][0m[92m[SYSTEM][0m             [V5_SUBFLOW] idx=4 source=12 tag=16 subflow=0 in=4 out=4 in_seqhash=15523928324350559131 out_seqhash=15523928324350559131 in_csum=8538247966811942614 out_csum=8538247966811942614 inorder=1 minseq=1 maxseq=4 endseq=4 ends=1 end_length=128. | [36m15006 ns[0m
[INFO][0m[92m[SYSTEM][0m             [V5_SUBFLOW] idx=4 source=12 tag=19 subflow=0 in=4 out=4 in_seqhash=15523928324350559131 out_seqhash=15523928324350559131 in_csum=5949874449724927702 out_csum=5949874449724927702 inorder=1 minseq=1 maxseq=4 endseq=4 ends=1 end_length=128. | [36m15006 ns[0m
[INFO][0m[92m[SYSTEM][0m             [V5_SUBFLOW] idx=4 source=12 tag=22 subflow=0 in=4 out=4 in_seqhash=15523928324350559131 out_seqhash=15523928324350559131 in_csum=6168932350349995734 out_csum=6168932350349995734 inorder=1 minseq=1 maxseq=4 endseq=4 ends=1 end_length=128. | [36m15006 ns[0m
[INFO][0m[92m[SYSTEM][0m             [V5_SUBFLOW] idx=5 source=8 tag=2 subflow=0 in=4 out=4 in_seqhash=15523928324350559131 out_seqhash=15523928324350559131 in_csum=8141605278442778326 out_csum=8141605278442778326 inorder=1 minseq=1 maxseq=4 endseq=4 ends=1 end_length=128. | [36m15006 ns[0m
[INFO][0m[92m[SYSTEM][0m             [V5_SUBFLOW] idx=5 source=8 tag=3 subflow=0 in=4 out=4 in_seqhash=15523928324350559131 out_seqhash=15523928324350559131 in_csum=18022205915444735702 out_csum=18022205915444735702 inorder=1 minseq=1 maxseq=4 endseq=4 ends=1 end_length=128. | [36m15006 ns[0m
[INFO][0m[92m[SYSTEM][0m             [V5_SUBFLOW] idx=5 source=8 tag=5 subflow=0 in=4 out=4 in_seqhash=15523928324350559131 out_seqhash=15523928324350559131 in_csum=16179826925857337046 out_csum=16179826925857337046 inorder=1 minseq=1 maxseq=4 endseq=4 ends=1 end_length=128. | [36m15006 ns[0m
[INFO][0m[92m[SYSTEM][0m             [V5_SUBFLOW] idx=5 source=8 tag=6 subflow=0 in=4 out=4 in_seqhash=15523928324350559131 out_seqhash=15523928324350559131 in_csum=8335948279389286102 out_csum=8335948279389286102 inorder=1 minseq=1 maxseq=4 endseq=4 ends=1 end_length=128. | [36m15006 ns[0m
[INFO][0m[92m[SYSTEM][0m             [V5_SUBFLOW] idx=5 source=8 tag=8 subflow=0 in=4 out=4 in_seqhash=15523928324350559131 out_seqhash=15523928324350559131 in_csum=9563757598273367766 out_csum=9563757598273367766 inorder=1 minseq=1 maxseq=4 endseq=4 ends=1 end_length=128. | [36m15006 ns[0m
[INFO][0m[92m[SYSTEM][0m             [V5_SUBFLOW] idx=5 source=8 tag=9 subflow=0 in=4 out=4 in_seqhash=15523928324350559131 out_seqhash=15523928324350559131 in_csum=4942767435142328022 out_csum=4942767435142328022 inorder=1 minseq=1 maxseq=4 endseq=4 ends=1 end_length=128. | [36m15006 ns[0m
[INFO][0m[92m[SYSTEM][0m             [V5_SUBFLOW] idx=5 source=8 tag=11 subflow=0 in=4 out=4 in_seqhash=15523928324350559131 out_seqhash=15523928324350559131 in_csum=5830695719648292566 out_csum=5830695719648292566 inorder=1 minseq=1 maxseq=4 endseq=4 ends=1 end_length=128. | [36m15006 ns[0m
[INFO][0m[92m[SYSTEM][0m             [V5_SUBFLOW] idx=5 source=8 tag=12 subflow=0 in=4 out=4 in_seqhash=15523928324350559131 out_seqhash=15523928324350559131 in_csum=15284298816980184790 out_csum=15284298816980184790 inorder=1 minseq=1 maxseq=4 endseq=4 ends=1 end_length=128. | [36m15006 ns[0m
[INFO][0m[92m[SYSTEM][0m             [V5_SUBFLOW] idx=5 source=8 tag=14 subflow=0 in=4 out=4 in_seqhash=15523928324350559131 out_seqhash=15523928324350559131 in_csum=11239518872120258262 out_csum=11239518872120258262 inorder=1 minseq=1 maxseq=4 endseq=4 ends=1 end_length=128. | [36m15006 ns[0m
[INFO][0m[92m[SYSTEM][0m             [V5_SUBFLOW] idx=5 source=8 tag=15 subflow=0 in=4 out=4 in_seqhash=15523928324350559131 out_seqhash=15523928324350559131 in_csum=16809893190751940310 out_csum=16809893190751940310 inorder=1 minseq=1 maxseq=4 endseq=4 ends=1 end_length=128. | [36m15006 ns[0m
[INFO][0m[92m[SYSTEM][0m             [V5_SUBFLOW] idx=5 source=8 tag=17 subflow=0 in=4 out=4 in_seqhash=15523928324350559131 out_seqhash=15523928324350559131 in_csum=6599263143556738774 out_csum=6599263143556738774 inorder=1 minseq=1 maxseq=4 endseq=4 ends=1 end_length=128. | [36m15006 ns[0m
[INFO][0m[92m[SYSTEM][0m             [V5_SUBFLOW] idx=5 source=8 tag=18 subflow=0 in=4 out=4 in_seqhash=15523928324350559131 out_seqhash=15523928324350559131 in_csum=5487702990054158038 out_csum=5487702990054158038 inorder=1 minseq=1 maxseq=4 endseq=4 ends=1 end_length=128. | [36m15006 ns[0m
[INFO][0m[92m[SYSTEM][0m             [V5_SUBFLOW] idx=5 source=8 tag=20 subflow=0 in=4 out=4 in_seqhash=15523928324350559131 out_seqhash=15523928324350559131 in_csum=3031567813749173974 out_csum=3031567813749173974 inorder=1 minseq=1 maxseq=4 endseq=4 ends=1 end_length=128. | [36m15006 ns[0m
[INFO][0m[92m[SYSTEM][0m             [V5_SUBFLOW] idx=5 source=8 tag=21 subflow=0 in=4 out=4 in_seqhash=15523928324350559131 out_seqhash=15523928324350559131 in_csum=9827484180979052246 out_csum=9827484180979052246 inorder=1 minseq=1 maxseq=4 endseq=4 ends=1 end_length=128. | [36m15006 ns[0m
[INFO][0m[92m[SYSTEM][0m             [V5_SUBFLOW] idx=5 source=8 tag=23 subflow=0 in=4 out=4 in_seqhash=15523928324350559131 out_seqhash=15523928324350559131 in_csum=16270602605846523606 out_csum=16270602605846523606 inorder=1 minseq=1 maxseq=4 endseq=4 ends=1 end_length=128. | [36m15006 ns[0m
[INFO][0m[92m[SYSTEM][0m             [V5_SUBFLOW] idx=5 source=8 tag=24 subflow=0 in=4 out=4 in_seqhash=15523928324350559131 out_seqhash=15523928324350559131 in_csum=4612456549972373206 out_csum=4612456549972373206 inorder=1 minseq=1 maxseq=4 endseq=4 ends=1 end_length=128. | [36m15006 ns[0m
[INFO][0m[92m[SYSTEM][0m             [V5_SUBFLOW] idx=6 source=8 tag=2 subflow=0 in=4 out=4 in_seqhash=15523928324350559131 out_seqhash=15523928324350559131 in_csum=4670737340623679190 out_csum=4670737340623679190 inorder=1 minseq=1 maxseq=4 endseq=4 ends=1 end_length=128. | [36m15006 ns[0m
[INFO][0m[92m[SYSTEM][0m             [V5_SUBFLOW] idx=6 source=8 tag=5 subflow=0 in=4 out=4 in_seqhash=15523928324350559131 out_seqhash=15523928324350559131 in_csum=8231536533501832918 out_csum=8231536533501832918 inorder=1 minseq=1 maxseq=4 endseq=4 ends=1 end_length=128. | [36m15006 ns[0m
[INFO][0m[92m[SYSTEM][0m             [V5_SUBFLOW] idx=6 source=8 tag=8 subflow=0 in=4 out=4 in_seqhash=15523928324350559131 out_seqhash=15523928324350559131 in_csum=16153649753023246038 out_csum=16153649753023246038 inorder=1 minseq=1 maxseq=4 endseq=4 ends=1 end_length=128. | [36m15006 ns[0m
[INFO][0m[92m[SYSTEM][0m             [V5_SUBFLOW] idx=6 source=8 tag=11 subflow=0 in=4 out=4 in_seqhash=15523928324350559131 out_seqhash=15523928324350559131 in_csum=7508568055820512982 out_csum=7508568055820512982 inorder=1 minseq=1 maxseq=4 endseq=4 ends=1 end_length=128. | [36m15006 ns[0m
[INFO][0m[92m[SYSTEM][0m             [V5_SUBFLOW] idx=6 source=8 tag=14 subflow=0 in=4 out=4 in_seqhash=15523928324350559131 out_seqhash=15523928324350559131 in_csum=3371448848127291094 out_csum=3371448848127291094 inorder=1 minseq=1 maxseq=4 endseq=4 ends=1 end_length=128. | [36m15006 ns[0m
[INFO][0m[92m[SYSTEM][0m             [V5_SUBFLOW] idx=6 source=8 tag=17 subflow=0 in=4 out=4 in_seqhash=15523928324350559131 out_seqhash=15523928324350559131 in_csum=3490090550810832598 out_csum=3490090550810832598 inorder=1 minseq=1 maxseq=4 endseq=4 ends=1 end_length=128. | [36m15006 ns[0m
[INFO][0m[92m[SYSTEM][0m             [V5_SUBFLOW] idx=6 source=8 tag=20 subflow=0 in=4 out=4 in_seqhash=15523928324350559131 out_seqhash=15523928324350559131 in_csum=10759744774316945110 out_csum=10759744774316945110 inorder=1 minseq=1 maxseq=4 endseq=4 ends=1 end_length=128. | [36m15006 ns[0m
[INFO][0m[92m[SYSTEM][0m             [V5_SUBFLOW] idx=6 source=8 tag=23 subflow=0 in=4 out=4 in_seqhash=15523928324350559131 out_seqhash=15523928324350559131 in_csum=15326817008935694038 out_csum=15326817008935694038 inorder=1 minseq=1 maxseq=4 endseq=4 ends=1 end_length=128. | [36m15006 ns[0m
[INFO][0m[92m[SYSTEM][0m             [V5_SUBFLOW] idx=6 source=12 tag=2 subflow=0 in=4 out=4 in_seqhash=15523928324350559131 out_seqhash=15523928324350559131 in_csum=4670737340623679190 out_csum=4670737340623679190 inorder=1 minseq=1 maxseq=4 endseq=4 ends=1 end_length=128. | [36m15006 ns[0m
[INFO][0m[92m[SYSTEM][0m             [V5_SUBFLOW] idx=6 source=12 tag=5 subflow=0 in=4 out=4 in_seqhash=15523928324350559131 out_seqhash=15523928324350559131 in_csum=8231536533501832918 out_csum=8231536533501832918 inorder=1 minseq=1 maxseq=4 endseq=4 ends=1 end_length=128. | [36m15006 ns[0m
[INFO][0m[92m[SYSTEM][0m             [V5_SUBFLOW] idx=6 source=12 tag=8 subflow=0 in=4 out=4 in_seqhash=15523928324350559131 out_seqhash=15523928324350559131 in_csum=16153649753023246038 out_csum=16153649753023246038 inorder=1 minseq=1 maxseq=4 endseq=4 ends=1 end_length=128. | [36m15006 ns[0m
[INFO][0m[92m[SYSTEM][0m             [V5_SUBFLOW] idx=6 source=12 tag=11 subflow=0 in=4 out=4 in_seqhash=15523928324350559131 out_seqhash=15523928324350559131 in_csum=7508568055820512982 out_csum=7508568055820512982 inorder=1 minseq=1 maxseq=4 endseq=4 ends=1 end_length=128. | [36m15006 ns[0m
[INFO][0m[92m[SYSTEM][0m             [V5_SUBFLOW] idx=6 source=12 tag=14 subflow=0 in=4 out=4 in_seqhash=15523928324350559131 out_seqhash=15523928324350559131 in_csum=3371448848127291094 out_csum=3371448848127291094 inorder=1 minseq=1 maxseq=4 endseq=4 ends=1 end_length=128. | [36m15006 ns[0m
[INFO][0m[92m[SYSTEM][0m             [V5_SUBFLOW] idx=6 source=12 tag=17 subflow=0 in=4 out=4 in_seqhash=15523928324350559131 out_seqhash=15523928324350559131 in_csum=3490090550810832598 out_csum=3490090550810832598 inorder=1 minseq=1 maxseq=4 endseq=4 ends=1 end_length=128. | [36m15006 ns[0m
[INFO][0m[92m[SYSTEM][0m             [V5_SUBFLOW] idx=6 source=12 tag=20 subflow=0 in=4 out=4 in_seqhash=15523928324350559131 out_seqhash=15523928324350559131 in_csum=10759744774316945110 out_csum=10759744774316945110 inorder=1 minseq=1 maxseq=4 endseq=4 ends=1 end_length=128. | [36m15006 ns[0m
[INFO][0m[92m[SYSTEM][0m             [V5_SUBFLOW] idx=6 source=12 tag=23 subflow=0 in=4 out=4 in_seqhash=15523928324350559131 out_seqhash=15523928324350559131 in_csum=15326817008935694038 out_csum=15326817008935694038 inorder=1 minseq=1 maxseq=4 endseq=4 ends=1 end_length=128. | [36m15006 ns[0m
[INFO][0m[92m[SYSTEM][0m             [V5_SUBFLOW] idx=7 source=12 tag=1 subflow=0 in=4 out=4 in_seqhash=15523928324350559131 out_seqhash=15523928324350559131 in_csum=8865955208447323862 out_csum=8865955208447323862 inorder=1 minseq=1 maxseq=4 endseq=4 ends=1 end_length=128. | [36m15006 ns[0m
[INFO][0m[92m[SYSTEM][0m             [V5_SUBFLOW] idx=7 source=12 tag=3 subflow=0 in=4 out=4 in_seqhash=15523928324350559131 out_seqhash=15523928324350559131 in_csum=10400572342710759126 out_csum=10400572342710759126 inorder=1 minseq=1 maxseq=4 endseq=4 ends=1 end_length=128. | [36m15006 ns[0m
[INFO][0m[92m[SYSTEM][0m             [V5_SUBFLOW] idx=7 source=12 tag=4 subflow=0 in=4 out=4 in_seqhash=15523928324350559131 out_seqhash=15523928324350559131 in_csum=14745615628212039382 out_csum=14745615628212039382 inorder=1 minseq=1 maxseq=4 endseq=4 ends=1 end_length=128. | [36m15006 ns[0m
[INFO][0m[92m[SYSTEM][0m             [V5_SUBFLOW] idx=7 source=12 tag=6 subflow=0 in=4 out=4 in_seqhash=15523928324350559131 out_seqhash=15523928324350559131 in_csum=18370184464552095446 out_csum=18370184464552095446 inorder=1 minseq=1 maxseq=4 endseq=4 ends=1 end_length=128. | [36m15006 ns[0m
[INFO][0m[92m[SYSTEM][0m             [V5_SUBFLOW] idx=7 source=12 tag=7 subflow=0 in=4 out=4 in_seqhash=15523928324350559131 out_seqhash=15523928324350559131 in_csum=10792369949055053526 out_csum=10792369949055053526 inorder=1 minseq=1 maxseq=4 endseq=4 ends=1 end_length=128. | [36m15006 ns[0m
[INFO][0m[92m[SYSTEM][0m             [V5_SUBFLOW] idx=7 source=12 tag=9 subflow=0 in=4 out=4 in_seqhash=15523928324350559131 out_seqhash=15523928324350559131 in_csum=6679895363060952790 out_csum=6679895363060952790 inorder=1 minseq=1 maxseq=4 endseq=4 ends=1 end_length=128. | [36m15006 ns[0m
[INFO][0m[92m[SYSTEM][0m             [V5_SUBFLOW] idx=7 source=12 tag=10 subflow=0 in=4 out=4 in_seqhash=15523928324350559131 out_seqhash=15523928324350559131 in_csum=10120278073414184662 out_csum=10120278073414184662 inorder=1 minseq=1 maxseq=4 endseq=4 ends=1 end_length=128. | [36m15006 ns[0m
[INFO][0m[92m[SYSTEM][0m             [V5_SUBFLOW] idx=7 source=12 tag=12 subflow=0 in=4 out=4 in_seqhash=15523928324350559131 out_seqhash=15523928324350559131 in_csum=6992684430930669270 out_csum=6992684430930669270 inorder=1 minseq=1 maxseq=4 endseq=4 ends=1 end_length=128. | [36m15006 ns[0m
[INFO][0m[92m[SYSTEM][0m             [V5_SUBFLOW] idx=7 source=12 tag=13 subflow=0 in=4 out=4 in_seqhash=15523928324350559131 out_seqhash=15523928324350559131 in_csum=13180403651468259030 out_csum=13180403651468259030 inorder=1 minseq=1 maxseq=4 endseq=4 ends=1 end_length=128. | [36m15006 ns[0m
[INFO][0m[92m[SYSTEM][0m             [V5_SUBFLOW] idx=7 source=12 tag=15 subflow=0 in=4 out=4 in_seqhash=15523928324350559131 out_seqhash=15523928324350559131 in_csum=2439334101426564822 out_csum=2439334101426564822 inorder=1 minseq=1 maxseq=4 endseq=4 ends=1 end_length=128. | [36m15006 ns[0m
[INFO][0m[92m[SYSTEM][0m             [V5_SUBFLOW] idx=7 source=12 tag=16 subflow=0 in=4 out=4 in_seqhash=15523928324350559131 out_seqhash=15523928324350559131 in_csum=1333614462925991638 out_csum=1333614462925991638 inorder=1 minseq=1 maxseq=4 endseq=4 ends=1 end_length=128. | [36m15006 ns[0m
[INFO][0m[92m[SYSTEM][0m             [V5_SUBFLOW] idx=7 source=12 tag=18 subflow=0 in=4 out=4 in_seqhash=15523928324350559131 out_seqhash=15523928324350559131 in_csum=14960678071655919318 out_csum=14960678071655919318 inorder=1 minseq=1 maxseq=4 endseq=4 ends=1 end_length=128. | [36m15006 ns[0m
[INFO][0m[92m[SYSTEM][0m             [V5_SUBFLOW] idx=7 source=12 tag=19 subflow=0 in=4 out=4 in_seqhash=15523928324350559131 out_seqhash=15523928324350559131 in_csum=11989201550028762838 out_csum=11989201550028762838 inorder=1 minseq=1 maxseq=4 endseq=4 ends=1 end_length=128. | [36m15006 ns[0m
[INFO][0m[92m[SYSTEM][0m             [V5_SUBFLOW] idx=7 source=12 tag=21 subflow=0 in=4 out=4 in_seqhash=15523928324350559131 out_seqhash=15523928324350559131 in_csum=14889676008780656342 out_csum=14889676008780656342 inorder=1 minseq=1 maxseq=4 endseq=4 ends=1 end_length=128. | [36m15006 ns[0m
[INFO][0m[92m[SYSTEM][0m             [V5_SUBFLOW] idx=7 source=12 tag=22 subflow=0 in=4 out=4 in_seqhash=15523928324350559131 out_seqhash=15523928324350559131 in_csum=6074919708128636630 out_csum=6074919708128636630 inorder=1 minseq=1 maxseq=4 endseq=4 ends=1 end_length=128. | [36m15006 ns[0m
[INFO][0m[92m[SYSTEM][0m             [V5_SUBFLOW] idx=7 source=12 tag=24 subflow=0 in=4 out=4 in_seqhash=15523928324350559131 out_seqhash=15523928324350559131 in_csum=1826211233406578390 out_csum=1826211233406578390 inorder=1 minseq=1 maxseq=4 endseq=4 ends=1 end_length=128. | [36m15006 ns[0m
[INFO][0m[92m[SYSTEM][0m             [D2D_REPIN] total=928 changed=928 same=0.                                                                      | [36m15006 ns[0m
[INFO][0m[92m[SYSTEM][0m             [D2D_LINK] idx=0 die0->die2 dir=N req_in=16 req_out=16 ack_in=32 ack_out=32 data_in=64 data_out=64.            | [36m15006 ns[0m
[INFO][0m[92m[SYSTEM][0m             [D2D_LINK] idx=1 die0->die1 dir=E req_in=16 req_out=16 ack_in=32 ack_out=32 data_in=64 data_out=64.            | [36m15006 ns[0m
[INFO][0m[92m[SYSTEM][0m             [D2D_LINK] idx=2 die1->die3 dir=N req_in=16 req_out=16 ack_in=32 ack_out=32 data_in=64 data_out=64.            | [36m15006 ns[0m
[INFO][0m[92m[SYSTEM][0m             [D2D_LINK] idx=3 die1->die0 dir=W req_in=16 req_out=16 ack_in=32 ack_out=32 data_in=64 data_out=64.            | [36m15006 ns[0m
[INFO][0m[92m[SYSTEM][0m             [D2D_LINK] idx=4 die2->die0 dir=S req_in=16 req_out=16 ack_in=32 ack_out=32 data_in=64 data_out=64.            | [36m15006 ns[0m
[INFO][0m[92m[SYSTEM][0m             [D2D_LINK] idx=5 die2->die3 dir=E req_in=16 req_out=16 ack_in=32 ack_out=32 data_in=64 data_out=64.            | [36m15006 ns[0m
[INFO][0m[92m[SYSTEM][0m             [D2D_LINK] idx=6 die3->die1 dir=S req_in=16 req_out=16 ack_in=32 ack_out=32 data_in=64 data_out=64.            | [36m15006 ns[0m
[INFO][0m[92m[SYSTEM][0m             [D2D_LINK] idx=7 die3->die2 dir=W req_in=16 req_out=16 ack_in=32 ack_out=32 data_in=64 data_out=64.            | [36m15006 ns[0m
[INFO][0m[92m[SYSTEM][0m             [SAF] reserved_packets=0 group_reserved_packets=0.                                                             | [36m15006 ns[0m
[INFO][0m[92m[SYSTEM][0m             [DIE_ACT] router_pkts=3425,3153,3153,2921 mesh_pkts=3006,2746,2746,2518.                                       | [36m15006 ns[0m
[INFO][0m[92m[SYSTEM][0m             [NOC_ACT] sends=2047,1903,1903,1775 stalls=0,0,0,0 d2d_source_stalls=0.                                        | [36m15006 ns[0m
[INFO][0m[92m[SYSTEM][0m             [FLOW_DONE] .                                                                                                  | [36m15006 ns[0m
[INFO][0m[92m[SYSTEM][0m             [SAF_ADMIT] success=0 reject=0.                                                                                | [36m15006 ns[0m
[INFO][0m[92m[SYSTEM][0m             [P5 P2P STATS] core=0 source_read_bytes=1536 sram_source_read_bytes=1536 hbm_source_read_bytes=0 wire_bytes=1536 wire_fragments=96 noc_rx_write_bytes=1536 tx_local_completions=24 rx_local_completions=24 admission_requests_sent=24 admission_requests_received=24 admission_acks_sent=24 admission_acks_received=24 duplicate_requests_suppressed=0 request_conflicts_rejected=0 request_aborts=0 completion_acks_sent=24 completion_acks_received=24 source_checksum=63499111 wire_checksum=63499111 destination_checksum=63499111. | [36m15006 ns[0m
[INFO][0m[92m[SYSTEM][0m             [P5 P2P DRAIN] core=0 residual=0.                                                                              | [36m15006 ns[0m
[INFO][0m[92m[SYSTEM][0m             [P5 P2P STATS] core=4 source_read_bytes=1536 sram_source_read_bytes=1536 hbm_source_read_bytes=0 wire_bytes=1536 wire_fragments=96 noc_rx_write_bytes=1536 tx_local_completions=24 rx_local_completions=24 admission_requests_sent=24 admission_requests_received=24 admission_acks_sent=24 admission_acks_received=24 duplicate_requests_suppressed=0 request_conflicts_rejected=0 request_aborts=0 completion_acks_sent=24 completion_acks_received=24 source_checksum=63499111 wire_checksum=63499111 destination_checksum=63499111. | [36m15006 ns[0m
[INFO][0m[92m[SYSTEM][0m             [P5 P2P DRAIN] core=4 residual=0.                                                                              | [36m15006 ns[0m
[INFO][0m[92m[SYSTEM][0m             [P5 P2P STATS] core=8 source_read_bytes=1536 sram_source_read_bytes=1536 hbm_source_read_bytes=0 wire_bytes=1536 wire_fragments=96 noc_rx_write_bytes=1536 tx_local_completions=24 rx_local_completions=24 admission_requests_sent=24 admission_requests_received=24 admission_acks_sent=24 admission_acks_received=24 duplicate_requests_suppressed=0 request_conflicts_rejected=0 request_aborts=0 completion_acks_sent=24 completion_acks_received=24 source_checksum=63499111 wire_checksum=63499111 destination_checksum=63499111. | [36m15006 ns[0m
[INFO][0m[92m[SYSTEM][0m             [P5 P2P DRAIN] core=8 residual=0.                                                                              | [36m15006 ns[0m
[INFO][0m[92m[SYSTEM][0m             [P5 P2P STATS] core=12 source_read_bytes=1536 sram_source_read_bytes=1536 hbm_source_read_bytes=0 wire_bytes=1536 wire_fragments=96 noc_rx_write_bytes=1536 tx_local_completions=24 rx_local_completions=24 admission_requests_sent=24 admission_requests_received=24 admission_acks_sent=24 admission_acks_received=24 duplicate_requests_suppressed=0 request_conflicts_rejected=0 request_aborts=0 completion_acks_sent=24 completion_acks_received=24 source_checksum=63499111 wire_checksum=63499111 destination_checksum=63499111. | [36m15006 ns[0m
[INFO][0m[92m[SYSTEM][0m             [P5 P2P DRAIN] core=12 residual=0.                                                                             | [36m15006 ns[0m
[INFO][0m[92m[SYSTEM][0m             [P5 P2P TIMING DRAIN] residual=0.                                                                              | [36m15006 ns[0m
[INFO][0m[92m[SYSTEM][0m             [COLL_DRAIN] tree_entries=0 reduce_nodes=0 barriers=0 gather=0 reduce_rx=0 endpoints=0 dte_tokens=0 event=0.   | [36m15006 ns[0m
[INFO][0m[92m[SYSTEM][0m             [DRAIN] router_residual=0.                                                                                     | [36m15006 ns[0m
[INFO][0m[92m[SYSTEM][0m             [CREDIT] data_balanced=1 ctrl_balanced=1.                                                                      | [36m15006 ns[0m
[INFO][0m[92m[SYSTEM][0m             [DRAIN] d2d_link_residual=0.                                                                                   | [36m15006 ns[0m
[INFO][0m[92m[SYSTEM][0m             [START_DATA] enqueued=4 injected=4 accepted=4 delivered=4 consumed=4 completed=4.                              | [36m15006 ns[0m
[INFO][0m[92m[SYSTEM][0m             [LOCK] max_output_ref=1.                                                                                       | [36m15006 ns[0m
[INFO][0m[92m[SYSTEM][0m             [HOSTLANE] done_total=4 ack_total=8 mismatch=0 per_lane_done=1,1,1,1.                                          | [36m15006 ns[0m
[INFO][0m[92m[SYSTEM][0m             [HOSTSIG] done=0:1,4:1,8:1,12:1, ack=0:0:2,4:0:1,4:4:1,8:0:1,8:8:1,12:0:1,12:12:1,.                            | [36m15006 ns[0m
[INFO][0m[92m[SYSTEM][0m             Total Real-time Cost: 0.487664s.                                                                               | [36m15006 ns[0m
[INFO][0m[92m[SYSTEM][0m             Cleanup monitor components.                                                                                    | [36m15006 ns[0m
[INFO][0m[92m[SYSTEM][0m             Cleanup memory interface components.                                                                           | [36m15006 ns[0m
