
        SystemC 2.3.3-Accellera --- Jan  6 2026 03:02:18
        Copyright (c) 1996-2018 by all Contributors,
        ALL RIGHTS RESERVED
[PROGRAM_IO] phase=resolved mode=timing initializations=105 probes=2 checksum=b4c1b3874cc7107f6f4253cd2be934efc7f75bf06853826122f2bfb29b48604b pass=1
===========================================================================
Memory Configuration:

 Memory type:                    HBM2
 Memory size in bytes:           1073741824
 Channels:                       1
 Pseudo channels per channel:    2
 Bank groups per pseudo channel: 4
 Banks per pseudo channel:       16
 Rows per bank:                  32768
 Columns per row:                128
 Pseudo channel width in bits:   64
 Pseudo channel size in bits:    4294967296
 Pseudo channel size in bytes:   536870912

===========================================================================
Memory Configuration:

 Memory type:                    HBM2
 Memory size in bytes:           1073741824
 Channels:                       1
 Pseudo channels per channel:    2
 Bank groups per pseudo channel: 4
 Banks per pseudo channel:       16
 Rows per bank:                  32768
 Columns per row:                128
 Pseudo channel width in bits:   64
 Pseudo channel size in bits:    4294967296
 Pseudo channel size in bytes:   536870912

Loaded Program Format 1.0, ISA 1.2, capabilities=0x0
[INFO][0m[92m[SYSTEM][0m             Address mapping with n=8 saved to ../DRAMSys/configs/addressmapping/am_ddr4_8x4Gbx8_df.json.                   | [36m0 s[0m
[INFO][0m[92m[SYSTEM][0m             Address mapping with n=8 saved to ../DRAMSys/configs/addressmapping/am_hbm2_gpu.json.                          | [36m0 s[0m
===========================================================================
Memory Configuration:

 Memory type:           DDR4
 Memory size in bytes:  4294967296
 Channels:              1
 Ranks per channel:     1
 Bank groups per rank:  4
 Banks per rank:        16
 Rows per bank:         32768
 Columns per row:       1024
 Device width in bits:  8
 Device size in bits:   4294967296
 Device size in bytes:  536870912
 Devices per rank:      8

===========================================================================
===========================================================================
Memory Configuration:

 Memory type:                    HBM2
 Memory size in bytes:           1073741824
 Channels:                       1
 Pseudo channels per channel:    2
 Bank groups per pseudo channel: 4
 Banks per pseudo channel:       16
 Rows per bank:                  32768
 Columns per row:                128
 Pseudo channel width in bits:   64
 Pseudo channel size in bits:    4294967296
 Pseudo channel size in bytes:   536870912

===========================================================================
Memory Configuration:

 Memory type:                    HBM2
 Memory size in bytes:           1073741824
 Channels:                       1
 Pseudo channels per channel:    2
 Bank groups per pseudo channel: 4
 Banks per pseudo channel:       16
 Rows per bank:                  32768
 Columns per row:                128
 Pseudo channel width in bits:   64
 Pseudo channel size in bits:    4294967296
 Pseudo channel size in bytes:   536870912

[INFO][0m[92m[GLOBAL_MEMORY][0m      Global link not initialized.                                                                                   | [36m0 s[0m
[INFO][0m[92m[SYSTEM][0m             Instantiated cores=32 routers=32 workers=32 dies=2 (CORES_PER_DIE=16, GRID=4x4, expect 32).                    | [36m0 s[0m
[INFO][0m[92m[SYSTEM][0m             [D2D] link_sites=2 link_units=2.                                                                               | [36m0 s[0m
[INFO][0m[92m[SYSTEM][0m             Components initialize complete, prepare to start..                                                             | [36m0 s[0m
[PROGRAM_IO] phase=applied mode=timing initializations=105 probes=2 checksum=b4c1b3874cc7107f6f4253cd2be934efc7f75bf06853826122f2bfb29b48604b pass=1

Info: (I702) default timescale unit used for tracing: 1 ps (Cchip_1.vcd)
[INFO][0m[92m[MEM_INTF][0m           Start write operation.                                                                                         | [36m2 ns[0m
[INFO][0m[92m[PRIM][0m               Core 31 start receive primitive RECV_CONF.                                                                     | [36m2 ns[0m
[INFO][0m[92m[PRIM][0m               Core 30 start receive primitive RECV_CONF.                                                                     | [36m2 ns[0m
[INFO][0m[92m[PRIM][0m               Core 29 start receive primitive RECV_CONF.                                                                     | [36m2 ns[0m
[INFO][0m[92m[PRIM][0m               Core 28 start receive primitive RECV_CONF.                                                                     | [36m2 ns[0m
[INFO][0m[92m[PRIM][0m               Core 27 start receive primitive RECV_CONF.                                                                     | [36m2 ns[0m
[INFO][0m[92m[PRIM][0m               Core 26 start receive primitive RECV_CONF.                                                                     | [36m2 ns[0m
[INFO][0m[92m[PRIM][0m               Core 25 start receive primitive RECV_CONF.                                                                     | [36m2 ns[0m
[INFO][0m[92m[PRIM][0m               Core 24 start receive primitive RECV_CONF.                                                                     | [36m2 ns[0m
[INFO][0m[92m[PRIM][0m               Core 23 start receive primitive RECV_CONF.                                                                     | [36m2 ns[0m
[INFO][0m[92m[PRIM][0m               Core 22 start receive primitive RECV_CONF.                                                                     | [36m2 ns[0m
[INFO][0m[92m[PRIM][0m               Core 21 start receive primitive RECV_CONF.                                                                     | [36m2 ns[0m
[INFO][0m[92m[PRIM][0m               Core 20 start receive primitive RECV_CONF.                                                                     | [36m2 ns[0m
[INFO][0m[92m[PRIM][0m               Core 19 start receive primitive RECV_CONF.                                                                     | [36m2 ns[0m
[INFO][0m[92m[PRIM][0m               Core 18 start receive primitive RECV_CONF.                                                                     | [36m2 ns[0m
[INFO][0m[92m[PRIM][0m               Core 17 start receive primitive RECV_CONF.                                                                     | [36m2 ns[0m
[INFO][0m[92m[PRIM][0m               Core 16 start receive primitive RECV_CONF.                                                                     | [36m2 ns[0m
[INFO][0m[92m[PRIM][0m               Core 15 start receive primitive RECV_CONF.                                                                     | [36m2 ns[0m
[INFO][0m[92m[PRIM][0m               Core 14 start receive primitive RECV_CONF.                                                                     | [36m2 ns[0m
[INFO][0m[92m[PRIM][0m               Core 13 start receive primitive RECV_CONF.                                                                     | [36m2 ns[0m
[INFO][0m[92m[PRIM][0m               Core 12 start receive primitive RECV_CONF.                                                                     | [36m2 ns[0m
[INFO][0m[92m[PRIM][0m               Core 11 start receive primitive RECV_CONF.                                                                     | [36m2 ns[0m
[INFO][0m[92m[PRIM][0m               Core 10 start receive primitive RECV_CONF.                                                                     | [36m2 ns[0m
[INFO][0m[92m[PRIM][0m               Core 9 start receive primitive RECV_CONF.                                                                      | [36m2 ns[0m
[INFO][0m[92m[PRIM][0m               Core 8 start receive primitive RECV_CONF.                                                                      | [36m2 ns[0m
[INFO][0m[92m[PRIM][0m               Core 7 start receive primitive RECV_CONF.                                                                      | [36m2 ns[0m
[INFO][0m[92m[PRIM][0m               Core 6 start receive primitive RECV_CONF.                                                                      | [36m2 ns[0m
[INFO][0m[92m[PRIM][0m               Core 5 start receive primitive RECV_CONF.                                                                      | [36m2 ns[0m
[INFO][0m[92m[PRIM][0m               Core 4 start receive primitive RECV_CONF.                                                                      | [36m2 ns[0m
[INFO][0m[92m[PRIM][0m               Core 3 start receive primitive RECV_CONF.                                                                      | [36m2 ns[0m
[INFO][0m[92m[PRIM][0m               Core 2 start receive primitive RECV_CONF.                                                                      | [36m2 ns[0m
[INFO][0m[92m[PRIM][0m               Core 1 start receive primitive RECV_CONF.                                                                      | [36m2 ns[0m
[INFO][0m[92m[PRIM][0m               Core 0 start receive primitive RECV_CONF.                                                                      | [36m2 ns[0m
[INFO][0m[92m[MEM_INTF][0m           End write operation.                                                                                           | [36m3184 ns[0m
[INFO][0m[92m[MEM_INTF][0m           End config distribution.                                                                                       | [36m3184 ns[0m
[INFO][0m[92m[PRIM][0m               Core 0 end recv primitive RECV_CONF.                                                                           | [36m3194 ns[0m
[INFO][0m[92m[MEM_INTF][0m           Start write operation.                                                                                         | [36m3200 ns[0m
[INFO][0m[92m[PRIM][0m               Core 0 start receive primitive RECV_WEIGHT.                                                                    | [36m3200 ns[0m
[INFO][0m[92m[MEM_INTF][0m           End write operation.                                                                                           | [36m3202 ns[0m
[INFO][0m[92m[MEM_INTF][0m           End data distribution.                                                                                         | [36m3202 ns[0m
[INFO][0m[92m[PRIM][0m               Core 0 end recv primitive RECV_WEIGHT.                                                                         | [36m3210 ns[0m
[INFO][0m[92m[MEM_INTF][0m           Start write operation.                                                                                         | [36m3216 ns[0m
[INFO][0m[92m[PRIM][0m               Core 0 start receive primitive RECV_START.                                                                     | [36m3216 ns[0m
[INFO][0m[92m[MEM_INTF][0m           End write operation.                                                                                           | [36m3218 ns[0m
[INFO][0m[92m[PRIM][0m               Core 0 end recv primitive RECV_START.                                                                          | [36m3224 ns[0m
[INFO][0m[92m[MEM_INTF][0m           End start data distribution: enqueued=1 injected=1 accepted=1 delivered=1 consumed=1 completed=1.              | [36m3224 ns[0m
[INFO][0m[92m[PRIM][0m               Core 0 start compute primitive Sram_lifecycle.                                                                 | [36m3230 ns[0m
[INFO][0m[92m[PRIM][0m               Core 0 end compute primitive Sram_lifecycle.                                                                   | [36m3230 ns[0m
[INFO][0m[92m[PRIM][0m               Core 0 start compute primitive Lsu_mem.                                                                        | [36m3236 ns[0m
[INFO][0m[92m[PRIM][0m               Core 0 end compute primitive Lsu_mem.                                                                          | [36m3789 ns[0m
[INFO][0m[92m[PRIM][0m               Core 0 start compute primitive Sram_lifecycle.                                                                 | [36m3795 ns[0m
[INFO][0m[92m[PRIM][0m               Core 0 end compute primitive Sram_lifecycle.                                                                   | [36m3795 ns[0m
[INFO][0m[92m[PRIM][0m               Core 0 start compute primitive Sram_lifecycle.                                                                 | [36m3801 ns[0m
[INFO][0m[92m[PRIM][0m               Core 0 end compute primitive Sram_lifecycle.                                                                   | [36m3801 ns[0m
[INFO][0m[92m[PRIM][0m               Core 0 start compute primitive Sram_bind_oneshot.                                                              | [36m3807 ns[0m
[INFO][0m[92m[PRIM][0m               Core 0 end compute primitive Sram_bind_oneshot.                                                                | [36m3807 ns[0m
[INFO][0m[92m[PRIM][0m               Core 0 start compute primitive Embedding_lookup_prim.                                                          | [36m3813 ns[0m
[INFO][0m[92m[PRIM][0m               Core 0 end compute primitive Embedding_lookup_prim.                                                            | [36m3813 ns[0m
[INFO][0m[92m[PRIM][0m               Core 0 start compute primitive Sram_lifecycle.                                                                 | [36m3819 ns[0m
[INFO][0m[92m[PRIM][0m               Core 0 end compute primitive Sram_lifecycle.                                                                   | [36m3819 ns[0m
[INFO][0m[92m[PRIM][0m               Core 0 start compute primitive Sram_lifecycle.                                                                 | [36m3825 ns[0m
[INFO][0m[92m[PRIM][0m               Core 0 end compute primitive Sram_lifecycle.                                                                   | [36m3825 ns[0m
[INFO][0m[92m[PRIM][0m               Core 0 start compute primitive Sram_lifecycle.                                                                 | [36m3831 ns[0m
[INFO][0m[92m[PRIM][0m               Core 0 end compute primitive Sram_lifecycle.                                                                   | [36m3831 ns[0m
[INFO][0m[92m[PRIM][0m               Core 0 start compute primitive Lsu_mem.                                                                        | [36m3837 ns[0m
[INFO][0m[92m[PRIM][0m               Core 0 end compute primitive Lsu_mem.                                                                          | [36m3920 ns[0m
[INFO][0m[92m[PRIM][0m               Core 0 start compute primitive Sram_lifecycle.                                                                 | [36m3926 ns[0m
[INFO][0m[92m[PRIM][0m               Core 0 end compute primitive Sram_lifecycle.                                                                   | [36m3926 ns[0m
[INFO][0m[92m[PRIM][0m               Core 0 start compute primitive Sram_bind_oneshot.                                                              | [36m3932 ns[0m
[INFO][0m[92m[PRIM][0m               Core 0 end compute primitive Sram_bind_oneshot.                                                                | [36m3932 ns[0m
[INFO][0m[92m[PRIM][0m               Core 0 start compute primitive rmsnorm_forward.                                                                | [36m3938 ns[0m
[INFO][0m[92m[PRIM][0m               Core 0 end compute primitive rmsnorm_forward.                                                                  | [36m3946 ns[0m
[INFO][0m[92m[PRIM][0m               Core 0 start compute primitive Sram_lifecycle.                                                                 | [36m3952 ns[0m
[INFO][0m[92m[PRIM][0m               Core 0 end compute primitive Sram_lifecycle.                                                                   | [36m3952 ns[0m
[INFO][0m[92m[PRIM][0m               Core 0 start compute primitive Sram_lifecycle.                                                                 | [36m3958 ns[0m
[INFO][0m[92m[PRIM][0m               Core 0 end compute primitive Sram_lifecycle.                                                                   | [36m3958 ns[0m
[INFO][0m[92m[PRIM][0m               Core 0 start compute primitive Lsu_mem.                                                                        | [36m3964 ns[0m
[INFO][0m[92m[PRIM][0m               Core 0 end compute primitive Lsu_mem.                                                                          | [36m4757 ns[0m
[INFO][0m[92m[PRIM][0m               Core 0 start compute primitive Sram_lifecycle.                                                                 | [36m4763 ns[0m
[INFO][0m[92m[PRIM][0m               Core 0 end compute primitive Sram_lifecycle.                                                                   | [36m4763 ns[0m
[INFO][0m[92m[PRIM][0m               Core 0 start compute primitive Sram_bind_oneshot.                                                              | [36m4769 ns[0m
[INFO][0m[92m[PRIM][0m               Core 0 end compute primitive Sram_bind_oneshot.                                                                | [36m4769 ns[0m
[INFO][0m[92m[PRIM][0m               Core 0 start compute primitive Matmul_f.                                                                       | [36m4775 ns[0m
[INFO][0m[92m[PRIM][0m               Core 0 end compute primitive Matmul_f.                                                                         | [36m4967 ns[0m
[INFO][0m[92m[PRIM][0m               Core 0 start compute primitive Sram_lifecycle.                                                                 | [36m4973 ns[0m
[INFO][0m[92m[PRIM][0m               Core 0 end compute primitive Sram_lifecycle.                                                                   | [36m4973 ns[0m
[INFO][0m[92m[PRIM][0m               Core 0 start compute primitive Sram_lifecycle.                                                                 | [36m4979 ns[0m
[INFO][0m[92m[PRIM][0m               Core 0 end compute primitive Sram_lifecycle.                                                                   | [36m4979 ns[0m
[INFO][0m[92m[PRIM][0m               Core 0 start compute primitive Sram_lifecycle.                                                                 | [36m4985 ns[0m
[INFO][0m[92m[PRIM][0m               Core 0 end compute primitive Sram_lifecycle.                                                                   | [36m4985 ns[0m
[INFO][0m[92m[PRIM][0m               Core 0 start compute primitive Sram_bind_oneshot.                                                              | [36m4991 ns[0m
[INFO][0m[92m[PRIM][0m               Core 0 end compute primitive Sram_bind_oneshot.                                                                | [36m4991 ns[0m
[INFO][0m[92m[PRIM][0m               Core 0 start compute primitive Rope_qk_exact_prim.                                                             | [36m4997 ns[0m
[INFO][0m[92m[PRIM][0m               Core 0 end compute primitive Rope_qk_exact_prim.                                                               | [36m5009 ns[0m
[INFO][0m[92m[PRIM][0m               Core 0 start compute primitive Sram_lifecycle.                                                                 | [36m5015 ns[0m
[INFO][0m[92m[PRIM][0m               Core 0 end compute primitive Sram_lifecycle.                                                                   | [36m5015 ns[0m
[INFO][0m[92m[PRIM][0m               Core 0 start compute primitive Sram_lifecycle.                                                                 | [36m5021 ns[0m
[INFO][0m[92m[PRIM][0m               Core 0 end compute primitive Sram_lifecycle.                                                                   | [36m5021 ns[0m
[INFO][0m[92m[PRIM][0m               Core 0 start compute primitive Sram_bind_oneshot.                                                              | [36m5027 ns[0m
[INFO][0m[92m[PRIM][0m               Core 0 end compute primitive Sram_bind_oneshot.                                                                | [36m5027 ns[0m
[INFO][0m[92m[PRIM][0m               Core 0 start compute primitive Attention_exact_prim.                                                           | [36m5033 ns[0m
[INFO][0m[92m[PRIM][0m               Core 0 end compute primitive Attention_exact_prim.                                                             | [36m5037 ns[0m
[INFO][0m[92m[PRIM][0m               Core 0 start compute primitive Sram_lifecycle.                                                                 | [36m5043 ns[0m
[INFO][0m[92m[PRIM][0m               Core 0 end compute primitive Sram_lifecycle.                                                                   | [36m5043 ns[0m
[INFO][0m[92m[PRIM][0m               Core 0 start compute primitive Sram_lifecycle.                                                                 | [36m5049 ns[0m
[INFO][0m[92m[PRIM][0m               Core 0 end compute primitive Sram_lifecycle.                                                                   | [36m5049 ns[0m
[INFO][0m[92m[PRIM][0m               Core 0 start compute primitive Lsu_mem.                                                                        | [36m5055 ns[0m
[INFO][0m[92m[PRIM][0m               Core 0 end compute primitive Lsu_mem.                                                                          | [36m5206 ns[0m
[INFO][0m[92m[PRIM][0m               Core 0 start compute primitive Sram_lifecycle.                                                                 | [36m5212 ns[0m
[INFO][0m[92m[PRIM][0m               Core 0 end compute primitive Sram_lifecycle.                                                                   | [36m5212 ns[0m
[INFO][0m[92m[PRIM][0m               Core 0 start compute primitive Sram_lifecycle.                                                                 | [36m5218 ns[0m
[INFO][0m[92m[PRIM][0m               Core 0 end compute primitive Sram_lifecycle.                                                                   | [36m5218 ns[0m
[INFO][0m[92m[PRIM][0m               Core 0 start compute primitive Lsu_mem.                                                                        | [36m5224 ns[0m
[INFO][0m[92m[PRIM][0m               Core 0 end compute primitive Lsu_mem.                                                                          | [36m5375 ns[0m
[INFO][0m[92m[PRIM][0m               Core 0 start compute primitive Sram_lifecycle.                                                                 | [36m5381 ns[0m
[INFO][0m[92m[PRIM][0m               Core 0 end compute primitive Sram_lifecycle.                                                                   | [36m5381 ns[0m
[INFO][0m[92m[PRIM][0m               Core 0 start compute primitive Sram_lifecycle.                                                                 | [36m5387 ns[0m
[INFO][0m[92m[PRIM][0m               Core 0 end compute primitive Sram_lifecycle.                                                                   | [36m5387 ns[0m
[INFO][0m[92m[PRIM][0m               Core 0 start compute primitive Lsu_mem.                                                                        | [36m5393 ns[0m
[INFO][0m[92m[PRIM][0m               Core 0 end compute primitive Lsu_mem.                                                                          | [36m5702 ns[0m
[INFO][0m[92m[PRIM][0m               Core 0 start compute primitive Sram_lifecycle.                                                                 | [36m5708 ns[0m
[INFO][0m[92m[PRIM][0m               Core 0 end compute primitive Sram_lifecycle.                                                                   | [36m5708 ns[0m
[INFO][0m[92m[PRIM][0m               Core 0 start compute primitive Sram_bind_oneshot.                                                              | [36m5714 ns[0m
[INFO][0m[92m[PRIM][0m               Core 0 end compute primitive Sram_bind_oneshot.                                                                | [36m5714 ns[0m
[INFO][0m[92m[PRIM][0m               Core 0 start compute primitive Matmul_f.                                                                       | [36m5720 ns[0m
[INFO][0m[92m[PRIM][0m               Core 0 end compute primitive Matmul_f.                                                                         | [36m5784 ns[0m
[INFO][0m[92m[PRIM][0m               Core 0 start compute primitive Sram_lifecycle.                                                                 | [36m5790 ns[0m
[INFO][0m[92m[PRIM][0m               Core 0 end compute primitive Sram_lifecycle.                                                                   | [36m5790 ns[0m
[INFO][0m[92m[PRIM][0m               Core 0 start compute primitive Sram_lifecycle.                                                                 | [36m5796 ns[0m
[INFO][0m[92m[PRIM][0m               Core 0 end compute primitive Sram_lifecycle.                                                                   | [36m5796 ns[0m
[INFO][0m[92m[PRIM][0m               Core 0 start compute primitive Sram_lifecycle.                                                                 | [36m5802 ns[0m
[INFO][0m[92m[PRIM][0m               Core 0 end compute primitive Sram_lifecycle.                                                                   | [36m5802 ns[0m
[INFO][0m[92m[PRIM][0m               Core 0 start compute primitive Sram_bind_oneshot.                                                              | [36m5808 ns[0m
[INFO][0m[92m[PRIM][0m               Core 0 end compute primitive Sram_bind_oneshot.                                                                | [36m5808 ns[0m
[INFO][0m[92m[PRIM][0m               Core 0 start compute primitive Residual_f.                                                                     | [36m5814 ns[0m
[INFO][0m[92m[PRIM][0m               Core 0 end compute primitive Residual_f.                                                                       | [36m5816 ns[0m
[INFO][0m[92m[PRIM][0m               Core 0 start compute primitive Sram_lifecycle.                                                                 | [36m5822 ns[0m
[INFO][0m[92m[PRIM][0m               Core 0 end compute primitive Sram_lifecycle.                                                                   | [36m5822 ns[0m
[INFO][0m[92m[PRIM][0m               Core 0 start compute primitive Sram_lifecycle.                                                                 | [36m5828 ns[0m
[INFO][0m[92m[PRIM][0m               Core 0 end compute primitive Sram_lifecycle.                                                                   | [36m5828 ns[0m
[INFO][0m[92m[PRIM][0m               Core 0 start compute primitive Sram_lifecycle.                                                                 | [36m5834 ns[0m
[INFO][0m[92m[PRIM][0m               Core 0 end compute primitive Sram_lifecycle.                                                                   | [36m5834 ns[0m
[INFO][0m[92m[PRIM][0m               Core 0 start compute primitive Lsu_mem.                                                                        | [36m5840 ns[0m
[INFO][0m[92m[PRIM][0m               Core 0 end compute primitive Lsu_mem.                                                                          | [36m5923 ns[0m
[INFO][0m[92m[PRIM][0m               Core 0 start compute primitive Sram_lifecycle.                                                                 | [36m5929 ns[0m
[INFO][0m[92m[PRIM][0m               Core 0 end compute primitive Sram_lifecycle.                                                                   | [36m5929 ns[0m
[INFO][0m[92m[PRIM][0m               Core 0 start compute primitive Sram_bind_oneshot.                                                              | [36m5935 ns[0m
[INFO][0m[92m[PRIM][0m               Core 0 end compute primitive Sram_bind_oneshot.                                                                | [36m5935 ns[0m
[INFO][0m[92m[PRIM][0m               Core 0 start compute primitive rmsnorm_forward.                                                                | [36m5941 ns[0m
[INFO][0m[92m[PRIM][0m               Core 0 end compute primitive rmsnorm_forward.                                                                  | [36m5949 ns[0m
[INFO][0m[92m[PRIM][0m               Core 0 start compute primitive Sram_lifecycle.                                                                 | [36m5955 ns[0m
[INFO][0m[92m[PRIM][0m               Core 0 end compute primitive Sram_lifecycle.                                                                   | [36m5955 ns[0m
[INFO][0m[92m[PRIM][0m               Core 0 start compute primitive Sram_lifecycle.                                                                 | [36m5961 ns[0m
[INFO][0m[92m[PRIM][0m               Core 0 end compute primitive Sram_lifecycle.                                                                   | [36m5961 ns[0m
[INFO][0m[92m[PRIM][0m               Core 0 start compute primitive Lsu_mem.                                                                        | [36m5967 ns[0m
[INFO][0m[92m[PRIM][0m               Core 0 end compute primitive Lsu_mem.                                                                          | [36m7004 ns[0m
[INFO][0m[92m[PRIM][0m               Core 0 start compute primitive Sram_lifecycle.                                                                 | [36m7010 ns[0m
[INFO][0m[92m[PRIM][0m               Core 0 end compute primitive Sram_lifecycle.                                                                   | [36m7010 ns[0m
[INFO][0m[92m[PRIM][0m               Core 0 start compute primitive Sram_bind_oneshot.                                                              | [36m7016 ns[0m
[INFO][0m[92m[PRIM][0m               Core 0 end compute primitive Sram_bind_oneshot.                                                                | [36m7016 ns[0m
[INFO][0m[92m[PRIM][0m               Core 0 start compute primitive Matmul_f.                                                                       | [36m7022 ns[0m
[INFO][0m[92m[PRIM][0m               Core 0 end compute primitive Matmul_f.                                                                         | [36m7278 ns[0m
[INFO][0m[92m[PRIM][0m               Core 0 start compute primitive Sram_lifecycle.                                                                 | [36m7284 ns[0m
[INFO][0m[92m[PRIM][0m               Core 0 end compute primitive Sram_lifecycle.                                                                   | [36m7284 ns[0m
[INFO][0m[92m[PRIM][0m               Core 0 start compute primitive Sram_lifecycle.                                                                 | [36m7290 ns[0m
[INFO][0m[92m[PRIM][0m               Core 0 end compute primitive Sram_lifecycle.                                                                   | [36m7290 ns[0m
[INFO][0m[92m[PRIM][0m               Core 0 start compute primitive Sram_lifecycle.                                                                 | [36m7296 ns[0m
[INFO][0m[92m[PRIM][0m               Core 0 end compute primitive Sram_lifecycle.                                                                   | [36m7296 ns[0m
[INFO][0m[92m[PRIM][0m               Core 0 start compute primitive Sram_bind_oneshot.                                                              | [36m7302 ns[0m
[INFO][0m[92m[PRIM][0m               Core 0 end compute primitive Sram_bind_oneshot.                                                                | [36m7302 ns[0m
[INFO][0m[92m[PRIM][0m               Core 0 start compute primitive swiglu_forward.                                                                 | [36m7308 ns[0m
[INFO][0m[92m[PRIM][0m               Core 0 end compute primitive swiglu_forward.                                                                   | [36m7324 ns[0m
[INFO][0m[92m[PRIM][0m               Core 0 start compute primitive Sram_lifecycle.                                                                 | [36m7330 ns[0m
[INFO][0m[92m[PRIM][0m               Core 0 end compute primitive Sram_lifecycle.                                                                   | [36m7330 ns[0m
[INFO][0m[92m[PRIM][0m               Core 0 start compute primitive Sram_lifecycle.                                                                 | [36m7336 ns[0m
[INFO][0m[92m[PRIM][0m               Core 0 end compute primitive Sram_lifecycle.                                                                   | [36m7336 ns[0m
[INFO][0m[92m[PRIM][0m               Core 0 start compute primitive Lsu_mem.                                                                        | [36m7342 ns[0m
[INFO][0m[92m[PRIM][0m               Core 0 end compute primitive Lsu_mem.                                                                          | [36m7895 ns[0m
[INFO][0m[92m[PRIM][0m               Core 0 start compute primitive Sram_lifecycle.                                                                 | [36m7901 ns[0m
[INFO][0m[92m[PRIM][0m               Core 0 end compute primitive Sram_lifecycle.                                                                   | [36m7901 ns[0m
[INFO][0m[92m[PRIM][0m               Core 0 start compute primitive Sram_bind_oneshot.                                                              | [36m7907 ns[0m
[INFO][0m[92m[PRIM][0m               Core 0 end compute primitive Sram_bind_oneshot.                                                                | [36m7907 ns[0m
[INFO][0m[92m[PRIM][0m               Core 0 start compute primitive Matmul_f.                                                                       | [36m7913 ns[0m
[INFO][0m[92m[PRIM][0m               Core 0 end compute primitive Matmul_f.                                                                         | [36m8041 ns[0m
[INFO][0m[92m[PRIM][0m               Core 0 start compute primitive Sram_lifecycle.                                                                 | [36m8047 ns[0m
[INFO][0m[92m[PRIM][0m               Core 0 end compute primitive Sram_lifecycle.                                                                   | [36m8047 ns[0m
[INFO][0m[92m[PRIM][0m               Core 0 start compute primitive Sram_lifecycle.                                                                 | [36m8053 ns[0m
[INFO][0m[92m[PRIM][0m               Core 0 end compute primitive Sram_lifecycle.                                                                   | [36m8053 ns[0m
[INFO][0m[92m[PRIM][0m               Core 0 start compute primitive Sram_lifecycle.                                                                 | [36m8059 ns[0m
[INFO][0m[92m[PRIM][0m               Core 0 end compute primitive Sram_lifecycle.                                                                   | [36m8059 ns[0m
[INFO][0m[92m[PRIM][0m               Core 0 start compute primitive Sram_bind_oneshot.                                                              | [36m8065 ns[0m
[INFO][0m[92m[PRIM][0m               Core 0 end compute primitive Sram_bind_oneshot.                                                                | [36m8065 ns[0m
[INFO][0m[92m[PRIM][0m               Core 0 start compute primitive Residual_f.                                                                     | [36m8071 ns[0m
[INFO][0m[92m[PRIM][0m               Core 0 end compute primitive Residual_f.                                                                       | [36m8073 ns[0m
[INFO][0m[92m[PRIM][0m               Core 0 start compute primitive Sram_lifecycle.                                                                 | [36m8079 ns[0m
[INFO][0m[92m[PRIM][0m               Core 0 end compute primitive Sram_lifecycle.                                                                   | [36m8079 ns[0m
[INFO][0m[92m[PRIM][0m               Core 0 start compute primitive Sram_lifecycle.                                                                 | [36m8085 ns[0m
[INFO][0m[92m[PRIM][0m               Core 0 end compute primitive Sram_lifecycle.                                                                   | [36m8085 ns[0m
[INFO][0m[92m[PRIM][0m               Core 0 start compute primitive Sram_lifecycle.                                                                 | [36m8091 ns[0m
[INFO][0m[92m[PRIM][0m               Core 0 end compute primitive Sram_lifecycle.                                                                   | [36m8091 ns[0m
[INFO][0m[92m[PRIM][0m               Core 0 start compute primitive Lsu_mem.                                                                        | [36m8097 ns[0m
[INFO][0m[92m[PRIM][0m               Core 0 end compute primitive Lsu_mem.                                                                          | [36m8180 ns[0m
[INFO][0m[92m[PRIM][0m               Core 0 start compute primitive Sram_lifecycle.                                                                 | [36m8186 ns[0m
[INFO][0m[92m[PRIM][0m               Core 0 end compute primitive Sram_lifecycle.                                                                   | [36m8186 ns[0m
[INFO][0m[92m[PRIM][0m               Core 0 start compute primitive Sram_bind_oneshot.                                                              | [36m8192 ns[0m
[INFO][0m[92m[PRIM][0m               Core 0 end compute primitive Sram_bind_oneshot.                                                                | [36m8192 ns[0m
[INFO][0m[92m[PRIM][0m               Core 0 start compute primitive rmsnorm_forward.                                                                | [36m8198 ns[0m
[INFO][0m[92m[PRIM][0m               Core 0 end compute primitive rmsnorm_forward.                                                                  | [36m8206 ns[0m
[INFO][0m[92m[PRIM][0m               Core 0 start compute primitive Sram_lifecycle.                                                                 | [36m8212 ns[0m
[INFO][0m[92m[PRIM][0m               Core 0 end compute primitive Sram_lifecycle.                                                                   | [36m8212 ns[0m
[INFO][0m[92m[PRIM][0m               Core 0 start compute primitive Sram_lifecycle.                                                                 | [36m8218 ns[0m
[INFO][0m[92m[PRIM][0m               Core 0 end compute primitive Sram_lifecycle.                                                                   | [36m8218 ns[0m
[INFO][0m[92m[PRIM][0m               Core 0 start compute primitive Lsu_mem.                                                                        | [36m8224 ns[0m
[INFO][0m[92m[PRIM][0m               Core 0 end compute primitive Lsu_mem.                                                                          | [36m9017 ns[0m
[INFO][0m[92m[PRIM][0m               Core 0 start compute primitive Sram_lifecycle.                                                                 | [36m9023 ns[0m
[INFO][0m[92m[PRIM][0m               Core 0 end compute primitive Sram_lifecycle.                                                                   | [36m9023 ns[0m
[INFO][0m[92m[PRIM][0m               Core 0 start compute primitive Sram_bind_oneshot.                                                              | [36m9029 ns[0m
[INFO][0m[92m[PRIM][0m               Core 0 end compute primitive Sram_bind_oneshot.                                                                | [36m9029 ns[0m
[INFO][0m[92m[PRIM][0m               Core 0 start compute primitive Matmul_f.                                                                       | [36m9035 ns[0m
[INFO][0m[92m[PRIM][0m               Core 0 end compute primitive Matmul_f.                                                                         | [36m9227 ns[0m
[INFO][0m[92m[PRIM][0m               Core 0 start compute primitive Sram_lifecycle.                                                                 | [36m9233 ns[0m
[INFO][0m[92m[PRIM][0m               Core 0 end compute primitive Sram_lifecycle.                                                                   | [36m9233 ns[0m
[INFO][0m[92m[PRIM][0m               Core 0 start compute primitive Sram_lifecycle.                                                                 | [36m9239 ns[0m
[INFO][0m[92m[PRIM][0m               Core 0 end compute primitive Sram_lifecycle.                                                                   | [36m9239 ns[0m
[INFO][0m[92m[PRIM][0m               Core 0 start compute primitive Sram_lifecycle.                                                                 | [36m9245 ns[0m
[INFO][0m[92m[PRIM][0m               Core 0 end compute primitive Sram_lifecycle.                                                                   | [36m9245 ns[0m
[INFO][0m[92m[PRIM][0m               Core 0 start compute primitive Sram_bind_oneshot.                                                              | [36m9251 ns[0m
[INFO][0m[92m[PRIM][0m               Core 0 end compute primitive Sram_bind_oneshot.                                                                | [36m9251 ns[0m
[INFO][0m[92m[PRIM][0m               Core 0 start compute primitive Rope_qk_exact_prim.                                                             | [36m9257 ns[0m
[INFO][0m[92m[PRIM][0m               Core 0 end compute primitive Rope_qk_exact_prim.                                                               | [36m9269 ns[0m
[INFO][0m[92m[PRIM][0m               Core 0 start compute primitive Sram_lifecycle.                                                                 | [36m9275 ns[0m
[INFO][0m[92m[PRIM][0m               Core 0 end compute primitive Sram_lifecycle.                                                                   | [36m9275 ns[0m
[INFO][0m[92m[PRIM][0m               Core 0 start compute primitive Sram_lifecycle.                                                                 | [36m9281 ns[0m
[INFO][0m[92m[PRIM][0m               Core 0 end compute primitive Sram_lifecycle.                                                                   | [36m9281 ns[0m
[INFO][0m[92m[PRIM][0m               Core 0 start compute primitive Sram_bind_oneshot.                                                              | [36m9287 ns[0m
[INFO][0m[92m[PRIM][0m               Core 0 end compute primitive Sram_bind_oneshot.                                                                | [36m9287 ns[0m
[INFO][0m[92m[PRIM][0m               Core 0 start compute primitive Attention_exact_prim.                                                           | [36m9293 ns[0m
[INFO][0m[92m[PRIM][0m               Core 0 end compute primitive Attention_exact_prim.                                                             | [36m9297 ns[0m
[INFO][0m[92m[PRIM][0m               Core 0 start compute primitive Sram_lifecycle.                                                                 | [36m9303 ns[0m
[INFO][0m[92m[PRIM][0m               Core 0 end compute primitive Sram_lifecycle.                                                                   | [36m9303 ns[0m
[INFO][0m[92m[PRIM][0m               Core 0 start compute primitive Sram_lifecycle.                                                                 | [36m9309 ns[0m
[INFO][0m[92m[PRIM][0m               Core 0 end compute primitive Sram_lifecycle.                                                                   | [36m9309 ns[0m
[INFO][0m[92m[PRIM][0m               Core 0 start compute primitive Lsu_mem.                                                                        | [36m9315 ns[0m
[INFO][0m[92m[PRIM][0m               Core 0 end compute primitive Lsu_mem.                                                                          | [36m9466 ns[0m
[INFO][0m[92m[PRIM][0m               Core 0 start compute primitive Sram_lifecycle.                                                                 | [36m9472 ns[0m
[INFO][0m[92m[PRIM][0m               Core 0 end compute primitive Sram_lifecycle.                                                                   | [36m9472 ns[0m
[INFO][0m[92m[PRIM][0m               Core 0 start compute primitive Sram_lifecycle.                                                                 | [36m9478 ns[0m
[INFO][0m[92m[PRIM][0m               Core 0 end compute primitive Sram_lifecycle.                                                                   | [36m9478 ns[0m
[INFO][0m[92m[PRIM][0m               Core 0 start compute primitive Lsu_mem.                                                                        | [36m9484 ns[0m
[INFO][0m[92m[PRIM][0m               Core 0 end compute primitive Lsu_mem.                                                                          | [36m9635 ns[0m
[INFO][0m[92m[PRIM][0m               Core 0 start compute primitive Sram_lifecycle.                                                                 | [36m9641 ns[0m
[INFO][0m[92m[PRIM][0m               Core 0 end compute primitive Sram_lifecycle.                                                                   | [36m9641 ns[0m
[INFO][0m[92m[PRIM][0m               Core 0 start compute primitive Sram_lifecycle.                                                                 | [36m9647 ns[0m
[INFO][0m[92m[PRIM][0m               Core 0 end compute primitive Sram_lifecycle.                                                                   | [36m9647 ns[0m
[INFO][0m[92m[PRIM][0m               Core 0 start compute primitive Lsu_mem.                                                                        | [36m9653 ns[0m
[INFO][0m[92m[PRIM][0m               Core 0 end compute primitive Lsu_mem.                                                                          | [36m9962 ns[0m
[INFO][0m[92m[PRIM][0m               Core 0 start compute primitive Sram_lifecycle.                                                                 | [36m9968 ns[0m
[INFO][0m[92m[PRIM][0m               Core 0 end compute primitive Sram_lifecycle.                                                                   | [36m9968 ns[0m
[INFO][0m[92m[PRIM][0m               Core 0 start compute primitive Sram_bind_oneshot.                                                              | [36m9974 ns[0m
[INFO][0m[92m[PRIM][0m               Core 0 end compute primitive Sram_bind_oneshot.                                                                | [36m9974 ns[0m
[INFO][0m[92m[PRIM][0m               Core 0 start compute primitive Matmul_f.                                                                       | [36m9980 ns[0m
[INFO][0m[92m[PRIM][0m               Core 0 end compute primitive Matmul_f.                                                                         | [36m10044 ns[0m
[INFO][0m[92m[PRIM][0m               Core 0 start compute primitive Sram_lifecycle.                                                                 | [36m10050 ns[0m
[INFO][0m[92m[PRIM][0m               Core 0 end compute primitive Sram_lifecycle.                                                                   | [36m10050 ns[0m
[INFO][0m[92m[PRIM][0m               Core 0 start compute primitive Sram_lifecycle.                                                                 | [36m10056 ns[0m
[INFO][0m[92m[PRIM][0m               Core 0 end compute primitive Sram_lifecycle.                                                                   | [36m10056 ns[0m
[INFO][0m[92m[PRIM][0m               Core 0 start compute primitive Sram_lifecycle.                                                                 | [36m10062 ns[0m
[INFO][0m[92m[PRIM][0m               Core 0 end compute primitive Sram_lifecycle.                                                                   | [36m10062 ns[0m
[INFO][0m[92m[PRIM][0m               Core 0 start compute primitive Sram_bind_oneshot.                                                              | [36m10068 ns[0m
[INFO][0m[92m[PRIM][0m               Core 0 end compute primitive Sram_bind_oneshot.                                                                | [36m10068 ns[0m
[INFO][0m[92m[PRIM][0m               Core 0 start compute primitive Residual_f.                                                                     | [36m10074 ns[0m
[INFO][0m[92m[PRIM][0m               Core 0 end compute primitive Residual_f.                                                                       | [36m10076 ns[0m
[INFO][0m[92m[PRIM][0m               Core 0 start compute primitive Sram_lifecycle.                                                                 | [36m10082 ns[0m
[INFO][0m[92m[PRIM][0m               Core 0 end compute primitive Sram_lifecycle.                                                                   | [36m10082 ns[0m
[INFO][0m[92m[PRIM][0m               Core 0 start compute primitive Sram_lifecycle.                                                                 | [36m10088 ns[0m
[INFO][0m[92m[PRIM][0m               Core 0 end compute primitive Sram_lifecycle.                                                                   | [36m10088 ns[0m
[INFO][0m[92m[PRIM][0m               Core 0 start compute primitive Sram_lifecycle.                                                                 | [36m10094 ns[0m
[INFO][0m[92m[PRIM][0m               Core 0 end compute primitive Sram_lifecycle.                                                                   | [36m10094 ns[0m
[INFO][0m[92m[PRIM][0m               Core 0 start compute primitive Lsu_mem.                                                                        | [36m10100 ns[0m
[INFO][0m[92m[PRIM][0m               Core 0 end compute primitive Lsu_mem.                                                                          | [36m10183 ns[0m
[INFO][0m[92m[PRIM][0m               Core 0 start compute primitive Sram_lifecycle.                                                                 | [36m10189 ns[0m
[INFO][0m[92m[PRIM][0m               Core 0 end compute primitive Sram_lifecycle.                                                                   | [36m10189 ns[0m
[INFO][0m[92m[PRIM][0m               Core 0 start compute primitive Sram_bind_oneshot.                                                              | [36m10195 ns[0m
[INFO][0m[92m[PRIM][0m               Core 0 end compute primitive Sram_bind_oneshot.                                                                | [36m10195 ns[0m
[INFO][0m[92m[PRIM][0m               Core 0 start compute primitive rmsnorm_forward.                                                                | [36m10201 ns[0m
[INFO][0m[92m[PRIM][0m               Core 0 end compute primitive rmsnorm_forward.                                                                  | [36m10209 ns[0m
[INFO][0m[92m[PRIM][0m               Core 0 start compute primitive Sram_lifecycle.                                                                 | [36m10215 ns[0m
[INFO][0m[92m[PRIM][0m               Core 0 end compute primitive Sram_lifecycle.                                                                   | [36m10215 ns[0m
[INFO][0m[92m[PRIM][0m               Core 0 start compute primitive Sram_lifecycle.                                                                 | [36m10221 ns[0m
[INFO][0m[92m[PRIM][0m               Core 0 end compute primitive Sram_lifecycle.                                                                   | [36m10221 ns[0m
[INFO][0m[92m[PRIM][0m               Core 0 start compute primitive Lsu_mem.                                                                        | [36m10227 ns[0m
[INFO][0m[92m[PRIM][0m               Core 0 end compute primitive Lsu_mem.                                                                          | [36m11264 ns[0m
[INFO][0m[92m[PRIM][0m               Core 0 start compute primitive Sram_lifecycle.                                                                 | [36m11270 ns[0m
[INFO][0m[92m[PRIM][0m               Core 0 end compute primitive Sram_lifecycle.                                                                   | [36m11270 ns[0m
[INFO][0m[92m[PRIM][0m               Core 0 start compute primitive Sram_bind_oneshot.                                                              | [36m11276 ns[0m
[INFO][0m[92m[PRIM][0m               Core 0 end compute primitive Sram_bind_oneshot.                                                                | [36m11276 ns[0m
[INFO][0m[92m[PRIM][0m               Core 0 start compute primitive Matmul_f.                                                                       | [36m11282 ns[0m
[INFO][0m[92m[PRIM][0m               Core 0 end compute primitive Matmul_f.                                                                         | [36m11538 ns[0m
[INFO][0m[92m[PRIM][0m               Core 0 start compute primitive Sram_lifecycle.                                                                 | [36m11544 ns[0m
[INFO][0m[92m[PRIM][0m               Core 0 end compute primitive Sram_lifecycle.                                                                   | [36m11544 ns[0m
[INFO][0m[92m[PRIM][0m               Core 0 start compute primitive Sram_lifecycle.                                                                 | [36m11550 ns[0m
[INFO][0m[92m[PRIM][0m               Core 0 end compute primitive Sram_lifecycle.                                                                   | [36m11550 ns[0m
[INFO][0m[92m[PRIM][0m               Core 0 start compute primitive Sram_lifecycle.                                                                 | [36m11556 ns[0m
[INFO][0m[92m[PRIM][0m               Core 0 end compute primitive Sram_lifecycle.                                                                   | [36m11556 ns[0m
[INFO][0m[92m[PRIM][0m               Core 0 start compute primitive Sram_bind_oneshot.                                                              | [36m11562 ns[0m
[INFO][0m[92m[PRIM][0m               Core 0 end compute primitive Sram_bind_oneshot.                                                                | [36m11562 ns[0m
[INFO][0m[92m[PRIM][0m               Core 0 start compute primitive swiglu_forward.                                                                 | [36m11568 ns[0m
[INFO][0m[92m[PRIM][0m               Core 0 end compute primitive swiglu_forward.                                                                   | [36m11584 ns[0m
[INFO][0m[92m[PRIM][0m               Core 0 start compute primitive Sram_lifecycle.                                                                 | [36m11590 ns[0m
[INFO][0m[92m[PRIM][0m               Core 0 end compute primitive Sram_lifecycle.                                                                   | [36m11590 ns[0m
[INFO][0m[92m[PRIM][0m               Core 0 start compute primitive Sram_lifecycle.                                                                 | [36m11596 ns[0m
[INFO][0m[92m[PRIM][0m               Core 0 end compute primitive Sram_lifecycle.                                                                   | [36m11596 ns[0m
[INFO][0m[92m[PRIM][0m               Core 0 start compute primitive Lsu_mem.                                                                        | [36m11602 ns[0m
[INFO][0m[92m[PRIM][0m               Core 0 end compute primitive Lsu_mem.                                                                          | [36m12155 ns[0m
[INFO][0m[92m[PRIM][0m               Core 0 start compute primitive Sram_lifecycle.                                                                 | [36m12161 ns[0m
[INFO][0m[92m[PRIM][0m               Core 0 end compute primitive Sram_lifecycle.                                                                   | [36m12161 ns[0m
[INFO][0m[92m[PRIM][0m               Core 0 start compute primitive Sram_bind_oneshot.                                                              | [36m12167 ns[0m
[INFO][0m[92m[PRIM][0m               Core 0 end compute primitive Sram_bind_oneshot.                                                                | [36m12167 ns[0m
[INFO][0m[92m[PRIM][0m               Core 0 start compute primitive Matmul_f.                                                                       | [36m12173 ns[0m
[INFO][0m[92m[PRIM][0m               Core 0 end compute primitive Matmul_f.                                                                         | [36m12301 ns[0m
[INFO][0m[92m[PRIM][0m               Core 0 start compute primitive Sram_lifecycle.                                                                 | [36m12307 ns[0m
[INFO][0m[92m[PRIM][0m               Core 0 end compute primitive Sram_lifecycle.                                                                   | [36m12307 ns[0m
[INFO][0m[92m[PRIM][0m               Core 0 start compute primitive Sram_lifecycle.                                                                 | [36m12313 ns[0m
[INFO][0m[92m[PRIM][0m               Core 0 end compute primitive Sram_lifecycle.                                                                   | [36m12313 ns[0m
[INFO][0m[92m[PRIM][0m               Core 0 start compute primitive Sram_lifecycle.                                                                 | [36m12319 ns[0m
[INFO][0m[92m[PRIM][0m               Core 0 end compute primitive Sram_lifecycle.                                                                   | [36m12319 ns[0m
[INFO][0m[92m[PRIM][0m               Core 0 start compute primitive Sram_bind_oneshot.                                                              | [36m12325 ns[0m
[INFO][0m[92m[PRIM][0m               Core 0 end compute primitive Sram_bind_oneshot.                                                                | [36m12325 ns[0m
[INFO][0m[92m[PRIM][0m               Core 0 start compute primitive Residual_f.                                                                     | [36m12331 ns[0m
[INFO][0m[92m[PRIM][0m               Core 0 end compute primitive Residual_f.                                                                       | [36m12333 ns[0m
[INFO][0m[92m[PRIM][0m               Core 0 start compute primitive Sram_lifecycle.                                                                 | [36m12339 ns[0m
[INFO][0m[92m[PRIM][0m               Core 0 end compute primitive Sram_lifecycle.                                                                   | [36m12339 ns[0m
[INFO][0m[92m[PRIM][0m               Core 0 start compute primitive Sram_lifecycle.                                                                 | [36m12345 ns[0m
[INFO][0m[92m[PRIM][0m               Core 0 end compute primitive Sram_lifecycle.                                                                   | [36m12345 ns[0m
[INFO][0m[92m[PRIM][0m               Core 0 start compute primitive Sram_lifecycle.                                                                 | [36m12351 ns[0m
[INFO][0m[92m[PRIM][0m               Core 0 end compute primitive Sram_lifecycle.                                                                   | [36m12351 ns[0m
[INFO][0m[92m[PRIM][0m               Core 0 start compute primitive Lsu_mem.                                                                        | [36m12357 ns[0m
[INFO][0m[92m[PRIM][0m               Core 0 end compute primitive Lsu_mem.                                                                          | [36m12440 ns[0m
[INFO][0m[92m[PRIM][0m               Core 0 start compute primitive Sram_lifecycle.                                                                 | [36m12446 ns[0m
[INFO][0m[92m[PRIM][0m               Core 0 end compute primitive Sram_lifecycle.                                                                   | [36m12446 ns[0m
[INFO][0m[92m[PRIM][0m               Core 0 start compute primitive Sram_bind_oneshot.                                                              | [36m12452 ns[0m
[INFO][0m[92m[PRIM][0m               Core 0 end compute primitive Sram_bind_oneshot.                                                                | [36m12452 ns[0m
[INFO][0m[92m[PRIM][0m               Core 0 start compute primitive rmsnorm_forward.                                                                | [36m12458 ns[0m
[INFO][0m[92m[PRIM][0m               Core 0 end compute primitive rmsnorm_forward.                                                                  | [36m12466 ns[0m
[INFO][0m[92m[PRIM][0m               Core 0 start compute primitive Sram_lifecycle.                                                                 | [36m12472 ns[0m
[INFO][0m[92m[PRIM][0m               Core 0 end compute primitive Sram_lifecycle.                                                                   | [36m12472 ns[0m
[INFO][0m[92m[PRIM][0m               Core 0 start compute primitive Sram_lifecycle.                                                                 | [36m12478 ns[0m
[INFO][0m[92m[PRIM][0m               Core 0 end compute primitive Sram_lifecycle.                                                                   | [36m12478 ns[0m
[INFO][0m[92m[PRIM][0m               Core 0 start compute primitive Sram_lifecycle.                                                                 | [36m12484 ns[0m
[INFO][0m[92m[PRIM][0m               Core 0 end compute primitive Sram_lifecycle.                                                                   | [36m12484 ns[0m
[INFO][0m[92m[PRIM][0m               Core 0 start compute primitive Lsu_mem.                                                                        | [36m12490 ns[0m
[INFO][0m[92m[PRIM][0m               Core 0 end compute primitive Lsu_mem.                                                                          | [36m13043 ns[0m
[INFO][0m[92m[PRIM][0m               Core 0 start compute primitive Sram_lifecycle.                                                                 | [36m13049 ns[0m
[INFO][0m[92m[PRIM][0m               Core 0 end compute primitive Sram_lifecycle.                                                                   | [36m13049 ns[0m
[INFO][0m[92m[PRIM][0m               Core 0 start compute primitive Sram_bind_oneshot.                                                              | [36m13055 ns[0m
[INFO][0m[92m[PRIM][0m               Core 0 end compute primitive Sram_bind_oneshot.                                                                | [36m13055 ns[0m
[INFO][0m[92m[PRIM][0m               Core 0 start compute primitive Matmul_f.                                                                       | [36m13061 ns[0m
[INFO][0m[92m[PRIM][0m               Core 0 end compute primitive Matmul_f.                                                                         | [36m13189 ns[0m
[INFO][0m[92m[PRIM][0m               Core 0 start compute primitive Sram_lifecycle.                                                                 | [36m13195 ns[0m
[INFO][0m[92m[PRIM][0m               Core 0 end compute primitive Sram_lifecycle.                                                                   | [36m13195 ns[0m
[INFO][0m[92m[PRIM][0m               Core 0 start compute primitive Sram_lifecycle.                                                                 | [36m13201 ns[0m
[INFO][0m[92m[PRIM][0m               Core 0 end compute primitive Sram_lifecycle.                                                                   | [36m13201 ns[0m
[INFO][0m[92m[PRIM][0m               Core 0 start compute primitive Sram_lifecycle.                                                                 | [36m13207 ns[0m
[INFO][0m[92m[PRIM][0m               Core 0 end compute primitive Sram_lifecycle.                                                                   | [36m13207 ns[0m
[INFO][0m[92m[PRIM][0m               Core 0 start compute primitive Sram_lifecycle.                                                                 | [36m13213 ns[0m
[INFO][0m[92m[PRIM][0m               Core 0 end compute primitive Sram_lifecycle.                                                                   | [36m13213 ns[0m
[INFO][0m[92m[PRIM][0m               Core 0 start compute primitive Lsu_mem.                                                                        | [36m13219 ns[0m
[INFO][0m[92m[PRIM][0m               Core 0 end compute primitive Lsu_mem.                                                                          | [36m13772 ns[0m
[INFO][0m[92m[PRIM][0m               Core 0 start compute primitive Sram_lifecycle.                                                                 | [36m13778 ns[0m
[INFO][0m[92m[PRIM][0m               Core 0 end compute primitive Sram_lifecycle.                                                                   | [36m13778 ns[0m
[INFO][0m[92m[PRIM][0m               Core 0 start compute primitive Sram_lifecycle.                                                                 | [36m13784 ns[0m
[INFO][0m[92m[PRIM][0m               Core 0 end compute primitive Sram_lifecycle.                                                                   | [36m13784 ns[0m
[INFO][0m[92m[PRIM][0m               Core 0 start compute primitive Sram_bind_oneshot.                                                              | [36m13790 ns[0m
[INFO][0m[92m[PRIM][0m               Core 0 end compute primitive Sram_bind_oneshot.                                                                | [36m13790 ns[0m
[INFO][0m[92m[PRIM][0m               Core 0 start compute primitive Embedding_lookup_prim.                                                          | [36m13796 ns[0m
[INFO][0m[92m[PRIM][0m               Core 0 end compute primitive Embedding_lookup_prim.                                                            | [36m13796 ns[0m
[INFO][0m[92m[PRIM][0m               Core 0 start compute primitive Sram_lifecycle.                                                                 | [36m13802 ns[0m
[INFO][0m[92m[PRIM][0m               Core 0 end compute primitive Sram_lifecycle.                                                                   | [36m13802 ns[0m
[INFO][0m[92m[PRIM][0m               Core 0 start compute primitive Sram_lifecycle.                                                                 | [36m13808 ns[0m
[INFO][0m[92m[PRIM][0m               Core 0 end compute primitive Sram_lifecycle.                                                                   | [36m13808 ns[0m
[INFO][0m[92m[PRIM][0m               Core 0 start compute primitive Sram_lifecycle.                                                                 | [36m13814 ns[0m
[INFO][0m[92m[PRIM][0m               Core 0 end compute primitive Sram_lifecycle.                                                                   | [36m13814 ns[0m
[INFO][0m[92m[PRIM][0m               Core 0 start compute primitive Lsu_mem.                                                                        | [36m13820 ns[0m
[INFO][0m[92m[PRIM][0m               Core 0 end compute primitive Lsu_mem.                                                                          | [36m13903 ns[0m
[INFO][0m[92m[PRIM][0m               Core 0 start compute primitive Sram_lifecycle.                                                                 | [36m13909 ns[0m
[INFO][0m[92m[PRIM][0m               Core 0 end compute primitive Sram_lifecycle.                                                                   | [36m13909 ns[0m
[INFO][0m[92m[PRIM][0m               Core 0 start compute primitive Sram_bind_oneshot.                                                              | [36m13915 ns[0m
[INFO][0m[92m[PRIM][0m               Core 0 end compute primitive Sram_bind_oneshot.                                                                | [36m13915 ns[0m
[INFO][0m[92m[PRIM][0m               Core 0 start compute primitive rmsnorm_forward.                                                                | [36m13921 ns[0m
[INFO][0m[92m[PRIM][0m               Core 0 end compute primitive rmsnorm_forward.                                                                  | [36m13921 ns[0m
[INFO][0m[92m[PRIM][0m               Core 0 start compute primitive Sram_lifecycle.                                                                 | [36m13927 ns[0m
[INFO][0m[92m[PRIM][0m               Core 0 end compute primitive Sram_lifecycle.                                                                   | [36m13927 ns[0m
[INFO][0m[92m[PRIM][0m               Core 0 start compute primitive Sram_lifecycle.                                                                 | [36m13933 ns[0m
[INFO][0m[92m[PRIM][0m               Core 0 end compute primitive Sram_lifecycle.                                                                   | [36m13933 ns[0m
[INFO][0m[92m[PRIM][0m               Core 0 start compute primitive Lsu_mem.                                                                        | [36m13939 ns[0m
[INFO][0m[92m[PRIM][0m               Core 0 end compute primitive Lsu_mem.                                                                          | [36m14732 ns[0m
[INFO][0m[92m[PRIM][0m               Core 0 start compute primitive Sram_lifecycle.                                                                 | [36m14738 ns[0m
[INFO][0m[92m[PRIM][0m               Core 0 end compute primitive Sram_lifecycle.                                                                   | [36m14738 ns[0m
[INFO][0m[92m[PRIM][0m               Core 0 start compute primitive Sram_bind_oneshot.                                                              | [36m14744 ns[0m
[INFO][0m[92m[PRIM][0m               Core 0 end compute primitive Sram_bind_oneshot.                                                                | [36m14744 ns[0m
[INFO][0m[92m[PRIM][0m               Core 0 start compute primitive Matmul_f.                                                                       | [36m14750 ns[0m
[INFO][0m[92m[PRIM][0m               Core 0 end compute primitive Matmul_f.                                                                         | [36m14774 ns[0m
[INFO][0m[92m[PRIM][0m               Core 0 start compute primitive Sram_lifecycle.                                                                 | [36m14780 ns[0m
[INFO][0m[92m[PRIM][0m               Core 0 end compute primitive Sram_lifecycle.                                                                   | [36m14780 ns[0m
[INFO][0m[92m[PRIM][0m               Core 0 start compute primitive Sram_lifecycle.                                                                 | [36m14786 ns[0m
[INFO][0m[92m[PRIM][0m               Core 0 end compute primitive Sram_lifecycle.                                                                   | [36m14786 ns[0m
[INFO][0m[92m[PRIM][0m               Core 0 start compute primitive Sram_lifecycle.                                                                 | [36m14792 ns[0m
[INFO][0m[92m[PRIM][0m               Core 0 end compute primitive Sram_lifecycle.                                                                   | [36m14792 ns[0m
[INFO][0m[92m[PRIM][0m               Core 0 start compute primitive Sram_bind_oneshot.                                                              | [36m14798 ns[0m
[INFO][0m[92m[PRIM][0m               Core 0 end compute primitive Sram_bind_oneshot.                                                                | [36m14798 ns[0m
[INFO][0m[92m[PRIM][0m               Core 0 start compute primitive Rope_qk_exact_prim.                                                             | [36m14804 ns[0m
[INFO][0m[92m[PRIM][0m               Core 0 end compute primitive Rope_qk_exact_prim.                                                               | [36m14804 ns[0m
[INFO][0m[92m[PRIM][0m               Core 0 start compute primitive Sram_lifecycle.                                                                 | [36m14810 ns[0m
[INFO][0m[92m[PRIM][0m               Core 0 end compute primitive Sram_lifecycle.                                                                   | [36m14810 ns[0m
[INFO][0m[92m[PRIM][0m               Core 0 start compute primitive Sram_lifecycle.                                                                 | [36m14816 ns[0m
[INFO][0m[92m[PRIM][0m               Core 0 end compute primitive Sram_lifecycle.                                                                   | [36m14816 ns[0m
[INFO][0m[92m[PRIM][0m               Core 0 start compute primitive Lsu_mem.                                                                        | [36m14822 ns[0m
[INFO][0m[92m[PRIM][0m               Core 0 end compute primitive Lsu_mem.                                                                          | [36m15025 ns[0m
[INFO][0m[92m[PRIM][0m               Core 0 start compute primitive Sram_lifecycle.                                                                 | [36m15031 ns[0m
[INFO][0m[92m[PRIM][0m               Core 0 end compute primitive Sram_lifecycle.                                                                   | [36m15031 ns[0m
[INFO][0m[92m[PRIM][0m               Core 0 start compute primitive Lsu_mem.                                                                        | [36m15037 ns[0m
[INFO][0m[92m[PRIM][0m               Core 0 end compute primitive Lsu_mem.                                                                          | [36m15240 ns[0m
[INFO][0m[92m[PRIM][0m               Core 0 start compute primitive Sram_lifecycle.                                                                 | [36m15246 ns[0m
[INFO][0m[92m[PRIM][0m               Core 0 end compute primitive Sram_lifecycle.                                                                   | [36m15246 ns[0m
[INFO][0m[92m[PRIM][0m               Core 0 start compute primitive Sram_bind_oneshot.                                                              | [36m15252 ns[0m
[INFO][0m[92m[PRIM][0m               Core 0 end compute primitive Sram_bind_oneshot.                                                                | [36m15252 ns[0m
[INFO][0m[92m[PRIM][0m               Core 0 start compute primitive Attention_exact_prim.                                                           | [36m15258 ns[0m
[INFO][0m[92m[PRIM][0m               Core 0 end compute primitive Attention_exact_prim.                                                             | [36m15258 ns[0m
[INFO][0m[92m[PRIM][0m               Core 0 start compute primitive Sram_lifecycle.                                                                 | [36m15264 ns[0m
[INFO][0m[92m[PRIM][0m               Core 0 end compute primitive Sram_lifecycle.                                                                   | [36m15264 ns[0m
[INFO][0m[92m[PRIM][0m               Core 0 start compute primitive Lsu_mem.                                                                        | [36m15270 ns[0m
[INFO][0m[92m[PRIM][0m               Core 0 end compute primitive Lsu_mem.                                                                          | [36m15347 ns[0m
[INFO][0m[92m[PRIM][0m               Core 0 start compute primitive Sram_lifecycle.                                                                 | [36m15353 ns[0m
[INFO][0m[92m[PRIM][0m               Core 0 end compute primitive Sram_lifecycle.                                                                   | [36m15353 ns[0m
[INFO][0m[92m[PRIM][0m               Core 0 start compute primitive Lsu_mem.                                                                        | [36m15359 ns[0m
[INFO][0m[92m[PRIM][0m               Core 0 end compute primitive Lsu_mem.                                                                          | [36m15436 ns[0m
[INFO][0m[92m[PRIM][0m               Core 0 start compute primitive Sram_lifecycle.                                                                 | [36m15442 ns[0m
[INFO][0m[92m[PRIM][0m               Core 0 end compute primitive Sram_lifecycle.                                                                   | [36m15442 ns[0m
[INFO][0m[92m[PRIM][0m               Core 0 start compute primitive Sram_lifecycle.                                                                 | [36m15448 ns[0m
[INFO][0m[92m[PRIM][0m               Core 0 end compute primitive Sram_lifecycle.                                                                   | [36m15448 ns[0m
[INFO][0m[92m[PRIM][0m               Core 0 start compute primitive Lsu_mem.                                                                        | [36m15454 ns[0m
[INFO][0m[92m[PRIM][0m               Core 0 end compute primitive Lsu_mem.                                                                          | [36m15763 ns[0m
[INFO][0m[92m[PRIM][0m               Core 0 start compute primitive Sram_lifecycle.                                                                 | [36m15769 ns[0m
[INFO][0m[92m[PRIM][0m               Core 0 end compute primitive Sram_lifecycle.                                                                   | [36m15769 ns[0m
[INFO][0m[92m[PRIM][0m               Core 0 start compute primitive Sram_bind_oneshot.                                                              | [36m15775 ns[0m
[INFO][0m[92m[PRIM][0m               Core 0 end compute primitive Sram_bind_oneshot.                                                                | [36m15775 ns[0m
[INFO][0m[92m[PRIM][0m               Core 0 start compute primitive Matmul_f.                                                                       | [36m15781 ns[0m
[INFO][0m[92m[PRIM][0m               Core 0 end compute primitive Matmul_f.                                                                         | [36m15789 ns[0m
[INFO][0m[92m[PRIM][0m               Core 0 start compute primitive Sram_lifecycle.                                                                 | [36m15795 ns[0m
[INFO][0m[92m[PRIM][0m               Core 0 end compute primitive Sram_lifecycle.                                                                   | [36m15795 ns[0m
[INFO][0m[92m[PRIM][0m               Core 0 start compute primitive Sram_lifecycle.                                                                 | [36m15801 ns[0m
[INFO][0m[92m[PRIM][0m               Core 0 end compute primitive Sram_lifecycle.                                                                   | [36m15801 ns[0m
[INFO][0m[92m[PRIM][0m               Core 0 start compute primitive Sram_lifecycle.                                                                 | [36m15807 ns[0m
[INFO][0m[92m[PRIM][0m               Core 0 end compute primitive Sram_lifecycle.                                                                   | [36m15807 ns[0m
[INFO][0m[92m[PRIM][0m               Core 0 start compute primitive Sram_bind_oneshot.                                                              | [36m15813 ns[0m
[INFO][0m[92m[PRIM][0m               Core 0 end compute primitive Sram_bind_oneshot.                                                                | [36m15813 ns[0m
[INFO][0m[92m[PRIM][0m               Core 0 start compute primitive Residual_f.                                                                     | [36m15819 ns[0m
[INFO][0m[92m[PRIM][0m               Core 0 end compute primitive Residual_f.                                                                       | [36m15819 ns[0m
[INFO][0m[92m[PRIM][0m               Core 0 start compute primitive Sram_lifecycle.                                                                 | [36m15825 ns[0m
[INFO][0m[92m[PRIM][0m               Core 0 end compute primitive Sram_lifecycle.                                                                   | [36m15825 ns[0m
[INFO][0m[92m[PRIM][0m               Core 0 start compute primitive Sram_lifecycle.                                                                 | [36m15831 ns[0m
[INFO][0m[92m[PRIM][0m               Core 0 end compute primitive Sram_lifecycle.                                                                   | [36m15831 ns[0m
[INFO][0m[92m[PRIM][0m               Core 0 start compute primitive Sram_lifecycle.                                                                 | [36m15837 ns[0m
[INFO][0m[92m[PRIM][0m               Core 0 end compute primitive Sram_lifecycle.                                                                   | [36m15837 ns[0m
[INFO][0m[92m[PRIM][0m               Core 0 start compute primitive Lsu_mem.                                                                        | [36m15843 ns[0m
[INFO][0m[92m[PRIM][0m               Core 0 end compute primitive Lsu_mem.                                                                          | [36m15926 ns[0m
[INFO][0m[92m[PRIM][0m               Core 0 start compute primitive Sram_lifecycle.                                                                 | [36m15932 ns[0m
[INFO][0m[92m[PRIM][0m               Core 0 end compute primitive Sram_lifecycle.                                                                   | [36m15932 ns[0m
[INFO][0m[92m[PRIM][0m               Core 0 start compute primitive Sram_bind_oneshot.                                                              | [36m15938 ns[0m
[INFO][0m[92m[PRIM][0m               Core 0 end compute primitive Sram_bind_oneshot.                                                                | [36m15938 ns[0m
[INFO][0m[92m[PRIM][0m               Core 0 start compute primitive rmsnorm_forward.                                                                | [36m15944 ns[0m
[INFO][0m[92m[PRIM][0m               Core 0 end compute primitive rmsnorm_forward.                                                                  | [36m15944 ns[0m
[INFO][0m[92m[PRIM][0m               Core 0 start compute primitive Sram_lifecycle.                                                                 | [36m15950 ns[0m
[INFO][0m[92m[PRIM][0m               Core 0 end compute primitive Sram_lifecycle.                                                                   | [36m15950 ns[0m
[INFO][0m[92m[PRIM][0m               Core 0 start compute primitive Sram_lifecycle.                                                                 | [36m15956 ns[0m
[INFO][0m[92m[PRIM][0m               Core 0 end compute primitive Sram_lifecycle.                                                                   | [36m15956 ns[0m
[INFO][0m[92m[PRIM][0m               Core 0 start compute primitive Lsu_mem.                                                                        | [36m15962 ns[0m
[INFO][0m[92m[PRIM][0m               Core 0 end compute primitive Lsu_mem.                                                                          | [36m16999 ns[0m
[INFO][0m[92m[PRIM][0m               Core 0 start compute primitive Sram_lifecycle.                                                                 | [36m17005 ns[0m
[INFO][0m[92m[PRIM][0m               Core 0 end compute primitive Sram_lifecycle.                                                                   | [36m17005 ns[0m
[INFO][0m[92m[PRIM][0m               Core 0 start compute primitive Sram_bind_oneshot.                                                              | [36m17011 ns[0m
[INFO][0m[92m[PRIM][0m               Core 0 end compute primitive Sram_bind_oneshot.                                                                | [36m17011 ns[0m
[INFO][0m[92m[PRIM][0m               Core 0 start compute primitive Matmul_f.                                                                       | [36m17017 ns[0m
[INFO][0m[92m[PRIM][0m               Core 0 end compute primitive Matmul_f.                                                                         | [36m17049 ns[0m
[INFO][0m[92m[PRIM][0m               Core 0 start compute primitive Sram_lifecycle.                                                                 | [36m17055 ns[0m
[INFO][0m[92m[PRIM][0m               Core 0 end compute primitive Sram_lifecycle.                                                                   | [36m17055 ns[0m
[INFO][0m[92m[PRIM][0m               Core 0 start compute primitive Sram_lifecycle.                                                                 | [36m17061 ns[0m
[INFO][0m[92m[PRIM][0m               Core 0 end compute primitive Sram_lifecycle.                                                                   | [36m17061 ns[0m
[INFO][0m[92m[PRIM][0m               Core 0 start compute primitive Sram_lifecycle.                                                                 | [36m17067 ns[0m
[INFO][0m[92m[PRIM][0m               Core 0 end compute primitive Sram_lifecycle.                                                                   | [36m17067 ns[0m
[INFO][0m[92m[PRIM][0m               Core 0 start compute primitive Sram_bind_oneshot.                                                              | [36m17073 ns[0m
[INFO][0m[92m[PRIM][0m               Core 0 end compute primitive Sram_bind_oneshot.                                                                | [36m17073 ns[0m
[INFO][0m[92m[PRIM][0m               Core 0 start compute primitive swiglu_forward.                                                                 | [36m17079 ns[0m
[INFO][0m[92m[PRIM][0m               Core 0 end compute primitive swiglu_forward.                                                                   | [36m17081 ns[0m
[INFO][0m[92m[PRIM][0m               Core 0 start compute primitive Sram_lifecycle.                                                                 | [36m17087 ns[0m
[INFO][0m[92m[PRIM][0m               Core 0 end compute primitive Sram_lifecycle.                                                                   | [36m17087 ns[0m
[INFO][0m[92m[PRIM][0m               Core 0 start compute primitive Sram_lifecycle.                                                                 | [36m17093 ns[0m
[INFO][0m[92m[PRIM][0m               Core 0 end compute primitive Sram_lifecycle.                                                                   | [36m17093 ns[0m
[INFO][0m[92m[PRIM][0m               Core 0 start compute primitive Lsu_mem.                                                                        | [36m17099 ns[0m
[INFO][0m[92m[PRIM][0m               Core 0 end compute primitive Lsu_mem.                                                                          | [36m17652 ns[0m
[INFO][0m[92m[PRIM][0m               Core 0 start compute primitive Sram_lifecycle.                                                                 | [36m17658 ns[0m
[INFO][0m[92m[PRIM][0m               Core 0 end compute primitive Sram_lifecycle.                                                                   | [36m17658 ns[0m
[INFO][0m[92m[PRIM][0m               Core 0 start compute primitive Sram_bind_oneshot.                                                              | [36m17664 ns[0m
[INFO][0m[92m[PRIM][0m               Core 0 end compute primitive Sram_bind_oneshot.                                                                | [36m17664 ns[0m
[INFO][0m[92m[PRIM][0m               Core 0 start compute primitive Matmul_f.                                                                       | [36m17670 ns[0m
[INFO][0m[92m[PRIM][0m               Core 0 end compute primitive Matmul_f.                                                                         | [36m17686 ns[0m
[INFO][0m[92m[PRIM][0m               Core 0 start compute primitive Sram_lifecycle.                                                                 | [36m17692 ns[0m
[INFO][0m[92m[PRIM][0m               Core 0 end compute primitive Sram_lifecycle.                                                                   | [36m17692 ns[0m
[INFO][0m[92m[PRIM][0m               Core 0 start compute primitive Sram_lifecycle.                                                                 | [36m17698 ns[0m
[INFO][0m[92m[PRIM][0m               Core 0 end compute primitive Sram_lifecycle.                                                                   | [36m17698 ns[0m
[INFO][0m[92m[PRIM][0m               Core 0 start compute primitive Sram_lifecycle.                                                                 | [36m17704 ns[0m
[INFO][0m[92m[PRIM][0m               Core 0 end compute primitive Sram_lifecycle.                                                                   | [36m17704 ns[0m
[INFO][0m[92m[PRIM][0m               Core 0 start compute primitive Sram_bind_oneshot.                                                              | [36m17710 ns[0m
[INFO][0m[92m[PRIM][0m               Core 0 end compute primitive Sram_bind_oneshot.                                                                | [36m17710 ns[0m
[INFO][0m[92m[PRIM][0m               Core 0 start compute primitive Residual_f.                                                                     | [36m17716 ns[0m
[INFO][0m[92m[PRIM][0m               Core 0 end compute primitive Residual_f.                                                                       | [36m17716 ns[0m
[INFO][0m[92m[PRIM][0m               Core 0 start compute primitive Sram_lifecycle.                                                                 | [36m17722 ns[0m
[INFO][0m[92m[PRIM][0m               Core 0 end compute primitive Sram_lifecycle.                                                                   | [36m17722 ns[0m
[INFO][0m[92m[PRIM][0m               Core 0 start compute primitive Sram_lifecycle.                                                                 | [36m17728 ns[0m
[INFO][0m[92m[PRIM][0m               Core 0 end compute primitive Sram_lifecycle.                                                                   | [36m17728 ns[0m
[INFO][0m[92m[PRIM][0m               Core 0 start compute primitive Sram_lifecycle.                                                                 | [36m17734 ns[0m
[INFO][0m[92m[PRIM][0m               Core 0 end compute primitive Sram_lifecycle.                                                                   | [36m17734 ns[0m
[INFO][0m[92m[PRIM][0m               Core 0 start compute primitive Lsu_mem.                                                                        | [36m17740 ns[0m
[INFO][0m[92m[PRIM][0m               Core 0 end compute primitive Lsu_mem.                                                                          | [36m17823 ns[0m
[INFO][0m[92m[PRIM][0m               Core 0 start compute primitive Sram_lifecycle.                                                                 | [36m17829 ns[0m
[INFO][0m[92m[PRIM][0m               Core 0 end compute primitive Sram_lifecycle.                                                                   | [36m17829 ns[0m
[INFO][0m[92m[PRIM][0m               Core 0 start compute primitive Sram_bind_oneshot.                                                              | [36m17835 ns[0m
[INFO][0m[92m[PRIM][0m               Core 0 end compute primitive Sram_bind_oneshot.                                                                | [36m17835 ns[0m
[INFO][0m[92m[PRIM][0m               Core 0 start compute primitive rmsnorm_forward.                                                                | [36m17841 ns[0m
[INFO][0m[92m[PRIM][0m               Core 0 end compute primitive rmsnorm_forward.                                                                  | [36m17841 ns[0m
[INFO][0m[92m[PRIM][0m               Core 0 start compute primitive Sram_lifecycle.                                                                 | [36m17847 ns[0m
[INFO][0m[92m[PRIM][0m               Core 0 end compute primitive Sram_lifecycle.                                                                   | [36m17847 ns[0m
[INFO][0m[92m[PRIM][0m               Core 0 start compute primitive Sram_lifecycle.                                                                 | [36m17853 ns[0m
[INFO][0m[92m[PRIM][0m               Core 0 end compute primitive Sram_lifecycle.                                                                   | [36m17853 ns[0m
[INFO][0m[92m[PRIM][0m               Core 0 start compute primitive Lsu_mem.                                                                        | [36m17859 ns[0m
[INFO][0m[92m[PRIM][0m               Core 0 end compute primitive Lsu_mem.                                                                          | [36m18652 ns[0m
[INFO][0m[92m[PRIM][0m               Core 0 start compute primitive Sram_lifecycle.                                                                 | [36m18658 ns[0m
[INFO][0m[92m[PRIM][0m               Core 0 end compute primitive Sram_lifecycle.                                                                   | [36m18658 ns[0m
[INFO][0m[92m[PRIM][0m               Core 0 start compute primitive Sram_bind_oneshot.                                                              | [36m18664 ns[0m
[INFO][0m[92m[PRIM][0m               Core 0 end compute primitive Sram_bind_oneshot.                                                                | [36m18664 ns[0m
[INFO][0m[92m[PRIM][0m               Core 0 start compute primitive Matmul_f.                                                                       | [36m18670 ns[0m
[INFO][0m[92m[PRIM][0m               Core 0 end compute primitive Matmul_f.                                                                         | [36m18694 ns[0m
[INFO][0m[92m[PRIM][0m               Core 0 start compute primitive Sram_lifecycle.                                                                 | [36m18700 ns[0m
[INFO][0m[92m[PRIM][0m               Core 0 end compute primitive Sram_lifecycle.                                                                   | [36m18700 ns[0m
[INFO][0m[92m[PRIM][0m               Core 0 start compute primitive Sram_lifecycle.                                                                 | [36m18706 ns[0m
[INFO][0m[92m[PRIM][0m               Core 0 end compute primitive Sram_lifecycle.                                                                   | [36m18706 ns[0m
[INFO][0m[92m[PRIM][0m               Core 0 start compute primitive Sram_lifecycle.                                                                 | [36m18712 ns[0m
[INFO][0m[92m[PRIM][0m               Core 0 end compute primitive Sram_lifecycle.                                                                   | [36m18712 ns[0m
[INFO][0m[92m[PRIM][0m               Core 0 start compute primitive Sram_bind_oneshot.                                                              | [36m18718 ns[0m
[INFO][0m[92m[PRIM][0m               Core 0 end compute primitive Sram_bind_oneshot.                                                                | [36m18718 ns[0m
[INFO][0m[92m[PRIM][0m               Core 0 start compute primitive Rope_qk_exact_prim.                                                             | [36m18724 ns[0m
[INFO][0m[92m[PRIM][0m               Core 0 end compute primitive Rope_qk_exact_prim.                                                               | [36m18724 ns[0m
[INFO][0m[92m[PRIM][0m               Core 0 start compute primitive Sram_lifecycle.                                                                 | [36m18730 ns[0m
[INFO][0m[92m[PRIM][0m               Core 0 end compute primitive Sram_lifecycle.                                                                   | [36m18730 ns[0m
[INFO][0m[92m[PRIM][0m               Core 0 start compute primitive Sram_lifecycle.                                                                 | [36m18736 ns[0m
[INFO][0m[92m[PRIM][0m               Core 0 end compute primitive Sram_lifecycle.                                                                   | [36m18736 ns[0m
[INFO][0m[92m[PRIM][0m               Core 0 start compute primitive Lsu_mem.                                                                        | [36m18742 ns[0m
[INFO][0m[92m[PRIM][0m               Core 0 end compute primitive Lsu_mem.                                                                          | [36m18945 ns[0m
[INFO][0m[92m[PRIM][0m               Core 0 start compute primitive Sram_lifecycle.                                                                 | [36m18951 ns[0m
[INFO][0m[92m[PRIM][0m               Core 0 end compute primitive Sram_lifecycle.                                                                   | [36m18951 ns[0m
[INFO][0m[92m[PRIM][0m               Core 0 start compute primitive Lsu_mem.                                                                        | [36m18957 ns[0m
[INFO][0m[92m[PRIM][0m               Core 0 end compute primitive Lsu_mem.                                                                          | [36m19160 ns[0m
[INFO][0m[92m[PRIM][0m               Core 0 start compute primitive Sram_lifecycle.                                                                 | [36m19166 ns[0m
[INFO][0m[92m[PRIM][0m               Core 0 end compute primitive Sram_lifecycle.                                                                   | [36m19166 ns[0m
[INFO][0m[92m[PRIM][0m               Core 0 start compute primitive Sram_bind_oneshot.                                                              | [36m19172 ns[0m
[INFO][0m[92m[PRIM][0m               Core 0 end compute primitive Sram_bind_oneshot.                                                                | [36m19172 ns[0m
[INFO][0m[92m[PRIM][0m               Core 0 start compute primitive Attention_exact_prim.                                                           | [36m19178 ns[0m
[INFO][0m[92m[PRIM][0m               Core 0 end compute primitive Attention_exact_prim.                                                             | [36m19178 ns[0m
[INFO][0m[92m[PRIM][0m               Core 0 start compute primitive Sram_lifecycle.                                                                 | [36m19184 ns[0m
[INFO][0m[92m[PRIM][0m               Core 0 end compute primitive Sram_lifecycle.                                                                   | [36m19184 ns[0m
[INFO][0m[92m[PRIM][0m               Core 0 start compute primitive Lsu_mem.                                                                        | [36m19190 ns[0m
[INFO][0m[92m[PRIM][0m               Core 0 end compute primitive Lsu_mem.                                                                          | [36m19267 ns[0m
[INFO][0m[92m[PRIM][0m               Core 0 start compute primitive Sram_lifecycle.                                                                 | [36m19273 ns[0m
[INFO][0m[92m[PRIM][0m               Core 0 end compute primitive Sram_lifecycle.                                                                   | [36m19273 ns[0m
[INFO][0m[92m[PRIM][0m               Core 0 start compute primitive Lsu_mem.                                                                        | [36m19279 ns[0m
[INFO][0m[92m[PRIM][0m               Core 0 end compute primitive Lsu_mem.                                                                          | [36m19356 ns[0m
[INFO][0m[92m[PRIM][0m               Core 0 start compute primitive Sram_lifecycle.                                                                 | [36m19362 ns[0m
[INFO][0m[92m[PRIM][0m               Core 0 end compute primitive Sram_lifecycle.                                                                   | [36m19362 ns[0m
[INFO][0m[92m[PRIM][0m               Core 0 start compute primitive Sram_lifecycle.                                                                 | [36m19368 ns[0m
[INFO][0m[92m[PRIM][0m               Core 0 end compute primitive Sram_lifecycle.                                                                   | [36m19368 ns[0m
[INFO][0m[92m[PRIM][0m               Core 0 start compute primitive Lsu_mem.                                                                        | [36m19374 ns[0m
[INFO][0m[92m[PRIM][0m               Core 0 end compute primitive Lsu_mem.                                                                          | [36m19683 ns[0m
[INFO][0m[92m[PRIM][0m               Core 0 start compute primitive Sram_lifecycle.                                                                 | [36m19689 ns[0m
[INFO][0m[92m[PRIM][0m               Core 0 end compute primitive Sram_lifecycle.                                                                   | [36m19689 ns[0m
[INFO][0m[92m[PRIM][0m               Core 0 start compute primitive Sram_bind_oneshot.                                                              | [36m19695 ns[0m
[INFO][0m[92m[PRIM][0m               Core 0 end compute primitive Sram_bind_oneshot.                                                                | [36m19695 ns[0m
[INFO][0m[92m[PRIM][0m               Core 0 start compute primitive Matmul_f.                                                                       | [36m19701 ns[0m
[INFO][0m[92m[PRIM][0m               Core 0 end compute primitive Matmul_f.                                                                         | [36m19709 ns[0m
[INFO][0m[92m[PRIM][0m               Core 0 start compute primitive Sram_lifecycle.                                                                 | [36m19715 ns[0m
[INFO][0m[92m[PRIM][0m               Core 0 end compute primitive Sram_lifecycle.                                                                   | [36m19715 ns[0m
[INFO][0m[92m[PRIM][0m               Core 0 start compute primitive Sram_lifecycle.                                                                 | [36m19721 ns[0m
[INFO][0m[92m[PRIM][0m               Core 0 end compute primitive Sram_lifecycle.                                                                   | [36m19721 ns[0m
[INFO][0m[92m[PRIM][0m               Core 0 start compute primitive Sram_lifecycle.                                                                 | [36m19727 ns[0m
[INFO][0m[92m[PRIM][0m               Core 0 end compute primitive Sram_lifecycle.                                                                   | [36m19727 ns[0m
[INFO][0m[92m[PRIM][0m               Core 0 start compute primitive Sram_bind_oneshot.                                                              | [36m19733 ns[0m
[INFO][0m[92m[PRIM][0m               Core 0 end compute primitive Sram_bind_oneshot.                                                                | [36m19733 ns[0m
[INFO][0m[92m[PRIM][0m               Core 0 start compute primitive Residual_f.                                                                     | [36m19739 ns[0m
[INFO][0m[92m[PRIM][0m               Core 0 end compute primitive Residual_f.                                                                       | [36m19739 ns[0m
[INFO][0m[92m[PRIM][0m               Core 0 start compute primitive Sram_lifecycle.                                                                 | [36m19745 ns[0m
[INFO][0m[92m[PRIM][0m               Core 0 end compute primitive Sram_lifecycle.                                                                   | [36m19745 ns[0m
[INFO][0m[92m[PRIM][0m               Core 0 start compute primitive Sram_lifecycle.                                                                 | [36m19751 ns[0m
[INFO][0m[92m[PRIM][0m               Core 0 end compute primitive Sram_lifecycle.                                                                   | [36m19751 ns[0m
[INFO][0m[92m[PRIM][0m               Core 0 start compute primitive Sram_lifecycle.                                                                 | [36m19757 ns[0m
[INFO][0m[92m[PRIM][0m               Core 0 end compute primitive Sram_lifecycle.                                                                   | [36m19757 ns[0m
[INFO][0m[92m[PRIM][0m               Core 0 start compute primitive Lsu_mem.                                                                        | [36m19763 ns[0m
[INFO][0m[92m[PRIM][0m               Core 0 end compute primitive Lsu_mem.                                                                          | [36m19846 ns[0m
[INFO][0m[92m[PRIM][0m               Core 0 start compute primitive Sram_lifecycle.                                                                 | [36m19852 ns[0m
[INFO][0m[92m[PRIM][0m               Core 0 end compute primitive Sram_lifecycle.                                                                   | [36m19852 ns[0m
[INFO][0m[92m[PRIM][0m               Core 0 start compute primitive Sram_bind_oneshot.                                                              | [36m19858 ns[0m
[INFO][0m[92m[PRIM][0m               Core 0 end compute primitive Sram_bind_oneshot.                                                                | [36m19858 ns[0m
[INFO][0m[92m[PRIM][0m               Core 0 start compute primitive rmsnorm_forward.                                                                | [36m19864 ns[0m
[INFO][0m[92m[PRIM][0m               Core 0 end compute primitive rmsnorm_forward.                                                                  | [36m19864 ns[0m
[INFO][0m[92m[PRIM][0m               Core 0 start compute primitive Sram_lifecycle.                                                                 | [36m19870 ns[0m
[INFO][0m[92m[PRIM][0m               Core 0 end compute primitive Sram_lifecycle.                                                                   | [36m19870 ns[0m
[INFO][0m[92m[PRIM][0m               Core 0 start compute primitive Sram_lifecycle.                                                                 | [36m19876 ns[0m
[INFO][0m[92m[PRIM][0m               Core 0 end compute primitive Sram_lifecycle.                                                                   | [36m19876 ns[0m
[INFO][0m[92m[PRIM][0m               Core 0 start compute primitive Lsu_mem.                                                                        | [36m19882 ns[0m
[INFO][0m[92m[PRIM][0m               Core 0 end compute primitive Lsu_mem.                                                                          | [36m20919 ns[0m
[INFO][0m[92m[PRIM][0m               Core 0 start compute primitive Sram_lifecycle.                                                                 | [36m20925 ns[0m
[INFO][0m[92m[PRIM][0m               Core 0 end compute primitive Sram_lifecycle.                                                                   | [36m20925 ns[0m
[INFO][0m[92m[PRIM][0m               Core 0 start compute primitive Sram_bind_oneshot.                                                              | [36m20931 ns[0m
[INFO][0m[92m[PRIM][0m               Core 0 end compute primitive Sram_bind_oneshot.                                                                | [36m20931 ns[0m
[INFO][0m[92m[PRIM][0m               Core 0 start compute primitive Matmul_f.                                                                       | [36m20937 ns[0m
[INFO][0m[92m[PRIM][0m               Core 0 end compute primitive Matmul_f.                                                                         | [36m20969 ns[0m
[INFO][0m[92m[PRIM][0m               Core 0 start compute primitive Sram_lifecycle.                                                                 | [36m20975 ns[0m
[INFO][0m[92m[PRIM][0m               Core 0 end compute primitive Sram_lifecycle.                                                                   | [36m20975 ns[0m
[INFO][0m[92m[PRIM][0m               Core 0 start compute primitive Sram_lifecycle.                                                                 | [36m20981 ns[0m
[INFO][0m[92m[PRIM][0m               Core 0 end compute primitive Sram_lifecycle.                                                                   | [36m20981 ns[0m
[INFO][0m[92m[PRIM][0m               Core 0 start compute primitive Sram_lifecycle.                                                                 | [36m20987 ns[0m
[INFO][0m[92m[PRIM][0m               Core 0 end compute primitive Sram_lifecycle.                                                                   | [36m20987 ns[0m
[INFO][0m[92m[PRIM][0m               Core 0 start compute primitive Sram_bind_oneshot.                                                              | [36m20993 ns[0m
[INFO][0m[92m[PRIM][0m               Core 0 end compute primitive Sram_bind_oneshot.                                                                | [36m20993 ns[0m
[INFO][0m[92m[PRIM][0m               Core 0 start compute primitive swiglu_forward.                                                                 | [36m20999 ns[0m
[INFO][0m[92m[PRIM][0m               Core 0 end compute primitive swiglu_forward.                                                                   | [36m21001 ns[0m
[INFO][0m[92m[PRIM][0m               Core 0 start compute primitive Sram_lifecycle.                                                                 | [36m21007 ns[0m
[INFO][0m[92m[PRIM][0m               Core 0 end compute primitive Sram_lifecycle.                                                                   | [36m21007 ns[0m
[INFO][0m[92m[PRIM][0m               Core 0 start compute primitive Sram_lifecycle.                                                                 | [36m21013 ns[0m
[INFO][0m[92m[PRIM][0m               Core 0 end compute primitive Sram_lifecycle.                                                                   | [36m21013 ns[0m
[INFO][0m[92m[PRIM][0m               Core 0 start compute primitive Lsu_mem.                                                                        | [36m21019 ns[0m
[INFO][0m[92m[PRIM][0m               Core 0 end compute primitive Lsu_mem.                                                                          | [36m21572 ns[0m
[INFO][0m[92m[PRIM][0m               Core 0 start compute primitive Sram_lifecycle.                                                                 | [36m21578 ns[0m
[INFO][0m[92m[PRIM][0m               Core 0 end compute primitive Sram_lifecycle.                                                                   | [36m21578 ns[0m
[INFO][0m[92m[PRIM][0m               Core 0 start compute primitive Sram_bind_oneshot.                                                              | [36m21584 ns[0m
[INFO][0m[92m[PRIM][0m               Core 0 end compute primitive Sram_bind_oneshot.                                                                | [36m21584 ns[0m
[INFO][0m[92m[PRIM][0m               Core 0 start compute primitive Matmul_f.                                                                       | [36m21590 ns[0m
[INFO][0m[92m[PRIM][0m               Core 0 end compute primitive Matmul_f.                                                                         | [36m21606 ns[0m
[INFO][0m[92m[PRIM][0m               Core 0 start compute primitive Sram_lifecycle.                                                                 | [36m21612 ns[0m
[INFO][0m[92m[PRIM][0m               Core 0 end compute primitive Sram_lifecycle.                                                                   | [36m21612 ns[0m
[INFO][0m[92m[PRIM][0m               Core 0 start compute primitive Sram_lifecycle.                                                                 | [36m21618 ns[0m
[INFO][0m[92m[PRIM][0m               Core 0 end compute primitive Sram_lifecycle.                                                                   | [36m21618 ns[0m
[INFO][0m[92m[PRIM][0m               Core 0 start compute primitive Sram_lifecycle.                                                                 | [36m21624 ns[0m
[INFO][0m[92m[PRIM][0m               Core 0 end compute primitive Sram_lifecycle.                                                                   | [36m21624 ns[0m
[INFO][0m[92m[PRIM][0m               Core 0 start compute primitive Sram_bind_oneshot.                                                              | [36m21630 ns[0m
[INFO][0m[92m[PRIM][0m               Core 0 end compute primitive Sram_bind_oneshot.                                                                | [36m21630 ns[0m
[INFO][0m[92m[PRIM][0m               Core 0 start compute primitive Residual_f.                                                                     | [36m21636 ns[0m
[INFO][0m[92m[PRIM][0m               Core 0 end compute primitive Residual_f.                                                                       | [36m21636 ns[0m
[INFO][0m[92m[PRIM][0m               Core 0 start compute primitive Sram_lifecycle.                                                                 | [36m21642 ns[0m
[INFO][0m[92m[PRIM][0m               Core 0 end compute primitive Sram_lifecycle.                                                                   | [36m21642 ns[0m
[INFO][0m[92m[PRIM][0m               Core 0 start compute primitive Sram_lifecycle.                                                                 | [36m21648 ns[0m
[INFO][0m[92m[PRIM][0m               Core 0 end compute primitive Sram_lifecycle.                                                                   | [36m21648 ns[0m
[INFO][0m[92m[PRIM][0m               Core 0 start compute primitive Sram_lifecycle.                                                                 | [36m21654 ns[0m
[INFO][0m[92m[PRIM][0m               Core 0 end compute primitive Sram_lifecycle.                                                                   | [36m21654 ns[0m
[INFO][0m[92m[PRIM][0m               Core 0 start compute primitive Lsu_mem.                                                                        | [36m21660 ns[0m
[INFO][0m[92m[PRIM][0m               Core 0 end compute primitive Lsu_mem.                                                                          | [36m21743 ns[0m
[INFO][0m[92m[PRIM][0m               Core 0 start compute primitive Sram_lifecycle.                                                                 | [36m21749 ns[0m
[INFO][0m[92m[PRIM][0m               Core 0 end compute primitive Sram_lifecycle.                                                                   | [36m21749 ns[0m
[INFO][0m[92m[PRIM][0m               Core 0 start compute primitive Sram_bind_oneshot.                                                              | [36m21755 ns[0m
[INFO][0m[92m[PRIM][0m               Core 0 end compute primitive Sram_bind_oneshot.                                                                | [36m21755 ns[0m
[INFO][0m[92m[PRIM][0m               Core 0 start compute primitive rmsnorm_forward.                                                                | [36m21761 ns[0m
[INFO][0m[92m[PRIM][0m               Core 0 end compute primitive rmsnorm_forward.                                                                  | [36m21761 ns[0m
[INFO][0m[92m[PRIM][0m               Core 0 start compute primitive Sram_lifecycle.                                                                 | [36m21767 ns[0m
[INFO][0m[92m[PRIM][0m               Core 0 end compute primitive Sram_lifecycle.                                                                   | [36m21767 ns[0m
[INFO][0m[92m[PRIM][0m               Core 0 start compute primitive Sram_lifecycle.                                                                 | [36m21773 ns[0m
[INFO][0m[92m[PRIM][0m               Core 0 end compute primitive Sram_lifecycle.                                                                   | [36m21773 ns[0m
[INFO][0m[92m[PRIM][0m               Core 0 start compute primitive Sram_lifecycle.                                                                 | [36m21779 ns[0m
[INFO][0m[92m[PRIM][0m               Core 0 end compute primitive Sram_lifecycle.                                                                   | [36m21779 ns[0m
[INFO][0m[92m[PRIM][0m               Core 0 start compute primitive Lsu_mem.                                                                        | [36m21785 ns[0m
[INFO][0m[92m[PRIM][0m               Core 0 end compute primitive Lsu_mem.                                                                          | [36m22338 ns[0m
[INFO][0m[92m[PRIM][0m               Core 0 start compute primitive Sram_lifecycle.                                                                 | [36m22344 ns[0m
[INFO][0m[92m[PRIM][0m               Core 0 end compute primitive Sram_lifecycle.                                                                   | [36m22344 ns[0m
[INFO][0m[92m[PRIM][0m               Core 0 start compute primitive Sram_bind_oneshot.                                                              | [36m22350 ns[0m
[INFO][0m[92m[PRIM][0m               Core 0 end compute primitive Sram_bind_oneshot.                                                                | [36m22350 ns[0m
[INFO][0m[92m[PRIM][0m               Core 0 start compute primitive Matmul_f.                                                                       | [36m22356 ns[0m
[INFO][0m[92m[PRIM][0m               Core 0 end compute primitive Matmul_f.                                                                         | [36m22372 ns[0m
[INFO][0m[92m[PRIM][0m               Core 0 start compute primitive Sram_lifecycle.                                                                 | [36m22378 ns[0m
[INFO][0m[92m[PRIM][0m               Core 0 end compute primitive Sram_lifecycle.                                                                   | [36m22378 ns[0m
[INFO][0m[92m[PRIM][0m               Core 0 start compute primitive Sram_lifecycle.                                                                 | [36m22384 ns[0m
[INFO][0m[92m[PRIM][0m               Core 0 end compute primitive Sram_lifecycle.                                                                   | [36m22384 ns[0m
[INFO][0m[92m[PRIM][0m               Core 0 start compute primitive Sram_lifecycle.                                                                 | [36m22390 ns[0m
[INFO][0m[92m[PRIM][0m               Core 0 end compute primitive Sram_lifecycle.                                                                   | [36m22390 ns[0m
[INFO][0m[92m[PRIM][0m               Core 0 start send primitive SEND_DONE.                                                                         | [36m22396 ns[0m
[INFO][0m[92m[PRIM][0m               Core 0 end send primitive SEND_DONE.                                                                           | [36m22400 ns[0m
[INFO][0m[92m[MEM_INTF][0m           End DONE reception.                                                                                            | [36m22402 ns[0m

Info: /OSCI/SystemC: Simulation stopped by user.
[SIM_RESULT] makespan_cycles=11201
[PROGRAM_MEMORY] core=0 lsu_issued=42 lsu_completed=42 lsu_hbm_read_bytes=26048 lsu_hbm_write_bytes=1152 lsu_sram_read_bytes=1152 lsu_sram_write_bytes=26048 lsu_residual=0 dte_residual=0
[PROGRAM_IO_PROBE] id=program_output_probe_abfccbfc55b52388 core=0 address=22912 bytes=512 expected_checksum=076a27c79e5ace2a3d47f9dd2e83e4ff6ea8872b3c2218f66c92b89b55f36560 checksum=076a27c79e5ace2a3d47f9dd2e83e4ff6ea8872b3c2218f66c92b89b55f36560 valid=1 exact=1 pass=1
[PROGRAM_IO_PROBE] id=program_output_probe_1feff57effa4d32b core=0 address=38016 bytes=64 expected_checksum=f5a5fd42d16a20302798ef6ed309979b43003d2320d9f0e8ea9831a92759fb4b checksum=f5a5fd42d16a20302798ef6ed309979b43003d2320d9f0e8ea9831a92759fb4b valid=1 exact=1 pass=1
[PROGRAM_IO] phase=verify mode=timing initializations=105 probes=2 checksum=faf4c12ffc9b01409b3973b979610a23cc779471fd19ae85e8964b7d6ada0ae4 pass=1
[INFO][0m[92m[SYSTEM][0m             [D2D] in_pkts=0 out_pkts=0 busy_cycles=0 stall_cycles=0.                                                       | [36m22402 ns[0m
[INFO][0m[92m[SYSTEM][0m             [D2D_TYPE] request_in=0 request_out=0 ack_in=0 ack_out=0 data_in=0 data_out=0.                                 | [36m22402 ns[0m
[INFO][0m[92m[SYSTEM][0m             [D2D_DATA] in_pkts=0 out_pkts=0 in_seqhash=1469598103934665603 out_seqhash=1469598103934665603 in_csum=1469598103934665603 out_csum=1469598103934665603 out_inorder=1 out_minseq=-1 out_maxseq=-1 out_endseq=-1 out_end_count=0 out_end_length=-1 in_first_cycle=-1 in_last_cycle=-1 out_first_cycle=-1 out_last_cycle=-1. | [36m22402 ns[0m
[INFO][0m[92m[SYSTEM][0m             [D2D_REPIN] total=0 changed=0 same=0.                                                                          | [36m22402 ns[0m
[INFO][0m[92m[SYSTEM][0m             [SAF] reserved_packets=0 group_reserved_packets=0.                                                             | [36m22402 ns[0m
[INFO][0m[92m[SYSTEM][0m             [DIE_ACT] router_pkts=8219,0 mesh_pkts=8216,0.                                                                 | [36m22402 ns[0m
[INFO][0m[92m[SYSTEM][0m             [NOC_ACT] sends=520,0 stalls=0,0 d2d_source_stalls=0.                                                          | [36m22402 ns[0m
[INFO][0m[92m[SYSTEM][0m             [FLOW_DONE] .                                                                                                  | [36m22402 ns[0m
[INFO][0m[92m[SYSTEM][0m             [SAF_ADMIT] success=0 reject=0.                                                                                | [36m22402 ns[0m
[INFO][0m[92m[SYSTEM][0m             [P5 P2P TIMING DRAIN] residual=0.                                                                              | [36m22402 ns[0m
[INFO][0m[92m[SYSTEM][0m             [COLL_DRAIN] tree_entries=0 reduce_nodes=0 barriers=0 gather=0 reduce_rx=0 endpoints=0 dte_tokens=0 event=0.   | [36m22402 ns[0m
[INFO][0m[92m[SYSTEM][0m             [DRAIN] router_residual=0.                                                                                     | [36m22402 ns[0m
[INFO][0m[92m[SYSTEM][0m             [CREDIT] data_balanced=1 ctrl_balanced=1.                                                                      | [36m22402 ns[0m
[INFO][0m[92m[SYSTEM][0m             [DRAIN] d2d_link_residual=0.                                                                                   | [36m22402 ns[0m
[INFO][0m[92m[SYSTEM][0m             [START_DATA] enqueued=1 injected=1 accepted=1 delivered=1 consumed=1 completed=1.                              | [36m22402 ns[0m
[INFO][0m[92m[SYSTEM][0m             [LOCK] max_output_ref=0.                                                                                       | [36m22402 ns[0m
[INFO][0m[92m[SYSTEM][0m             [HOSTLANE] done_total=1 ack_total=2 mismatch=0 per_lane_done=1,0,0,0,0,0,0,0.                                  | [36m22402 ns[0m
[INFO][0m[92m[SYSTEM][0m             [HOSTSIG] done=0:1, ack=0:0:2,.                                                                                | [36m22402 ns[0m
[INFO][0m[92m[SYSTEM][0m             Total Real-time Cost: 33.4341s.                                                                                | [36m22402 ns[0m
[INFO][0m[92m[SYSTEM][0m             Cleanup monitor components.                                                                                    | [36m22402 ns[0m
[INFO][0m[92m[SYSTEM][0m             Cleanup memory interface components.                                                                           | [36m22402 ns[0m
