
        SystemC 2.3.3-Accellera --- Jan  6 2026 03:02:18
        Copyright (c) 1996-2018 by all Contributors,
        ALL RIGHTS RESERVED
[PROGRAM_IO] phase=resolved mode=timing initializations=120 probes=33 checksum=b4dac762c09ee1dfa717ebd77096b40c1a8c99f34a88c400427510a8099adb36 pass=1
===========================================================================
Memory Configuration:

 Memory type:                    HBM2
 Memory size in bytes:           1073741824
 Channels:                       1
 Pseudo channels per channel:    2
 Bank groups per pseudo channel: 4
 Banks per pseudo channel:       16
 Rows per bank:                  32768
 Columns per row:                128
 Pseudo channel width in bits:   64
 Pseudo channel size in bits:    4294967296
 Pseudo channel size in bytes:   536870912

===========================================================================
Memory Configuration:

 Memory type:                    HBM2
 Memory size in bytes:           1073741824
 Channels:                       1
 Pseudo channels per channel:    2
 Bank groups per pseudo channel: 4
 Banks per pseudo channel:       16
 Rows per bank:                  32768
 Columns per row:                128
 Pseudo channel width in bits:   64
 Pseudo channel size in bits:    4294967296
 Pseudo channel size in bytes:   536870912

Loaded Program Format 1.0, ISA 1.2, capabilities=0x0
[INFO][0m[92m[SYSTEM][0m             Address mapping with n=8 saved to ../DRAMSys/configs/addressmapping/am_ddr4_8x4Gbx8_df.json.                   | [36m0 s[0m
[INFO][0m[92m[SYSTEM][0m             Address mapping with n=8 saved to ../DRAMSys/configs/addressmapping/am_hbm2_gpu.json.                          | [36m0 s[0m
===========================================================================
Memory Configuration:

 Memory type:           DDR4
 Memory size in bytes:  4294967296
 Channels:              1
 Ranks per channel:     1
 Bank groups per rank:  4
 Banks per rank:        16
 Rows per bank:         32768
 Columns per row:       1024
 Device width in bits:  8
 Device size in bits:   4294967296
 Device size in bytes:  536870912
 Devices per rank:      8

===========================================================================
===========================================================================
Memory Configuration:

 Memory type:                    HBM2
 Memory size in bytes:           1073741824
 Channels:                       1
 Pseudo channels per channel:    2
 Bank groups per pseudo channel: 4
 Banks per pseudo channel:       16
 Rows per bank:                  32768
 Columns per row:                128
 Pseudo channel width in bits:   64
 Pseudo channel size in bits:    4294967296
 Pseudo channel size in bytes:   536870912

===========================================================================
Memory Configuration:

 Memory type:                    HBM2
 Memory size in bytes:           1073741824
 Channels:                       1
 Pseudo channels per channel:    2
 Bank groups per pseudo channel: 4
 Banks per pseudo channel:       16
 Rows per bank:                  32768
 Columns per row:                128
 Pseudo channel width in bits:   64
 Pseudo channel size in bits:    4294967296
 Pseudo channel size in bytes:   536870912

[INFO][0m[92m[GLOBAL_MEMORY][0m      Global link not initialized.                                                                                   | [36m0 s[0m
[INFO][0m[92m[SYSTEM][0m             Instantiated cores=32 routers=32 workers=32 dies=2 (CORES_PER_DIE=16, GRID=4x4, expect 32).                    | [36m0 s[0m
[INFO][0m[92m[SYSTEM][0m             [D2D] link_sites=2 link_units=2.                                                                               | [36m0 s[0m
[INFO][0m[92m[SYSTEM][0m             Components initialize complete, prepare to start..                                                             | [36m0 s[0m
[PROGRAM_IO] phase=applied mode=timing initializations=120 probes=33 checksum=b4dac762c09ee1dfa717ebd77096b40c1a8c99f34a88c400427510a8099adb36 pass=1

Info: (I702) default timescale unit used for tracing: 1 ps (Cchip_1.vcd)
[INFO][0m[92m[MEM_INTF][0m           Start write operation.                                                                                         | [36m2 ns[0m
[INFO][0m[92m[PRIM][0m               Core 31 start receive primitive RECV_CONF.                                                                     | [36m2 ns[0m
[INFO][0m[92m[PRIM][0m               Core 30 start receive primitive RECV_CONF.                                                                     | [36m2 ns[0m
[INFO][0m[92m[PRIM][0m               Core 29 start receive primitive RECV_CONF.                                                                     | [36m2 ns[0m
[INFO][0m[92m[PRIM][0m               Core 28 start receive primitive RECV_CONF.                                                                     | [36m2 ns[0m
[INFO][0m[92m[PRIM][0m               Core 27 start receive primitive RECV_CONF.                                                                     | [36m2 ns[0m
[INFO][0m[92m[PRIM][0m               Core 26 start receive primitive RECV_CONF.                                                                     | [36m2 ns[0m
[INFO][0m[92m[PRIM][0m               Core 25 start receive primitive RECV_CONF.                                                                     | [36m2 ns[0m
[INFO][0m[92m[PRIM][0m               Core 24 start receive primitive RECV_CONF.                                                                     | [36m2 ns[0m
[INFO][0m[92m[PRIM][0m               Core 23 start receive primitive RECV_CONF.                                                                     | [36m2 ns[0m
[INFO][0m[92m[PRIM][0m               Core 22 start receive primitive RECV_CONF.                                                                     | [36m2 ns[0m
[INFO][0m[92m[PRIM][0m               Core 21 start receive primitive RECV_CONF.                                                                     | [36m2 ns[0m
[INFO][0m[92m[PRIM][0m               Core 20 start receive primitive RECV_CONF.                                                                     | [36m2 ns[0m
[INFO][0m[92m[PRIM][0m               Core 19 start receive primitive RECV_CONF.                                                                     | [36m2 ns[0m
[INFO][0m[92m[PRIM][0m               Core 18 start receive primitive RECV_CONF.                                                                     | [36m2 ns[0m
[INFO][0m[92m[PRIM][0m               Core 17 start receive primitive RECV_CONF.                                                                     | [36m2 ns[0m
[INFO][0m[92m[PRIM][0m               Core 16 start receive primitive RECV_CONF.                                                                     | [36m2 ns[0m
[INFO][0m[92m[PRIM][0m               Core 15 start receive primitive RECV_CONF.                                                                     | [36m2 ns[0m
[INFO][0m[92m[PRIM][0m               Core 14 start receive primitive RECV_CONF.                                                                     | [36m2 ns[0m
[INFO][0m[92m[PRIM][0m               Core 13 start receive primitive RECV_CONF.                                                                     | [36m2 ns[0m
[INFO][0m[92m[PRIM][0m               Core 12 start receive primitive RECV_CONF.                                                                     | [36m2 ns[0m
[INFO][0m[92m[PRIM][0m               Core 11 start receive primitive RECV_CONF.                                                                     | [36m2 ns[0m
[INFO][0m[92m[PRIM][0m               Core 10 start receive primitive RECV_CONF.                                                                     | [36m2 ns[0m
[INFO][0m[92m[PRIM][0m               Core 9 start receive primitive RECV_CONF.                                                                      | [36m2 ns[0m
[INFO][0m[92m[PRIM][0m               Core 8 start receive primitive RECV_CONF.                                                                      | [36m2 ns[0m
[INFO][0m[92m[PRIM][0m               Core 7 start receive primitive RECV_CONF.                                                                      | [36m2 ns[0m
[INFO][0m[92m[PRIM][0m               Core 6 start receive primitive RECV_CONF.                                                                      | [36m2 ns[0m
[INFO][0m[92m[PRIM][0m               Core 5 start receive primitive RECV_CONF.                                                                      | [36m2 ns[0m
[INFO][0m[92m[PRIM][0m               Core 4 start receive primitive RECV_CONF.                                                                      | [36m2 ns[0m
[INFO][0m[92m[PRIM][0m               Core 3 start receive primitive RECV_CONF.                                                                      | [36m2 ns[0m
[INFO][0m[92m[PRIM][0m               Core 2 start receive primitive RECV_CONF.                                                                      | [36m2 ns[0m
[INFO][0m[92m[PRIM][0m               Core 1 start receive primitive RECV_CONF.                                                                      | [36m2 ns[0m
[INFO][0m[92m[PRIM][0m               Core 0 start receive primitive RECV_CONF.                                                                      | [36m2 ns[0m
[INFO][0m[92m[MEM_INTF][0m           End write operation.                                                                                           | [36m2680 ns[0m
[INFO][0m[92m[MEM_INTF][0m           End config distribution.                                                                                       | [36m2680 ns[0m
[INFO][0m[92m[PRIM][0m               Core 0 end recv primitive RECV_CONF.                                                                           | [36m2690 ns[0m
[INFO][0m[92m[MEM_INTF][0m           Start write operation.                                                                                         | [36m2696 ns[0m
[INFO][0m[92m[PRIM][0m               Core 0 start receive primitive RECV_WEIGHT.                                                                    | [36m2696 ns[0m
[INFO][0m[92m[MEM_INTF][0m           End write operation.                                                                                           | [36m2698 ns[0m
[INFO][0m[92m[MEM_INTF][0m           End data distribution.                                                                                         | [36m2698 ns[0m
[INFO][0m[92m[PRIM][0m               Core 0 end recv primitive RECV_WEIGHT.                                                                         | [36m2706 ns[0m
[INFO][0m[92m[MEM_INTF][0m           Start write operation.                                                                                         | [36m2712 ns[0m
[INFO][0m[92m[PRIM][0m               Core 0 start receive primitive RECV_START.                                                                     | [36m2712 ns[0m
[INFO][0m[92m[MEM_INTF][0m           End write operation.                                                                                           | [36m2714 ns[0m
[INFO][0m[92m[PRIM][0m               Core 0 end recv primitive RECV_START.                                                                          | [36m2720 ns[0m
[INFO][0m[92m[MEM_INTF][0m           End start data distribution: enqueued=1 injected=1 accepted=1 delivered=1 consumed=1 completed=1.              | [36m2720 ns[0m
[INFO][0m[92m[PRIM][0m               Core 0 start compute primitive Sram_lifecycle.                                                                 | [36m2726 ns[0m
[INFO][0m[92m[PRIM][0m               Core 0 end compute primitive Sram_lifecycle.                                                                   | [36m2726 ns[0m
[INFO][0m[92m[PRIM][0m               Core 0 start compute primitive Lsu_mem.                                                                        | [36m2732 ns[0m
[INFO][0m[92m[PRIM][0m               Core 0 end compute primitive Lsu_mem.                                                                          | [36m3285 ns[0m
[INFO][0m[92m[PRIM][0m               Core 0 start compute primitive Sram_lifecycle.                                                                 | [36m3291 ns[0m
[INFO][0m[92m[PRIM][0m               Core 0 end compute primitive Sram_lifecycle.                                                                   | [36m3291 ns[0m
[INFO][0m[92m[PRIM][0m               Core 0 start compute primitive Sram_lifecycle.                                                                 | [36m3297 ns[0m
[INFO][0m[92m[PRIM][0m               Core 0 end compute primitive Sram_lifecycle.                                                                   | [36m3297 ns[0m
[INFO][0m[92m[PRIM][0m               Core 0 start compute primitive Sram_bind_oneshot.                                                              | [36m3303 ns[0m
[INFO][0m[92m[PRIM][0m               Core 0 end compute primitive Sram_bind_oneshot.                                                                | [36m3303 ns[0m
[INFO][0m[92m[PRIM][0m               Core 0 start compute primitive Embedding_lookup_prim.                                                          | [36m3309 ns[0m
[INFO][0m[92m[PRIM][0m               Core 0 end compute primitive Embedding_lookup_prim.                                                            | [36m3309 ns[0m
[INFO][0m[92m[PRIM][0m               Core 0 start compute primitive Sram_lifecycle.                                                                 | [36m3315 ns[0m
[INFO][0m[92m[PRIM][0m               Core 0 end compute primitive Sram_lifecycle.                                                                   | [36m3315 ns[0m
[INFO][0m[92m[PRIM][0m               Core 0 start compute primitive Sram_lifecycle.                                                                 | [36m3321 ns[0m
[INFO][0m[92m[PRIM][0m               Core 0 end compute primitive Sram_lifecycle.                                                                   | [36m3321 ns[0m
[INFO][0m[92m[PRIM][0m               Core 0 start compute primitive Sram_lifecycle.                                                                 | [36m3327 ns[0m
[INFO][0m[92m[PRIM][0m               Core 0 end compute primitive Sram_lifecycle.                                                                   | [36m3327 ns[0m
[INFO][0m[92m[PRIM][0m               Core 0 start compute primitive Lsu_mem.                                                                        | [36m3333 ns[0m
[INFO][0m[92m[PRIM][0m               Core 0 end compute primitive Lsu_mem.                                                                          | [36m3416 ns[0m
[INFO][0m[92m[PRIM][0m               Core 0 start compute primitive Sram_lifecycle.                                                                 | [36m3422 ns[0m
[INFO][0m[92m[PRIM][0m               Core 0 end compute primitive Sram_lifecycle.                                                                   | [36m3422 ns[0m
[INFO][0m[92m[PRIM][0m               Core 0 start compute primitive Sram_bind_oneshot.                                                              | [36m3428 ns[0m
[INFO][0m[92m[PRIM][0m               Core 0 end compute primitive Sram_bind_oneshot.                                                                | [36m3428 ns[0m
[INFO][0m[92m[PRIM][0m               Core 0 start compute primitive rmsnorm_forward.                                                                | [36m3434 ns[0m
[INFO][0m[92m[PRIM][0m               Core 0 end compute primitive rmsnorm_forward.                                                                  | [36m3442 ns[0m
[INFO][0m[92m[PRIM][0m               Core 0 start compute primitive Sram_lifecycle.                                                                 | [36m3448 ns[0m
[INFO][0m[92m[PRIM][0m               Core 0 end compute primitive Sram_lifecycle.                                                                   | [36m3448 ns[0m
[INFO][0m[92m[PRIM][0m               Core 0 start compute primitive Sram_lifecycle.                                                                 | [36m3454 ns[0m
[INFO][0m[92m[PRIM][0m               Core 0 end compute primitive Sram_lifecycle.                                                                   | [36m3454 ns[0m
[INFO][0m[92m[PRIM][0m               Core 0 start compute primitive Lsu_mem.                                                                        | [36m3460 ns[0m
[INFO][0m[92m[PRIM][0m               Core 0 end compute primitive Lsu_mem.                                                                          | [36m4253 ns[0m
[INFO][0m[92m[PRIM][0m               Core 0 start compute primitive Sram_lifecycle.                                                                 | [36m4259 ns[0m
[INFO][0m[92m[PRIM][0m               Core 0 end compute primitive Sram_lifecycle.                                                                   | [36m4259 ns[0m
[INFO][0m[92m[PRIM][0m               Core 0 start compute primitive Sram_bind_oneshot.                                                              | [36m4265 ns[0m
[INFO][0m[92m[PRIM][0m               Core 0 end compute primitive Sram_bind_oneshot.                                                                | [36m4265 ns[0m
[INFO][0m[92m[PRIM][0m               Core 0 start compute primitive Matmul_f.                                                                       | [36m4271 ns[0m
[INFO][0m[92m[PRIM][0m               Core 0 end compute primitive Matmul_f.                                                                         | [36m4463 ns[0m
[INFO][0m[92m[PRIM][0m               Core 0 start compute primitive Sram_lifecycle.                                                                 | [36m4469 ns[0m
[INFO][0m[92m[PRIM][0m               Core 0 end compute primitive Sram_lifecycle.                                                                   | [36m4469 ns[0m
[INFO][0m[92m[PRIM][0m               Core 0 start compute primitive Sram_lifecycle.                                                                 | [36m4475 ns[0m
[INFO][0m[92m[PRIM][0m               Core 0 end compute primitive Sram_lifecycle.                                                                   | [36m4475 ns[0m
[INFO][0m[92m[PRIM][0m               Core 0 start compute primitive Sram_lifecycle.                                                                 | [36m4481 ns[0m
[INFO][0m[92m[PRIM][0m               Core 0 end compute primitive Sram_lifecycle.                                                                   | [36m4481 ns[0m
[INFO][0m[92m[PRIM][0m               Core 0 start compute primitive Sram_bind_oneshot.                                                              | [36m4487 ns[0m
[INFO][0m[92m[PRIM][0m               Core 0 end compute primitive Sram_bind_oneshot.                                                                | [36m4487 ns[0m
[INFO][0m[92m[PRIM][0m               Core 0 start compute primitive Rope_qk_exact_prim.                                                             | [36m4493 ns[0m
[INFO][0m[92m[PRIM][0m               Core 0 end compute primitive Rope_qk_exact_prim.                                                               | [36m4505 ns[0m
[INFO][0m[92m[PRIM][0m               Core 0 start compute primitive Sram_lifecycle.                                                                 | [36m4511 ns[0m
[INFO][0m[92m[PRIM][0m               Core 0 end compute primitive Sram_lifecycle.                                                                   | [36m4511 ns[0m
[INFO][0m[92m[PRIM][0m               Core 0 start compute primitive Sram_lifecycle.                                                                 | [36m4517 ns[0m
[INFO][0m[92m[PRIM][0m               Core 0 end compute primitive Sram_lifecycle.                                                                   | [36m4517 ns[0m
[INFO][0m[92m[PRIM][0m               Core 0 start compute primitive Lsu_mem.                                                                        | [36m4523 ns[0m
[INFO][0m[92m[PRIM][0m               Core 0 end compute primitive Lsu_mem.                                                                          | [36m4892 ns[0m
[INFO][0m[92m[PRIM][0m               Core 0 start compute primitive Sram_lifecycle.                                                                 | [36m4898 ns[0m
[INFO][0m[92m[PRIM][0m               Core 0 end compute primitive Sram_lifecycle.                                                                   | [36m4898 ns[0m
[INFO][0m[92m[PRIM][0m               Core 0 start compute primitive Lsu_mem.                                                                        | [36m4904 ns[0m
[INFO][0m[92m[PRIM][0m               Core 0 end compute primitive Lsu_mem.                                                                          | [36m5153 ns[0m
[INFO][0m[92m[PRIM][0m               Core 0 start compute primitive Sram_lifecycle.                                                                 | [36m5159 ns[0m
[INFO][0m[92m[PRIM][0m               Core 0 end compute primitive Sram_lifecycle.                                                                   | [36m5159 ns[0m
[INFO][0m[92m[PRIM][0m               Core 0 start compute primitive Lsu_mem.                                                                        | [36m5165 ns[0m
[INFO][0m[92m[PRIM][0m               Core 0 end compute primitive Lsu_mem.                                                                          | [36m5534 ns[0m
[INFO][0m[92m[PRIM][0m               Core 0 start compute primitive Sram_lifecycle.                                                                 | [36m5540 ns[0m
[INFO][0m[92m[PRIM][0m               Core 0 end compute primitive Sram_lifecycle.                                                                   | [36m5540 ns[0m
[INFO][0m[92m[PRIM][0m               Core 0 start compute primitive Lsu_mem.                                                                        | [36m5546 ns[0m
[INFO][0m[92m[PRIM][0m               Core 0 end compute primitive Lsu_mem.                                                                          | [36m5735 ns[0m
[INFO][0m[92m[PRIM][0m               Core 0 start compute primitive Sram_lifecycle.                                                                 | [36m5741 ns[0m
[INFO][0m[92m[PRIM][0m               Core 0 end compute primitive Sram_lifecycle.                                                                   | [36m5741 ns[0m
[INFO][0m[92m[PRIM][0m               Core 0 start compute primitive Lsu_mem.                                                                        | [36m5747 ns[0m
[INFO][0m[92m[PRIM][0m               Core 0 end compute primitive Lsu_mem.                                                                          | [36m6176 ns[0m
[INFO][0m[92m[PRIM][0m               Core 0 start compute primitive Sram_lifecycle.                                                                 | [36m6182 ns[0m
[INFO][0m[92m[PRIM][0m               Core 0 end compute primitive Sram_lifecycle.                                                                   | [36m6182 ns[0m
[INFO][0m[92m[PRIM][0m               Core 0 start compute primitive Lsu_mem.                                                                        | [36m6188 ns[0m
[INFO][0m[92m[PRIM][0m               Core 0 end compute primitive Lsu_mem.                                                                          | [36m6377 ns[0m
[INFO][0m[92m[PRIM][0m               Core 0 start compute primitive Sram_lifecycle.                                                                 | [36m6383 ns[0m
[INFO][0m[92m[PRIM][0m               Core 0 end compute primitive Sram_lifecycle.                                                                   | [36m6383 ns[0m
[INFO][0m[92m[PRIM][0m               Core 0 start compute primitive Lsu_mem.                                                                        | [36m6389 ns[0m
[INFO][0m[92m[PRIM][0m               Core 0 end compute primitive Lsu_mem.                                                                          | [36m6878 ns[0m
[INFO][0m[92m[PRIM][0m               Core 0 start compute primitive Sram_lifecycle.                                                                 | [36m6884 ns[0m
[INFO][0m[92m[PRIM][0m               Core 0 end compute primitive Sram_lifecycle.                                                                   | [36m6884 ns[0m
[INFO][0m[92m[PRIM][0m               Core 0 start compute primitive Lsu_mem.                                                                        | [36m6890 ns[0m
[INFO][0m[92m[PRIM][0m               Core 0 end compute primitive Lsu_mem.                                                                          | [36m7199 ns[0m
[INFO][0m[92m[PRIM][0m               Core 0 start compute primitive Sram_lifecycle.                                                                 | [36m7205 ns[0m
[INFO][0m[92m[PRIM][0m               Core 0 end compute primitive Sram_lifecycle.                                                                   | [36m7205 ns[0m
[INFO][0m[92m[PRIM][0m               Core 0 start compute primitive Lsu_mem.                                                                        | [36m7211 ns[0m
[INFO][0m[92m[PRIM][0m               Core 0 end compute primitive Lsu_mem.                                                                          | [36m7340 ns[0m
[INFO][0m[92m[PRIM][0m               Core 0 start compute primitive Sram_lifecycle.                                                                 | [36m7346 ns[0m
[INFO][0m[92m[PRIM][0m               Core 0 end compute primitive Sram_lifecycle.                                                                   | [36m7346 ns[0m
[INFO][0m[92m[PRIM][0m               Core 0 start compute primitive Lsu_mem.                                                                        | [36m7352 ns[0m
[INFO][0m[92m[PRIM][0m               Core 0 end compute primitive Lsu_mem.                                                                          | [36m7481 ns[0m
[INFO][0m[92m[PRIM][0m               Core 0 start compute primitive Sram_lifecycle.                                                                 | [36m7487 ns[0m
[INFO][0m[92m[PRIM][0m               Core 0 end compute primitive Sram_lifecycle.                                                                   | [36m7487 ns[0m
[INFO][0m[92m[PRIM][0m               Core 0 start compute primitive Lsu_mem.                                                                        | [36m7493 ns[0m
[INFO][0m[92m[PRIM][0m               Core 0 end compute primitive Lsu_mem.                                                                          | [36m7922 ns[0m
[INFO][0m[92m[PRIM][0m               Core 0 start compute primitive Sram_lifecycle.                                                                 | [36m7928 ns[0m
[INFO][0m[92m[PRIM][0m               Core 0 end compute primitive Sram_lifecycle.                                                                   | [36m7928 ns[0m
[INFO][0m[92m[PRIM][0m               Core 0 start compute primitive Lsu_mem.                                                                        | [36m7934 ns[0m
[INFO][0m[92m[PRIM][0m               Core 0 end compute primitive Lsu_mem.                                                                          | [36m8487 ns[0m
[INFO][0m[92m[PRIM][0m               Core 0 start compute primitive Sram_lifecycle.                                                                 | [36m8493 ns[0m
[INFO][0m[92m[PRIM][0m               Core 0 end compute primitive Sram_lifecycle.                                                                   | [36m8493 ns[0m
[INFO][0m[92m[PRIM][0m               Core 0 start compute primitive Lsu_mem.                                                                        | [36m8499 ns[0m
[INFO][0m[92m[PRIM][0m               Core 0 end compute primitive Lsu_mem.                                                                          | [36m9052 ns[0m
[INFO][0m[92m[PRIM][0m               Core 0 start compute primitive Sram_lifecycle.                                                                 | [36m9058 ns[0m
[INFO][0m[92m[PRIM][0m               Core 0 end compute primitive Sram_lifecycle.                                                                   | [36m9058 ns[0m
[INFO][0m[92m[PRIM][0m               Core 0 start compute primitive Lsu_mem.                                                                        | [36m9064 ns[0m
[INFO][0m[92m[PRIM][0m               Core 0 end compute primitive Lsu_mem.                                                                          | [36m9373 ns[0m
[INFO][0m[92m[PRIM][0m               Core 0 start compute primitive Sram_lifecycle.                                                                 | [36m9379 ns[0m
[INFO][0m[92m[PRIM][0m               Core 0 end compute primitive Sram_lifecycle.                                                                   | [36m9379 ns[0m
[INFO][0m[92m[PRIM][0m               Core 0 start compute primitive Lsu_mem.                                                                        | [36m9385 ns[0m
[INFO][0m[92m[PRIM][0m               Core 0 end compute primitive Lsu_mem.                                                                          | [36m9874 ns[0m
[INFO][0m[92m[PRIM][0m               Core 0 start compute primitive Sram_lifecycle.                                                                 | [36m9880 ns[0m
[INFO][0m[92m[PRIM][0m               Core 0 end compute primitive Sram_lifecycle.                                                                   | [36m9880 ns[0m
[INFO][0m[92m[PRIM][0m               Core 0 start compute primitive Lsu_mem.                                                                        | [36m9886 ns[0m
[INFO][0m[92m[PRIM][0m               Core 0 end compute primitive Lsu_mem.                                                                          | [36m10135 ns[0m
[INFO][0m[92m[PRIM][0m               Core 0 start compute primitive Sram_lifecycle.                                                                 | [36m10141 ns[0m
[INFO][0m[92m[PRIM][0m               Core 0 end compute primitive Sram_lifecycle.                                                                   | [36m10141 ns[0m
[INFO][0m[92m[PRIM][0m               Core 0 start compute primitive Sram_bind_oneshot.                                                              | [36m10147 ns[0m
[INFO][0m[92m[PRIM][0m               Core 0 end compute primitive Sram_bind_oneshot.                                                                | [36m10147 ns[0m
[INFO][0m[92m[PRIM][0m               Core 0 start compute primitive Attention_exact_prim.                                                           | [36m10153 ns[0m
[INFO][0m[92m[PRIM][0m               Core 0 end compute primitive Attention_exact_prim.                                                             | [36m10171 ns[0m
[INFO][0m[92m[PRIM][0m               Core 0 start compute primitive Sram_lifecycle.                                                                 | [36m10177 ns[0m
[INFO][0m[92m[PRIM][0m               Core 0 end compute primitive Sram_lifecycle.                                                                   | [36m10177 ns[0m
[INFO][0m[92m[PRIM][0m               Core 0 start compute primitive Lsu_mem.                                                                        | [36m10183 ns[0m
[INFO][0m[92m[PRIM][0m               Core 0 end compute primitive Lsu_mem.                                                                          | [36m10260 ns[0m
[INFO][0m[92m[PRIM][0m               Core 0 start compute primitive Sram_lifecycle.                                                                 | [36m10266 ns[0m
[INFO][0m[92m[PRIM][0m               Core 0 end compute primitive Sram_lifecycle.                                                                   | [36m10266 ns[0m
[INFO][0m[92m[PRIM][0m               Core 0 start compute primitive Lsu_mem.                                                                        | [36m10272 ns[0m
[INFO][0m[92m[PRIM][0m               Core 0 end compute primitive Lsu_mem.                                                                          | [36m10349 ns[0m
[INFO][0m[92m[PRIM][0m               Core 0 start compute primitive Sram_lifecycle.                                                                 | [36m10355 ns[0m
[INFO][0m[92m[PRIM][0m               Core 0 end compute primitive Sram_lifecycle.                                                                   | [36m10355 ns[0m
[INFO][0m[92m[PRIM][0m               Core 0 start compute primitive Lsu_mem.                                                                        | [36m10361 ns[0m
[INFO][0m[92m[PRIM][0m               Core 0 end compute primitive Lsu_mem.                                                                          | [36m10438 ns[0m
[INFO][0m[92m[PRIM][0m               Core 0 start compute primitive Sram_lifecycle.                                                                 | [36m10444 ns[0m
[INFO][0m[92m[PRIM][0m               Core 0 end compute primitive Sram_lifecycle.                                                                   | [36m10444 ns[0m
[INFO][0m[92m[PRIM][0m               Core 0 start compute primitive Lsu_mem.                                                                        | [36m10450 ns[0m
[INFO][0m[92m[PRIM][0m               Core 0 end compute primitive Lsu_mem.                                                                          | [36m10527 ns[0m
[INFO][0m[92m[PRIM][0m               Core 0 start compute primitive Sram_lifecycle.                                                                 | [36m10533 ns[0m
[INFO][0m[92m[PRIM][0m               Core 0 end compute primitive Sram_lifecycle.                                                                   | [36m10533 ns[0m
[INFO][0m[92m[PRIM][0m               Core 0 start compute primitive Lsu_mem.                                                                        | [36m10539 ns[0m
[INFO][0m[92m[PRIM][0m               Core 0 end compute primitive Lsu_mem.                                                                          | [36m10616 ns[0m
[INFO][0m[92m[PRIM][0m               Core 0 start compute primitive Sram_lifecycle.                                                                 | [36m10622 ns[0m
[INFO][0m[92m[PRIM][0m               Core 0 end compute primitive Sram_lifecycle.                                                                   | [36m10622 ns[0m
[INFO][0m[92m[PRIM][0m               Core 0 start compute primitive Lsu_mem.                                                                        | [36m10628 ns[0m
[INFO][0m[92m[PRIM][0m               Core 0 end compute primitive Lsu_mem.                                                                          | [36m10705 ns[0m
[INFO][0m[92m[PRIM][0m               Core 0 start compute primitive Sram_lifecycle.                                                                 | [36m10711 ns[0m
[INFO][0m[92m[PRIM][0m               Core 0 end compute primitive Sram_lifecycle.                                                                   | [36m10711 ns[0m
[INFO][0m[92m[PRIM][0m               Core 0 start compute primitive Lsu_mem.                                                                        | [36m10717 ns[0m
[INFO][0m[92m[PRIM][0m               Core 0 end compute primitive Lsu_mem.                                                                          | [36m10794 ns[0m
[INFO][0m[92m[PRIM][0m               Core 0 start compute primitive Sram_lifecycle.                                                                 | [36m10800 ns[0m
[INFO][0m[92m[PRIM][0m               Core 0 end compute primitive Sram_lifecycle.                                                                   | [36m10800 ns[0m
[INFO][0m[92m[PRIM][0m               Core 0 start compute primitive Lsu_mem.                                                                        | [36m10806 ns[0m
[INFO][0m[92m[PRIM][0m               Core 0 end compute primitive Lsu_mem.                                                                          | [36m10883 ns[0m
[INFO][0m[92m[PRIM][0m               Core 0 start compute primitive Sram_lifecycle.                                                                 | [36m10889 ns[0m
[INFO][0m[92m[PRIM][0m               Core 0 end compute primitive Sram_lifecycle.                                                                   | [36m10889 ns[0m
[INFO][0m[92m[PRIM][0m               Core 0 start compute primitive Lsu_mem.                                                                        | [36m10895 ns[0m
[INFO][0m[92m[PRIM][0m               Core 0 end compute primitive Lsu_mem.                                                                          | [36m10972 ns[0m
[INFO][0m[92m[PRIM][0m               Core 0 start compute primitive Sram_lifecycle.                                                                 | [36m10978 ns[0m
[INFO][0m[92m[PRIM][0m               Core 0 end compute primitive Sram_lifecycle.                                                                   | [36m10978 ns[0m
[INFO][0m[92m[PRIM][0m               Core 0 start compute primitive Lsu_mem.                                                                        | [36m10984 ns[0m
[INFO][0m[92m[PRIM][0m               Core 0 end compute primitive Lsu_mem.                                                                          | [36m11061 ns[0m
[INFO][0m[92m[PRIM][0m               Core 0 start compute primitive Sram_lifecycle.                                                                 | [36m11067 ns[0m
[INFO][0m[92m[PRIM][0m               Core 0 end compute primitive Sram_lifecycle.                                                                   | [36m11067 ns[0m
[INFO][0m[92m[PRIM][0m               Core 0 start compute primitive Lsu_mem.                                                                        | [36m11073 ns[0m
[INFO][0m[92m[PRIM][0m               Core 0 end compute primitive Lsu_mem.                                                                          | [36m11150 ns[0m
[INFO][0m[92m[PRIM][0m               Core 0 start compute primitive Sram_lifecycle.                                                                 | [36m11156 ns[0m
[INFO][0m[92m[PRIM][0m               Core 0 end compute primitive Sram_lifecycle.                                                                   | [36m11156 ns[0m
[INFO][0m[92m[PRIM][0m               Core 0 start compute primitive Lsu_mem.                                                                        | [36m11162 ns[0m
[INFO][0m[92m[PRIM][0m               Core 0 end compute primitive Lsu_mem.                                                                          | [36m11239 ns[0m
[INFO][0m[92m[PRIM][0m               Core 0 start compute primitive Sram_lifecycle.                                                                 | [36m11245 ns[0m
[INFO][0m[92m[PRIM][0m               Core 0 end compute primitive Sram_lifecycle.                                                                   | [36m11245 ns[0m
[INFO][0m[92m[PRIM][0m               Core 0 start compute primitive Lsu_mem.                                                                        | [36m11251 ns[0m
[INFO][0m[92m[PRIM][0m               Core 0 end compute primitive Lsu_mem.                                                                          | [36m11328 ns[0m
[INFO][0m[92m[PRIM][0m               Core 0 start compute primitive Sram_lifecycle.                                                                 | [36m11334 ns[0m
[INFO][0m[92m[PRIM][0m               Core 0 end compute primitive Sram_lifecycle.                                                                   | [36m11334 ns[0m
[INFO][0m[92m[PRIM][0m               Core 0 start compute primitive Lsu_mem.                                                                        | [36m11340 ns[0m
[INFO][0m[92m[PRIM][0m               Core 0 end compute primitive Lsu_mem.                                                                          | [36m11417 ns[0m
[INFO][0m[92m[PRIM][0m               Core 0 start compute primitive Sram_lifecycle.                                                                 | [36m11423 ns[0m
[INFO][0m[92m[PRIM][0m               Core 0 end compute primitive Sram_lifecycle.                                                                   | [36m11423 ns[0m
[INFO][0m[92m[PRIM][0m               Core 0 start compute primitive Lsu_mem.                                                                        | [36m11429 ns[0m
[INFO][0m[92m[PRIM][0m               Core 0 end compute primitive Lsu_mem.                                                                          | [36m11506 ns[0m
[INFO][0m[92m[PRIM][0m               Core 0 start compute primitive Sram_lifecycle.                                                                 | [36m11512 ns[0m
[INFO][0m[92m[PRIM][0m               Core 0 end compute primitive Sram_lifecycle.                                                                   | [36m11512 ns[0m
[INFO][0m[92m[PRIM][0m               Core 0 start compute primitive Lsu_mem.                                                                        | [36m11518 ns[0m
[INFO][0m[92m[PRIM][0m               Core 0 end compute primitive Lsu_mem.                                                                          | [36m11595 ns[0m
[INFO][0m[92m[PRIM][0m               Core 0 start compute primitive Sram_lifecycle.                                                                 | [36m11601 ns[0m
[INFO][0m[92m[PRIM][0m               Core 0 end compute primitive Sram_lifecycle.                                                                   | [36m11601 ns[0m
[INFO][0m[92m[PRIM][0m               Core 0 start compute primitive Sram_lifecycle.                                                                 | [36m11607 ns[0m
[INFO][0m[92m[PRIM][0m               Core 0 end compute primitive Sram_lifecycle.                                                                   | [36m11607 ns[0m
[INFO][0m[92m[PRIM][0m               Core 0 start compute primitive Lsu_mem.                                                                        | [36m11613 ns[0m
[INFO][0m[92m[PRIM][0m               Core 0 end compute primitive Lsu_mem.                                                                          | [36m11922 ns[0m
[INFO][0m[92m[PRIM][0m               Core 0 start compute primitive Sram_lifecycle.                                                                 | [36m11928 ns[0m
[INFO][0m[92m[PRIM][0m               Core 0 end compute primitive Sram_lifecycle.                                                                   | [36m11928 ns[0m
[INFO][0m[92m[PRIM][0m               Core 0 start compute primitive Sram_bind_oneshot.                                                              | [36m11934 ns[0m
[INFO][0m[92m[PRIM][0m               Core 0 end compute primitive Sram_bind_oneshot.                                                                | [36m11934 ns[0m
[INFO][0m[92m[PRIM][0m               Core 0 start compute primitive Matmul_f.                                                                       | [36m11940 ns[0m
[INFO][0m[92m[PRIM][0m               Core 0 end compute primitive Matmul_f.                                                                         | [36m12004 ns[0m
[INFO][0m[92m[PRIM][0m               Core 0 start compute primitive Sram_lifecycle.                                                                 | [36m12010 ns[0m
[INFO][0m[92m[PRIM][0m               Core 0 end compute primitive Sram_lifecycle.                                                                   | [36m12010 ns[0m
[INFO][0m[92m[PRIM][0m               Core 0 start compute primitive Sram_lifecycle.                                                                 | [36m12016 ns[0m
[INFO][0m[92m[PRIM][0m               Core 0 end compute primitive Sram_lifecycle.                                                                   | [36m12016 ns[0m
[INFO][0m[92m[PRIM][0m               Core 0 start compute primitive Sram_lifecycle.                                                                 | [36m12022 ns[0m
[INFO][0m[92m[PRIM][0m               Core 0 end compute primitive Sram_lifecycle.                                                                   | [36m12022 ns[0m
[INFO][0m[92m[PRIM][0m               Core 0 start compute primitive Sram_bind_oneshot.                                                              | [36m12028 ns[0m
[INFO][0m[92m[PRIM][0m               Core 0 end compute primitive Sram_bind_oneshot.                                                                | [36m12028 ns[0m
[INFO][0m[92m[PRIM][0m               Core 0 start compute primitive Residual_f.                                                                     | [36m12034 ns[0m
[INFO][0m[92m[PRIM][0m               Core 0 end compute primitive Residual_f.                                                                       | [36m12036 ns[0m
[INFO][0m[92m[PRIM][0m               Core 0 start compute primitive Sram_lifecycle.                                                                 | [36m12042 ns[0m
[INFO][0m[92m[PRIM][0m               Core 0 end compute primitive Sram_lifecycle.                                                                   | [36m12042 ns[0m
[INFO][0m[92m[PRIM][0m               Core 0 start compute primitive Sram_lifecycle.                                                                 | [36m12048 ns[0m
[INFO][0m[92m[PRIM][0m               Core 0 end compute primitive Sram_lifecycle.                                                                   | [36m12048 ns[0m
[INFO][0m[92m[PRIM][0m               Core 0 start compute primitive Sram_lifecycle.                                                                 | [36m12054 ns[0m
[INFO][0m[92m[PRIM][0m               Core 0 end compute primitive Sram_lifecycle.                                                                   | [36m12054 ns[0m
[INFO][0m[92m[PRIM][0m               Core 0 start compute primitive Lsu_mem.                                                                        | [36m12060 ns[0m
[INFO][0m[92m[PRIM][0m               Core 0 end compute primitive Lsu_mem.                                                                          | [36m12143 ns[0m
[INFO][0m[92m[PRIM][0m               Core 0 start compute primitive Sram_lifecycle.                                                                 | [36m12149 ns[0m
[INFO][0m[92m[PRIM][0m               Core 0 end compute primitive Sram_lifecycle.                                                                   | [36m12149 ns[0m
[INFO][0m[92m[PRIM][0m               Core 0 start compute primitive Sram_bind_oneshot.                                                              | [36m12155 ns[0m
[INFO][0m[92m[PRIM][0m               Core 0 end compute primitive Sram_bind_oneshot.                                                                | [36m12155 ns[0m
[INFO][0m[92m[PRIM][0m               Core 0 start compute primitive rmsnorm_forward.                                                                | [36m12161 ns[0m
[INFO][0m[92m[PRIM][0m               Core 0 end compute primitive rmsnorm_forward.                                                                  | [36m12169 ns[0m
[INFO][0m[92m[PRIM][0m               Core 0 start compute primitive Sram_lifecycle.                                                                 | [36m12175 ns[0m
[INFO][0m[92m[PRIM][0m               Core 0 end compute primitive Sram_lifecycle.                                                                   | [36m12175 ns[0m
[INFO][0m[92m[PRIM][0m               Core 0 start compute primitive Sram_lifecycle.                                                                 | [36m12181 ns[0m
[INFO][0m[92m[PRIM][0m               Core 0 end compute primitive Sram_lifecycle.                                                                   | [36m12181 ns[0m
[INFO][0m[92m[PRIM][0m               Core 0 start compute primitive Lsu_mem.                                                                        | [36m12187 ns[0m
[INFO][0m[92m[PRIM][0m               Core 0 end compute primitive Lsu_mem.                                                                          | [36m13224 ns[0m
[INFO][0m[92m[PRIM][0m               Core 0 start compute primitive Sram_lifecycle.                                                                 | [36m13230 ns[0m
[INFO][0m[92m[PRIM][0m               Core 0 end compute primitive Sram_lifecycle.                                                                   | [36m13230 ns[0m
[INFO][0m[92m[PRIM][0m               Core 0 start compute primitive Sram_bind_oneshot.                                                              | [36m13236 ns[0m
[INFO][0m[92m[PRIM][0m               Core 0 end compute primitive Sram_bind_oneshot.                                                                | [36m13236 ns[0m
[INFO][0m[92m[PRIM][0m               Core 0 start compute primitive Matmul_f.                                                                       | [36m13242 ns[0m
[INFO][0m[92m[PRIM][0m               Core 0 end compute primitive Matmul_f.                                                                         | [36m13498 ns[0m
[INFO][0m[92m[PRIM][0m               Core 0 start compute primitive Sram_lifecycle.                                                                 | [36m13504 ns[0m
[INFO][0m[92m[PRIM][0m               Core 0 end compute primitive Sram_lifecycle.                                                                   | [36m13504 ns[0m
[INFO][0m[92m[PRIM][0m               Core 0 start compute primitive Sram_lifecycle.                                                                 | [36m13510 ns[0m
[INFO][0m[92m[PRIM][0m               Core 0 end compute primitive Sram_lifecycle.                                                                   | [36m13510 ns[0m
[INFO][0m[92m[PRIM][0m               Core 0 start compute primitive Sram_lifecycle.                                                                 | [36m13516 ns[0m
[INFO][0m[92m[PRIM][0m               Core 0 end compute primitive Sram_lifecycle.                                                                   | [36m13516 ns[0m
[INFO][0m[92m[PRIM][0m               Core 0 start compute primitive Sram_bind_oneshot.                                                              | [36m13522 ns[0m
[INFO][0m[92m[PRIM][0m               Core 0 end compute primitive Sram_bind_oneshot.                                                                | [36m13522 ns[0m
[INFO][0m[92m[PRIM][0m               Core 0 start compute primitive swiglu_forward.                                                                 | [36m13528 ns[0m
[INFO][0m[92m[PRIM][0m               Core 0 end compute primitive swiglu_forward.                                                                   | [36m13544 ns[0m
[INFO][0m[92m[PRIM][0m               Core 0 start compute primitive Sram_lifecycle.                                                                 | [36m13550 ns[0m
[INFO][0m[92m[PRIM][0m               Core 0 end compute primitive Sram_lifecycle.                                                                   | [36m13550 ns[0m
[INFO][0m[92m[PRIM][0m               Core 0 start compute primitive Sram_lifecycle.                                                                 | [36m13556 ns[0m
[INFO][0m[92m[PRIM][0m               Core 0 end compute primitive Sram_lifecycle.                                                                   | [36m13556 ns[0m
[INFO][0m[92m[PRIM][0m               Core 0 start compute primitive Lsu_mem.                                                                        | [36m13562 ns[0m
[INFO][0m[92m[PRIM][0m               Core 0 end compute primitive Lsu_mem.                                                                          | [36m14115 ns[0m
[INFO][0m[92m[PRIM][0m               Core 0 start compute primitive Sram_lifecycle.                                                                 | [36m14121 ns[0m
[INFO][0m[92m[PRIM][0m               Core 0 end compute primitive Sram_lifecycle.                                                                   | [36m14121 ns[0m
[INFO][0m[92m[PRIM][0m               Core 0 start compute primitive Sram_bind_oneshot.                                                              | [36m14127 ns[0m
[INFO][0m[92m[PRIM][0m               Core 0 end compute primitive Sram_bind_oneshot.                                                                | [36m14127 ns[0m
[INFO][0m[92m[PRIM][0m               Core 0 start compute primitive Matmul_f.                                                                       | [36m14133 ns[0m
[INFO][0m[92m[PRIM][0m               Core 0 end compute primitive Matmul_f.                                                                         | [36m14261 ns[0m
[INFO][0m[92m[PRIM][0m               Core 0 start compute primitive Sram_lifecycle.                                                                 | [36m14267 ns[0m
[INFO][0m[92m[PRIM][0m               Core 0 end compute primitive Sram_lifecycle.                                                                   | [36m14267 ns[0m
[INFO][0m[92m[PRIM][0m               Core 0 start compute primitive Sram_lifecycle.                                                                 | [36m14273 ns[0m
[INFO][0m[92m[PRIM][0m               Core 0 end compute primitive Sram_lifecycle.                                                                   | [36m14273 ns[0m
[INFO][0m[92m[PRIM][0m               Core 0 start compute primitive Sram_lifecycle.                                                                 | [36m14279 ns[0m
[INFO][0m[92m[PRIM][0m               Core 0 end compute primitive Sram_lifecycle.                                                                   | [36m14279 ns[0m
[INFO][0m[92m[PRIM][0m               Core 0 start compute primitive Sram_bind_oneshot.                                                              | [36m14285 ns[0m
[INFO][0m[92m[PRIM][0m               Core 0 end compute primitive Sram_bind_oneshot.                                                                | [36m14285 ns[0m
[INFO][0m[92m[PRIM][0m               Core 0 start compute primitive Residual_f.                                                                     | [36m14291 ns[0m
[INFO][0m[92m[PRIM][0m               Core 0 end compute primitive Residual_f.                                                                       | [36m14293 ns[0m
[INFO][0m[92m[PRIM][0m               Core 0 start compute primitive Sram_lifecycle.                                                                 | [36m14299 ns[0m
[INFO][0m[92m[PRIM][0m               Core 0 end compute primitive Sram_lifecycle.                                                                   | [36m14299 ns[0m
[INFO][0m[92m[PRIM][0m               Core 0 start compute primitive Sram_lifecycle.                                                                 | [36m14305 ns[0m
[INFO][0m[92m[PRIM][0m               Core 0 end compute primitive Sram_lifecycle.                                                                   | [36m14305 ns[0m
[INFO][0m[92m[PRIM][0m               Core 0 start compute primitive Sram_lifecycle.                                                                 | [36m14311 ns[0m
[INFO][0m[92m[PRIM][0m               Core 0 end compute primitive Sram_lifecycle.                                                                   | [36m14311 ns[0m
[INFO][0m[92m[PRIM][0m               Core 0 start compute primitive Lsu_mem.                                                                        | [36m14317 ns[0m
[INFO][0m[92m[PRIM][0m               Core 0 end compute primitive Lsu_mem.                                                                          | [36m14400 ns[0m
[INFO][0m[92m[PRIM][0m               Core 0 start compute primitive Sram_lifecycle.                                                                 | [36m14406 ns[0m
[INFO][0m[92m[PRIM][0m               Core 0 end compute primitive Sram_lifecycle.                                                                   | [36m14406 ns[0m
[INFO][0m[92m[PRIM][0m               Core 0 start compute primitive Sram_bind_oneshot.                                                              | [36m14412 ns[0m
[INFO][0m[92m[PRIM][0m               Core 0 end compute primitive Sram_bind_oneshot.                                                                | [36m14412 ns[0m
[INFO][0m[92m[PRIM][0m               Core 0 start compute primitive rmsnorm_forward.                                                                | [36m14418 ns[0m
[INFO][0m[92m[PRIM][0m               Core 0 end compute primitive rmsnorm_forward.                                                                  | [36m14426 ns[0m
[INFO][0m[92m[PRIM][0m               Core 0 start compute primitive Sram_lifecycle.                                                                 | [36m14432 ns[0m
[INFO][0m[92m[PRIM][0m               Core 0 end compute primitive Sram_lifecycle.                                                                   | [36m14432 ns[0m
[INFO][0m[92m[PRIM][0m               Core 0 start compute primitive Sram_lifecycle.                                                                 | [36m14438 ns[0m
[INFO][0m[92m[PRIM][0m               Core 0 end compute primitive Sram_lifecycle.                                                                   | [36m14438 ns[0m
[INFO][0m[92m[PRIM][0m               Core 0 start compute primitive Lsu_mem.                                                                        | [36m14444 ns[0m
[INFO][0m[92m[PRIM][0m               Core 0 end compute primitive Lsu_mem.                                                                          | [36m15237 ns[0m
[INFO][0m[92m[PRIM][0m               Core 0 start compute primitive Sram_lifecycle.                                                                 | [36m15243 ns[0m
[INFO][0m[92m[PRIM][0m               Core 0 end compute primitive Sram_lifecycle.                                                                   | [36m15243 ns[0m
[INFO][0m[92m[PRIM][0m               Core 0 start compute primitive Sram_bind_oneshot.                                                              | [36m15249 ns[0m
[INFO][0m[92m[PRIM][0m               Core 0 end compute primitive Sram_bind_oneshot.                                                                | [36m15249 ns[0m
[INFO][0m[92m[PRIM][0m               Core 0 start compute primitive Matmul_f.                                                                       | [36m15255 ns[0m
[INFO][0m[92m[PRIM][0m               Core 0 end compute primitive Matmul_f.                                                                         | [36m15447 ns[0m
[INFO][0m[92m[PRIM][0m               Core 0 start compute primitive Sram_lifecycle.                                                                 | [36m15453 ns[0m
[INFO][0m[92m[PRIM][0m               Core 0 end compute primitive Sram_lifecycle.                                                                   | [36m15453 ns[0m
[INFO][0m[92m[PRIM][0m               Core 0 start compute primitive Sram_lifecycle.                                                                 | [36m15459 ns[0m
[INFO][0m[92m[PRIM][0m               Core 0 end compute primitive Sram_lifecycle.                                                                   | [36m15459 ns[0m
[INFO][0m[92m[PRIM][0m               Core 0 start compute primitive Sram_lifecycle.                                                                 | [36m15465 ns[0m
[INFO][0m[92m[PRIM][0m               Core 0 end compute primitive Sram_lifecycle.                                                                   | [36m15465 ns[0m
[INFO][0m[92m[PRIM][0m               Core 0 start compute primitive Sram_bind_oneshot.                                                              | [36m15471 ns[0m
[INFO][0m[92m[PRIM][0m               Core 0 end compute primitive Sram_bind_oneshot.                                                                | [36m15471 ns[0m
[INFO][0m[92m[PRIM][0m               Core 0 start compute primitive Rope_qk_exact_prim.                                                             | [36m15477 ns[0m
[INFO][0m[92m[PRIM][0m               Core 0 end compute primitive Rope_qk_exact_prim.                                                               | [36m15489 ns[0m
[INFO][0m[92m[PRIM][0m               Core 0 start compute primitive Sram_lifecycle.                                                                 | [36m15495 ns[0m
[INFO][0m[92m[PRIM][0m               Core 0 end compute primitive Sram_lifecycle.                                                                   | [36m15495 ns[0m
[INFO][0m[92m[PRIM][0m               Core 0 start compute primitive Sram_lifecycle.                                                                 | [36m15501 ns[0m
[INFO][0m[92m[PRIM][0m               Core 0 end compute primitive Sram_lifecycle.                                                                   | [36m15501 ns[0m
[INFO][0m[92m[PRIM][0m               Core 0 start compute primitive Lsu_mem.                                                                        | [36m15507 ns[0m
[INFO][0m[92m[PRIM][0m               Core 0 end compute primitive Lsu_mem.                                                                          | [36m15996 ns[0m
[INFO][0m[92m[PRIM][0m               Core 0 start compute primitive Sram_lifecycle.                                                                 | [36m16002 ns[0m
[INFO][0m[92m[PRIM][0m               Core 0 end compute primitive Sram_lifecycle.                                                                   | [36m16002 ns[0m
[INFO][0m[92m[PRIM][0m               Core 0 start compute primitive Lsu_mem.                                                                        | [36m16008 ns[0m
[INFO][0m[92m[PRIM][0m               Core 0 end compute primitive Lsu_mem.                                                                          | [36m16437 ns[0m
[INFO][0m[92m[PRIM][0m               Core 0 start compute primitive Sram_lifecycle.                                                                 | [36m16443 ns[0m
[INFO][0m[92m[PRIM][0m               Core 0 end compute primitive Sram_lifecycle.                                                                   | [36m16443 ns[0m
[INFO][0m[92m[PRIM][0m               Core 0 start compute primitive Lsu_mem.                                                                        | [36m16449 ns[0m
[INFO][0m[92m[PRIM][0m               Core 0 end compute primitive Lsu_mem.                                                                          | [36m16578 ns[0m
[INFO][0m[92m[PRIM][0m               Core 0 start compute primitive Sram_lifecycle.                                                                 | [36m16584 ns[0m
[INFO][0m[92m[PRIM][0m               Core 0 end compute primitive Sram_lifecycle.                                                                   | [36m16584 ns[0m
[INFO][0m[92m[PRIM][0m               Core 0 start compute primitive Lsu_mem.                                                                        | [36m16590 ns[0m
[INFO][0m[92m[PRIM][0m               Core 0 end compute primitive Lsu_mem.                                                                          | [36m17143 ns[0m
[INFO][0m[92m[PRIM][0m               Core 0 start compute primitive Sram_lifecycle.                                                                 | [36m17149 ns[0m
[INFO][0m[92m[PRIM][0m               Core 0 end compute primitive Sram_lifecycle.                                                                   | [36m17149 ns[0m
[INFO][0m[92m[PRIM][0m               Core 0 start compute primitive Lsu_mem.                                                                        | [36m17155 ns[0m
[INFO][0m[92m[PRIM][0m               Core 0 end compute primitive Lsu_mem.                                                                          | [36m17584 ns[0m
[INFO][0m[92m[PRIM][0m               Core 0 start compute primitive Sram_lifecycle.                                                                 | [36m17590 ns[0m
[INFO][0m[92m[PRIM][0m               Core 0 end compute primitive Sram_lifecycle.                                                                   | [36m17590 ns[0m
[INFO][0m[92m[PRIM][0m               Core 0 start compute primitive Lsu_mem.                                                                        | [36m17596 ns[0m
[INFO][0m[92m[PRIM][0m               Core 0 end compute primitive Lsu_mem.                                                                          | [36m17785 ns[0m
[INFO][0m[92m[PRIM][0m               Core 0 start compute primitive Sram_lifecycle.                                                                 | [36m17791 ns[0m
[INFO][0m[92m[PRIM][0m               Core 0 end compute primitive Sram_lifecycle.                                                                   | [36m17791 ns[0m
[INFO][0m[92m[PRIM][0m               Core 0 start compute primitive Lsu_mem.                                                                        | [36m17797 ns[0m
[INFO][0m[92m[PRIM][0m               Core 0 end compute primitive Lsu_mem.                                                                          | [36m17986 ns[0m
[INFO][0m[92m[PRIM][0m               Core 0 start compute primitive Sram_lifecycle.                                                                 | [36m17992 ns[0m
[INFO][0m[92m[PRIM][0m               Core 0 end compute primitive Sram_lifecycle.                                                                   | [36m17992 ns[0m
[INFO][0m[92m[PRIM][0m               Core 0 start compute primitive Lsu_mem.                                                                        | [36m17998 ns[0m
[INFO][0m[92m[PRIM][0m               Core 0 end compute primitive Lsu_mem.                                                                          | [36m18247 ns[0m
[INFO][0m[92m[PRIM][0m               Core 0 start compute primitive Sram_lifecycle.                                                                 | [36m18253 ns[0m
[INFO][0m[92m[PRIM][0m               Core 0 end compute primitive Sram_lifecycle.                                                                   | [36m18253 ns[0m
[INFO][0m[92m[PRIM][0m               Core 0 start compute primitive Lsu_mem.                                                                        | [36m18259 ns[0m
[INFO][0m[92m[PRIM][0m               Core 0 end compute primitive Lsu_mem.                                                                          | [36m18568 ns[0m
[INFO][0m[92m[PRIM][0m               Core 0 start compute primitive Sram_lifecycle.                                                                 | [36m18574 ns[0m
[INFO][0m[92m[PRIM][0m               Core 0 end compute primitive Sram_lifecycle.                                                                   | [36m18574 ns[0m
[INFO][0m[92m[PRIM][0m               Core 0 start compute primitive Lsu_mem.                                                                        | [36m18580 ns[0m
[INFO][0m[92m[PRIM][0m               Core 0 end compute primitive Lsu_mem.                                                                          | [36m18889 ns[0m
[INFO][0m[92m[PRIM][0m               Core 0 start compute primitive Sram_lifecycle.                                                                 | [36m18895 ns[0m
[INFO][0m[92m[PRIM][0m               Core 0 end compute primitive Sram_lifecycle.                                                                   | [36m18895 ns[0m
[INFO][0m[92m[PRIM][0m               Core 0 start compute primitive Lsu_mem.                                                                        | [36m18901 ns[0m
[INFO][0m[92m[PRIM][0m               Core 0 end compute primitive Lsu_mem.                                                                          | [36m19150 ns[0m
[INFO][0m[92m[PRIM][0m               Core 0 start compute primitive Sram_lifecycle.                                                                 | [36m19156 ns[0m
[INFO][0m[92m[PRIM][0m               Core 0 end compute primitive Sram_lifecycle.                                                                   | [36m19156 ns[0m
[INFO][0m[92m[PRIM][0m               Core 0 start compute primitive Lsu_mem.                                                                        | [36m19162 ns[0m
[INFO][0m[92m[PRIM][0m               Core 0 end compute primitive Lsu_mem.                                                                          | [36m19291 ns[0m
[INFO][0m[92m[PRIM][0m               Core 0 start compute primitive Sram_lifecycle.                                                                 | [36m19297 ns[0m
[INFO][0m[92m[PRIM][0m               Core 0 end compute primitive Sram_lifecycle.                                                                   | [36m19297 ns[0m
[INFO][0m[92m[PRIM][0m               Core 0 start compute primitive Lsu_mem.                                                                        | [36m19303 ns[0m
[INFO][0m[92m[PRIM][0m               Core 0 end compute primitive Lsu_mem.                                                                          | [36m19672 ns[0m
[INFO][0m[92m[PRIM][0m               Core 0 start compute primitive Sram_lifecycle.                                                                 | [36m19678 ns[0m
[INFO][0m[92m[PRIM][0m               Core 0 end compute primitive Sram_lifecycle.                                                                   | [36m19678 ns[0m
[INFO][0m[92m[PRIM][0m               Core 0 start compute primitive Lsu_mem.                                                                        | [36m19684 ns[0m
[INFO][0m[92m[PRIM][0m               Core 0 end compute primitive Lsu_mem.                                                                          | [36m20173 ns[0m
[INFO][0m[92m[PRIM][0m               Core 0 start compute primitive Sram_lifecycle.                                                                 | [36m20179 ns[0m
[INFO][0m[92m[PRIM][0m               Core 0 end compute primitive Sram_lifecycle.                                                                   | [36m20179 ns[0m
[INFO][0m[92m[PRIM][0m               Core 0 start compute primitive Lsu_mem.                                                                        | [36m20185 ns[0m
[INFO][0m[92m[PRIM][0m               Core 0 end compute primitive Lsu_mem.                                                                          | [36m20738 ns[0m
[INFO][0m[92m[PRIM][0m               Core 0 start compute primitive Sram_lifecycle.                                                                 | [36m20744 ns[0m
[INFO][0m[92m[PRIM][0m               Core 0 end compute primitive Sram_lifecycle.                                                                   | [36m20744 ns[0m
[INFO][0m[92m[PRIM][0m               Core 0 start compute primitive Lsu_mem.                                                                        | [36m20750 ns[0m
[INFO][0m[92m[PRIM][0m               Core 0 end compute primitive Lsu_mem.                                                                          | [36m21119 ns[0m
[INFO][0m[92m[PRIM][0m               Core 0 start compute primitive Sram_lifecycle.                                                                 | [36m21125 ns[0m
[INFO][0m[92m[PRIM][0m               Core 0 end compute primitive Sram_lifecycle.                                                                   | [36m21125 ns[0m
[INFO][0m[92m[PRIM][0m               Core 0 start compute primitive Sram_bind_oneshot.                                                              | [36m21131 ns[0m
[INFO][0m[92m[PRIM][0m               Core 0 end compute primitive Sram_bind_oneshot.                                                                | [36m21131 ns[0m
[INFO][0m[92m[PRIM][0m               Core 0 start compute primitive Attention_exact_prim.                                                           | [36m21137 ns[0m
[INFO][0m[92m[PRIM][0m               Core 0 end compute primitive Attention_exact_prim.                                                             | [36m21155 ns[0m
[INFO][0m[92m[PRIM][0m               Core 0 start compute primitive Sram_lifecycle.                                                                 | [36m21161 ns[0m
[INFO][0m[92m[PRIM][0m               Core 0 end compute primitive Sram_lifecycle.                                                                   | [36m21161 ns[0m
[INFO][0m[92m[PRIM][0m               Core 0 start compute primitive Lsu_mem.                                                                        | [36m21167 ns[0m
[INFO][0m[92m[PRIM][0m               Core 0 end compute primitive Lsu_mem.                                                                          | [36m21244 ns[0m
[INFO][0m[92m[PRIM][0m               Core 0 start compute primitive Sram_lifecycle.                                                                 | [36m21250 ns[0m
[INFO][0m[92m[PRIM][0m               Core 0 end compute primitive Sram_lifecycle.                                                                   | [36m21250 ns[0m
[INFO][0m[92m[PRIM][0m               Core 0 start compute primitive Lsu_mem.                                                                        | [36m21256 ns[0m
[INFO][0m[92m[PRIM][0m               Core 0 end compute primitive Lsu_mem.                                                                          | [36m21333 ns[0m
[INFO][0m[92m[PRIM][0m               Core 0 start compute primitive Sram_lifecycle.                                                                 | [36m21339 ns[0m
[INFO][0m[92m[PRIM][0m               Core 0 end compute primitive Sram_lifecycle.                                                                   | [36m21339 ns[0m
[INFO][0m[92m[PRIM][0m               Core 0 start compute primitive Lsu_mem.                                                                        | [36m21345 ns[0m
[INFO][0m[92m[PRIM][0m               Core 0 end compute primitive Lsu_mem.                                                                          | [36m21422 ns[0m
[INFO][0m[92m[PRIM][0m               Core 0 start compute primitive Sram_lifecycle.                                                                 | [36m21428 ns[0m
[INFO][0m[92m[PRIM][0m               Core 0 end compute primitive Sram_lifecycle.                                                                   | [36m21428 ns[0m
[INFO][0m[92m[PRIM][0m               Core 0 start compute primitive Lsu_mem.                                                                        | [36m21434 ns[0m
[INFO][0m[92m[PRIM][0m               Core 0 end compute primitive Lsu_mem.                                                                          | [36m21511 ns[0m
[INFO][0m[92m[PRIM][0m               Core 0 start compute primitive Sram_lifecycle.                                                                 | [36m21517 ns[0m
[INFO][0m[92m[PRIM][0m               Core 0 end compute primitive Sram_lifecycle.                                                                   | [36m21517 ns[0m
[INFO][0m[92m[PRIM][0m               Core 0 start compute primitive Lsu_mem.                                                                        | [36m21523 ns[0m
[INFO][0m[92m[PRIM][0m               Core 0 end compute primitive Lsu_mem.                                                                          | [36m21600 ns[0m
[INFO][0m[92m[PRIM][0m               Core 0 start compute primitive Sram_lifecycle.                                                                 | [36m21606 ns[0m
[INFO][0m[92m[PRIM][0m               Core 0 end compute primitive Sram_lifecycle.                                                                   | [36m21606 ns[0m
[INFO][0m[92m[PRIM][0m               Core 0 start compute primitive Lsu_mem.                                                                        | [36m21612 ns[0m
[INFO][0m[92m[PRIM][0m               Core 0 end compute primitive Lsu_mem.                                                                          | [36m21689 ns[0m
[INFO][0m[92m[PRIM][0m               Core 0 start compute primitive Sram_lifecycle.                                                                 | [36m21695 ns[0m
[INFO][0m[92m[PRIM][0m               Core 0 end compute primitive Sram_lifecycle.                                                                   | [36m21695 ns[0m
[INFO][0m[92m[PRIM][0m               Core 0 start compute primitive Lsu_mem.                                                                        | [36m21701 ns[0m
[INFO][0m[92m[PRIM][0m               Core 0 end compute primitive Lsu_mem.                                                                          | [36m21778 ns[0m
[INFO][0m[92m[PRIM][0m               Core 0 start compute primitive Sram_lifecycle.                                                                 | [36m21784 ns[0m
[INFO][0m[92m[PRIM][0m               Core 0 end compute primitive Sram_lifecycle.                                                                   | [36m21784 ns[0m
[INFO][0m[92m[PRIM][0m               Core 0 start compute primitive Lsu_mem.                                                                        | [36m21790 ns[0m
[INFO][0m[92m[PRIM][0m               Core 0 end compute primitive Lsu_mem.                                                                          | [36m21867 ns[0m
[INFO][0m[92m[PRIM][0m               Core 0 start compute primitive Sram_lifecycle.                                                                 | [36m21873 ns[0m
[INFO][0m[92m[PRIM][0m               Core 0 end compute primitive Sram_lifecycle.                                                                   | [36m21873 ns[0m
[INFO][0m[92m[PRIM][0m               Core 0 start compute primitive Lsu_mem.                                                                        | [36m21879 ns[0m
[INFO][0m[92m[PRIM][0m               Core 0 end compute primitive Lsu_mem.                                                                          | [36m21956 ns[0m
[INFO][0m[92m[PRIM][0m               Core 0 start compute primitive Sram_lifecycle.                                                                 | [36m21962 ns[0m
[INFO][0m[92m[PRIM][0m               Core 0 end compute primitive Sram_lifecycle.                                                                   | [36m21962 ns[0m
[INFO][0m[92m[PRIM][0m               Core 0 start compute primitive Lsu_mem.                                                                        | [36m21968 ns[0m
[INFO][0m[92m[PRIM][0m               Core 0 end compute primitive Lsu_mem.                                                                          | [36m22045 ns[0m
[INFO][0m[92m[PRIM][0m               Core 0 start compute primitive Sram_lifecycle.                                                                 | [36m22051 ns[0m
[INFO][0m[92m[PRIM][0m               Core 0 end compute primitive Sram_lifecycle.                                                                   | [36m22051 ns[0m
[INFO][0m[92m[PRIM][0m               Core 0 start compute primitive Lsu_mem.                                                                        | [36m22057 ns[0m
[INFO][0m[92m[PRIM][0m               Core 0 end compute primitive Lsu_mem.                                                                          | [36m22134 ns[0m
[INFO][0m[92m[PRIM][0m               Core 0 start compute primitive Sram_lifecycle.                                                                 | [36m22140 ns[0m
[INFO][0m[92m[PRIM][0m               Core 0 end compute primitive Sram_lifecycle.                                                                   | [36m22140 ns[0m
[INFO][0m[92m[PRIM][0m               Core 0 start compute primitive Lsu_mem.                                                                        | [36m22146 ns[0m
[INFO][0m[92m[PRIM][0m               Core 0 end compute primitive Lsu_mem.                                                                          | [36m22223 ns[0m
[INFO][0m[92m[PRIM][0m               Core 0 start compute primitive Sram_lifecycle.                                                                 | [36m22229 ns[0m
[INFO][0m[92m[PRIM][0m               Core 0 end compute primitive Sram_lifecycle.                                                                   | [36m22229 ns[0m
[INFO][0m[92m[PRIM][0m               Core 0 start compute primitive Lsu_mem.                                                                        | [36m22235 ns[0m
[INFO][0m[92m[PRIM][0m               Core 0 end compute primitive Lsu_mem.                                                                          | [36m22312 ns[0m
[INFO][0m[92m[PRIM][0m               Core 0 start compute primitive Sram_lifecycle.                                                                 | [36m22318 ns[0m
[INFO][0m[92m[PRIM][0m               Core 0 end compute primitive Sram_lifecycle.                                                                   | [36m22318 ns[0m
[INFO][0m[92m[PRIM][0m               Core 0 start compute primitive Lsu_mem.                                                                        | [36m22324 ns[0m
[INFO][0m[92m[PRIM][0m               Core 0 end compute primitive Lsu_mem.                                                                          | [36m22401 ns[0m
[INFO][0m[92m[PRIM][0m               Core 0 start compute primitive Sram_lifecycle.                                                                 | [36m22407 ns[0m
[INFO][0m[92m[PRIM][0m               Core 0 end compute primitive Sram_lifecycle.                                                                   | [36m22407 ns[0m
[INFO][0m[92m[PRIM][0m               Core 0 start compute primitive Lsu_mem.                                                                        | [36m22413 ns[0m
[INFO][0m[92m[PRIM][0m               Core 0 end compute primitive Lsu_mem.                                                                          | [36m22490 ns[0m
[INFO][0m[92m[PRIM][0m               Core 0 start compute primitive Sram_lifecycle.                                                                 | [36m22496 ns[0m
[INFO][0m[92m[PRIM][0m               Core 0 end compute primitive Sram_lifecycle.                                                                   | [36m22496 ns[0m
[INFO][0m[92m[PRIM][0m               Core 0 start compute primitive Lsu_mem.                                                                        | [36m22502 ns[0m
[INFO][0m[92m[PRIM][0m               Core 0 end compute primitive Lsu_mem.                                                                          | [36m22579 ns[0m
[INFO][0m[92m[PRIM][0m               Core 0 start compute primitive Sram_lifecycle.                                                                 | [36m22585 ns[0m
[INFO][0m[92m[PRIM][0m               Core 0 end compute primitive Sram_lifecycle.                                                                   | [36m22585 ns[0m
[INFO][0m[92m[PRIM][0m               Core 0 start compute primitive Sram_lifecycle.                                                                 | [36m22591 ns[0m
[INFO][0m[92m[PRIM][0m               Core 0 end compute primitive Sram_lifecycle.                                                                   | [36m22591 ns[0m
[INFO][0m[92m[PRIM][0m               Core 0 start compute primitive Lsu_mem.                                                                        | [36m22597 ns[0m
[INFO][0m[92m[PRIM][0m               Core 0 end compute primitive Lsu_mem.                                                                          | [36m22906 ns[0m
[INFO][0m[92m[PRIM][0m               Core 0 start compute primitive Sram_lifecycle.                                                                 | [36m22912 ns[0m
[INFO][0m[92m[PRIM][0m               Core 0 end compute primitive Sram_lifecycle.                                                                   | [36m22912 ns[0m
[INFO][0m[92m[PRIM][0m               Core 0 start compute primitive Sram_bind_oneshot.                                                              | [36m22918 ns[0m
[INFO][0m[92m[PRIM][0m               Core 0 end compute primitive Sram_bind_oneshot.                                                                | [36m22918 ns[0m
[INFO][0m[92m[PRIM][0m               Core 0 start compute primitive Matmul_f.                                                                       | [36m22924 ns[0m
[INFO][0m[92m[PRIM][0m               Core 0 end compute primitive Matmul_f.                                                                         | [36m22988 ns[0m
[INFO][0m[92m[PRIM][0m               Core 0 start compute primitive Sram_lifecycle.                                                                 | [36m22994 ns[0m
[INFO][0m[92m[PRIM][0m               Core 0 end compute primitive Sram_lifecycle.                                                                   | [36m22994 ns[0m
[INFO][0m[92m[PRIM][0m               Core 0 start compute primitive Sram_lifecycle.                                                                 | [36m23 us[0m
[INFO][0m[92m[PRIM][0m               Core 0 end compute primitive Sram_lifecycle.                                                                   | [36m23 us[0m
[INFO][0m[92m[PRIM][0m               Core 0 start compute primitive Sram_lifecycle.                                                                 | [36m23006 ns[0m
[INFO][0m[92m[PRIM][0m               Core 0 end compute primitive Sram_lifecycle.                                                                   | [36m23006 ns[0m
[INFO][0m[92m[PRIM][0m               Core 0 start compute primitive Sram_bind_oneshot.                                                              | [36m23012 ns[0m
[INFO][0m[92m[PRIM][0m               Core 0 end compute primitive Sram_bind_oneshot.                                                                | [36m23012 ns[0m
[INFO][0m[92m[PRIM][0m               Core 0 start compute primitive Residual_f.                                                                     | [36m23018 ns[0m
[INFO][0m[92m[PRIM][0m               Core 0 end compute primitive Residual_f.                                                                       | [36m23020 ns[0m
[INFO][0m[92m[PRIM][0m               Core 0 start compute primitive Sram_lifecycle.                                                                 | [36m23026 ns[0m
[INFO][0m[92m[PRIM][0m               Core 0 end compute primitive Sram_lifecycle.                                                                   | [36m23026 ns[0m
[INFO][0m[92m[PRIM][0m               Core 0 start compute primitive Sram_lifecycle.                                                                 | [36m23032 ns[0m
[INFO][0m[92m[PRIM][0m               Core 0 end compute primitive Sram_lifecycle.                                                                   | [36m23032 ns[0m
[INFO][0m[92m[PRIM][0m               Core 0 start compute primitive Sram_lifecycle.                                                                 | [36m23038 ns[0m
[INFO][0m[92m[PRIM][0m               Core 0 end compute primitive Sram_lifecycle.                                                                   | [36m23038 ns[0m
[INFO][0m[92m[PRIM][0m               Core 0 start compute primitive Lsu_mem.                                                                        | [36m23044 ns[0m
[INFO][0m[92m[PRIM][0m               Core 0 end compute primitive Lsu_mem.                                                                          | [36m23127 ns[0m
[INFO][0m[92m[PRIM][0m               Core 0 start compute primitive Sram_lifecycle.                                                                 | [36m23133 ns[0m
[INFO][0m[92m[PRIM][0m               Core 0 end compute primitive Sram_lifecycle.                                                                   | [36m23133 ns[0m
[INFO][0m[92m[PRIM][0m               Core 0 start compute primitive Sram_bind_oneshot.                                                              | [36m23139 ns[0m
[INFO][0m[92m[PRIM][0m               Core 0 end compute primitive Sram_bind_oneshot.                                                                | [36m23139 ns[0m
[INFO][0m[92m[PRIM][0m               Core 0 start compute primitive rmsnorm_forward.                                                                | [36m23145 ns[0m
[INFO][0m[92m[PRIM][0m               Core 0 end compute primitive rmsnorm_forward.                                                                  | [36m23153 ns[0m
[INFO][0m[92m[PRIM][0m               Core 0 start compute primitive Sram_lifecycle.                                                                 | [36m23159 ns[0m
[INFO][0m[92m[PRIM][0m               Core 0 end compute primitive Sram_lifecycle.                                                                   | [36m23159 ns[0m
[INFO][0m[92m[PRIM][0m               Core 0 start compute primitive Sram_lifecycle.                                                                 | [36m23165 ns[0m
[INFO][0m[92m[PRIM][0m               Core 0 end compute primitive Sram_lifecycle.                                                                   | [36m23165 ns[0m
[INFO][0m[92m[PRIM][0m               Core 0 start compute primitive Lsu_mem.                                                                        | [36m23171 ns[0m
[INFO][0m[92m[PRIM][0m               Core 0 end compute primitive Lsu_mem.                                                                          | [36m24208 ns[0m
[INFO][0m[92m[PRIM][0m               Core 0 start compute primitive Sram_lifecycle.                                                                 | [36m24214 ns[0m
[INFO][0m[92m[PRIM][0m               Core 0 end compute primitive Sram_lifecycle.                                                                   | [36m24214 ns[0m
[INFO][0m[92m[PRIM][0m               Core 0 start compute primitive Sram_bind_oneshot.                                                              | [36m24220 ns[0m
[INFO][0m[92m[PRIM][0m               Core 0 end compute primitive Sram_bind_oneshot.                                                                | [36m24220 ns[0m
[INFO][0m[92m[PRIM][0m               Core 0 start compute primitive Matmul_f.                                                                       | [36m24226 ns[0m
[INFO][0m[92m[PRIM][0m               Core 0 end compute primitive Matmul_f.                                                                         | [36m24482 ns[0m
[INFO][0m[92m[PRIM][0m               Core 0 start compute primitive Sram_lifecycle.                                                                 | [36m24488 ns[0m
[INFO][0m[92m[PRIM][0m               Core 0 end compute primitive Sram_lifecycle.                                                                   | [36m24488 ns[0m
[INFO][0m[92m[PRIM][0m               Core 0 start compute primitive Sram_lifecycle.                                                                 | [36m24494 ns[0m
[INFO][0m[92m[PRIM][0m               Core 0 end compute primitive Sram_lifecycle.                                                                   | [36m24494 ns[0m
[INFO][0m[92m[PRIM][0m               Core 0 start compute primitive Sram_lifecycle.                                                                 | [36m24500 ns[0m
[INFO][0m[92m[PRIM][0m               Core 0 end compute primitive Sram_lifecycle.                                                                   | [36m24500 ns[0m
[INFO][0m[92m[PRIM][0m               Core 0 start compute primitive Sram_bind_oneshot.                                                              | [36m24506 ns[0m
[INFO][0m[92m[PRIM][0m               Core 0 end compute primitive Sram_bind_oneshot.                                                                | [36m24506 ns[0m
[INFO][0m[92m[PRIM][0m               Core 0 start compute primitive swiglu_forward.                                                                 | [36m24512 ns[0m
[INFO][0m[92m[PRIM][0m               Core 0 end compute primitive swiglu_forward.                                                                   | [36m24528 ns[0m
[INFO][0m[92m[PRIM][0m               Core 0 start compute primitive Sram_lifecycle.                                                                 | [36m24534 ns[0m
[INFO][0m[92m[PRIM][0m               Core 0 end compute primitive Sram_lifecycle.                                                                   | [36m24534 ns[0m
[INFO][0m[92m[PRIM][0m               Core 0 start compute primitive Sram_lifecycle.                                                                 | [36m24540 ns[0m
[INFO][0m[92m[PRIM][0m               Core 0 end compute primitive Sram_lifecycle.                                                                   | [36m24540 ns[0m
[INFO][0m[92m[PRIM][0m               Core 0 start compute primitive Lsu_mem.                                                                        | [36m24546 ns[0m
[INFO][0m[92m[PRIM][0m               Core 0 end compute primitive Lsu_mem.                                                                          | [36m25099 ns[0m
[INFO][0m[92m[PRIM][0m               Core 0 start compute primitive Sram_lifecycle.                                                                 | [36m25105 ns[0m
[INFO][0m[92m[PRIM][0m               Core 0 end compute primitive Sram_lifecycle.                                                                   | [36m25105 ns[0m
[INFO][0m[92m[PRIM][0m               Core 0 start compute primitive Sram_bind_oneshot.                                                              | [36m25111 ns[0m
[INFO][0m[92m[PRIM][0m               Core 0 end compute primitive Sram_bind_oneshot.                                                                | [36m25111 ns[0m
[INFO][0m[92m[PRIM][0m               Core 0 start compute primitive Matmul_f.                                                                       | [36m25117 ns[0m
[INFO][0m[92m[PRIM][0m               Core 0 end compute primitive Matmul_f.                                                                         | [36m25245 ns[0m
[INFO][0m[92m[PRIM][0m               Core 0 start compute primitive Sram_lifecycle.                                                                 | [36m25251 ns[0m
[INFO][0m[92m[PRIM][0m               Core 0 end compute primitive Sram_lifecycle.                                                                   | [36m25251 ns[0m
[INFO][0m[92m[PRIM][0m               Core 0 start compute primitive Sram_lifecycle.                                                                 | [36m25257 ns[0m
[INFO][0m[92m[PRIM][0m               Core 0 end compute primitive Sram_lifecycle.                                                                   | [36m25257 ns[0m
[INFO][0m[92m[PRIM][0m               Core 0 start compute primitive Sram_lifecycle.                                                                 | [36m25263 ns[0m
[INFO][0m[92m[PRIM][0m               Core 0 end compute primitive Sram_lifecycle.                                                                   | [36m25263 ns[0m
[INFO][0m[92m[PRIM][0m               Core 0 start compute primitive Sram_bind_oneshot.                                                              | [36m25269 ns[0m
[INFO][0m[92m[PRIM][0m               Core 0 end compute primitive Sram_bind_oneshot.                                                                | [36m25269 ns[0m
[INFO][0m[92m[PRIM][0m               Core 0 start compute primitive Residual_f.                                                                     | [36m25275 ns[0m
[INFO][0m[92m[PRIM][0m               Core 0 end compute primitive Residual_f.                                                                       | [36m25277 ns[0m
[INFO][0m[92m[PRIM][0m               Core 0 start compute primitive Sram_lifecycle.                                                                 | [36m25283 ns[0m
[INFO][0m[92m[PRIM][0m               Core 0 end compute primitive Sram_lifecycle.                                                                   | [36m25283 ns[0m
[INFO][0m[92m[PRIM][0m               Core 0 start compute primitive Sram_lifecycle.                                                                 | [36m25289 ns[0m
[INFO][0m[92m[PRIM][0m               Core 0 end compute primitive Sram_lifecycle.                                                                   | [36m25289 ns[0m
[INFO][0m[92m[PRIM][0m               Core 0 start compute primitive Sram_lifecycle.                                                                 | [36m25295 ns[0m
[INFO][0m[92m[PRIM][0m               Core 0 end compute primitive Sram_lifecycle.                                                                   | [36m25295 ns[0m
[INFO][0m[92m[PRIM][0m               Core 0 start compute primitive Lsu_mem.                                                                        | [36m25301 ns[0m
[INFO][0m[92m[PRIM][0m               Core 0 end compute primitive Lsu_mem.                                                                          | [36m25384 ns[0m
[INFO][0m[92m[PRIM][0m               Core 0 start compute primitive Sram_lifecycle.                                                                 | [36m25390 ns[0m
[INFO][0m[92m[PRIM][0m               Core 0 end compute primitive Sram_lifecycle.                                                                   | [36m25390 ns[0m
[INFO][0m[92m[PRIM][0m               Core 0 start compute primitive Sram_bind_oneshot.                                                              | [36m25396 ns[0m
[INFO][0m[92m[PRIM][0m               Core 0 end compute primitive Sram_bind_oneshot.                                                                | [36m25396 ns[0m
[INFO][0m[92m[PRIM][0m               Core 0 start compute primitive rmsnorm_forward.                                                                | [36m25402 ns[0m
[INFO][0m[92m[PRIM][0m               Core 0 end compute primitive rmsnorm_forward.                                                                  | [36m25410 ns[0m
[INFO][0m[92m[PRIM][0m               Core 0 start compute primitive Sram_lifecycle.                                                                 | [36m25416 ns[0m
[INFO][0m[92m[PRIM][0m               Core 0 end compute primitive Sram_lifecycle.                                                                   | [36m25416 ns[0m
[INFO][0m[92m[PRIM][0m               Core 0 start compute primitive Sram_lifecycle.                                                                 | [36m25422 ns[0m
[INFO][0m[92m[PRIM][0m               Core 0 end compute primitive Sram_lifecycle.                                                                   | [36m25422 ns[0m
[INFO][0m[92m[PRIM][0m               Core 0 start compute primitive Sram_lifecycle.                                                                 | [36m25428 ns[0m
[INFO][0m[92m[PRIM][0m               Core 0 end compute primitive Sram_lifecycle.                                                                   | [36m25428 ns[0m
[INFO][0m[92m[PRIM][0m               Core 0 start compute primitive Lsu_mem.                                                                        | [36m25434 ns[0m
[INFO][0m[92m[PRIM][0m               Core 0 end compute primitive Lsu_mem.                                                                          | [36m25987 ns[0m
[INFO][0m[92m[PRIM][0m               Core 0 start compute primitive Sram_lifecycle.                                                                 | [36m25993 ns[0m
[INFO][0m[92m[PRIM][0m               Core 0 end compute primitive Sram_lifecycle.                                                                   | [36m25993 ns[0m
[INFO][0m[92m[PRIM][0m               Core 0 start compute primitive Sram_bind_oneshot.                                                              | [36m25999 ns[0m
[INFO][0m[92m[PRIM][0m               Core 0 end compute primitive Sram_bind_oneshot.                                                                | [36m25999 ns[0m
[INFO][0m[92m[PRIM][0m               Core 0 start compute primitive Matmul_f.                                                                       | [36m26005 ns[0m
[INFO][0m[92m[PRIM][0m               Core 0 end compute primitive Matmul_f.                                                                         | [36m26133 ns[0m
[INFO][0m[92m[PRIM][0m               Core 0 start compute primitive Sram_lifecycle.                                                                 | [36m26139 ns[0m
[INFO][0m[92m[PRIM][0m               Core 0 end compute primitive Sram_lifecycle.                                                                   | [36m26139 ns[0m
[INFO][0m[92m[PRIM][0m               Core 0 start compute primitive Sram_lifecycle.                                                                 | [36m26145 ns[0m
[INFO][0m[92m[PRIM][0m               Core 0 end compute primitive Sram_lifecycle.                                                                   | [36m26145 ns[0m
[INFO][0m[92m[PRIM][0m               Core 0 start compute primitive Sram_lifecycle.                                                                 | [36m26151 ns[0m
[INFO][0m[92m[PRIM][0m               Core 0 end compute primitive Sram_lifecycle.                                                                   | [36m26151 ns[0m
[INFO][0m[92m[PRIM][0m               Core 0 start send primitive SEND_DONE.                                                                         | [36m26157 ns[0m
[INFO][0m[92m[PRIM][0m               Core 0 end send primitive SEND_DONE.                                                                           | [36m26161 ns[0m
[INFO][0m[92m[MEM_INTF][0m           End DONE reception.                                                                                            | [36m26163 ns[0m

Info: /OSCI/SystemC: Simulation stopped by user.
[SIM_RESULT] makespan_cycles=13081
[PROGRAM_MEMORY] core=0 lsu_issued=79 lsu_completed=79 lsu_hbm_read_bytes=30880 lsu_hbm_write_bytes=1024 lsu_sram_read_bytes=1024 lsu_sram_write_bytes=30880 lsu_residual=0 dte_residual=0
[PROGRAM_IO_PROBE] id=program_output_probe_28e43067840aea85 core=0 address=22912 bytes=512 expected_checksum=076a27c79e5ace2a3d47f9dd2e83e4ff6ea8872b3c2218f66c92b89b55f36560 checksum=076a27c79e5ace2a3d47f9dd2e83e4ff6ea8872b3c2218f66c92b89b55f36560 valid=1 exact=1 pass=1
[PROGRAM_IO_PROBE] id=program_output_probe_e70cc82c8eeb10d9 die=0 address=13632 bytes=512 expected_checksum=fe754064d70fe27be9a25348e5039931162ed113b1cdb3f6e90849c9e95c729c checksum=fe754064d70fe27be9a25348e5039931162ed113b1cdb3f6e90849c9e95c729c valid=1 exact=1 pass=1
[PROGRAM_IO_PROBE] id=program_output_probe_4d702d38b7dd99fd die=0 address=24896 bytes=512 expected_checksum=dd6fe1205785f15c39121a0dd603c7059f61f07e636f9446990d0c2689a1d83d checksum=dd6fe1205785f15c39121a0dd603c7059f61f07e636f9446990d0c2689a1d83d valid=1 exact=1 pass=1
[PROGRAM_IO_PROBE] id=program_output_probe_261780cccf1690af die=0 address=28480 bytes=512 expected_checksum=339979e0b9d326fe05fc6c86fd3235227c99964fa25359c35ef68300e4198e70 checksum=339979e0b9d326fe05fc6c86fd3235227c99964fa25359c35ef68300e4198e70 valid=1 exact=1 pass=1
[PROGRAM_IO_PROBE] id=program_output_probe_4f58dd32eb946733 die=0 address=23872 bytes=1024 expected_checksum=e9f8d8ca83c9c06e3d08cd1d83501b75dc87127961b6017bd4b855b57ed4b661 checksum=e9f8d8ca83c9c06e3d08cd1d83501b75dc87127961b6017bd4b855b57ed4b661 valid=1 exact=1 pass=1
[PROGRAM_IO_PROBE] id=program_output_probe_1a6d711a7ac08269 die=0 address=15168 bytes=512 expected_checksum=8a3ce7cedea922b1ec6b35d28697dcdd0d0d09a500eaba9fa8e9262c56fcd7c2 checksum=8a3ce7cedea922b1ec6b35d28697dcdd0d0d09a500eaba9fa8e9262c56fcd7c2 valid=1 exact=1 pass=1
[PROGRAM_IO_PROBE] id=program_output_probe_f9a42f8165844819 die=0 address=28992 bytes=1024 expected_checksum=b29048e74cdc6a1426417d131b40742dc19b778605836c940da47f411d43a1bb checksum=b29048e74cdc6a1426417d131b40742dc19b778605836c940da47f411d43a1bb valid=1 exact=1 pass=1
[PROGRAM_IO_PROBE] id=program_output_probe_e16fc82e5f2659e1 die=0 address=12608 bytes=512 expected_checksum=476e6da00bea20bb25a138d654e72e10f99c86c3b7956d3c8f5d18cd4a2d6448 checksum=476e6da00bea20bb25a138d654e72e10f99c86c3b7956d3c8f5d18cd4a2d6448 valid=1 exact=1 pass=1
[PROGRAM_IO_PROBE] id=program_output_probe_9e4347416ae3978b die=0 address=16192 bytes=512 expected_checksum=8358822df93005c2e737d8b013b08e3f6a62b99a5c733a45e1b2ddb77f948945 checksum=8358822df93005c2e737d8b013b08e3f6a62b99a5c733a45e1b2ddb77f948945 valid=1 exact=1 pass=1
[PROGRAM_IO_PROBE] id=program_output_probe_7028b2c47b9322a9 die=0 address=18752 bytes=1024 expected_checksum=4795bf2e13c7e828e7c40eed931a49f30b0e856330b1b3930d2e994f95887fee checksum=4795bf2e13c7e828e7c40eed931a49f30b0e856330b1b3930d2e994f95887fee valid=1 exact=1 pass=1
[PROGRAM_IO_PROBE] id=program_output_probe_d46ca1d93476a719 die=0 address=13120 bytes=512 expected_checksum=1ed41e6e0e51f2f7190890a2e1748cda3c62908bc91aa25c1d0f0652add4587f checksum=1ed41e6e0e51f2f7190890a2e1748cda3c62908bc91aa25c1d0f0652add4587f valid=1 exact=1 pass=1
[PROGRAM_IO_PROBE] id=program_output_probe_73775fe2c6dcc402 die=0 address=25920 bytes=512 expected_checksum=f538f62a6848ef2bcbb481573fe34c67b2e507ff3120baba9e70662fcedc0a36 checksum=f538f62a6848ef2bcbb481573fe34c67b2e507ff3120baba9e70662fcedc0a36 valid=1 exact=1 pass=1
[PROGRAM_IO_PROBE] id=program_output_probe_55cbbeff6713c229 die=0 address=27968 bytes=512 expected_checksum=7aa70e1f77e71b85779b7cca12052b6897cfe14d86c6495b8267a295115a74d2 checksum=7aa70e1f77e71b85779b7cca12052b6897cfe14d86c6495b8267a295115a74d2 valid=1 exact=1 pass=1
[PROGRAM_IO_PROBE] id=program_output_probe_6447756ac6114352 die=0 address=35136 bytes=1024 expected_checksum=2a870c64a205f53bb46c587b6d58dd740264e2fdfb68641f1bc7457508980aae checksum=2a870c64a205f53bb46c587b6d58dd740264e2fdfb68641f1bc7457508980aae valid=1 exact=1 pass=1
[PROGRAM_IO_PROBE] id=program_output_probe_ce2939ca9adc7bdc die=0 address=16704 bytes=1024 expected_checksum=c0a23d9f432f034cb9e4aa27d30b50e61da6962ed518244ab075aa63f3bfb8ef checksum=c0a23d9f432f034cb9e4aa27d30b50e61da6962ed518244ab075aa63f3bfb8ef valid=1 exact=1 pass=1
[PROGRAM_IO_PROBE] id=program_output_probe_62e1e8a5eb0d4c8d die=0 address=20800 bytes=1024 expected_checksum=f021b601d7e5b617d6fb0cff577a17ec3df9eef45dc42d633fd6ed177875bcbc checksum=f021b601d7e5b617d6fb0cff577a17ec3df9eef45dc42d633fd6ed177875bcbc valid=1 exact=1 pass=1
[PROGRAM_IO_PROBE] id=program_output_probe_22d7cd15c772c6bb die=0 address=14656 bytes=512 expected_checksum=d48db8167dd15d408a490785cf116034cf7f85a4a28d478ee6c77b9cf75f5fd7 checksum=d48db8167dd15d408a490785cf116034cf7f85a4a28d478ee6c77b9cf75f5fd7 valid=1 exact=1 pass=1
[PROGRAM_IO_PROBE] id=program_output_probe_39b8ccfa67007c90 die=0 address=14144 bytes=512 expected_checksum=d92af1bc43e3eeb17136759aa6b35e6f4fcc4003cd13f382828334d8f6de6eda checksum=d92af1bc43e3eeb17136759aa6b35e6f4fcc4003cd13f382828334d8f6de6eda valid=1 exact=1 pass=1
[PROGRAM_IO_PROBE] id=program_output_probe_cd08ca2eb96f9c68 die=0 address=31040 bytes=1024 expected_checksum=ee12938bc1b43e2fec3bb6b8e405b4dfe3fe82fcc0f43cea83f7a63a3b309aba checksum=ee12938bc1b43e2fec3bb6b8e405b4dfe3fe82fcc0f43cea83f7a63a3b309aba valid=1 exact=1 pass=1
[PROGRAM_IO_PROBE] id=program_output_probe_2af2927474e02786 die=0 address=19776 bytes=1024 expected_checksum=96c4d29b99a656b50c6ee262f32591da288c8f90535a4e13954d61967fccc17d checksum=96c4d29b99a656b50c6ee262f32591da288c8f90535a4e13954d61967fccc17d valid=1 exact=1 pass=1
[PROGRAM_IO_PROBE] id=program_output_probe_88a44414251f48e3 die=0 address=36160 bytes=1024 expected_checksum=3cbf1314c346ff41f21ed4926f1ad6d0cf6205f8a839fab741a5d1d3661cb86b checksum=3cbf1314c346ff41f21ed4926f1ad6d0cf6205f8a839fab741a5d1d3661cb86b valid=1 exact=1 pass=1
[PROGRAM_IO_PROBE] id=program_output_probe_cb9ae4af452b5894 die=0 address=34112 bytes=1024 expected_checksum=10ef9c7fd4178f7f3e1f1bde6311ee5c80429394950b70f7d755d3612325a0bb checksum=10ef9c7fd4178f7f3e1f1bde6311ee5c80429394950b70f7d755d3612325a0bb valid=1 exact=1 pass=1
[PROGRAM_IO_PROBE] id=program_output_probe_f5773748dace2d62 die=0 address=26944 bytes=512 expected_checksum=e65f86d2dc10ed874bc5648955a07ee1f606318472f3b89e1492594d79fb4ef5 checksum=e65f86d2dc10ed874bc5648955a07ee1f606318472f3b89e1492594d79fb4ef5 valid=1 exact=1 pass=1
[PROGRAM_IO_PROBE] id=program_output_probe_4a6bece9876b8a2a die=0 address=25408 bytes=512 expected_checksum=1ddc9eb13b78c9a475f45230d776d1123cc6b96bc3c46996b10d551c127b332a checksum=1ddc9eb13b78c9a475f45230d776d1123cc6b96bc3c46996b10d551c127b332a valid=1 exact=1 pass=1
[PROGRAM_IO_PROBE] id=program_output_probe_467b3a4e09feff88 die=0 address=26432 bytes=512 expected_checksum=405b956c996691a668f7676f3b33f8a9e9a67601111f3f3a73252e4999e82673 checksum=405b956c996691a668f7676f3b33f8a9e9a67601111f3f3a73252e4999e82673 valid=1 exact=1 pass=1
[PROGRAM_IO_PROBE] id=program_output_probe_a548c0a07b1f5876 die=0 address=21824 bytes=1024 expected_checksum=2f775595167a5837709ced8e2033731004a4eb1dfca0a4037879c4b7e1517dc3 checksum=2f775595167a5837709ced8e2033731004a4eb1dfca0a4037879c4b7e1517dc3 valid=1 exact=1 pass=1
[PROGRAM_IO_PROBE] id=program_output_probe_26e72408adc617f9 die=0 address=22848 bytes=1024 expected_checksum=73ce53b09cfd6c9c4c28b4ed5b846020d812d99bdeeb56e9d0cf0e7f42d7de02 checksum=73ce53b09cfd6c9c4c28b4ed5b846020d812d99bdeeb56e9d0cf0e7f42d7de02 valid=1 exact=1 pass=1
[PROGRAM_IO_PROBE] id=program_output_probe_99338b80c0fea414 die=0 address=32064 bytes=1024 expected_checksum=2a14138fdf17b09096827f8b4f92856f1caeae74c7bf9fe45508fc816ac80807 checksum=2a14138fdf17b09096827f8b4f92856f1caeae74c7bf9fe45508fc816ac80807 valid=1 exact=1 pass=1
[PROGRAM_IO_PROBE] id=program_output_probe_b846691bb5f99bcf die=0 address=15680 bytes=512 expected_checksum=c3131939ff63d771443ac30804b9ae5064fa59c62e9a322f0da005bb2bae5c8a checksum=c3131939ff63d771443ac30804b9ae5064fa59c62e9a322f0da005bb2bae5c8a valid=1 exact=1 pass=1
[PROGRAM_IO_PROBE] id=program_output_probe_8eb4d996104c1c30 die=0 address=17728 bytes=1024 expected_checksum=b414c3821430f3bf6a5b77055bdd141f39d756afa8b5ced0f1c52ec66856dd2e checksum=b414c3821430f3bf6a5b77055bdd141f39d756afa8b5ced0f1c52ec66856dd2e valid=1 exact=1 pass=1
[PROGRAM_IO_PROBE] id=program_output_probe_0a1b7717832c35f5 die=0 address=33088 bytes=1024 expected_checksum=739fcf975629671774d553c9583bf86f0a932290c6bdff8404716d5728594650 checksum=739fcf975629671774d553c9583bf86f0a932290c6bdff8404716d5728594650 valid=1 exact=1 pass=1
[PROGRAM_IO_PROBE] id=program_output_probe_69b2870cc63b3411 die=0 address=27456 bytes=512 expected_checksum=e330db2070d73631004ede8788eb5ef8ed3a68cd00f2161c6e2da0ed11c2b642 checksum=e330db2070d73631004ede8788eb5ef8ed3a68cd00f2161c6e2da0ed11c2b642 valid=1 exact=1 pass=1
[PROGRAM_IO_PROBE] id=program_output_probe_6ff46e5eda37ce5b die=0 address=30016 bytes=1024 expected_checksum=0559e16b6193c4b576246b6a70b3fd5b5114f3b7ed2b531d06b1d658e20f2ace checksum=0559e16b6193c4b576246b6a70b3fd5b5114f3b7ed2b531d06b1d658e20f2ace valid=1 exact=1 pass=1
[PROGRAM_IO] phase=verify mode=timing initializations=120 probes=33 checksum=f92a6e3fb5e7d8a5c576eea210390cf246a5dc873d111375aac3271054ecbe59 pass=1
[INFO][0m[92m[SYSTEM][0m             [D2D] in_pkts=0 out_pkts=0 busy_cycles=0 stall_cycles=0.                                                       | [36m26163 ns[0m
[INFO][0m[92m[SYSTEM][0m             [D2D_TYPE] request_in=0 request_out=0 ack_in=0 ack_out=0 data_in=0 data_out=0.                                 | [36m26163 ns[0m
[INFO][0m[92m[SYSTEM][0m             [D2D_DATA] in_pkts=0 out_pkts=0 in_seqhash=1469598103934665603 out_seqhash=1469598103934665603 in_csum=1469598103934665603 out_csum=1469598103934665603 out_inorder=1 out_minseq=-1 out_maxseq=-1 out_endseq=-1 out_end_count=0 out_end_length=-1 in_first_cycle=-1 in_last_cycle=-1 out_first_cycle=-1 out_last_cycle=-1. | [36m26163 ns[0m
[INFO][0m[92m[SYSTEM][0m             [D2D_REPIN] total=0 changed=0 same=0.                                                                          | [36m26163 ns[0m
[INFO][0m[92m[SYSTEM][0m             [SAF] reserved_packets=0 group_reserved_packets=0.                                                             | [36m26163 ns[0m
[INFO][0m[92m[SYSTEM][0m             [DIE_ACT] router_pkts=9943,0 mesh_pkts=9940,0.                                                                 | [36m26163 ns[0m
[INFO][0m[92m[SYSTEM][0m             [NOC_ACT] sends=700,0 stalls=0,0 d2d_source_stalls=0.                                                          | [36m26163 ns[0m
[INFO][0m[92m[SYSTEM][0m             [FLOW_DONE] .                                                                                                  | [36m26163 ns[0m
[INFO][0m[92m[SYSTEM][0m             [SAF_ADMIT] success=0 reject=0.                                                                                | [36m26163 ns[0m
[INFO][0m[92m[SYSTEM][0m             [P5 P2P TIMING DRAIN] residual=0.                                                                              | [36m26163 ns[0m
[INFO][0m[92m[SYSTEM][0m             [COLL_DRAIN] tree_entries=0 reduce_nodes=0 barriers=0 gather=0 reduce_rx=0 endpoints=0 dte_tokens=0 event=0.   | [36m26163 ns[0m
[INFO][0m[92m[SYSTEM][0m             [DRAIN] router_residual=0.                                                                                     | [36m26163 ns[0m
[INFO][0m[92m[SYSTEM][0m             [CREDIT] data_balanced=1 ctrl_balanced=1.                                                                      | [36m26163 ns[0m
[INFO][0m[92m[SYSTEM][0m             [DRAIN] d2d_link_residual=0.                                                                                   | [36m26163 ns[0m
[INFO][0m[92m[SYSTEM][0m             [START_DATA] enqueued=1 injected=1 accepted=1 delivered=1 consumed=1 completed=1.                              | [36m26163 ns[0m
[INFO][0m[92m[SYSTEM][0m             [LOCK] max_output_ref=0.                                                                                       | [36m26163 ns[0m
[INFO][0m[92m[SYSTEM][0m             [HOSTLANE] done_total=1 ack_total=2 mismatch=0 per_lane_done=1,0,0,0,0,0,0,0.                                  | [36m26163 ns[0m
[INFO][0m[92m[SYSTEM][0m             [HOSTSIG] done=0:1, ack=0:0:2,.                                                                                | [36m26163 ns[0m
[INFO][0m[92m[SYSTEM][0m             Total Real-time Cost: 0.233243s.                                                                               | [36m26163 ns[0m
[INFO][0m[92m[SYSTEM][0m             Cleanup monitor components.                                                                                    | [36m26163 ns[0m
[INFO][0m[92m[SYSTEM][0m             Cleanup memory interface components.                                                                           | [36m26163 ns[0m
