
        SystemC 2.3.3-Accellera --- Jan  6 2026 03:02:18
        Copyright (c) 1996-2018 by all Contributors,
        ALL RIGHTS RESERVED
[PROGRAM_IO] phase=resolved mode=timing initializations=228 probes=3 checksum=c400db20582640671cd4020e810d5301e723894414d3da3118fd79d0d2180a79 pass=1
===========================================================================
Memory Configuration:

 Memory type:                    HBM2
 Memory size in bytes:           1073741824
 Channels:                       1
 Pseudo channels per channel:    2
 Bank groups per pseudo channel: 4
 Banks per pseudo channel:       16
 Rows per bank:                  32768
 Columns per row:                128
 Pseudo channel width in bits:   64
 Pseudo channel size in bits:    4294967296
 Pseudo channel size in bytes:   536870912

===========================================================================
Memory Configuration:

 Memory type:                    HBM2
 Memory size in bytes:           1073741824
 Channels:                       1
 Pseudo channels per channel:    2
 Bank groups per pseudo channel: 4
 Banks per pseudo channel:       16
 Rows per bank:                  32768
 Columns per row:                128
 Pseudo channel width in bits:   64
 Pseudo channel size in bits:    4294967296
 Pseudo channel size in bytes:   536870912

===========================================================================
Memory Configuration:

 Memory type:                    HBM2
 Memory size in bytes:           1073741824
 Channels:                       1
 Pseudo channels per channel:    2
 Bank groups per pseudo channel: 4
 Banks per pseudo channel:       16
 Rows per bank:                  32768
 Columns per row:                128
 Pseudo channel width in bits:   64
 Pseudo channel size in bits:    4294967296
 Pseudo channel size in bytes:   536870912

Loaded Program Format 1.0, ISA 1.2, capabilities=0x0
[INFO][0m[92m[SYSTEM][0m             Address mapping with n=8 saved to ../DRAMSys/configs/addressmapping/am_ddr4_8x4Gbx8_df.json.                   | [36m0 s[0m
[INFO][0m[92m[SYSTEM][0m             Address mapping with n=8 saved to ../DRAMSys/configs/addressmapping/am_hbm2_gpu.json.                          | [36m0 s[0m
===========================================================================
Memory Configuration:

 Memory type:           DDR4
 Memory size in bytes:  4294967296
 Channels:              1
 Ranks per channel:     1
 Bank groups per rank:  4
 Banks per rank:        16
 Rows per bank:         32768
 Columns per row:       1024
 Device width in bits:  8
 Device size in bits:   4294967296
 Device size in bytes:  536870912
 Devices per rank:      8

===========================================================================
===========================================================================
Memory Configuration:

 Memory type:                    HBM2
 Memory size in bytes:           1073741824
 Channels:                       1
 Pseudo channels per channel:    2
 Bank groups per pseudo channel: 4
 Banks per pseudo channel:       16
 Rows per bank:                  32768
 Columns per row:                128
 Pseudo channel width in bits:   64
 Pseudo channel size in bits:    4294967296
 Pseudo channel size in bytes:   536870912

===========================================================================
Memory Configuration:

 Memory type:                    HBM2
 Memory size in bytes:           1073741824
 Channels:                       1
 Pseudo channels per channel:    2
 Bank groups per pseudo channel: 4
 Banks per pseudo channel:       16
 Rows per bank:                  32768
 Columns per row:                128
 Pseudo channel width in bits:   64
 Pseudo channel size in bits:    4294967296
 Pseudo channel size in bytes:   536870912

===========================================================================
Memory Configuration:

 Memory type:                    HBM2
 Memory size in bytes:           1073741824
 Channels:                       1
 Pseudo channels per channel:    2
 Bank groups per pseudo channel: 4
 Banks per pseudo channel:       16
 Rows per bank:                  32768
 Columns per row:                128
 Pseudo channel width in bits:   64
 Pseudo channel size in bits:    4294967296
 Pseudo channel size in bytes:   536870912

[INFO][0m[92m[GLOBAL_MEMORY][0m      Global link not initialized.                                                                                   | [36m0 s[0m
[INFO][0m[92m[SYSTEM][0m             Instantiated cores=48 routers=48 workers=48 dies=3 (CORES_PER_DIE=16, GRID=4x4, expect 48).                    | [36m0 s[0m
[INFO][0m[92m[SYSTEM][0m             [D2D] link_sites=4 link_units=4.                                                                               | [36m0 s[0m
[INFO][0m[92m[SYSTEM][0m             Components initialize complete, prepare to start..                                                             | [36m0 s[0m
[PROGRAM_IO] phase=applied mode=timing initializations=228 probes=3 checksum=c400db20582640671cd4020e810d5301e723894414d3da3118fd79d0d2180a79 pass=1

Info: (I702) default timescale unit used for tracing: 1 ps (Cchip_1.vcd)
[INFO][0m[92m[MEM_INTF][0m           Start write operation.                                                                                         | [36m2 ns[0m
[INFO][0m[92m[PRIM][0m               Core 47 start receive primitive RECV_CONF.                                                                     | [36m2 ns[0m
[INFO][0m[92m[PRIM][0m               Core 46 start receive primitive RECV_CONF.                                                                     | [36m2 ns[0m
[INFO][0m[92m[PRIM][0m               Core 45 start receive primitive RECV_CONF.                                                                     | [36m2 ns[0m
[INFO][0m[92m[PRIM][0m               Core 44 start receive primitive RECV_CONF.                                                                     | [36m2 ns[0m
[INFO][0m[92m[PRIM][0m               Core 43 start receive primitive RECV_CONF.                                                                     | [36m2 ns[0m
[INFO][0m[92m[PRIM][0m               Core 42 start receive primitive RECV_CONF.                                                                     | [36m2 ns[0m
[INFO][0m[92m[PRIM][0m               Core 41 start receive primitive RECV_CONF.                                                                     | [36m2 ns[0m
[INFO][0m[92m[PRIM][0m               Core 40 start receive primitive RECV_CONF.                                                                     | [36m2 ns[0m
[INFO][0m[92m[PRIM][0m               Core 39 start receive primitive RECV_CONF.                                                                     | [36m2 ns[0m
[INFO][0m[92m[PRIM][0m               Core 38 start receive primitive RECV_CONF.                                                                     | [36m2 ns[0m
[INFO][0m[92m[PRIM][0m               Core 37 start receive primitive RECV_CONF.                                                                     | [36m2 ns[0m
[INFO][0m[92m[PRIM][0m               Core 36 start receive primitive RECV_CONF.                                                                     | [36m2 ns[0m
[INFO][0m[92m[PRIM][0m               Core 35 start receive primitive RECV_CONF.                                                                     | [36m2 ns[0m
[INFO][0m[92m[PRIM][0m               Core 34 start receive primitive RECV_CONF.                                                                     | [36m2 ns[0m
[INFO][0m[92m[PRIM][0m               Core 33 start receive primitive RECV_CONF.                                                                     | [36m2 ns[0m
[INFO][0m[92m[PRIM][0m               Core 32 start receive primitive RECV_CONF.                                                                     | [36m2 ns[0m
[INFO][0m[92m[PRIM][0m               Core 31 start receive primitive RECV_CONF.                                                                     | [36m2 ns[0m
[INFO][0m[92m[PRIM][0m               Core 30 start receive primitive RECV_CONF.                                                                     | [36m2 ns[0m
[INFO][0m[92m[PRIM][0m               Core 29 start receive primitive RECV_CONF.                                                                     | [36m2 ns[0m
[INFO][0m[92m[PRIM][0m               Core 28 start receive primitive RECV_CONF.                                                                     | [36m2 ns[0m
[INFO][0m[92m[PRIM][0m               Core 27 start receive primitive RECV_CONF.                                                                     | [36m2 ns[0m
[INFO][0m[92m[PRIM][0m               Core 26 start receive primitive RECV_CONF.                                                                     | [36m2 ns[0m
[INFO][0m[92m[PRIM][0m               Core 25 start receive primitive RECV_CONF.                                                                     | [36m2 ns[0m
[INFO][0m[92m[PRIM][0m               Core 24 start receive primitive RECV_CONF.                                                                     | [36m2 ns[0m
[INFO][0m[92m[PRIM][0m               Core 23 start receive primitive RECV_CONF.                                                                     | [36m2 ns[0m
[INFO][0m[92m[PRIM][0m               Core 22 start receive primitive RECV_CONF.                                                                     | [36m2 ns[0m
[INFO][0m[92m[PRIM][0m               Core 21 start receive primitive RECV_CONF.                                                                     | [36m2 ns[0m
[INFO][0m[92m[PRIM][0m               Core 20 start receive primitive RECV_CONF.                                                                     | [36m2 ns[0m
[INFO][0m[92m[PRIM][0m               Core 19 start receive primitive RECV_CONF.                                                                     | [36m2 ns[0m
[INFO][0m[92m[PRIM][0m               Core 18 start receive primitive RECV_CONF.                                                                     | [36m2 ns[0m
[INFO][0m[92m[PRIM][0m               Core 17 start receive primitive RECV_CONF.                                                                     | [36m2 ns[0m
[INFO][0m[92m[PRIM][0m               Core 16 start receive primitive RECV_CONF.                                                                     | [36m2 ns[0m
[INFO][0m[92m[PRIM][0m               Core 15 start receive primitive RECV_CONF.                                                                     | [36m2 ns[0m
[INFO][0m[92m[PRIM][0m               Core 14 start receive primitive RECV_CONF.                                                                     | [36m2 ns[0m
[INFO][0m[92m[PRIM][0m               Core 13 start receive primitive RECV_CONF.                                                                     | [36m2 ns[0m
[INFO][0m[92m[PRIM][0m               Core 12 start receive primitive RECV_CONF.                                                                     | [36m2 ns[0m
[INFO][0m[92m[PRIM][0m               Core 11 start receive primitive RECV_CONF.                                                                     | [36m2 ns[0m
[INFO][0m[92m[PRIM][0m               Core 10 start receive primitive RECV_CONF.                                                                     | [36m2 ns[0m
[INFO][0m[92m[PRIM][0m               Core 9 start receive primitive RECV_CONF.                                                                      | [36m2 ns[0m
[INFO][0m[92m[PRIM][0m               Core 8 start receive primitive RECV_CONF.                                                                      | [36m2 ns[0m
[INFO][0m[92m[PRIM][0m               Core 7 start receive primitive RECV_CONF.                                                                      | [36m2 ns[0m
[INFO][0m[92m[PRIM][0m               Core 6 start receive primitive RECV_CONF.                                                                      | [36m2 ns[0m
[INFO][0m[92m[PRIM][0m               Core 5 start receive primitive RECV_CONF.                                                                      | [36m2 ns[0m
[INFO][0m[92m[PRIM][0m               Core 4 start receive primitive RECV_CONF.                                                                      | [36m2 ns[0m
[INFO][0m[92m[PRIM][0m               Core 3 start receive primitive RECV_CONF.                                                                      | [36m2 ns[0m
[INFO][0m[92m[PRIM][0m               Core 2 start receive primitive RECV_CONF.                                                                      | [36m2 ns[0m
[INFO][0m[92m[PRIM][0m               Core 1 start receive primitive RECV_CONF.                                                                      | [36m2 ns[0m
[INFO][0m[92m[PRIM][0m               Core 0 start receive primitive RECV_CONF.                                                                      | [36m2 ns[0m
[INFO][0m[92m[PRIM][0m               Core 0 end recv primitive RECV_CONF.                                                                           | [36m2800 ns[0m
[INFO][0m[92m[PRIM][0m               Core 16 end recv primitive RECV_CONF.                                                                          | [36m2802 ns[0m
[INFO][0m[92m[PRIM][0m               Core 0 start receive primitive RECV_WEIGHT.                                                                    | [36m2806 ns[0m
[INFO][0m[92m[PRIM][0m               Core 16 start receive primitive RECV_WEIGHT.                                                                   | [36m2808 ns[0m
[INFO][0m[92m[MEM_INTF][0m           End write operation.                                                                                           | [36m2838 ns[0m
[INFO][0m[92m[MEM_INTF][0m           End config distribution.                                                                                       | [36m2838 ns[0m
[INFO][0m[92m[PRIM][0m               Core 32 end recv primitive RECV_CONF.                                                                          | [36m2848 ns[0m
[INFO][0m[92m[MEM_INTF][0m           Start write operation.                                                                                         | [36m2854 ns[0m
[INFO][0m[92m[PRIM][0m               Core 32 start receive primitive RECV_WEIGHT.                                                                   | [36m2854 ns[0m
[INFO][0m[92m[MEM_INTF][0m           End write operation.                                                                                           | [36m2856 ns[0m
[INFO][0m[92m[MEM_INTF][0m           End data distribution.                                                                                         | [36m2856 ns[0m
[INFO][0m[92m[PRIM][0m               Core 0 end recv primitive RECV_WEIGHT.                                                                         | [36m2864 ns[0m
[INFO][0m[92m[PRIM][0m               Core 16 end recv primitive RECV_WEIGHT.                                                                        | [36m2864 ns[0m
[INFO][0m[92m[PRIM][0m               Core 32 end recv primitive RECV_WEIGHT.                                                                        | [36m2864 ns[0m
[INFO][0m[92m[MEM_INTF][0m           Start write operation.                                                                                         | [36m2870 ns[0m
[INFO][0m[92m[PRIM][0m               Core 32 start receive primitive RECV_START.                                                                    | [36m2870 ns[0m
[INFO][0m[92m[PRIM][0m               Core 16 start receive primitive RECV_START.                                                                    | [36m2870 ns[0m
[INFO][0m[92m[PRIM][0m               Core 0 start receive primitive RECV_START.                                                                     | [36m2870 ns[0m
[INFO][0m[92m[MEM_INTF][0m           End write operation.                                                                                           | [36m2872 ns[0m
[INFO][0m[92m[PRIM][0m               Core 32 end recv primitive RECV_START.                                                                         | [36m2878 ns[0m
[INFO][0m[92m[PRIM][0m               Core 16 end recv primitive RECV_START.                                                                         | [36m2878 ns[0m
[INFO][0m[92m[PRIM][0m               Core 0 end recv primitive RECV_START.                                                                          | [36m2878 ns[0m
[INFO][0m[92m[MEM_INTF][0m           End start data distribution: enqueued=3 injected=3 accepted=3 delivered=3 consumed=3 completed=3.              | [36m2878 ns[0m
[INFO][0m[92m[PRIM][0m               Core 0 start compute primitive Sram_lifecycle.                                                                 | [36m2884 ns[0m
[INFO][0m[92m[PRIM][0m               Core 16 start compute primitive Sram_lifecycle.                                                                | [36m2884 ns[0m
[INFO][0m[92m[PRIM][0m               Core 32 start compute primitive Sram_lifecycle.                                                                | [36m2884 ns[0m
[INFO][0m[92m[PRIM][0m               Core 32 end compute primitive Sram_lifecycle.                                                                  | [36m2884 ns[0m
[INFO][0m[92m[PRIM][0m               Core 16 end compute primitive Sram_lifecycle.                                                                  | [36m2884 ns[0m
[INFO][0m[92m[PRIM][0m               Core 0 end compute primitive Sram_lifecycle.                                                                   | [36m2884 ns[0m
[INFO][0m[92m[PRIM][0m               Core 0 start compute primitive Lsu_mem.                                                                        | [36m2890 ns[0m
[INFO][0m[92m[PRIM][0m               Core 16 start compute primitive Lsu_mem.                                                                       | [36m2890 ns[0m
[INFO][0m[92m[PRIM][0m               Core 32 start compute primitive Lsu_mem.                                                                       | [36m2890 ns[0m
[INFO][0m[92m[PRIM][0m               Core 0 end compute primitive Lsu_mem.                                                                          | [36m3443 ns[0m
[INFO][0m[92m[PRIM][0m               Core 16 end compute primitive Lsu_mem.                                                                         | [36m3443 ns[0m
[INFO][0m[92m[PRIM][0m               Core 32 end compute primitive Lsu_mem.                                                                         | [36m3443 ns[0m
[INFO][0m[92m[PRIM][0m               Core 32 start compute primitive Sram_lifecycle.                                                                | [36m3449 ns[0m
[INFO][0m[92m[PRIM][0m               Core 0 start compute primitive Sram_lifecycle.                                                                 | [36m3449 ns[0m
[INFO][0m[92m[PRIM][0m               Core 16 start compute primitive Sram_lifecycle.                                                                | [36m3449 ns[0m
[INFO][0m[92m[PRIM][0m               Core 16 end compute primitive Sram_lifecycle.                                                                  | [36m3449 ns[0m
[INFO][0m[92m[PRIM][0m               Core 0 end compute primitive Sram_lifecycle.                                                                   | [36m3449 ns[0m
[INFO][0m[92m[PRIM][0m               Core 32 end compute primitive Sram_lifecycle.                                                                  | [36m3449 ns[0m
[INFO][0m[92m[PRIM][0m               Core 32 start compute primitive Sram_lifecycle.                                                                | [36m3455 ns[0m
[INFO][0m[92m[PRIM][0m               Core 16 start compute primitive Sram_lifecycle.                                                                | [36m3455 ns[0m
[INFO][0m[92m[PRIM][0m               Core 0 start compute primitive Sram_lifecycle.                                                                 | [36m3455 ns[0m
[INFO][0m[92m[PRIM][0m               Core 0 end compute primitive Sram_lifecycle.                                                                   | [36m3455 ns[0m
[INFO][0m[92m[PRIM][0m               Core 16 end compute primitive Sram_lifecycle.                                                                  | [36m3455 ns[0m
[INFO][0m[92m[PRIM][0m               Core 32 end compute primitive Sram_lifecycle.                                                                  | [36m3455 ns[0m
[INFO][0m[92m[PRIM][0m               Core 32 start compute primitive Sram_bind_oneshot.                                                             | [36m3461 ns[0m
[INFO][0m[92m[PRIM][0m               Core 0 start compute primitive Sram_bind_oneshot.                                                              | [36m3461 ns[0m
[INFO][0m[92m[PRIM][0m               Core 16 start compute primitive Sram_bind_oneshot.                                                             | [36m3461 ns[0m
[INFO][0m[92m[PRIM][0m               Core 16 end compute primitive Sram_bind_oneshot.                                                               | [36m3461 ns[0m
[INFO][0m[92m[PRIM][0m               Core 0 end compute primitive Sram_bind_oneshot.                                                                | [36m3461 ns[0m
[INFO][0m[92m[PRIM][0m               Core 32 end compute primitive Sram_bind_oneshot.                                                               | [36m3461 ns[0m
[INFO][0m[92m[PRIM][0m               Core 16 start compute primitive Embedding_lookup_prim.                                                         | [36m3467 ns[0m
[INFO][0m[92m[PRIM][0m               Core 32 start compute primitive Embedding_lookup_prim.                                                         | [36m3467 ns[0m
[INFO][0m[92m[PRIM][0m               Core 0 start compute primitive Embedding_lookup_prim.                                                          | [36m3467 ns[0m
[INFO][0m[92m[PRIM][0m               Core 0 end compute primitive Embedding_lookup_prim.                                                            | [36m3467 ns[0m
[INFO][0m[92m[PRIM][0m               Core 32 end compute primitive Embedding_lookup_prim.                                                           | [36m3467 ns[0m
[INFO][0m[92m[PRIM][0m               Core 16 end compute primitive Embedding_lookup_prim.                                                           | [36m3467 ns[0m
[INFO][0m[92m[PRIM][0m               Core 16 start compute primitive Sram_lifecycle.                                                                | [36m3473 ns[0m
[INFO][0m[92m[PRIM][0m               Core 0 start compute primitive Sram_lifecycle.                                                                 | [36m3473 ns[0m
[INFO][0m[92m[PRIM][0m               Core 32 start compute primitive Sram_lifecycle.                                                                | [36m3473 ns[0m
[INFO][0m[92m[PRIM][0m               Core 32 end compute primitive Sram_lifecycle.                                                                  | [36m3473 ns[0m
[INFO][0m[92m[PRIM][0m               Core 0 end compute primitive Sram_lifecycle.                                                                   | [36m3473 ns[0m
[INFO][0m[92m[PRIM][0m               Core 16 end compute primitive Sram_lifecycle.                                                                  | [36m3473 ns[0m
[INFO][0m[92m[PRIM][0m               Core 16 start compute primitive Sram_lifecycle.                                                                | [36m3479 ns[0m
[INFO][0m[92m[PRIM][0m               Core 32 start compute primitive Sram_lifecycle.                                                                | [36m3479 ns[0m
[INFO][0m[92m[PRIM][0m               Core 0 start compute primitive Sram_lifecycle.                                                                 | [36m3479 ns[0m
[INFO][0m[92m[PRIM][0m               Core 0 end compute primitive Sram_lifecycle.                                                                   | [36m3479 ns[0m
[INFO][0m[92m[PRIM][0m               Core 32 end compute primitive Sram_lifecycle.                                                                  | [36m3479 ns[0m
[INFO][0m[92m[PRIM][0m               Core 16 end compute primitive Sram_lifecycle.                                                                  | [36m3479 ns[0m
[INFO][0m[92m[PRIM][0m               Core 16 start compute primitive Sram_lifecycle.                                                                | [36m3485 ns[0m
[INFO][0m[92m[PRIM][0m               Core 0 start compute primitive Sram_lifecycle.                                                                 | [36m3485 ns[0m
[INFO][0m[92m[PRIM][0m               Core 32 start compute primitive Sram_lifecycle.                                                                | [36m3485 ns[0m
[INFO][0m[92m[PRIM][0m               Core 32 end compute primitive Sram_lifecycle.                                                                  | [36m3485 ns[0m
[INFO][0m[92m[PRIM][0m               Core 0 end compute primitive Sram_lifecycle.                                                                   | [36m3485 ns[0m
[INFO][0m[92m[PRIM][0m               Core 16 end compute primitive Sram_lifecycle.                                                                  | [36m3485 ns[0m
[INFO][0m[92m[PRIM][0m               Core 16 start compute primitive Lsu_mem.                                                                       | [36m3491 ns[0m
[INFO][0m[92m[PRIM][0m               Core 32 start compute primitive Lsu_mem.                                                                       | [36m3491 ns[0m
[INFO][0m[92m[PRIM][0m               Core 0 start compute primitive Lsu_mem.                                                                        | [36m3491 ns[0m
[INFO][0m[92m[PRIM][0m               Core 0 end compute primitive Lsu_mem.                                                                          | [36m3574 ns[0m
[INFO][0m[92m[PRIM][0m               Core 32 end compute primitive Lsu_mem.                                                                         | [36m3574 ns[0m
[INFO][0m[92m[PRIM][0m               Core 16 end compute primitive Lsu_mem.                                                                         | [36m3574 ns[0m
[INFO][0m[92m[PRIM][0m               Core 16 start compute primitive Sram_lifecycle.                                                                | [36m3580 ns[0m
[INFO][0m[92m[PRIM][0m               Core 32 start compute primitive Sram_lifecycle.                                                                | [36m3580 ns[0m
[INFO][0m[92m[PRIM][0m               Core 0 start compute primitive Sram_lifecycle.                                                                 | [36m3580 ns[0m
[INFO][0m[92m[PRIM][0m               Core 0 end compute primitive Sram_lifecycle.                                                                   | [36m3580 ns[0m
[INFO][0m[92m[PRIM][0m               Core 32 end compute primitive Sram_lifecycle.                                                                  | [36m3580 ns[0m
[INFO][0m[92m[PRIM][0m               Core 16 end compute primitive Sram_lifecycle.                                                                  | [36m3580 ns[0m
[INFO][0m[92m[PRIM][0m               Core 16 start compute primitive Sram_bind_oneshot.                                                             | [36m3586 ns[0m
[INFO][0m[92m[PRIM][0m               Core 32 start compute primitive Sram_bind_oneshot.                                                             | [36m3586 ns[0m
[INFO][0m[92m[PRIM][0m               Core 0 start compute primitive Sram_bind_oneshot.                                                              | [36m3586 ns[0m
[INFO][0m[92m[PRIM][0m               Core 0 end compute primitive Sram_bind_oneshot.                                                                | [36m3586 ns[0m
[INFO][0m[92m[PRIM][0m               Core 32 end compute primitive Sram_bind_oneshot.                                                               | [36m3586 ns[0m
[INFO][0m[92m[PRIM][0m               Core 16 end compute primitive Sram_bind_oneshot.                                                               | [36m3586 ns[0m
[INFO][0m[92m[PRIM][0m               Core 16 start compute primitive rmsnorm_forward.                                                               | [36m3592 ns[0m
[INFO][0m[92m[PRIM][0m               Core 32 start compute primitive rmsnorm_forward.                                                               | [36m3592 ns[0m
[INFO][0m[92m[PRIM][0m               Core 0 start compute primitive rmsnorm_forward.                                                                | [36m3592 ns[0m
[INFO][0m[92m[PRIM][0m               Core 32 end compute primitive rmsnorm_forward.                                                                 | [36m3592 ns[0m
[INFO][0m[92m[PRIM][0m               Core 0 end compute primitive rmsnorm_forward.                                                                  | [36m3596 ns[0m
[INFO][0m[92m[PRIM][0m               Core 16 end compute primitive rmsnorm_forward.                                                                 | [36m3596 ns[0m
[INFO][0m[92m[PRIM][0m               Core 32 start compute primitive Sram_lifecycle.                                                                | [36m3598 ns[0m
[INFO][0m[92m[PRIM][0m               Core 32 end compute primitive Sram_lifecycle.                                                                  | [36m3598 ns[0m
[INFO][0m[92m[PRIM][0m               Core 16 start compute primitive Sram_lifecycle.                                                                | [36m3602 ns[0m
[INFO][0m[92m[PRIM][0m               Core 0 start compute primitive Sram_lifecycle.                                                                 | [36m3602 ns[0m
[INFO][0m[92m[PRIM][0m               Core 0 end compute primitive Sram_lifecycle.                                                                   | [36m3602 ns[0m
[INFO][0m[92m[PRIM][0m               Core 16 end compute primitive Sram_lifecycle.                                                                  | [36m3602 ns[0m
[INFO][0m[92m[PRIM][0m               Core 32 start compute primitive Sram_lifecycle.                                                                | [36m3604 ns[0m
[INFO][0m[92m[PRIM][0m               Core 32 end compute primitive Sram_lifecycle.                                                                  | [36m3604 ns[0m
[INFO][0m[92m[PRIM][0m               Core 16 start compute primitive Sram_lifecycle.                                                                | [36m3608 ns[0m
[INFO][0m[92m[PRIM][0m               Core 0 start compute primitive Sram_lifecycle.                                                                 | [36m3608 ns[0m
[INFO][0m[92m[PRIM][0m               Core 0 end compute primitive Sram_lifecycle.                                                                   | [36m3608 ns[0m
[INFO][0m[92m[PRIM][0m               Core 16 end compute primitive Sram_lifecycle.                                                                  | [36m3608 ns[0m
[INFO][0m[92m[PRIM][0m               Core 32 start compute primitive Lsu_mem.                                                                       | [36m3610 ns[0m
[INFO][0m[92m[PRIM][0m               Core 0 start compute primitive Sram_lifecycle.                                                                 | [36m3640 ns[0m
[INFO][0m[92m[PRIM][0m               Core 0 end compute primitive Sram_lifecycle.                                                                   | [36m3640 ns[0m
[INFO][0m[92m[PRIM][0m               Core 16 start compute primitive Sram_lifecycle.                                                                | [36m3888 ns[0m
[INFO][0m[92m[PRIM][0m               Core 16 end compute primitive Sram_lifecycle.                                                                  | [36m3888 ns[0m
[INFO][0m[92m[PRIM][0m               Core 0 start compute primitive Sram_lifecycle.                                                                 | [36m4116 ns[0m
[INFO][0m[92m[PRIM][0m               Core 0 end compute primitive Sram_lifecycle.                                                                   | [36m4116 ns[0m
[INFO][0m[92m[PRIM][0m               Core 0 start compute primitive Lsu_mem.                                                                        | [36m4122 ns[0m
[INFO][0m[92m[PRIM][0m               Core 16 start compute primitive Sram_lifecycle.                                                                | [36m4158 ns[0m
[INFO][0m[92m[PRIM][0m               Core 16 end compute primitive Sram_lifecycle.                                                                  | [36m4158 ns[0m
[INFO][0m[92m[PRIM][0m               Core 16 start compute primitive Lsu_mem.                                                                       | [36m4164 ns[0m
[INFO][0m[92m[PRIM][0m               Core 32 end compute primitive Lsu_mem.                                                                         | [36m4403 ns[0m
[INFO][0m[92m[PRIM][0m               Core 32 start compute primitive Sram_lifecycle.                                                                | [36m4409 ns[0m
[INFO][0m[92m[PRIM][0m               Core 32 end compute primitive Sram_lifecycle.                                                                  | [36m4409 ns[0m
[INFO][0m[92m[PRIM][0m               Core 32 start compute primitive Sram_bind_oneshot.                                                             | [36m4415 ns[0m
[INFO][0m[92m[PRIM][0m               Core 32 end compute primitive Sram_bind_oneshot.                                                               | [36m4415 ns[0m
[INFO][0m[92m[PRIM][0m               Core 32 start compute primitive Matmul_f.                                                                      | [36m4421 ns[0m
[INFO][0m[92m[PRIM][0m               Core 32 end compute primitive Matmul_f.                                                                        | [36m4445 ns[0m
[INFO][0m[92m[PRIM][0m               Core 32 start compute primitive Sram_lifecycle.                                                                | [36m4451 ns[0m
[INFO][0m[92m[PRIM][0m               Core 32 end compute primitive Sram_lifecycle.                                                                  | [36m4451 ns[0m
[INFO][0m[92m[PRIM][0m               Core 32 start compute primitive Sram_lifecycle.                                                                | [36m4457 ns[0m
[INFO][0m[92m[PRIM][0m               Core 32 end compute primitive Sram_lifecycle.                                                                  | [36m4457 ns[0m
[INFO][0m[92m[PRIM][0m               Core 32 start compute primitive Sram_lifecycle.                                                                | [36m4463 ns[0m
[INFO][0m[92m[PRIM][0m               Core 32 end compute primitive Sram_lifecycle.                                                                  | [36m4463 ns[0m
[INFO][0m[92m[PRIM][0m               Core 32 start compute primitive Sram_bind_oneshot.                                                             | [36m4469 ns[0m
[INFO][0m[92m[PRIM][0m               Core 32 end compute primitive Sram_bind_oneshot.                                                               | [36m4469 ns[0m
[INFO][0m[92m[PRIM][0m               Core 32 start compute primitive Rope_qk_exact_prim.                                                            | [36m4475 ns[0m
[INFO][0m[92m[PRIM][0m               Core 32 end compute primitive Rope_qk_exact_prim.                                                              | [36m4475 ns[0m
[INFO][0m[92m[PRIM][0m               Core 32 start compute primitive Sram_lifecycle.                                                                | [36m4481 ns[0m
[INFO][0m[92m[PRIM][0m               Core 32 end compute primitive Sram_lifecycle.                                                                  | [36m4481 ns[0m
[INFO][0m[92m[PRIM][0m               Core 32 start compute primitive Sram_lifecycle.                                                                | [36m4487 ns[0m
[INFO][0m[92m[PRIM][0m               Core 32 end compute primitive Sram_lifecycle.                                                                  | [36m4487 ns[0m
[INFO][0m[92m[PRIM][0m               Core 0 end compute primitive Lsu_mem.                                                                          | [36m4553 ns[0m
[INFO][0m[92m[PRIM][0m               Core 0 start compute primitive Sram_lifecycle.                                                                 | [36m4559 ns[0m
[INFO][0m[92m[PRIM][0m               Core 0 end compute primitive Sram_lifecycle.                                                                   | [36m4559 ns[0m
[INFO][0m[92m[PRIM][0m               Core 0 start compute primitive Sram_bind_oneshot.                                                              | [36m4565 ns[0m
[INFO][0m[92m[PRIM][0m               Core 0 end compute primitive Sram_bind_oneshot.                                                                | [36m4565 ns[0m
[INFO][0m[92m[PRIM][0m               Core 0 start compute primitive Matmul_f.                                                                       | [36m4571 ns[0m
[INFO][0m[92m[PRIM][0m               Core 16 end compute primitive Lsu_mem.                                                                         | [36m4593 ns[0m
[INFO][0m[92m[PRIM][0m               Core 16 start compute primitive Sram_lifecycle.                                                                | [36m4599 ns[0m
[INFO][0m[92m[PRIM][0m               Core 16 end compute primitive Sram_lifecycle.                                                                  | [36m4599 ns[0m
[INFO][0m[92m[PRIM][0m               Core 16 start compute primitive Sram_bind_oneshot.                                                             | [36m4605 ns[0m
[INFO][0m[92m[PRIM][0m               Core 16 end compute primitive Sram_bind_oneshot.                                                               | [36m4605 ns[0m
[INFO][0m[92m[PRIM][0m               Core 16 start compute primitive Matmul_f.                                                                      | [36m4611 ns[0m
[INFO][0m[92m[PRIM][0m               Core 0 end compute primitive Matmul_f.                                                                         | [36m4667 ns[0m
[INFO][0m[92m[PRIM][0m               Core 0 start compute primitive Sram_lifecycle.                                                                 | [36m4673 ns[0m
[INFO][0m[92m[PRIM][0m               Core 0 end compute primitive Sram_lifecycle.                                                                   | [36m4673 ns[0m
[INFO][0m[92m[PRIM][0m               Core 0 start compute primitive Sram_lifecycle.                                                                 | [36m4679 ns[0m
[INFO][0m[92m[PRIM][0m               Core 0 end compute primitive Sram_lifecycle.                                                                   | [36m4679 ns[0m
[INFO][0m[92m[PRIM][0m               Core 0 start compute primitive Sram_lifecycle.                                                                 | [36m4685 ns[0m
[INFO][0m[92m[PRIM][0m               Core 0 end compute primitive Sram_lifecycle.                                                                   | [36m4685 ns[0m
[INFO][0m[92m[PRIM][0m               Core 0 start compute primitive Sram_bind_oneshot.                                                              | [36m4691 ns[0m
[INFO][0m[92m[PRIM][0m               Core 0 end compute primitive Sram_bind_oneshot.                                                                | [36m4691 ns[0m
[INFO][0m[92m[PRIM][0m               Core 0 start compute primitive Rope_qk_exact_prim.                                                             | [36m4697 ns[0m
[INFO][0m[92m[PRIM][0m               Core 0 end compute primitive Rope_qk_exact_prim.                                                               | [36m4703 ns[0m
[INFO][0m[92m[PRIM][0m               Core 16 end compute primitive Matmul_f.                                                                        | [36m4707 ns[0m
[INFO][0m[92m[PRIM][0m               Core 0 start compute primitive Sram_lifecycle.                                                                 | [36m4709 ns[0m
[INFO][0m[92m[PRIM][0m               Core 0 end compute primitive Sram_lifecycle.                                                                   | [36m4709 ns[0m
[INFO][0m[92m[PRIM][0m               Core 16 start compute primitive Sram_lifecycle.                                                                | [36m4713 ns[0m
[INFO][0m[92m[PRIM][0m               Core 16 end compute primitive Sram_lifecycle.                                                                  | [36m4713 ns[0m
[INFO][0m[92m[PRIM][0m               Core 0 start compute primitive Sram_lifecycle.                                                                 | [36m4715 ns[0m
[INFO][0m[92m[PRIM][0m               Core 0 end compute primitive Sram_lifecycle.                                                                   | [36m4715 ns[0m
[INFO][0m[92m[PRIM][0m               Core 16 start compute primitive Sram_lifecycle.                                                                | [36m4719 ns[0m
[INFO][0m[92m[PRIM][0m               Core 16 end compute primitive Sram_lifecycle.                                                                  | [36m4719 ns[0m
[INFO][0m[92m[PRIM][0m               Core 0 start compute primitive Sram_bind_oneshot.                                                              | [36m4721 ns[0m
[INFO][0m[92m[PRIM][0m               Core 0 end compute primitive Sram_bind_oneshot.                                                                | [36m4721 ns[0m
[INFO][0m[92m[PRIM][0m               Core 16 start compute primitive Sram_lifecycle.                                                                | [36m4725 ns[0m
[INFO][0m[92m[PRIM][0m               Core 16 end compute primitive Sram_lifecycle.                                                                  | [36m4725 ns[0m
[INFO][0m[92m[PRIM][0m               Core 0 start compute primitive Attention_exact_prim.                                                           | [36m4727 ns[0m
[INFO][0m[92m[PRIM][0m               Core 0 end compute primitive Attention_exact_prim.                                                             | [36m4729 ns[0m
[INFO][0m[92m[PRIM][0m               Core 16 start compute primitive Sram_bind_oneshot.                                                             | [36m4731 ns[0m
[INFO][0m[92m[PRIM][0m               Core 16 end compute primitive Sram_bind_oneshot.                                                               | [36m4731 ns[0m
[INFO][0m[92m[PRIM][0m               Core 0 start compute primitive Sram_lifecycle.                                                                 | [36m4735 ns[0m
[INFO][0m[92m[PRIM][0m               Core 0 end compute primitive Sram_lifecycle.                                                                   | [36m4735 ns[0m
[INFO][0m[92m[PRIM][0m               Core 16 start compute primitive Rope_qk_exact_prim.                                                            | [36m4737 ns[0m
[INFO][0m[92m[PRIM][0m               Core 0 start compute primitive Sram_lifecycle.                                                                 | [36m4741 ns[0m
[INFO][0m[92m[PRIM][0m               Core 0 end compute primitive Sram_lifecycle.                                                                   | [36m4741 ns[0m
[INFO][0m[92m[PRIM][0m               Core 16 end compute primitive Rope_qk_exact_prim.                                                              | [36m4743 ns[0m
[INFO][0m[92m[PRIM][0m               Core 0 start compute primitive Sram_lifecycle.                                                                 | [36m4747 ns[0m
[INFO][0m[92m[PRIM][0m               Core 0 end compute primitive Sram_lifecycle.                                                                   | [36m4747 ns[0m
[INFO][0m[92m[PRIM][0m               Core 16 start compute primitive Sram_lifecycle.                                                                | [36m4749 ns[0m
[INFO][0m[92m[PRIM][0m               Core 16 end compute primitive Sram_lifecycle.                                                                  | [36m4749 ns[0m
[INFO][0m[92m[PRIM][0m               Core 16 start compute primitive Sram_lifecycle.                                                                | [36m4755 ns[0m
[INFO][0m[92m[PRIM][0m               Core 16 end compute primitive Sram_lifecycle.                                                                  | [36m4755 ns[0m
[INFO][0m[92m[PRIM][0m               Core 16 start compute primitive Sram_bind_oneshot.                                                             | [36m4761 ns[0m
[INFO][0m[92m[PRIM][0m               Core 16 end compute primitive Sram_bind_oneshot.                                                               | [36m4761 ns[0m
[INFO][0m[92m[PRIM][0m               Core 16 start compute primitive Attention_exact_prim.                                                          | [36m4767 ns[0m
[INFO][0m[92m[PRIM][0m               Core 16 end compute primitive Attention_exact_prim.                                                            | [36m4769 ns[0m
[INFO][0m[92m[PRIM][0m               Core 16 start compute primitive Sram_lifecycle.                                                                | [36m4775 ns[0m
[INFO][0m[92m[PRIM][0m               Core 16 end compute primitive Sram_lifecycle.                                                                  | [36m4775 ns[0m
[INFO][0m[92m[PRIM][0m               Core 16 start compute primitive Sram_lifecycle.                                                                | [36m4781 ns[0m
[INFO][0m[92m[PRIM][0m               Core 16 end compute primitive Sram_lifecycle.                                                                  | [36m4781 ns[0m
[INFO][0m[92m[PRIM][0m               Core 16 start compute primitive Sram_lifecycle.                                                                | [36m4787 ns[0m
[INFO][0m[92m[PRIM][0m               Core 16 end compute primitive Sram_lifecycle.                                                                  | [36m4787 ns[0m
[INFO][0m[92m[PRIM][0m               Core 0 start compute primitive Sram_lifecycle.                                                                 | [36m5930 ns[0m
[INFO][0m[92m[PRIM][0m               Core 0 end compute primitive Sram_lifecycle.                                                                   | [36m5930 ns[0m
[INFO][0m[92m[PRIM][0m               Core 32 start compute primitive Sram_lifecycle.                                                                | [36m6036 ns[0m
[INFO][0m[92m[PRIM][0m               Core 32 end compute primitive Sram_lifecycle.                                                                  | [36m6036 ns[0m
[INFO][0m[92m[PRIM][0m               Core 0 start compute primitive Lsu_mem.                                                                        | [36m7120 ns[0m
[INFO][0m[92m[PRIM][0m               Core 0 end compute primitive Lsu_mem.                                                                          | [36m7230 ns[0m
[INFO][0m[92m[PRIM][0m               Core 0 start compute primitive Sram_lifecycle.                                                                 | [36m7236 ns[0m
[INFO][0m[92m[PRIM][0m               Core 0 end compute primitive Sram_lifecycle.                                                                   | [36m7236 ns[0m
[INFO][0m[92m[PRIM][0m               Core 0 start compute primitive Lsu_mem.                                                                        | [36m7242 ns[0m
[INFO][0m[92m[PRIM][0m               Core 0 end compute primitive Lsu_mem.                                                                          | [36m7351 ns[0m
[INFO][0m[92m[PRIM][0m               Core 0 start compute primitive Sram_lifecycle.                                                                 | [36m7357 ns[0m
[INFO][0m[92m[PRIM][0m               Core 0 end compute primitive Sram_lifecycle.                                                                   | [36m7357 ns[0m
[INFO][0m[92m[PRIM][0m               Core 0 start compute primitive Sram_lifecycle.                                                                 | [36m7363 ns[0m
[INFO][0m[92m[PRIM][0m               Core 0 end compute primitive Sram_lifecycle.                                                                   | [36m7363 ns[0m
[INFO][0m[92m[PRIM][0m               Core 0 start compute primitive Lsu_mem.                                                                        | [36m7369 ns[0m
[INFO][0m[92m[PRIM][0m               Core 0 end compute primitive Lsu_mem.                                                                          | [36m7558 ns[0m
[INFO][0m[92m[PRIM][0m               Core 0 start compute primitive Sram_lifecycle.                                                                 | [36m7564 ns[0m
[INFO][0m[92m[PRIM][0m               Core 0 end compute primitive Sram_lifecycle.                                                                   | [36m7564 ns[0m
[INFO][0m[92m[PRIM][0m               Core 0 start compute primitive Sram_lifecycle.                                                                 | [36m7570 ns[0m
[INFO][0m[92m[PRIM][0m               Core 0 end compute primitive Sram_lifecycle.                                                                   | [36m7570 ns[0m
[INFO][0m[92m[PRIM][0m               Core 0 start compute primitive Sram_bind_oneshot.                                                              | [36m7576 ns[0m
[INFO][0m[92m[PRIM][0m               Core 0 end compute primitive Sram_bind_oneshot.                                                                | [36m7576 ns[0m
[INFO][0m[92m[PRIM][0m               Core 0 start compute primitive Matmul_f.                                                                       | [36m7582 ns[0m
[INFO][0m[92m[PRIM][0m               Core 0 end compute primitive Matmul_f.                                                                         | [36m7598 ns[0m
[INFO][0m[92m[PRIM][0m               Core 0 start compute primitive Sram_lifecycle.                                                                 | [36m7604 ns[0m
[INFO][0m[92m[PRIM][0m               Core 0 end compute primitive Sram_lifecycle.                                                                   | [36m7604 ns[0m
[INFO][0m[92m[PRIM][0m               Core 0 start compute primitive Sram_lifecycle.                                                                 | [36m7610 ns[0m
[INFO][0m[92m[PRIM][0m               Core 0 end compute primitive Sram_lifecycle.                                                                   | [36m7610 ns[0m
[INFO][0m[92m[PRIM][0m               Core 16 start compute primitive Sram_lifecycle.                                                                | [36m8062 ns[0m
[INFO][0m[92m[PRIM][0m               Core 16 end compute primitive Sram_lifecycle.                                                                  | [36m8062 ns[0m
[INFO][0m[92m[PRIM][0m               Core 16 start compute primitive Lsu_mem.                                                                       | [36m8868 ns[0m
[INFO][0m[92m[PRIM][0m               Core 32 start compute primitive Sram_lifecycle.                                                                | [36m8942 ns[0m
[INFO][0m[92m[PRIM][0m               Core 32 end compute primitive Sram_lifecycle.                                                                  | [36m8942 ns[0m
[INFO][0m[92m[PRIM][0m               Core 32 start compute primitive Sram_bind_oneshot.                                                             | [36m8948 ns[0m
[INFO][0m[92m[PRIM][0m               Core 32 end compute primitive Sram_bind_oneshot.                                                               | [36m8948 ns[0m
[INFO][0m[92m[PRIM][0m               Core 32 start compute primitive Attention_exact_prim.                                                          | [36m8954 ns[0m
[INFO][0m[92m[PRIM][0m               Core 32 end compute primitive Attention_exact_prim.                                                            | [36m8954 ns[0m
[INFO][0m[92m[PRIM][0m               Core 32 start compute primitive Sram_lifecycle.                                                                | [36m8960 ns[0m
[INFO][0m[92m[PRIM][0m               Core 32 end compute primitive Sram_lifecycle.                                                                  | [36m8960 ns[0m
[INFO][0m[92m[PRIM][0m               Core 32 start compute primitive Lsu_mem.                                                                       | [36m8966 ns[0m
[INFO][0m[92m[PRIM][0m               Core 16 end compute primitive Lsu_mem.                                                                         | [36m8980 ns[0m
[INFO][0m[92m[PRIM][0m               Core 16 start compute primitive Sram_lifecycle.                                                                | [36m8986 ns[0m
[INFO][0m[92m[PRIM][0m               Core 16 end compute primitive Sram_lifecycle.                                                                  | [36m8986 ns[0m
[INFO][0m[92m[PRIM][0m               Core 16 start compute primitive Lsu_mem.                                                                       | [36m8992 ns[0m
[INFO][0m[92m[PRIM][0m               Core 32 end compute primitive Lsu_mem.                                                                         | [36m9043 ns[0m
[INFO][0m[92m[PRIM][0m               Core 32 start compute primitive Sram_lifecycle.                                                                | [36m9049 ns[0m
[INFO][0m[92m[PRIM][0m               Core 32 end compute primitive Sram_lifecycle.                                                                  | [36m9049 ns[0m
[INFO][0m[92m[PRIM][0m               Core 32 start compute primitive Lsu_mem.                                                                       | [36m9055 ns[0m
[INFO][0m[92m[PRIM][0m               Core 16 end compute primitive Lsu_mem.                                                                         | [36m9101 ns[0m
[INFO][0m[92m[PRIM][0m               Core 16 start compute primitive Sram_lifecycle.                                                                | [36m9107 ns[0m
[INFO][0m[92m[PRIM][0m               Core 16 end compute primitive Sram_lifecycle.                                                                  | [36m9107 ns[0m
[INFO][0m[92m[PRIM][0m               Core 16 start compute primitive Sram_lifecycle.                                                                | [36m9113 ns[0m
[INFO][0m[92m[PRIM][0m               Core 16 end compute primitive Sram_lifecycle.                                                                  | [36m9113 ns[0m
[INFO][0m[92m[PRIM][0m               Core 16 start compute primitive Lsu_mem.                                                                       | [36m9119 ns[0m
[INFO][0m[92m[PRIM][0m               Core 32 end compute primitive Lsu_mem.                                                                         | [36m9132 ns[0m
[INFO][0m[92m[PRIM][0m               Core 32 start compute primitive Sram_lifecycle.                                                                | [36m9138 ns[0m
[INFO][0m[92m[PRIM][0m               Core 32 end compute primitive Sram_lifecycle.                                                                  | [36m9138 ns[0m
[INFO][0m[92m[PRIM][0m               Core 32 start compute primitive Sram_lifecycle.                                                                | [36m9144 ns[0m
[INFO][0m[92m[PRIM][0m               Core 32 end compute primitive Sram_lifecycle.                                                                  | [36m9144 ns[0m
[INFO][0m[92m[PRIM][0m               Core 32 start compute primitive Lsu_mem.                                                                       | [36m9150 ns[0m
[INFO][0m[92m[PRIM][0m               Core 16 end compute primitive Lsu_mem.                                                                         | [36m9308 ns[0m
[INFO][0m[92m[PRIM][0m               Core 16 start compute primitive Sram_lifecycle.                                                                | [36m9314 ns[0m
[INFO][0m[92m[PRIM][0m               Core 16 end compute primitive Sram_lifecycle.                                                                  | [36m9314 ns[0m
[INFO][0m[92m[PRIM][0m               Core 16 start compute primitive Sram_lifecycle.                                                                | [36m9320 ns[0m
[INFO][0m[92m[PRIM][0m               Core 16 end compute primitive Sram_lifecycle.                                                                  | [36m9320 ns[0m
[INFO][0m[92m[PRIM][0m               Core 16 start compute primitive Sram_bind_oneshot.                                                             | [36m9326 ns[0m
[INFO][0m[92m[PRIM][0m               Core 16 end compute primitive Sram_bind_oneshot.                                                               | [36m9326 ns[0m
[INFO][0m[92m[PRIM][0m               Core 16 start compute primitive Matmul_f.                                                                      | [36m9332 ns[0m
[INFO][0m[92m[PRIM][0m               Core 16 end compute primitive Matmul_f.                                                                        | [36m9348 ns[0m
[INFO][0m[92m[PRIM][0m               Core 16 start compute primitive Sram_lifecycle.                                                                | [36m9354 ns[0m
[INFO][0m[92m[PRIM][0m               Core 16 end compute primitive Sram_lifecycle.                                                                  | [36m9354 ns[0m
[INFO][0m[92m[PRIM][0m               Core 32 end compute primitive Lsu_mem.                                                                         | [36m9459 ns[0m
[INFO][0m[92m[PRIM][0m               Core 32 start compute primitive Sram_lifecycle.                                                                | [36m9465 ns[0m
[INFO][0m[92m[PRIM][0m               Core 32 end compute primitive Sram_lifecycle.                                                                  | [36m9465 ns[0m
[INFO][0m[92m[PRIM][0m               Core 32 start compute primitive Sram_bind_oneshot.                                                             | [36m9471 ns[0m
[INFO][0m[92m[PRIM][0m               Core 32 end compute primitive Sram_bind_oneshot.                                                               | [36m9471 ns[0m
[INFO][0m[92m[PRIM][0m               Core 32 start compute primitive Matmul_f.                                                                      | [36m9477 ns[0m
[INFO][0m[92m[PRIM][0m               Core 32 end compute primitive Matmul_f.                                                                        | [36m9485 ns[0m
[INFO][0m[92m[PRIM][0m               Core 32 start compute primitive Sram_lifecycle.                                                                | [36m9491 ns[0m
[INFO][0m[92m[PRIM][0m               Core 32 end compute primitive Sram_lifecycle.                                                                  | [36m9491 ns[0m
[INFO][0m[92m[PRIM][0m               Core 16 start compute primitive Sram_lifecycle.                                                                | [36m9492 ns[0m
[INFO][0m[92m[PRIM][0m               Core 16 end compute primitive Sram_lifecycle.                                                                  | [36m9492 ns[0m
[INFO][0m[92m[PRIM][0m               Core 32 start compute primitive Sram_lifecycle.                                                                | [36m9497 ns[0m
[INFO][0m[92m[PRIM][0m               Core 32 end compute primitive Sram_lifecycle.                                                                  | [36m9497 ns[0m
[INFO][0m[92m[PRIM][0m               Core 16 start compute primitive Sram_lifecycle.                                                                | [36m9498 ns[0m
[INFO][0m[92m[PRIM][0m               Core 16 end compute primitive Sram_lifecycle.                                                                  | [36m9498 ns[0m
[INFO][0m[92m[PRIM][0m               Core 32 start compute primitive Sram_lifecycle.                                                                | [36m9503 ns[0m
[INFO][0m[92m[PRIM][0m               Core 32 end compute primitive Sram_lifecycle.                                                                  | [36m9503 ns[0m
[INFO][0m[92m[PRIM][0m               Core 16 start compute primitive Sram_lifecycle.                                                                | [36m9504 ns[0m
[INFO][0m[92m[PRIM][0m               Core 16 end compute primitive Sram_lifecycle.                                                                  | [36m9504 ns[0m
[INFO][0m[92m[PRIM][0m               Core 32 start compute primitive Sram_bind_oneshot.                                                             | [36m9509 ns[0m
[INFO][0m[92m[PRIM][0m               Core 32 end compute primitive Sram_bind_oneshot.                                                               | [36m9509 ns[0m
[INFO][0m[92m[PRIM][0m               Core 16 start compute primitive Sram_bind_oneshot.                                                             | [36m9510 ns[0m
[INFO][0m[92m[PRIM][0m               Core 16 end compute primitive Sram_bind_oneshot.                                                               | [36m9510 ns[0m
[INFO][0m[92m[PRIM][0m               Core 32 start compute primitive Residual_f.                                                                    | [36m9515 ns[0m
[INFO][0m[92m[PRIM][0m               Core 32 end compute primitive Residual_f.                                                                      | [36m9515 ns[0m
[INFO][0m[92m[PRIM][0m               Core 16 start compute primitive Matmul_f.                                                                      | [36m9516 ns[0m
[INFO][0m[92m[PRIM][0m               Core 32 start compute primitive Sram_lifecycle.                                                                | [36m9521 ns[0m
[INFO][0m[92m[PRIM][0m               Core 32 end compute primitive Sram_lifecycle.                                                                  | [36m9521 ns[0m
[INFO][0m[92m[PRIM][0m               Core 32 start compute primitive Sram_lifecycle.                                                                | [36m9527 ns[0m
[INFO][0m[92m[PRIM][0m               Core 32 end compute primitive Sram_lifecycle.                                                                  | [36m9527 ns[0m
[INFO][0m[92m[PRIM][0m               Core 16 end compute primitive Matmul_f.                                                                        | [36m9532 ns[0m
[INFO][0m[92m[PRIM][0m               Core 32 start compute primitive Sram_lifecycle.                                                                | [36m9533 ns[0m
[INFO][0m[92m[PRIM][0m               Core 32 end compute primitive Sram_lifecycle.                                                                  | [36m9533 ns[0m
[INFO][0m[92m[PRIM][0m               Core 16 start compute primitive Sram_lifecycle.                                                                | [36m9538 ns[0m
[INFO][0m[92m[PRIM][0m               Core 16 end compute primitive Sram_lifecycle.                                                                  | [36m9538 ns[0m
[INFO][0m[92m[PRIM][0m               Core 32 start compute primitive Lsu_mem.                                                                       | [36m9539 ns[0m
[INFO][0m[92m[PRIM][0m               Core 16 start compute primitive Sram_lifecycle.                                                                | [36m9544 ns[0m
[INFO][0m[92m[PRIM][0m               Core 16 end compute primitive Sram_lifecycle.                                                                  | [36m9544 ns[0m
[INFO][0m[92m[PRIM][0m               Core 16 start compute primitive Sram_lifecycle.                                                                | [36m9550 ns[0m
[INFO][0m[92m[PRIM][0m               Core 16 end compute primitive Sram_lifecycle.                                                                  | [36m9550 ns[0m
[INFO][0m[92m[PRIM][0m               Core 0 start compute primitive Sram_lifecycle.                                                                 | [36m9576 ns[0m
[INFO][0m[92m[PRIM][0m               Core 0 end compute primitive Sram_lifecycle.                                                                   | [36m9576 ns[0m
[INFO][0m[92m[PRIM][0m               Core 0 start compute primitive Collective_data_v1_prim.                                                        | [36m9582 ns[0m
[INFO][0m[92m[PRIM][0m               Core 0 end compute primitive Collective_data_v1_prim.                                                          | [36m9616 ns[0m
[INFO][0m[92m[PRIM][0m               Core 0 start compute primitive Sram_lifecycle.                                                                 | [36m9622 ns[0m
[INFO][0m[92m[PRIM][0m               Core 0 end compute primitive Sram_lifecycle.                                                                   | [36m9622 ns[0m
[INFO][0m[92m[PRIM][0m               Core 32 end compute primitive Lsu_mem.                                                                         | [36m9622 ns[0m
[INFO][0m[92m[PRIM][0m               Core 32 start compute primitive Sram_lifecycle.                                                                | [36m9628 ns[0m
[INFO][0m[92m[PRIM][0m               Core 0 start compute primitive Sram_lifecycle.                                                                 | [36m9628 ns[0m
[INFO][0m[92m[PRIM][0m               Core 0 end compute primitive Sram_lifecycle.                                                                   | [36m9628 ns[0m
[INFO][0m[92m[PRIM][0m               Core 32 end compute primitive Sram_lifecycle.                                                                  | [36m9628 ns[0m
[INFO][0m[92m[PRIM][0m               Core 32 start compute primitive Sram_bind_oneshot.                                                             | [36m9634 ns[0m
[INFO][0m[92m[PRIM][0m               Core 0 start compute primitive Sram_lifecycle.                                                                 | [36m9634 ns[0m
[INFO][0m[92m[PRIM][0m               Core 0 end compute primitive Sram_lifecycle.                                                                   | [36m9634 ns[0m
[INFO][0m[92m[PRIM][0m               Core 32 end compute primitive Sram_bind_oneshot.                                                               | [36m9634 ns[0m
[INFO][0m[92m[PRIM][0m               Core 32 start compute primitive rmsnorm_forward.                                                               | [36m9640 ns[0m
[INFO][0m[92m[PRIM][0m               Core 0 start compute primitive Sram_lifecycle.                                                                 | [36m9640 ns[0m
[INFO][0m[92m[PRIM][0m               Core 0 end compute primitive Sram_lifecycle.                                                                   | [36m9640 ns[0m
[INFO][0m[92m[PRIM][0m               Core 32 end compute primitive rmsnorm_forward.                                                                 | [36m9640 ns[0m
[INFO][0m[92m[PRIM][0m               Core 32 start compute primitive Sram_lifecycle.                                                                | [36m9646 ns[0m
[INFO][0m[92m[PRIM][0m               Core 0 start compute primitive Sram_bind_oneshot.                                                              | [36m9646 ns[0m
[INFO][0m[92m[PRIM][0m               Core 0 end compute primitive Sram_bind_oneshot.                                                                | [36m9646 ns[0m
[INFO][0m[92m[PRIM][0m               Core 32 end compute primitive Sram_lifecycle.                                                                  | [36m9646 ns[0m
[INFO][0m[92m[PRIM][0m               Core 32 start compute primitive Sram_lifecycle.                                                                | [36m9652 ns[0m
[INFO][0m[92m[PRIM][0m               Core 0 start compute primitive Matmul_f.                                                                       | [36m9652 ns[0m
[INFO][0m[92m[PRIM][0m               Core 32 end compute primitive Sram_lifecycle.                                                                  | [36m9652 ns[0m
[INFO][0m[92m[PRIM][0m               Core 32 start compute primitive Lsu_mem.                                                                       | [36m9658 ns[0m
[INFO][0m[92m[PRIM][0m               Core 0 end compute primitive Matmul_f.                                                                         | [36m9668 ns[0m
[INFO][0m[92m[PRIM][0m               Core 0 start compute primitive Sram_lifecycle.                                                                 | [36m9674 ns[0m
[INFO][0m[92m[PRIM][0m               Core 0 end compute primitive Sram_lifecycle.                                                                   | [36m9674 ns[0m
[INFO][0m[92m[PRIM][0m               Core 0 start compute primitive Sram_lifecycle.                                                                 | [36m9680 ns[0m
[INFO][0m[92m[PRIM][0m               Core 0 end compute primitive Sram_lifecycle.                                                                   | [36m9680 ns[0m
[INFO][0m[92m[PRIM][0m               Core 0 start compute primitive Sram_lifecycle.                                                                 | [36m9818 ns[0m
[INFO][0m[92m[PRIM][0m               Core 0 end compute primitive Sram_lifecycle.                                                                   | [36m9818 ns[0m
[INFO][0m[92m[PRIM][0m               Core 0 start compute primitive Sram_lifecycle.                                                                 | [36m9824 ns[0m
[INFO][0m[92m[PRIM][0m               Core 0 end compute primitive Sram_lifecycle.                                                                   | [36m9824 ns[0m
[INFO][0m[92m[PRIM][0m               Core 0 start compute primitive Sram_bind_oneshot.                                                              | [36m9830 ns[0m
[INFO][0m[92m[PRIM][0m               Core 0 end compute primitive Sram_bind_oneshot.                                                                | [36m9830 ns[0m
[INFO][0m[92m[PRIM][0m               Core 0 start compute primitive Residual_f.                                                                     | [36m9836 ns[0m
[INFO][0m[92m[PRIM][0m               Core 0 end compute primitive Residual_f.                                                                       | [36m9836 ns[0m
[INFO][0m[92m[PRIM][0m               Core 0 start compute primitive Sram_lifecycle.                                                                 | [36m9842 ns[0m
[INFO][0m[92m[PRIM][0m               Core 0 end compute primitive Sram_lifecycle.                                                                   | [36m9842 ns[0m
[INFO][0m[92m[PRIM][0m               Core 0 start compute primitive Sram_lifecycle.                                                                 | [36m9848 ns[0m
[INFO][0m[92m[PRIM][0m               Core 0 end compute primitive Sram_lifecycle.                                                                   | [36m9848 ns[0m
[INFO][0m[92m[PRIM][0m               Core 0 start compute primitive Sram_lifecycle.                                                                 | [36m9854 ns[0m
[INFO][0m[92m[PRIM][0m               Core 0 end compute primitive Sram_lifecycle.                                                                   | [36m9854 ns[0m
[INFO][0m[92m[PRIM][0m               Core 0 start compute primitive Lsu_mem.                                                                        | [36m9860 ns[0m
[INFO][0m[92m[PRIM][0m               Core 16 start compute primitive Sram_lifecycle.                                                                | [36m9902 ns[0m
[INFO][0m[92m[PRIM][0m               Core 16 end compute primitive Sram_lifecycle.                                                                  | [36m9902 ns[0m
[INFO][0m[92m[PRIM][0m               Core 16 start compute primitive Collective_data_v1_prim.                                                       | [36m9908 ns[0m
[INFO][0m[92m[PRIM][0m               Core 16 end compute primitive Collective_data_v1_prim.                                                         | [36m9942 ns[0m
[INFO][0m[92m[PRIM][0m               Core 16 start compute primitive Sram_lifecycle.                                                                | [36m9948 ns[0m
[INFO][0m[92m[PRIM][0m               Core 16 end compute primitive Sram_lifecycle.                                                                  | [36m9948 ns[0m
[INFO][0m[92m[PRIM][0m               Core 0 end compute primitive Lsu_mem.                                                                          | [36m9949 ns[0m
[INFO][0m[92m[PRIM][0m               Core 16 start compute primitive Sram_lifecycle.                                                                | [36m9954 ns[0m
[INFO][0m[92m[PRIM][0m               Core 16 end compute primitive Sram_lifecycle.                                                                  | [36m9954 ns[0m
[INFO][0m[92m[PRIM][0m               Core 0 start compute primitive Sram_lifecycle.                                                                 | [36m9955 ns[0m
[INFO][0m[92m[PRIM][0m               Core 0 end compute primitive Sram_lifecycle.                                                                   | [36m9955 ns[0m
[INFO][0m[92m[PRIM][0m               Core 16 start compute primitive Sram_lifecycle.                                                                | [36m9960 ns[0m
[INFO][0m[92m[PRIM][0m               Core 16 end compute primitive Sram_lifecycle.                                                                  | [36m9960 ns[0m
[INFO][0m[92m[PRIM][0m               Core 0 start compute primitive Sram_bind_oneshot.                                                              | [36m9961 ns[0m
[INFO][0m[92m[PRIM][0m               Core 0 end compute primitive Sram_bind_oneshot.                                                                | [36m9961 ns[0m
[INFO][0m[92m[PRIM][0m               Core 16 start compute primitive Sram_bind_oneshot.                                                             | [36m9966 ns[0m
[INFO][0m[92m[PRIM][0m               Core 16 end compute primitive Sram_bind_oneshot.                                                               | [36m9966 ns[0m
[INFO][0m[92m[PRIM][0m               Core 0 start compute primitive rmsnorm_forward.                                                                | [36m9967 ns[0m
[INFO][0m[92m[PRIM][0m               Core 0 end compute primitive rmsnorm_forward.                                                                  | [36m9971 ns[0m
[INFO][0m[92m[PRIM][0m               Core 16 start compute primitive Residual_f.                                                                    | [36m9972 ns[0m
[INFO][0m[92m[PRIM][0m               Core 16 end compute primitive Residual_f.                                                                      | [36m9972 ns[0m
[INFO][0m[92m[PRIM][0m               Core 0 start compute primitive Sram_lifecycle.                                                                 | [36m9977 ns[0m
[INFO][0m[92m[PRIM][0m               Core 0 end compute primitive Sram_lifecycle.                                                                   | [36m9977 ns[0m
[INFO][0m[92m[PRIM][0m               Core 16 start compute primitive Sram_lifecycle.                                                                | [36m9978 ns[0m
[INFO][0m[92m[PRIM][0m               Core 16 end compute primitive Sram_lifecycle.                                                                  | [36m9978 ns[0m
[INFO][0m[92m[PRIM][0m               Core 0 start compute primitive Sram_lifecycle.                                                                 | [36m9983 ns[0m
[INFO][0m[92m[PRIM][0m               Core 0 end compute primitive Sram_lifecycle.                                                                   | [36m9983 ns[0m
[INFO][0m[92m[PRIM][0m               Core 16 start compute primitive Sram_lifecycle.                                                                | [36m9984 ns[0m
[INFO][0m[92m[PRIM][0m               Core 16 end compute primitive Sram_lifecycle.                                                                  | [36m9984 ns[0m
[INFO][0m[92m[PRIM][0m               Core 16 start compute primitive Sram_lifecycle.                                                                | [36m9990 ns[0m
[INFO][0m[92m[PRIM][0m               Core 16 end compute primitive Sram_lifecycle.                                                                  | [36m9990 ns[0m
[INFO][0m[92m[PRIM][0m               Core 16 start compute primitive Lsu_mem.                                                                       | [36m9996 ns[0m
[INFO][0m[92m[PRIM][0m               Core 0 start compute primitive Sram_lifecycle.                                                                 | [36m10015 ns[0m
[INFO][0m[92m[PRIM][0m               Core 0 end compute primitive Sram_lifecycle.                                                                   | [36m10015 ns[0m
[INFO][0m[92m[PRIM][0m               Core 16 end compute primitive Lsu_mem.                                                                         | [36m10083 ns[0m
[INFO][0m[92m[PRIM][0m               Core 16 start compute primitive Sram_lifecycle.                                                                | [36m10089 ns[0m
[INFO][0m[92m[PRIM][0m               Core 16 end compute primitive Sram_lifecycle.                                                                  | [36m10089 ns[0m
[INFO][0m[92m[PRIM][0m               Core 16 start compute primitive Sram_bind_oneshot.                                                             | [36m10095 ns[0m
[INFO][0m[92m[PRIM][0m               Core 16 end compute primitive Sram_bind_oneshot.                                                               | [36m10095 ns[0m
[INFO][0m[92m[PRIM][0m               Core 16 start compute primitive rmsnorm_forward.                                                               | [36m10101 ns[0m
[INFO][0m[92m[PRIM][0m               Core 16 end compute primitive rmsnorm_forward.                                                                 | [36m10105 ns[0m
[INFO][0m[92m[PRIM][0m               Core 16 start compute primitive Sram_lifecycle.                                                                | [36m10111 ns[0m
[INFO][0m[92m[PRIM][0m               Core 16 end compute primitive Sram_lifecycle.                                                                  | [36m10111 ns[0m
[INFO][0m[92m[PRIM][0m               Core 16 start compute primitive Sram_lifecycle.                                                                | [36m10117 ns[0m
[INFO][0m[92m[PRIM][0m               Core 16 end compute primitive Sram_lifecycle.                                                                  | [36m10117 ns[0m
[INFO][0m[92m[PRIM][0m               Core 16 start compute primitive Sram_lifecycle.                                                                | [36m10260 ns[0m
[INFO][0m[92m[PRIM][0m               Core 16 end compute primitive Sram_lifecycle.                                                                  | [36m10260 ns[0m
[INFO][0m[92m[PRIM][0m               Core 0 start compute primitive Sram_lifecycle.                                                                 | [36m10488 ns[0m
[INFO][0m[92m[PRIM][0m               Core 0 end compute primitive Sram_lifecycle.                                                                   | [36m10488 ns[0m
[INFO][0m[92m[PRIM][0m               Core 0 start compute primitive Lsu_mem.                                                                        | [36m10494 ns[0m
[INFO][0m[92m[PRIM][0m               Core 16 start compute primitive Sram_lifecycle.                                                                | [36m10530 ns[0m
[INFO][0m[92m[PRIM][0m               Core 16 end compute primitive Sram_lifecycle.                                                                  | [36m10530 ns[0m
[INFO][0m[92m[PRIM][0m               Core 16 start compute primitive Lsu_mem.                                                                       | [36m10536 ns[0m
[INFO][0m[92m[PRIM][0m               Core 32 end compute primitive Lsu_mem.                                                                         | [36m10695 ns[0m
[INFO][0m[92m[PRIM][0m               Core 32 start compute primitive Sram_lifecycle.                                                                | [36m10701 ns[0m
[INFO][0m[92m[PRIM][0m               Core 32 end compute primitive Sram_lifecycle.                                                                  | [36m10701 ns[0m
[INFO][0m[92m[PRIM][0m               Core 32 start compute primitive Sram_bind_oneshot.                                                             | [36m10707 ns[0m
[INFO][0m[92m[PRIM][0m               Core 32 end compute primitive Sram_bind_oneshot.                                                               | [36m10707 ns[0m
[INFO][0m[92m[PRIM][0m               Core 32 start compute primitive Matmul_f.                                                                      | [36m10713 ns[0m
[INFO][0m[92m[PRIM][0m               Core 32 end compute primitive Matmul_f.                                                                        | [36m10745 ns[0m
[INFO][0m[92m[PRIM][0m               Core 32 start compute primitive Sram_lifecycle.                                                                | [36m10751 ns[0m
[INFO][0m[92m[PRIM][0m               Core 32 end compute primitive Sram_lifecycle.                                                                  | [36m10751 ns[0m
[INFO][0m[92m[PRIM][0m               Core 32 start compute primitive Sram_lifecycle.                                                                | [36m10757 ns[0m
[INFO][0m[92m[PRIM][0m               Core 32 end compute primitive Sram_lifecycle.                                                                  | [36m10757 ns[0m
[INFO][0m[92m[PRIM][0m               Core 32 start compute primitive Sram_lifecycle.                                                                | [36m10763 ns[0m
[INFO][0m[92m[PRIM][0m               Core 32 end compute primitive Sram_lifecycle.                                                                  | [36m10763 ns[0m
[INFO][0m[92m[PRIM][0m               Core 32 start compute primitive Sram_bind_oneshot.                                                             | [36m10769 ns[0m
[INFO][0m[92m[PRIM][0m               Core 32 end compute primitive Sram_bind_oneshot.                                                               | [36m10769 ns[0m
[INFO][0m[92m[PRIM][0m               Core 32 start compute primitive swiglu_forward.                                                                | [36m10775 ns[0m
[INFO][0m[92m[PRIM][0m               Core 32 end compute primitive swiglu_forward.                                                                  | [36m10777 ns[0m
[INFO][0m[92m[PRIM][0m               Core 32 start compute primitive Sram_lifecycle.                                                                | [36m10783 ns[0m
[INFO][0m[92m[PRIM][0m               Core 32 end compute primitive Sram_lifecycle.                                                                  | [36m10783 ns[0m
[INFO][0m[92m[PRIM][0m               Core 32 start compute primitive Sram_lifecycle.                                                                | [36m10789 ns[0m
[INFO][0m[92m[PRIM][0m               Core 32 end compute primitive Sram_lifecycle.                                                                  | [36m10789 ns[0m
[INFO][0m[92m[PRIM][0m               Core 32 start compute primitive Lsu_mem.                                                                       | [36m10795 ns[0m
[INFO][0m[92m[PRIM][0m               Core 0 end compute primitive Lsu_mem.                                                                          | [36m11049 ns[0m
[INFO][0m[92m[PRIM][0m               Core 0 start compute primitive Sram_lifecycle.                                                                 | [36m11055 ns[0m
[INFO][0m[92m[PRIM][0m               Core 0 end compute primitive Sram_lifecycle.                                                                   | [36m11055 ns[0m
[INFO][0m[92m[PRIM][0m               Core 0 start compute primitive Sram_bind_oneshot.                                                              | [36m11061 ns[0m
[INFO][0m[92m[PRIM][0m               Core 0 end compute primitive Sram_bind_oneshot.                                                                | [36m11061 ns[0m
[INFO][0m[92m[PRIM][0m               Core 0 start compute primitive Matmul_f.                                                                       | [36m11067 ns[0m
[INFO][0m[92m[PRIM][0m               Core 16 end compute primitive Lsu_mem.                                                                         | [36m11089 ns[0m
[INFO][0m[92m[PRIM][0m               Core 16 start compute primitive Sram_lifecycle.                                                                | [36m11095 ns[0m
[INFO][0m[92m[PRIM][0m               Core 16 end compute primitive Sram_lifecycle.                                                                  | [36m11095 ns[0m
[INFO][0m[92m[PRIM][0m               Core 16 start compute primitive Sram_bind_oneshot.                                                             | [36m11101 ns[0m
[INFO][0m[92m[PRIM][0m               Core 16 end compute primitive Sram_bind_oneshot.                                                               | [36m11101 ns[0m
[INFO][0m[92m[PRIM][0m               Core 16 start compute primitive Matmul_f.                                                                      | [36m11107 ns[0m
[INFO][0m[92m[PRIM][0m               Core 0 end compute primitive Matmul_f.                                                                         | [36m11195 ns[0m
[INFO][0m[92m[PRIM][0m               Core 0 start compute primitive Sram_lifecycle.                                                                 | [36m11201 ns[0m
[INFO][0m[92m[PRIM][0m               Core 0 end compute primitive Sram_lifecycle.                                                                   | [36m11201 ns[0m
[INFO][0m[92m[PRIM][0m               Core 0 start compute primitive Sram_lifecycle.                                                                 | [36m11207 ns[0m
[INFO][0m[92m[PRIM][0m               Core 0 end compute primitive Sram_lifecycle.                                                                   | [36m11207 ns[0m
[INFO][0m[92m[PRIM][0m               Core 0 start compute primitive Sram_lifecycle.                                                                 | [36m11213 ns[0m
[INFO][0m[92m[PRIM][0m               Core 0 end compute primitive Sram_lifecycle.                                                                   | [36m11213 ns[0m
[INFO][0m[92m[PRIM][0m               Core 0 start compute primitive Sram_bind_oneshot.                                                              | [36m11219 ns[0m
[INFO][0m[92m[PRIM][0m               Core 0 end compute primitive Sram_bind_oneshot.                                                                | [36m11219 ns[0m
[INFO][0m[92m[PRIM][0m               Core 0 start compute primitive swiglu_forward.                                                                 | [36m11225 ns[0m
[INFO][0m[92m[PRIM][0m               Core 0 end compute primitive swiglu_forward.                                                                   | [36m11233 ns[0m
[INFO][0m[92m[PRIM][0m               Core 16 end compute primitive Matmul_f.                                                                        | [36m11235 ns[0m
[INFO][0m[92m[PRIM][0m               Core 0 start compute primitive Sram_lifecycle.                                                                 | [36m11239 ns[0m
[INFO][0m[92m[PRIM][0m               Core 0 end compute primitive Sram_lifecycle.                                                                   | [36m11239 ns[0m
[INFO][0m[92m[PRIM][0m               Core 16 start compute primitive Sram_lifecycle.                                                                | [36m11241 ns[0m
[INFO][0m[92m[PRIM][0m               Core 16 end compute primitive Sram_lifecycle.                                                                  | [36m11241 ns[0m
[INFO][0m[92m[PRIM][0m               Core 0 start compute primitive Sram_lifecycle.                                                                 | [36m11245 ns[0m
[INFO][0m[92m[PRIM][0m               Core 0 end compute primitive Sram_lifecycle.                                                                   | [36m11245 ns[0m
[INFO][0m[92m[PRIM][0m               Core 16 start compute primitive Sram_lifecycle.                                                                | [36m11247 ns[0m
[INFO][0m[92m[PRIM][0m               Core 16 end compute primitive Sram_lifecycle.                                                                  | [36m11247 ns[0m
[INFO][0m[92m[PRIM][0m               Core 0 start compute primitive Sram_lifecycle.                                                                 | [36m11251 ns[0m
[INFO][0m[92m[PRIM][0m               Core 0 end compute primitive Sram_lifecycle.                                                                   | [36m11251 ns[0m
[INFO][0m[92m[PRIM][0m               Core 16 start compute primitive Sram_lifecycle.                                                                | [36m11253 ns[0m
[INFO][0m[92m[PRIM][0m               Core 16 end compute primitive Sram_lifecycle.                                                                  | [36m11253 ns[0m
[INFO][0m[92m[PRIM][0m               Core 0 start compute primitive Lsu_mem.                                                                        | [36m11257 ns[0m
[INFO][0m[92m[PRIM][0m               Core 16 start compute primitive Sram_bind_oneshot.                                                             | [36m11259 ns[0m
[INFO][0m[92m[PRIM][0m               Core 16 end compute primitive Sram_bind_oneshot.                                                               | [36m11259 ns[0m
[INFO][0m[92m[PRIM][0m               Core 16 start compute primitive swiglu_forward.                                                                | [36m11265 ns[0m
[INFO][0m[92m[PRIM][0m               Core 16 end compute primitive swiglu_forward.                                                                  | [36m11273 ns[0m
[INFO][0m[92m[PRIM][0m               Core 16 start compute primitive Sram_lifecycle.                                                                | [36m11279 ns[0m
[INFO][0m[92m[PRIM][0m               Core 16 end compute primitive Sram_lifecycle.                                                                  | [36m11279 ns[0m
[INFO][0m[92m[PRIM][0m               Core 16 start compute primitive Sram_lifecycle.                                                                | [36m11285 ns[0m
[INFO][0m[92m[PRIM][0m               Core 16 end compute primitive Sram_lifecycle.                                                                  | [36m11285 ns[0m
[INFO][0m[92m[PRIM][0m               Core 16 start compute primitive Sram_lifecycle.                                                                | [36m11291 ns[0m
[INFO][0m[92m[PRIM][0m               Core 16 end compute primitive Sram_lifecycle.                                                                  | [36m11291 ns[0m
[INFO][0m[92m[PRIM][0m               Core 16 start compute primitive Lsu_mem.                                                                       | [36m11297 ns[0m
[INFO][0m[92m[PRIM][0m               Core 32 end compute primitive Lsu_mem.                                                                         | [36m11348 ns[0m
[INFO][0m[92m[PRIM][0m               Core 32 start compute primitive Sram_lifecycle.                                                                | [36m11354 ns[0m
[INFO][0m[92m[PRIM][0m               Core 32 end compute primitive Sram_lifecycle.                                                                  | [36m11354 ns[0m
[INFO][0m[92m[PRIM][0m               Core 32 start compute primitive Sram_bind_oneshot.                                                             | [36m11360 ns[0m
[INFO][0m[92m[PRIM][0m               Core 32 end compute primitive Sram_bind_oneshot.                                                               | [36m11360 ns[0m
[INFO][0m[92m[PRIM][0m               Core 32 start compute primitive Matmul_f.                                                                      | [36m11366 ns[0m
[INFO][0m[92m[PRIM][0m               Core 32 end compute primitive Matmul_f.                                                                        | [36m11382 ns[0m
[INFO][0m[92m[PRIM][0m               Core 32 start compute primitive Sram_lifecycle.                                                                | [36m11388 ns[0m
[INFO][0m[92m[PRIM][0m               Core 32 end compute primitive Sram_lifecycle.                                                                  | [36m11388 ns[0m
[INFO][0m[92m[PRIM][0m               Core 32 start compute primitive Sram_lifecycle.                                                                | [36m11394 ns[0m
[INFO][0m[92m[PRIM][0m               Core 32 end compute primitive Sram_lifecycle.                                                                  | [36m11394 ns[0m
[INFO][0m[92m[PRIM][0m               Core 32 start compute primitive Sram_lifecycle.                                                                | [36m11400 ns[0m
[INFO][0m[92m[PRIM][0m               Core 32 end compute primitive Sram_lifecycle.                                                                  | [36m11400 ns[0m
[INFO][0m[92m[PRIM][0m               Core 32 start compute primitive Sram_bind_oneshot.                                                             | [36m11406 ns[0m
[INFO][0m[92m[PRIM][0m               Core 32 end compute primitive Sram_bind_oneshot.                                                               | [36m11406 ns[0m
[INFO][0m[92m[PRIM][0m               Core 32 start compute primitive Residual_f.                                                                    | [36m11412 ns[0m
[INFO][0m[92m[PRIM][0m               Core 32 end compute primitive Residual_f.                                                                      | [36m11412 ns[0m
[INFO][0m[92m[PRIM][0m               Core 32 start compute primitive Sram_lifecycle.                                                                | [36m11418 ns[0m
[INFO][0m[92m[PRIM][0m               Core 32 end compute primitive Sram_lifecycle.                                                                  | [36m11418 ns[0m
[INFO][0m[92m[PRIM][0m               Core 32 start compute primitive Sram_lifecycle.                                                                | [36m11424 ns[0m
[INFO][0m[92m[PRIM][0m               Core 32 end compute primitive Sram_lifecycle.                                                                  | [36m11424 ns[0m
[INFO][0m[92m[PRIM][0m               Core 32 start compute primitive Sram_lifecycle.                                                                | [36m11430 ns[0m
[INFO][0m[92m[PRIM][0m               Core 32 end compute primitive Sram_lifecycle.                                                                  | [36m11430 ns[0m
[INFO][0m[92m[PRIM][0m               Core 32 start compute primitive Lsu_mem.                                                                       | [36m11436 ns[0m
[INFO][0m[92m[PRIM][0m               Core 32 end compute primitive Lsu_mem.                                                                         | [36m11519 ns[0m
[INFO][0m[92m[PRIM][0m               Core 32 start compute primitive Sram_lifecycle.                                                                | [36m11525 ns[0m
[INFO][0m[92m[PRIM][0m               Core 32 end compute primitive Sram_lifecycle.                                                                  | [36m11525 ns[0m
[INFO][0m[92m[PRIM][0m               Core 32 start compute primitive Sram_bind_oneshot.                                                             | [36m11531 ns[0m
[INFO][0m[92m[PRIM][0m               Core 32 end compute primitive Sram_bind_oneshot.                                                               | [36m11531 ns[0m
[INFO][0m[92m[PRIM][0m               Core 32 start compute primitive rmsnorm_forward.                                                               | [36m11537 ns[0m
[INFO][0m[92m[PRIM][0m               Core 32 end compute primitive rmsnorm_forward.                                                                 | [36m11537 ns[0m
[INFO][0m[92m[PRIM][0m               Core 32 start compute primitive Sram_lifecycle.                                                                | [36m11543 ns[0m
[INFO][0m[92m[PRIM][0m               Core 32 end compute primitive Sram_lifecycle.                                                                  | [36m11543 ns[0m
[INFO][0m[92m[PRIM][0m               Core 32 start compute primitive Sram_lifecycle.                                                                | [36m11549 ns[0m
[INFO][0m[92m[PRIM][0m               Core 32 end compute primitive Sram_lifecycle.                                                                  | [36m11549 ns[0m
[INFO][0m[92m[PRIM][0m               Core 32 start compute primitive Lsu_mem.                                                                       | [36m11555 ns[0m
[INFO][0m[92m[PRIM][0m               Core 0 end compute primitive Lsu_mem.                                                                          | [36m11566 ns[0m
[INFO][0m[92m[PRIM][0m               Core 0 start compute primitive Sram_lifecycle.                                                                 | [36m11572 ns[0m
[INFO][0m[92m[PRIM][0m               Core 0 end compute primitive Sram_lifecycle.                                                                   | [36m11572 ns[0m
[INFO][0m[92m[PRIM][0m               Core 0 start compute primitive Sram_lifecycle.                                                                 | [36m11578 ns[0m
[INFO][0m[92m[PRIM][0m               Core 0 end compute primitive Sram_lifecycle.                                                                   | [36m11578 ns[0m
[INFO][0m[92m[PRIM][0m               Core 0 start compute primitive Sram_bind_oneshot.                                                              | [36m11584 ns[0m
[INFO][0m[92m[PRIM][0m               Core 0 end compute primitive Sram_bind_oneshot.                                                                | [36m11584 ns[0m
[INFO][0m[92m[PRIM][0m               Core 0 start compute primitive Matmul_f.                                                                       | [36m11590 ns[0m
[INFO][0m[92m[PRIM][0m               Core 16 end compute primitive Lsu_mem.                                                                         | [36m11606 ns[0m
[INFO][0m[92m[PRIM][0m               Core 16 start compute primitive Sram_lifecycle.                                                                | [36m11612 ns[0m
[INFO][0m[92m[PRIM][0m               Core 16 end compute primitive Sram_lifecycle.                                                                  | [36m11612 ns[0m
[INFO][0m[92m[PRIM][0m               Core 16 start compute primitive Sram_lifecycle.                                                                | [36m11618 ns[0m
[INFO][0m[92m[PRIM][0m               Core 16 end compute primitive Sram_lifecycle.                                                                  | [36m11618 ns[0m
[INFO][0m[92m[PRIM][0m               Core 0 end compute primitive Matmul_f.                                                                         | [36m11622 ns[0m
[INFO][0m[92m[PRIM][0m               Core 16 start compute primitive Sram_bind_oneshot.                                                             | [36m11624 ns[0m
[INFO][0m[92m[PRIM][0m               Core 16 end compute primitive Sram_bind_oneshot.                                                               | [36m11624 ns[0m
[INFO][0m[92m[PRIM][0m               Core 0 start compute primitive Sram_lifecycle.                                                                 | [36m11628 ns[0m
[INFO][0m[92m[PRIM][0m               Core 0 end compute primitive Sram_lifecycle.                                                                   | [36m11628 ns[0m
[INFO][0m[92m[PRIM][0m               Core 16 start compute primitive Matmul_f.                                                                      | [36m11630 ns[0m
[INFO][0m[92m[PRIM][0m               Core 0 start compute primitive Sram_lifecycle.                                                                 | [36m11634 ns[0m
[INFO][0m[92m[PRIM][0m               Core 0 end compute primitive Sram_lifecycle.                                                                   | [36m11634 ns[0m
[INFO][0m[92m[PRIM][0m               Core 16 end compute primitive Matmul_f.                                                                        | [36m11662 ns[0m
[INFO][0m[92m[PRIM][0m               Core 16 start compute primitive Sram_lifecycle.                                                                | [36m11668 ns[0m
[INFO][0m[92m[PRIM][0m               Core 16 end compute primitive Sram_lifecycle.                                                                  | [36m11668 ns[0m
[INFO][0m[92m[PRIM][0m               Core 16 start compute primitive Sram_lifecycle.                                                                | [36m11806 ns[0m
[INFO][0m[92m[PRIM][0m               Core 16 end compute primitive Sram_lifecycle.                                                                  | [36m11806 ns[0m
[INFO][0m[92m[PRIM][0m               Core 16 start compute primitive Sram_lifecycle.                                                                | [36m11812 ns[0m
[INFO][0m[92m[PRIM][0m               Core 16 end compute primitive Sram_lifecycle.                                                                  | [36m11812 ns[0m
[INFO][0m[92m[PRIM][0m               Core 16 start compute primitive Sram_lifecycle.                                                                | [36m11818 ns[0m
[INFO][0m[92m[PRIM][0m               Core 16 end compute primitive Sram_lifecycle.                                                                  | [36m11818 ns[0m
[INFO][0m[92m[PRIM][0m               Core 16 start compute primitive Sram_bind_oneshot.                                                             | [36m11824 ns[0m
[INFO][0m[92m[PRIM][0m               Core 16 end compute primitive Sram_bind_oneshot.                                                               | [36m11824 ns[0m
[INFO][0m[92m[PRIM][0m               Core 16 start compute primitive Matmul_f.                                                                      | [36m11830 ns[0m
[INFO][0m[92m[PRIM][0m               Core 16 end compute primitive Matmul_f.                                                                        | [36m11862 ns[0m
[INFO][0m[92m[PRIM][0m               Core 16 start compute primitive Sram_lifecycle.                                                                | [36m11868 ns[0m
[INFO][0m[92m[PRIM][0m               Core 16 end compute primitive Sram_lifecycle.                                                                  | [36m11868 ns[0m
[INFO][0m[92m[PRIM][0m               Core 16 start compute primitive Sram_lifecycle.                                                                | [36m11874 ns[0m
[INFO][0m[92m[PRIM][0m               Core 16 end compute primitive Sram_lifecycle.                                                                  | [36m11874 ns[0m
[INFO][0m[92m[PRIM][0m               Core 16 start compute primitive Sram_lifecycle.                                                                | [36m11880 ns[0m
[INFO][0m[92m[PRIM][0m               Core 16 end compute primitive Sram_lifecycle.                                                                  | [36m11880 ns[0m
[INFO][0m[92m[PRIM][0m               Core 0 start compute primitive Sram_lifecycle.                                                                 | [36m11890 ns[0m
[INFO][0m[92m[PRIM][0m               Core 0 end compute primitive Sram_lifecycle.                                                                   | [36m11890 ns[0m
[INFO][0m[92m[PRIM][0m               Core 0 start compute primitive Collective_data_v1_prim.                                                        | [36m11896 ns[0m
[INFO][0m[92m[PRIM][0m               Core 0 end compute primitive Collective_data_v1_prim.                                                          | [36m11930 ns[0m
[INFO][0m[92m[PRIM][0m               Core 0 start compute primitive Sram_lifecycle.                                                                 | [36m11936 ns[0m
[INFO][0m[92m[PRIM][0m               Core 0 end compute primitive Sram_lifecycle.                                                                   | [36m11936 ns[0m
[INFO][0m[92m[PRIM][0m               Core 0 start compute primitive Sram_lifecycle.                                                                 | [36m11942 ns[0m
[INFO][0m[92m[PRIM][0m               Core 0 end compute primitive Sram_lifecycle.                                                                   | [36m11942 ns[0m
[INFO][0m[92m[PRIM][0m               Core 0 start compute primitive Sram_lifecycle.                                                                 | [36m11948 ns[0m
[INFO][0m[92m[PRIM][0m               Core 0 end compute primitive Sram_lifecycle.                                                                   | [36m11948 ns[0m
[INFO][0m[92m[PRIM][0m               Core 0 start compute primitive Sram_lifecycle.                                                                 | [36m11954 ns[0m
[INFO][0m[92m[PRIM][0m               Core 0 end compute primitive Sram_lifecycle.                                                                   | [36m11954 ns[0m
[INFO][0m[92m[PRIM][0m               Core 0 start compute primitive Sram_bind_oneshot.                                                              | [36m11960 ns[0m
[INFO][0m[92m[PRIM][0m               Core 0 end compute primitive Sram_bind_oneshot.                                                                | [36m11960 ns[0m
[INFO][0m[92m[PRIM][0m               Core 0 start compute primitive Matmul_f.                                                                       | [36m11966 ns[0m
[INFO][0m[92m[PRIM][0m               Core 0 end compute primitive Matmul_f.                                                                         | [36m11998 ns[0m
[INFO][0m[92m[PRIM][0m               Core 0 start compute primitive Sram_lifecycle.                                                                 | [36m12004 ns[0m
[INFO][0m[92m[PRIM][0m               Core 0 end compute primitive Sram_lifecycle.                                                                   | [36m12004 ns[0m
[INFO][0m[92m[PRIM][0m               Core 0 start compute primitive Sram_lifecycle.                                                                 | [36m12010 ns[0m
[INFO][0m[92m[PRIM][0m               Core 0 end compute primitive Sram_lifecycle.                                                                   | [36m12010 ns[0m
[INFO][0m[92m[PRIM][0m               Core 0 start compute primitive Sram_lifecycle.                                                                 | [36m12148 ns[0m
[INFO][0m[92m[PRIM][0m               Core 0 end compute primitive Sram_lifecycle.                                                                   | [36m12148 ns[0m
[INFO][0m[92m[PRIM][0m               Core 0 start compute primitive Sram_lifecycle.                                                                 | [36m12154 ns[0m
[INFO][0m[92m[PRIM][0m               Core 0 end compute primitive Sram_lifecycle.                                                                   | [36m12154 ns[0m
[INFO][0m[92m[PRIM][0m               Core 0 start compute primitive Sram_bind_oneshot.                                                              | [36m12160 ns[0m
[INFO][0m[92m[PRIM][0m               Core 0 end compute primitive Sram_bind_oneshot.                                                                | [36m12160 ns[0m
[INFO][0m[92m[PRIM][0m               Core 0 start compute primitive Residual_f.                                                                     | [36m12166 ns[0m
[INFO][0m[92m[PRIM][0m               Core 0 end compute primitive Residual_f.                                                                       | [36m12166 ns[0m
[INFO][0m[92m[PRIM][0m               Core 0 start compute primitive Sram_lifecycle.                                                                 | [36m12172 ns[0m
[INFO][0m[92m[PRIM][0m               Core 0 end compute primitive Sram_lifecycle.                                                                   | [36m12172 ns[0m
[INFO][0m[92m[PRIM][0m               Core 0 start compute primitive Sram_lifecycle.                                                                 | [36m12178 ns[0m
[INFO][0m[92m[PRIM][0m               Core 0 end compute primitive Sram_lifecycle.                                                                   | [36m12178 ns[0m
[INFO][0m[92m[PRIM][0m               Core 0 start compute primitive Sram_lifecycle.                                                                 | [36m12184 ns[0m
[INFO][0m[92m[PRIM][0m               Core 0 end compute primitive Sram_lifecycle.                                                                   | [36m12184 ns[0m
[INFO][0m[92m[PRIM][0m               Core 0 start compute primitive Lsu_mem.                                                                        | [36m12190 ns[0m
[INFO][0m[92m[PRIM][0m               Core 16 start compute primitive Sram_lifecycle.                                                                | [36m12232 ns[0m
[INFO][0m[92m[PRIM][0m               Core 16 end compute primitive Sram_lifecycle.                                                                  | [36m12232 ns[0m
[INFO][0m[92m[PRIM][0m               Core 16 start compute primitive Collective_data_v1_prim.                                                       | [36m12238 ns[0m
[INFO][0m[92m[PRIM][0m               Core 16 end compute primitive Collective_data_v1_prim.                                                         | [36m12272 ns[0m
[INFO][0m[92m[PRIM][0m               Core 16 start compute primitive Sram_lifecycle.                                                                | [36m12278 ns[0m
[INFO][0m[92m[PRIM][0m               Core 16 end compute primitive Sram_lifecycle.                                                                  | [36m12278 ns[0m
[INFO][0m[92m[PRIM][0m               Core 0 end compute primitive Lsu_mem.                                                                          | [36m12279 ns[0m
[INFO][0m[92m[PRIM][0m               Core 16 start compute primitive Sram_lifecycle.                                                                | [36m12284 ns[0m
[INFO][0m[92m[PRIM][0m               Core 16 end compute primitive Sram_lifecycle.                                                                  | [36m12284 ns[0m
[INFO][0m[92m[PRIM][0m               Core 0 start compute primitive Sram_lifecycle.                                                                 | [36m12285 ns[0m
[INFO][0m[92m[PRIM][0m               Core 0 end compute primitive Sram_lifecycle.                                                                   | [36m12285 ns[0m
[INFO][0m[92m[PRIM][0m               Core 16 start compute primitive Sram_lifecycle.                                                                | [36m12290 ns[0m
[INFO][0m[92m[PRIM][0m               Core 16 end compute primitive Sram_lifecycle.                                                                  | [36m12290 ns[0m
[INFO][0m[92m[PRIM][0m               Core 0 start compute primitive Sram_bind_oneshot.                                                              | [36m12291 ns[0m
[INFO][0m[92m[PRIM][0m               Core 0 end compute primitive Sram_bind_oneshot.                                                                | [36m12291 ns[0m
[INFO][0m[92m[PRIM][0m               Core 16 start compute primitive Sram_bind_oneshot.                                                             | [36m12296 ns[0m
[INFO][0m[92m[PRIM][0m               Core 16 end compute primitive Sram_bind_oneshot.                                                               | [36m12296 ns[0m
[INFO][0m[92m[PRIM][0m               Core 0 start compute primitive rmsnorm_forward.                                                                | [36m12297 ns[0m
[INFO][0m[92m[PRIM][0m               Core 0 end compute primitive rmsnorm_forward.                                                                  | [36m12301 ns[0m
[INFO][0m[92m[PRIM][0m               Core 16 start compute primitive Residual_f.                                                                    | [36m12302 ns[0m
[INFO][0m[92m[PRIM][0m               Core 16 end compute primitive Residual_f.                                                                      | [36m12302 ns[0m
[INFO][0m[92m[PRIM][0m               Core 0 start compute primitive Sram_lifecycle.                                                                 | [36m12307 ns[0m
[INFO][0m[92m[PRIM][0m               Core 0 end compute primitive Sram_lifecycle.                                                                   | [36m12307 ns[0m
[INFO][0m[92m[PRIM][0m               Core 16 start compute primitive Sram_lifecycle.                                                                | [36m12308 ns[0m
[INFO][0m[92m[PRIM][0m               Core 16 end compute primitive Sram_lifecycle.                                                                  | [36m12308 ns[0m
[INFO][0m[92m[PRIM][0m               Core 0 start compute primitive Sram_lifecycle.                                                                 | [36m12313 ns[0m
[INFO][0m[92m[PRIM][0m               Core 0 end compute primitive Sram_lifecycle.                                                                   | [36m12313 ns[0m
[INFO][0m[92m[PRIM][0m               Core 16 start compute primitive Sram_lifecycle.                                                                | [36m12314 ns[0m
[INFO][0m[92m[PRIM][0m               Core 16 end compute primitive Sram_lifecycle.                                                                  | [36m12314 ns[0m
[INFO][0m[92m[PRIM][0m               Core 16 start compute primitive Sram_lifecycle.                                                                | [36m12320 ns[0m
[INFO][0m[92m[PRIM][0m               Core 16 end compute primitive Sram_lifecycle.                                                                  | [36m12320 ns[0m
[INFO][0m[92m[PRIM][0m               Core 16 start compute primitive Lsu_mem.                                                                       | [36m12326 ns[0m
[INFO][0m[92m[PRIM][0m               Core 0 start compute primitive Sram_lifecycle.                                                                 | [36m12345 ns[0m
[INFO][0m[92m[PRIM][0m               Core 0 end compute primitive Sram_lifecycle.                                                                   | [36m12345 ns[0m
[INFO][0m[92m[PRIM][0m               Core 32 end compute primitive Lsu_mem.                                                                         | [36m12348 ns[0m
[INFO][0m[92m[PRIM][0m               Core 32 start compute primitive Sram_lifecycle.                                                                | [36m12354 ns[0m
[INFO][0m[92m[PRIM][0m               Core 32 end compute primitive Sram_lifecycle.                                                                  | [36m12354 ns[0m
[INFO][0m[92m[PRIM][0m               Core 32 start compute primitive Sram_bind_oneshot.                                                             | [36m12360 ns[0m
[INFO][0m[92m[PRIM][0m               Core 32 end compute primitive Sram_bind_oneshot.                                                               | [36m12360 ns[0m
[INFO][0m[92m[PRIM][0m               Core 32 start compute primitive Matmul_f.                                                                      | [36m12366 ns[0m
[INFO][0m[92m[PRIM][0m               Core 32 end compute primitive Matmul_f.                                                                        | [36m12390 ns[0m
[INFO][0m[92m[PRIM][0m               Core 32 start compute primitive Sram_lifecycle.                                                                | [36m12396 ns[0m
[INFO][0m[92m[PRIM][0m               Core 32 end compute primitive Sram_lifecycle.                                                                  | [36m12396 ns[0m
[INFO][0m[92m[PRIM][0m               Core 32 start compute primitive Sram_lifecycle.                                                                | [36m12402 ns[0m
[INFO][0m[92m[PRIM][0m               Core 32 end compute primitive Sram_lifecycle.                                                                  | [36m12402 ns[0m
[INFO][0m[92m[PRIM][0m               Core 32 start compute primitive Sram_lifecycle.                                                                | [36m12408 ns[0m
[INFO][0m[92m[PRIM][0m               Core 32 end compute primitive Sram_lifecycle.                                                                  | [36m12408 ns[0m
[INFO][0m[92m[PRIM][0m               Core 16 end compute primitive Lsu_mem.                                                                         | [36m12413 ns[0m
[INFO][0m[92m[PRIM][0m               Core 32 start compute primitive Sram_bind_oneshot.                                                             | [36m12414 ns[0m
[INFO][0m[92m[PRIM][0m               Core 32 end compute primitive Sram_bind_oneshot.                                                               | [36m12414 ns[0m
[INFO][0m[92m[PRIM][0m               Core 16 start compute primitive Sram_lifecycle.                                                                | [36m12419 ns[0m
[INFO][0m[92m[PRIM][0m               Core 16 end compute primitive Sram_lifecycle.                                                                  | [36m12419 ns[0m
[INFO][0m[92m[PRIM][0m               Core 32 start compute primitive Rope_qk_exact_prim.                                                            | [36m12420 ns[0m
[INFO][0m[92m[PRIM][0m               Core 32 end compute primitive Rope_qk_exact_prim.                                                              | [36m12420 ns[0m
[INFO][0m[92m[PRIM][0m               Core 16 start compute primitive Sram_bind_oneshot.                                                             | [36m12425 ns[0m
[INFO][0m[92m[PRIM][0m               Core 16 end compute primitive Sram_bind_oneshot.                                                               | [36m12425 ns[0m
[INFO][0m[92m[PRIM][0m               Core 32 start compute primitive Sram_lifecycle.                                                                | [36m12426 ns[0m
[INFO][0m[92m[PRIM][0m               Core 32 end compute primitive Sram_lifecycle.                                                                  | [36m12426 ns[0m
[INFO][0m[92m[PRIM][0m               Core 16 start compute primitive rmsnorm_forward.                                                               | [36m12431 ns[0m
[INFO][0m[92m[PRIM][0m               Core 32 start compute primitive Sram_lifecycle.                                                                | [36m12432 ns[0m
[INFO][0m[92m[PRIM][0m               Core 32 end compute primitive Sram_lifecycle.                                                                  | [36m12432 ns[0m
[INFO][0m[92m[PRIM][0m               Core 16 end compute primitive rmsnorm_forward.                                                                 | [36m12435 ns[0m
[INFO][0m[92m[PRIM][0m               Core 16 start compute primitive Sram_lifecycle.                                                                | [36m12441 ns[0m
[INFO][0m[92m[PRIM][0m               Core 16 end compute primitive Sram_lifecycle.                                                                  | [36m12441 ns[0m
[INFO][0m[92m[PRIM][0m               Core 16 start compute primitive Sram_lifecycle.                                                                | [36m12447 ns[0m
[INFO][0m[92m[PRIM][0m               Core 16 end compute primitive Sram_lifecycle.                                                                  | [36m12447 ns[0m
[INFO][0m[92m[PRIM][0m               Core 16 start compute primitive Sram_lifecycle.                                                                | [36m12590 ns[0m
[INFO][0m[92m[PRIM][0m               Core 16 end compute primitive Sram_lifecycle.                                                                  | [36m12590 ns[0m
[INFO][0m[92m[PRIM][0m               Core 0 start compute primitive Sram_lifecycle.                                                                 | [36m12818 ns[0m
[INFO][0m[92m[PRIM][0m               Core 0 end compute primitive Sram_lifecycle.                                                                   | [36m12818 ns[0m
[INFO][0m[92m[PRIM][0m               Core 0 start compute primitive Lsu_mem.                                                                        | [36m12824 ns[0m
[INFO][0m[92m[PRIM][0m               Core 16 start compute primitive Sram_lifecycle.                                                                | [36m12860 ns[0m
[INFO][0m[92m[PRIM][0m               Core 16 end compute primitive Sram_lifecycle.                                                                  | [36m12860 ns[0m
[INFO][0m[92m[PRIM][0m               Core 16 start compute primitive Lsu_mem.                                                                       | [36m12866 ns[0m
[INFO][0m[92m[PRIM][0m               Core 0 end compute primitive Lsu_mem.                                                                          | [36m13255 ns[0m
[INFO][0m[92m[PRIM][0m               Core 0 start compute primitive Sram_lifecycle.                                                                 | [36m13261 ns[0m
[INFO][0m[92m[PRIM][0m               Core 0 end compute primitive Sram_lifecycle.                                                                   | [36m13261 ns[0m
[INFO][0m[92m[PRIM][0m               Core 0 start compute primitive Sram_bind_oneshot.                                                              | [36m13267 ns[0m
[INFO][0m[92m[PRIM][0m               Core 0 end compute primitive Sram_bind_oneshot.                                                                | [36m13267 ns[0m
[INFO][0m[92m[PRIM][0m               Core 0 start compute primitive Matmul_f.                                                                       | [36m13273 ns[0m
[INFO][0m[92m[PRIM][0m               Core 16 end compute primitive Lsu_mem.                                                                         | [36m13295 ns[0m
[INFO][0m[92m[PRIM][0m               Core 16 start compute primitive Sram_lifecycle.                                                                | [36m13301 ns[0m
[INFO][0m[92m[PRIM][0m               Core 16 end compute primitive Sram_lifecycle.                                                                  | [36m13301 ns[0m
[INFO][0m[92m[PRIM][0m               Core 16 start compute primitive Sram_bind_oneshot.                                                             | [36m13307 ns[0m
[INFO][0m[92m[PRIM][0m               Core 16 end compute primitive Sram_bind_oneshot.                                                               | [36m13307 ns[0m
[INFO][0m[92m[PRIM][0m               Core 16 start compute primitive Matmul_f.                                                                      | [36m13313 ns[0m
[INFO][0m[92m[PRIM][0m               Core 0 end compute primitive Matmul_f.                                                                         | [36m13369 ns[0m
[INFO][0m[92m[PRIM][0m               Core 0 start compute primitive Sram_lifecycle.                                                                 | [36m13375 ns[0m
[INFO][0m[92m[PRIM][0m               Core 0 end compute primitive Sram_lifecycle.                                                                   | [36m13375 ns[0m
[INFO][0m[92m[PRIM][0m               Core 0 start compute primitive Sram_lifecycle.                                                                 | [36m13381 ns[0m
[INFO][0m[92m[PRIM][0m               Core 0 end compute primitive Sram_lifecycle.                                                                   | [36m13381 ns[0m
[INFO][0m[92m[PRIM][0m               Core 0 start compute primitive Sram_lifecycle.                                                                 | [36m13387 ns[0m
[INFO][0m[92m[PRIM][0m               Core 0 end compute primitive Sram_lifecycle.                                                                   | [36m13387 ns[0m
[INFO][0m[92m[PRIM][0m               Core 0 start compute primitive Sram_bind_oneshot.                                                              | [36m13393 ns[0m
[INFO][0m[92m[PRIM][0m               Core 0 end compute primitive Sram_bind_oneshot.                                                                | [36m13393 ns[0m
[INFO][0m[92m[PRIM][0m               Core 0 start compute primitive Rope_qk_exact_prim.                                                             | [36m13399 ns[0m
[INFO][0m[92m[PRIM][0m               Core 0 end compute primitive Rope_qk_exact_prim.                                                               | [36m13405 ns[0m
[INFO][0m[92m[PRIM][0m               Core 16 end compute primitive Matmul_f.                                                                        | [36m13409 ns[0m
[INFO][0m[92m[PRIM][0m               Core 0 start compute primitive Sram_lifecycle.                                                                 | [36m13411 ns[0m
[INFO][0m[92m[PRIM][0m               Core 0 end compute primitive Sram_lifecycle.                                                                   | [36m13411 ns[0m
[INFO][0m[92m[PRIM][0m               Core 16 start compute primitive Sram_lifecycle.                                                                | [36m13415 ns[0m
[INFO][0m[92m[PRIM][0m               Core 16 end compute primitive Sram_lifecycle.                                                                  | [36m13415 ns[0m
[INFO][0m[92m[PRIM][0m               Core 0 start compute primitive Sram_lifecycle.                                                                 | [36m13417 ns[0m
[INFO][0m[92m[PRIM][0m               Core 0 end compute primitive Sram_lifecycle.                                                                   | [36m13417 ns[0m
[INFO][0m[92m[PRIM][0m               Core 16 start compute primitive Sram_lifecycle.                                                                | [36m13421 ns[0m
[INFO][0m[92m[PRIM][0m               Core 16 end compute primitive Sram_lifecycle.                                                                  | [36m13421 ns[0m
[INFO][0m[92m[PRIM][0m               Core 0 start compute primitive Sram_bind_oneshot.                                                              | [36m13423 ns[0m
[INFO][0m[92m[PRIM][0m               Core 0 end compute primitive Sram_bind_oneshot.                                                                | [36m13423 ns[0m
[INFO][0m[92m[PRIM][0m               Core 16 start compute primitive Sram_lifecycle.                                                                | [36m13427 ns[0m
[INFO][0m[92m[PRIM][0m               Core 16 end compute primitive Sram_lifecycle.                                                                  | [36m13427 ns[0m
[INFO][0m[92m[PRIM][0m               Core 0 start compute primitive Attention_exact_prim.                                                           | [36m13429 ns[0m
[INFO][0m[92m[PRIM][0m               Core 0 end compute primitive Attention_exact_prim.                                                             | [36m13431 ns[0m
[INFO][0m[92m[PRIM][0m               Core 16 start compute primitive Sram_bind_oneshot.                                                             | [36m13433 ns[0m
[INFO][0m[92m[PRIM][0m               Core 16 end compute primitive Sram_bind_oneshot.                                                               | [36m13433 ns[0m
[INFO][0m[92m[PRIM][0m               Core 0 start compute primitive Sram_lifecycle.                                                                 | [36m13437 ns[0m
[INFO][0m[92m[PRIM][0m               Core 0 end compute primitive Sram_lifecycle.                                                                   | [36m13437 ns[0m
[INFO][0m[92m[PRIM][0m               Core 16 start compute primitive Rope_qk_exact_prim.                                                            | [36m13439 ns[0m
[INFO][0m[92m[PRIM][0m               Core 0 start compute primitive Sram_lifecycle.                                                                 | [36m13443 ns[0m
[INFO][0m[92m[PRIM][0m               Core 0 end compute primitive Sram_lifecycle.                                                                   | [36m13443 ns[0m
[INFO][0m[92m[PRIM][0m               Core 16 end compute primitive Rope_qk_exact_prim.                                                              | [36m13445 ns[0m
[INFO][0m[92m[PRIM][0m               Core 0 start compute primitive Sram_lifecycle.                                                                 | [36m13449 ns[0m
[INFO][0m[92m[PRIM][0m               Core 0 end compute primitive Sram_lifecycle.                                                                   | [36m13449 ns[0m
[INFO][0m[92m[PRIM][0m               Core 16 start compute primitive Sram_lifecycle.                                                                | [36m13451 ns[0m
[INFO][0m[92m[PRIM][0m               Core 16 end compute primitive Sram_lifecycle.                                                                  | [36m13451 ns[0m
[INFO][0m[92m[PRIM][0m               Core 16 start compute primitive Sram_lifecycle.                                                                | [36m13457 ns[0m
[INFO][0m[92m[PRIM][0m               Core 16 end compute primitive Sram_lifecycle.                                                                  | [36m13457 ns[0m
[INFO][0m[92m[PRIM][0m               Core 16 start compute primitive Sram_bind_oneshot.                                                             | [36m13463 ns[0m
[INFO][0m[92m[PRIM][0m               Core 16 end compute primitive Sram_bind_oneshot.                                                               | [36m13463 ns[0m
[INFO][0m[92m[PRIM][0m               Core 16 start compute primitive Attention_exact_prim.                                                          | [36m13469 ns[0m
[INFO][0m[92m[PRIM][0m               Core 16 end compute primitive Attention_exact_prim.                                                            | [36m13471 ns[0m
[INFO][0m[92m[PRIM][0m               Core 16 start compute primitive Sram_lifecycle.                                                                | [36m13477 ns[0m
[INFO][0m[92m[PRIM][0m               Core 16 end compute primitive Sram_lifecycle.                                                                  | [36m13477 ns[0m
[INFO][0m[92m[PRIM][0m               Core 16 start compute primitive Sram_lifecycle.                                                                | [36m13483 ns[0m
[INFO][0m[92m[PRIM][0m               Core 16 end compute primitive Sram_lifecycle.                                                                  | [36m13483 ns[0m
[INFO][0m[92m[PRIM][0m               Core 16 start compute primitive Sram_lifecycle.                                                                | [36m13489 ns[0m
[INFO][0m[92m[PRIM][0m               Core 16 end compute primitive Sram_lifecycle.                                                                  | [36m13489 ns[0m
[INFO][0m[92m[PRIM][0m               Core 0 start compute primitive Sram_lifecycle.                                                                 | [36m14634 ns[0m
[INFO][0m[92m[PRIM][0m               Core 0 end compute primitive Sram_lifecycle.                                                                   | [36m14634 ns[0m
[INFO][0m[92m[PRIM][0m               Core 32 start compute primitive Sram_lifecycle.                                                                | [36m14740 ns[0m
[INFO][0m[92m[PRIM][0m               Core 32 end compute primitive Sram_lifecycle.                                                                  | [36m14740 ns[0m
[INFO][0m[92m[PRIM][0m               Core 0 start compute primitive Lsu_mem.                                                                        | [36m15824 ns[0m
[INFO][0m[92m[PRIM][0m               Core 0 end compute primitive Lsu_mem.                                                                          | [36m15934 ns[0m
[INFO][0m[92m[PRIM][0m               Core 0 start compute primitive Sram_lifecycle.                                                                 | [36m15940 ns[0m
[INFO][0m[92m[PRIM][0m               Core 0 end compute primitive Sram_lifecycle.                                                                   | [36m15940 ns[0m
[INFO][0m[92m[PRIM][0m               Core 0 start compute primitive Lsu_mem.                                                                        | [36m15946 ns[0m
[INFO][0m[92m[PRIM][0m               Core 0 end compute primitive Lsu_mem.                                                                          | [36m16055 ns[0m
[INFO][0m[92m[PRIM][0m               Core 0 start compute primitive Sram_lifecycle.                                                                 | [36m16061 ns[0m
[INFO][0m[92m[PRIM][0m               Core 0 end compute primitive Sram_lifecycle.                                                                   | [36m16061 ns[0m
[INFO][0m[92m[PRIM][0m               Core 0 start compute primitive Sram_lifecycle.                                                                 | [36m16067 ns[0m
[INFO][0m[92m[PRIM][0m               Core 0 end compute primitive Sram_lifecycle.                                                                   | [36m16067 ns[0m
[INFO][0m[92m[PRIM][0m               Core 0 start compute primitive Lsu_mem.                                                                        | [36m16073 ns[0m
[INFO][0m[92m[PRIM][0m               Core 0 end compute primitive Lsu_mem.                                                                          | [36m16262 ns[0m
[INFO][0m[92m[PRIM][0m               Core 0 start compute primitive Sram_lifecycle.                                                                 | [36m16268 ns[0m
[INFO][0m[92m[PRIM][0m               Core 0 end compute primitive Sram_lifecycle.                                                                   | [36m16268 ns[0m
[INFO][0m[92m[PRIM][0m               Core 0 start compute primitive Sram_lifecycle.                                                                 | [36m16274 ns[0m
[INFO][0m[92m[PRIM][0m               Core 0 end compute primitive Sram_lifecycle.                                                                   | [36m16274 ns[0m
[INFO][0m[92m[PRIM][0m               Core 0 start compute primitive Sram_bind_oneshot.                                                              | [36m16280 ns[0m
[INFO][0m[92m[PRIM][0m               Core 0 end compute primitive Sram_bind_oneshot.                                                                | [36m16280 ns[0m
[INFO][0m[92m[PRIM][0m               Core 0 start compute primitive Matmul_f.                                                                       | [36m16286 ns[0m
[INFO][0m[92m[PRIM][0m               Core 0 end compute primitive Matmul_f.                                                                         | [36m16302 ns[0m
[INFO][0m[92m[PRIM][0m               Core 0 start compute primitive Sram_lifecycle.                                                                 | [36m16308 ns[0m
[INFO][0m[92m[PRIM][0m               Core 0 end compute primitive Sram_lifecycle.                                                                   | [36m16308 ns[0m
[INFO][0m[92m[PRIM][0m               Core 0 start compute primitive Sram_lifecycle.                                                                 | [36m16314 ns[0m
[INFO][0m[92m[PRIM][0m               Core 0 end compute primitive Sram_lifecycle.                                                                   | [36m16314 ns[0m
[INFO][0m[92m[PRIM][0m               Core 16 start compute primitive Sram_lifecycle.                                                                | [36m16766 ns[0m
[INFO][0m[92m[PRIM][0m               Core 16 end compute primitive Sram_lifecycle.                                                                  | [36m16766 ns[0m
[INFO][0m[92m[PRIM][0m               Core 16 start compute primitive Lsu_mem.                                                                       | [36m17572 ns[0m
[INFO][0m[92m[PRIM][0m               Core 32 start compute primitive Sram_lifecycle.                                                                | [36m17642 ns[0m
[INFO][0m[92m[PRIM][0m               Core 32 end compute primitive Sram_lifecycle.                                                                  | [36m17642 ns[0m
[INFO][0m[92m[PRIM][0m               Core 32 start compute primitive Sram_bind_oneshot.                                                             | [36m17648 ns[0m
[INFO][0m[92m[PRIM][0m               Core 32 end compute primitive Sram_bind_oneshot.                                                               | [36m17648 ns[0m
[INFO][0m[92m[PRIM][0m               Core 32 start compute primitive Attention_exact_prim.                                                          | [36m17654 ns[0m
[INFO][0m[92m[PRIM][0m               Core 32 end compute primitive Attention_exact_prim.                                                            | [36m17654 ns[0m
[INFO][0m[92m[PRIM][0m               Core 32 start compute primitive Sram_lifecycle.                                                                | [36m17660 ns[0m
[INFO][0m[92m[PRIM][0m               Core 32 end compute primitive Sram_lifecycle.                                                                  | [36m17660 ns[0m
[INFO][0m[92m[PRIM][0m               Core 32 start compute primitive Lsu_mem.                                                                       | [36m17666 ns[0m
[INFO][0m[92m[PRIM][0m               Core 16 end compute primitive Lsu_mem.                                                                         | [36m17684 ns[0m
[INFO][0m[92m[PRIM][0m               Core 16 start compute primitive Sram_lifecycle.                                                                | [36m17690 ns[0m
[INFO][0m[92m[PRIM][0m               Core 16 end compute primitive Sram_lifecycle.                                                                  | [36m17690 ns[0m
[INFO][0m[92m[PRIM][0m               Core 16 start compute primitive Lsu_mem.                                                                       | [36m17696 ns[0m
[INFO][0m[92m[PRIM][0m               Core 32 end compute primitive Lsu_mem.                                                                         | [36m17743 ns[0m
[INFO][0m[92m[PRIM][0m               Core 32 start compute primitive Sram_lifecycle.                                                                | [36m17749 ns[0m
[INFO][0m[92m[PRIM][0m               Core 32 end compute primitive Sram_lifecycle.                                                                  | [36m17749 ns[0m
[INFO][0m[92m[PRIM][0m               Core 32 start compute primitive Lsu_mem.                                                                       | [36m17755 ns[0m
[INFO][0m[92m[PRIM][0m               Core 16 end compute primitive Lsu_mem.                                                                         | [36m17805 ns[0m
[INFO][0m[92m[PRIM][0m               Core 16 start compute primitive Sram_lifecycle.                                                                | [36m17811 ns[0m
[INFO][0m[92m[PRIM][0m               Core 16 end compute primitive Sram_lifecycle.                                                                  | [36m17811 ns[0m
[INFO][0m[92m[PRIM][0m               Core 16 start compute primitive Sram_lifecycle.                                                                | [36m17817 ns[0m
[INFO][0m[92m[PRIM][0m               Core 16 end compute primitive Sram_lifecycle.                                                                  | [36m17817 ns[0m
[INFO][0m[92m[PRIM][0m               Core 16 start compute primitive Lsu_mem.                                                                       | [36m17823 ns[0m
[INFO][0m[92m[PRIM][0m               Core 32 end compute primitive Lsu_mem.                                                                         | [36m17832 ns[0m
[INFO][0m[92m[PRIM][0m               Core 32 start compute primitive Sram_lifecycle.                                                                | [36m17838 ns[0m
[INFO][0m[92m[PRIM][0m               Core 32 end compute primitive Sram_lifecycle.                                                                  | [36m17838 ns[0m
[INFO][0m[92m[PRIM][0m               Core 32 start compute primitive Sram_lifecycle.                                                                | [36m17844 ns[0m
[INFO][0m[92m[PRIM][0m               Core 32 end compute primitive Sram_lifecycle.                                                                  | [36m17844 ns[0m
[INFO][0m[92m[PRIM][0m               Core 32 start compute primitive Lsu_mem.                                                                       | [36m17850 ns[0m
[INFO][0m[92m[PRIM][0m               Core 16 end compute primitive Lsu_mem.                                                                         | [36m18012 ns[0m
[INFO][0m[92m[PRIM][0m               Core 16 start compute primitive Sram_lifecycle.                                                                | [36m18018 ns[0m
[INFO][0m[92m[PRIM][0m               Core 16 end compute primitive Sram_lifecycle.                                                                  | [36m18018 ns[0m
[INFO][0m[92m[PRIM][0m               Core 16 start compute primitive Sram_lifecycle.                                                                | [36m18024 ns[0m
[INFO][0m[92m[PRIM][0m               Core 16 end compute primitive Sram_lifecycle.                                                                  | [36m18024 ns[0m
[INFO][0m[92m[PRIM][0m               Core 16 start compute primitive Sram_bind_oneshot.                                                             | [36m18030 ns[0m
[INFO][0m[92m[PRIM][0m               Core 16 end compute primitive Sram_bind_oneshot.                                                               | [36m18030 ns[0m
[INFO][0m[92m[PRIM][0m               Core 16 start compute primitive Matmul_f.                                                                      | [36m18036 ns[0m
[INFO][0m[92m[PRIM][0m               Core 16 end compute primitive Matmul_f.                                                                        | [36m18052 ns[0m
[INFO][0m[92m[PRIM][0m               Core 16 start compute primitive Sram_lifecycle.                                                                | [36m18058 ns[0m
[INFO][0m[92m[PRIM][0m               Core 16 end compute primitive Sram_lifecycle.                                                                  | [36m18058 ns[0m
[INFO][0m[92m[PRIM][0m               Core 32 end compute primitive Lsu_mem.                                                                         | [36m18159 ns[0m
[INFO][0m[92m[PRIM][0m               Core 32 start compute primitive Sram_lifecycle.                                                                | [36m18165 ns[0m
[INFO][0m[92m[PRIM][0m               Core 32 end compute primitive Sram_lifecycle.                                                                  | [36m18165 ns[0m
[INFO][0m[92m[PRIM][0m               Core 32 start compute primitive Sram_bind_oneshot.                                                             | [36m18171 ns[0m
[INFO][0m[92m[PRIM][0m               Core 32 end compute primitive Sram_bind_oneshot.                                                               | [36m18171 ns[0m
[INFO][0m[92m[PRIM][0m               Core 32 start compute primitive Matmul_f.                                                                      | [36m18177 ns[0m
[INFO][0m[92m[PRIM][0m               Core 32 end compute primitive Matmul_f.                                                                        | [36m18185 ns[0m
[INFO][0m[92m[PRIM][0m               Core 32 start compute primitive Sram_lifecycle.                                                                | [36m18191 ns[0m
[INFO][0m[92m[PRIM][0m               Core 32 end compute primitive Sram_lifecycle.                                                                  | [36m18191 ns[0m
[INFO][0m[92m[PRIM][0m               Core 16 start compute primitive Sram_lifecycle.                                                                | [36m18196 ns[0m
[INFO][0m[92m[PRIM][0m               Core 16 end compute primitive Sram_lifecycle.                                                                  | [36m18196 ns[0m
[INFO][0m[92m[PRIM][0m               Core 32 start compute primitive Sram_lifecycle.                                                                | [36m18197 ns[0m
[INFO][0m[92m[PRIM][0m               Core 32 end compute primitive Sram_lifecycle.                                                                  | [36m18197 ns[0m
[INFO][0m[92m[PRIM][0m               Core 16 start compute primitive Sram_lifecycle.                                                                | [36m18202 ns[0m
[INFO][0m[92m[PRIM][0m               Core 16 end compute primitive Sram_lifecycle.                                                                  | [36m18202 ns[0m
[INFO][0m[92m[PRIM][0m               Core 32 start compute primitive Sram_lifecycle.                                                                | [36m18203 ns[0m
[INFO][0m[92m[PRIM][0m               Core 32 end compute primitive Sram_lifecycle.                                                                  | [36m18203 ns[0m
[INFO][0m[92m[PRIM][0m               Core 16 start compute primitive Sram_lifecycle.                                                                | [36m18208 ns[0m
[INFO][0m[92m[PRIM][0m               Core 16 end compute primitive Sram_lifecycle.                                                                  | [36m18208 ns[0m
[INFO][0m[92m[PRIM][0m               Core 32 start compute primitive Sram_bind_oneshot.                                                             | [36m18209 ns[0m
[INFO][0m[92m[PRIM][0m               Core 32 end compute primitive Sram_bind_oneshot.                                                               | [36m18209 ns[0m
[INFO][0m[92m[PRIM][0m               Core 16 start compute primitive Sram_bind_oneshot.                                                             | [36m18214 ns[0m
[INFO][0m[92m[PRIM][0m               Core 16 end compute primitive Sram_bind_oneshot.                                                               | [36m18214 ns[0m
[INFO][0m[92m[PRIM][0m               Core 32 start compute primitive Residual_f.                                                                    | [36m18215 ns[0m
[INFO][0m[92m[PRIM][0m               Core 32 end compute primitive Residual_f.                                                                      | [36m18215 ns[0m
[INFO][0m[92m[PRIM][0m               Core 16 start compute primitive Matmul_f.                                                                      | [36m18220 ns[0m
[INFO][0m[92m[PRIM][0m               Core 32 start compute primitive Sram_lifecycle.                                                                | [36m18221 ns[0m
[INFO][0m[92m[PRIM][0m               Core 32 end compute primitive Sram_lifecycle.                                                                  | [36m18221 ns[0m
[INFO][0m[92m[PRIM][0m               Core 32 start compute primitive Sram_lifecycle.                                                                | [36m18227 ns[0m
[INFO][0m[92m[PRIM][0m               Core 32 end compute primitive Sram_lifecycle.                                                                  | [36m18227 ns[0m
[INFO][0m[92m[PRIM][0m               Core 32 start compute primitive Sram_lifecycle.                                                                | [36m18233 ns[0m
[INFO][0m[92m[PRIM][0m               Core 32 end compute primitive Sram_lifecycle.                                                                  | [36m18233 ns[0m
[INFO][0m[92m[PRIM][0m               Core 16 end compute primitive Matmul_f.                                                                        | [36m18236 ns[0m
[INFO][0m[92m[PRIM][0m               Core 32 start compute primitive Lsu_mem.                                                                       | [36m18239 ns[0m
[INFO][0m[92m[PRIM][0m               Core 16 start compute primitive Sram_lifecycle.                                                                | [36m18242 ns[0m
[INFO][0m[92m[PRIM][0m               Core 16 end compute primitive Sram_lifecycle.                                                                  | [36m18242 ns[0m
[INFO][0m[92m[PRIM][0m               Core 16 start compute primitive Sram_lifecycle.                                                                | [36m18248 ns[0m
[INFO][0m[92m[PRIM][0m               Core 16 end compute primitive Sram_lifecycle.                                                                  | [36m18248 ns[0m
[INFO][0m[92m[PRIM][0m               Core 16 start compute primitive Sram_lifecycle.                                                                | [36m18254 ns[0m
[INFO][0m[92m[PRIM][0m               Core 16 end compute primitive Sram_lifecycle.                                                                  | [36m18254 ns[0m
[INFO][0m[92m[PRIM][0m               Core 0 start compute primitive Sram_lifecycle.                                                                 | [36m18280 ns[0m
[INFO][0m[92m[PRIM][0m               Core 0 end compute primitive Sram_lifecycle.                                                                   | [36m18280 ns[0m
[INFO][0m[92m[PRIM][0m               Core 0 start compute primitive Collective_data_v1_prim.                                                        | [36m18286 ns[0m
[INFO][0m[92m[PRIM][0m               Core 0 end compute primitive Collective_data_v1_prim.                                                          | [36m18320 ns[0m
[INFO][0m[92m[PRIM][0m               Core 32 end compute primitive Lsu_mem.                                                                         | [36m18322 ns[0m
[INFO][0m[92m[PRIM][0m               Core 0 start compute primitive Sram_lifecycle.                                                                 | [36m18326 ns[0m
[INFO][0m[92m[PRIM][0m               Core 0 end compute primitive Sram_lifecycle.                                                                   | [36m18326 ns[0m
[INFO][0m[92m[PRIM][0m               Core 32 start compute primitive Sram_lifecycle.                                                                | [36m18328 ns[0m
[INFO][0m[92m[PRIM][0m               Core 32 end compute primitive Sram_lifecycle.                                                                  | [36m18328 ns[0m
[INFO][0m[92m[PRIM][0m               Core 0 start compute primitive Sram_lifecycle.                                                                 | [36m18332 ns[0m
[INFO][0m[92m[PRIM][0m               Core 0 end compute primitive Sram_lifecycle.                                                                   | [36m18332 ns[0m
[INFO][0m[92m[PRIM][0m               Core 32 start compute primitive Sram_bind_oneshot.                                                             | [36m18334 ns[0m
[INFO][0m[92m[PRIM][0m               Core 32 end compute primitive Sram_bind_oneshot.                                                               | [36m18334 ns[0m
[INFO][0m[92m[PRIM][0m               Core 0 start compute primitive Sram_lifecycle.                                                                 | [36m18338 ns[0m
[INFO][0m[92m[PRIM][0m               Core 0 end compute primitive Sram_lifecycle.                                                                   | [36m18338 ns[0m
[INFO][0m[92m[PRIM][0m               Core 32 start compute primitive rmsnorm_forward.                                                               | [36m18340 ns[0m
[INFO][0m[92m[PRIM][0m               Core 32 end compute primitive rmsnorm_forward.                                                                 | [36m18340 ns[0m
[INFO][0m[92m[PRIM][0m               Core 0 start compute primitive Sram_lifecycle.                                                                 | [36m18344 ns[0m
[INFO][0m[92m[PRIM][0m               Core 0 end compute primitive Sram_lifecycle.                                                                   | [36m18344 ns[0m
[INFO][0m[92m[PRIM][0m               Core 32 start compute primitive Sram_lifecycle.                                                                | [36m18346 ns[0m
[INFO][0m[92m[PRIM][0m               Core 32 end compute primitive Sram_lifecycle.                                                                  | [36m18346 ns[0m
[INFO][0m[92m[PRIM][0m               Core 0 start compute primitive Sram_bind_oneshot.                                                              | [36m18350 ns[0m
[INFO][0m[92m[PRIM][0m               Core 0 end compute primitive Sram_bind_oneshot.                                                                | [36m18350 ns[0m
[INFO][0m[92m[PRIM][0m               Core 32 start compute primitive Sram_lifecycle.                                                                | [36m18352 ns[0m
[INFO][0m[92m[PRIM][0m               Core 32 end compute primitive Sram_lifecycle.                                                                  | [36m18352 ns[0m
[INFO][0m[92m[PRIM][0m               Core 0 start compute primitive Matmul_f.                                                                       | [36m18356 ns[0m
[INFO][0m[92m[PRIM][0m               Core 32 start compute primitive Lsu_mem.                                                                       | [36m18358 ns[0m
[INFO][0m[92m[PRIM][0m               Core 0 end compute primitive Matmul_f.                                                                         | [36m18372 ns[0m
[INFO][0m[92m[PRIM][0m               Core 0 start compute primitive Sram_lifecycle.                                                                 | [36m18378 ns[0m
[INFO][0m[92m[PRIM][0m               Core 0 end compute primitive Sram_lifecycle.                                                                   | [36m18378 ns[0m
[INFO][0m[92m[PRIM][0m               Core 0 start compute primitive Sram_lifecycle.                                                                 | [36m18384 ns[0m
[INFO][0m[92m[PRIM][0m               Core 0 end compute primitive Sram_lifecycle.                                                                   | [36m18384 ns[0m
[INFO][0m[92m[PRIM][0m               Core 0 start compute primitive Sram_lifecycle.                                                                 | [36m18522 ns[0m
[INFO][0m[92m[PRIM][0m               Core 0 end compute primitive Sram_lifecycle.                                                                   | [36m18522 ns[0m
[INFO][0m[92m[PRIM][0m               Core 0 start compute primitive Sram_lifecycle.                                                                 | [36m18528 ns[0m
[INFO][0m[92m[PRIM][0m               Core 0 end compute primitive Sram_lifecycle.                                                                   | [36m18528 ns[0m
[INFO][0m[92m[PRIM][0m               Core 0 start compute primitive Sram_bind_oneshot.                                                              | [36m18534 ns[0m
[INFO][0m[92m[PRIM][0m               Core 0 end compute primitive Sram_bind_oneshot.                                                                | [36m18534 ns[0m
[INFO][0m[92m[PRIM][0m               Core 0 start compute primitive Residual_f.                                                                     | [36m18540 ns[0m
[INFO][0m[92m[PRIM][0m               Core 0 end compute primitive Residual_f.                                                                       | [36m18540 ns[0m
[INFO][0m[92m[PRIM][0m               Core 0 start compute primitive Sram_lifecycle.                                                                 | [36m18546 ns[0m
[INFO][0m[92m[PRIM][0m               Core 0 end compute primitive Sram_lifecycle.                                                                   | [36m18546 ns[0m
[INFO][0m[92m[PRIM][0m               Core 0 start compute primitive Sram_lifecycle.                                                                 | [36m18552 ns[0m
[INFO][0m[92m[PRIM][0m               Core 0 end compute primitive Sram_lifecycle.                                                                   | [36m18552 ns[0m
[INFO][0m[92m[PRIM][0m               Core 0 start compute primitive Sram_lifecycle.                                                                 | [36m18558 ns[0m
[INFO][0m[92m[PRIM][0m               Core 0 end compute primitive Sram_lifecycle.                                                                   | [36m18558 ns[0m
[INFO][0m[92m[PRIM][0m               Core 0 start compute primitive Lsu_mem.                                                                        | [36m18564 ns[0m
[INFO][0m[92m[PRIM][0m               Core 16 start compute primitive Sram_lifecycle.                                                                | [36m18606 ns[0m
[INFO][0m[92m[PRIM][0m               Core 16 end compute primitive Sram_lifecycle.                                                                  | [36m18606 ns[0m
[INFO][0m[92m[PRIM][0m               Core 16 start compute primitive Collective_data_v1_prim.                                                       | [36m18612 ns[0m
[INFO][0m[92m[PRIM][0m               Core 16 end compute primitive Collective_data_v1_prim.                                                         | [36m18646 ns[0m
[INFO][0m[92m[PRIM][0m               Core 16 start compute primitive Sram_lifecycle.                                                                | [36m18652 ns[0m
[INFO][0m[92m[PRIM][0m               Core 16 end compute primitive Sram_lifecycle.                                                                  | [36m18652 ns[0m
[INFO][0m[92m[PRIM][0m               Core 0 end compute primitive Lsu_mem.                                                                          | [36m18653 ns[0m
[INFO][0m[92m[PRIM][0m               Core 16 start compute primitive Sram_lifecycle.                                                                | [36m18658 ns[0m
[INFO][0m[92m[PRIM][0m               Core 16 end compute primitive Sram_lifecycle.                                                                  | [36m18658 ns[0m
[INFO][0m[92m[PRIM][0m               Core 0 start compute primitive Sram_lifecycle.                                                                 | [36m18659 ns[0m
[INFO][0m[92m[PRIM][0m               Core 0 end compute primitive Sram_lifecycle.                                                                   | [36m18659 ns[0m
[INFO][0m[92m[PRIM][0m               Core 16 start compute primitive Sram_lifecycle.                                                                | [36m18664 ns[0m
[INFO][0m[92m[PRIM][0m               Core 16 end compute primitive Sram_lifecycle.                                                                  | [36m18664 ns[0m
[INFO][0m[92m[PRIM][0m               Core 0 start compute primitive Sram_bind_oneshot.                                                              | [36m18665 ns[0m
[INFO][0m[92m[PRIM][0m               Core 0 end compute primitive Sram_bind_oneshot.                                                                | [36m18665 ns[0m
[INFO][0m[92m[PRIM][0m               Core 16 start compute primitive Sram_bind_oneshot.                                                             | [36m18670 ns[0m
[INFO][0m[92m[PRIM][0m               Core 16 end compute primitive Sram_bind_oneshot.                                                               | [36m18670 ns[0m
[INFO][0m[92m[PRIM][0m               Core 0 start compute primitive rmsnorm_forward.                                                                | [36m18671 ns[0m
[INFO][0m[92m[PRIM][0m               Core 0 end compute primitive rmsnorm_forward.                                                                  | [36m18675 ns[0m
[INFO][0m[92m[PRIM][0m               Core 16 start compute primitive Residual_f.                                                                    | [36m18676 ns[0m
[INFO][0m[92m[PRIM][0m               Core 16 end compute primitive Residual_f.                                                                      | [36m18676 ns[0m
[INFO][0m[92m[PRIM][0m               Core 0 start compute primitive Sram_lifecycle.                                                                 | [36m18681 ns[0m
[INFO][0m[92m[PRIM][0m               Core 0 end compute primitive Sram_lifecycle.                                                                   | [36m18681 ns[0m
[INFO][0m[92m[PRIM][0m               Core 16 start compute primitive Sram_lifecycle.                                                                | [36m18682 ns[0m
[INFO][0m[92m[PRIM][0m               Core 16 end compute primitive Sram_lifecycle.                                                                  | [36m18682 ns[0m
[INFO][0m[92m[PRIM][0m               Core 0 start compute primitive Sram_lifecycle.                                                                 | [36m18687 ns[0m
[INFO][0m[92m[PRIM][0m               Core 0 end compute primitive Sram_lifecycle.                                                                   | [36m18687 ns[0m
[INFO][0m[92m[PRIM][0m               Core 16 start compute primitive Sram_lifecycle.                                                                | [36m18688 ns[0m
[INFO][0m[92m[PRIM][0m               Core 16 end compute primitive Sram_lifecycle.                                                                  | [36m18688 ns[0m
[INFO][0m[92m[PRIM][0m               Core 16 start compute primitive Sram_lifecycle.                                                                | [36m18694 ns[0m
[INFO][0m[92m[PRIM][0m               Core 16 end compute primitive Sram_lifecycle.                                                                  | [36m18694 ns[0m
[INFO][0m[92m[PRIM][0m               Core 16 start compute primitive Lsu_mem.                                                                       | [36m18700 ns[0m
[INFO][0m[92m[PRIM][0m               Core 0 start compute primitive Sram_lifecycle.                                                                 | [36m18719 ns[0m
[INFO][0m[92m[PRIM][0m               Core 0 end compute primitive Sram_lifecycle.                                                                   | [36m18719 ns[0m
[INFO][0m[92m[PRIM][0m               Core 16 end compute primitive Lsu_mem.                                                                         | [36m18787 ns[0m
[INFO][0m[92m[PRIM][0m               Core 16 start compute primitive Sram_lifecycle.                                                                | [36m18793 ns[0m
[INFO][0m[92m[PRIM][0m               Core 16 end compute primitive Sram_lifecycle.                                                                  | [36m18793 ns[0m
[INFO][0m[92m[PRIM][0m               Core 16 start compute primitive Sram_bind_oneshot.                                                             | [36m18799 ns[0m
[INFO][0m[92m[PRIM][0m               Core 16 end compute primitive Sram_bind_oneshot.                                                               | [36m18799 ns[0m
[INFO][0m[92m[PRIM][0m               Core 16 start compute primitive rmsnorm_forward.                                                               | [36m18805 ns[0m
[INFO][0m[92m[PRIM][0m               Core 16 end compute primitive rmsnorm_forward.                                                                 | [36m18809 ns[0m
[INFO][0m[92m[PRIM][0m               Core 16 start compute primitive Sram_lifecycle.                                                                | [36m18815 ns[0m
[INFO][0m[92m[PRIM][0m               Core 16 end compute primitive Sram_lifecycle.                                                                  | [36m18815 ns[0m
[INFO][0m[92m[PRIM][0m               Core 16 start compute primitive Sram_lifecycle.                                                                | [36m18821 ns[0m
[INFO][0m[92m[PRIM][0m               Core 16 end compute primitive Sram_lifecycle.                                                                  | [36m18821 ns[0m
[INFO][0m[92m[PRIM][0m               Core 16 start compute primitive Sram_lifecycle.                                                                | [36m18964 ns[0m
[INFO][0m[92m[PRIM][0m               Core 16 end compute primitive Sram_lifecycle.                                                                  | [36m18964 ns[0m
[INFO][0m[92m[PRIM][0m               Core 0 start compute primitive Sram_lifecycle.                                                                 | [36m19192 ns[0m
[INFO][0m[92m[PRIM][0m               Core 0 end compute primitive Sram_lifecycle.                                                                   | [36m19192 ns[0m
[INFO][0m[92m[PRIM][0m               Core 0 start compute primitive Lsu_mem.                                                                        | [36m19198 ns[0m
[INFO][0m[92m[PRIM][0m               Core 16 start compute primitive Sram_lifecycle.                                                                | [36m19234 ns[0m
[INFO][0m[92m[PRIM][0m               Core 16 end compute primitive Sram_lifecycle.                                                                  | [36m19234 ns[0m
[INFO][0m[92m[PRIM][0m               Core 16 start compute primitive Lsu_mem.                                                                       | [36m19240 ns[0m
[INFO][0m[92m[PRIM][0m               Core 32 end compute primitive Lsu_mem.                                                                         | [36m19395 ns[0m
[INFO][0m[92m[PRIM][0m               Core 32 start compute primitive Sram_lifecycle.                                                                | [36m19401 ns[0m
[INFO][0m[92m[PRIM][0m               Core 32 end compute primitive Sram_lifecycle.                                                                  | [36m19401 ns[0m
[INFO][0m[92m[PRIM][0m               Core 32 start compute primitive Sram_bind_oneshot.                                                             | [36m19407 ns[0m
[INFO][0m[92m[PRIM][0m               Core 32 end compute primitive Sram_bind_oneshot.                                                               | [36m19407 ns[0m
[INFO][0m[92m[PRIM][0m               Core 32 start compute primitive Matmul_f.                                                                      | [36m19413 ns[0m
[INFO][0m[92m[PRIM][0m               Core 32 end compute primitive Matmul_f.                                                                        | [36m19445 ns[0m
[INFO][0m[92m[PRIM][0m               Core 32 start compute primitive Sram_lifecycle.                                                                | [36m19451 ns[0m
[INFO][0m[92m[PRIM][0m               Core 32 end compute primitive Sram_lifecycle.                                                                  | [36m19451 ns[0m
[INFO][0m[92m[PRIM][0m               Core 32 start compute primitive Sram_lifecycle.                                                                | [36m19457 ns[0m
[INFO][0m[92m[PRIM][0m               Core 32 end compute primitive Sram_lifecycle.                                                                  | [36m19457 ns[0m
[INFO][0m[92m[PRIM][0m               Core 32 start compute primitive Sram_lifecycle.                                                                | [36m19463 ns[0m
[INFO][0m[92m[PRIM][0m               Core 32 end compute primitive Sram_lifecycle.                                                                  | [36m19463 ns[0m
[INFO][0m[92m[PRIM][0m               Core 32 start compute primitive Sram_bind_oneshot.                                                             | [36m19469 ns[0m
[INFO][0m[92m[PRIM][0m               Core 32 end compute primitive Sram_bind_oneshot.                                                               | [36m19469 ns[0m
[INFO][0m[92m[PRIM][0m               Core 32 start compute primitive swiglu_forward.                                                                | [36m19475 ns[0m
[INFO][0m[92m[PRIM][0m               Core 32 end compute primitive swiglu_forward.                                                                  | [36m19477 ns[0m
[INFO][0m[92m[PRIM][0m               Core 32 start compute primitive Sram_lifecycle.                                                                | [36m19483 ns[0m
[INFO][0m[92m[PRIM][0m               Core 32 end compute primitive Sram_lifecycle.                                                                  | [36m19483 ns[0m
[INFO][0m[92m[PRIM][0m               Core 32 start compute primitive Sram_lifecycle.                                                                | [36m19489 ns[0m
[INFO][0m[92m[PRIM][0m               Core 32 end compute primitive Sram_lifecycle.                                                                  | [36m19489 ns[0m
[INFO][0m[92m[PRIM][0m               Core 32 start compute primitive Lsu_mem.                                                                       | [36m19495 ns[0m
[INFO][0m[92m[PRIM][0m               Core 0 end compute primitive Lsu_mem.                                                                          | [36m19753 ns[0m
[INFO][0m[92m[PRIM][0m               Core 0 start compute primitive Sram_lifecycle.                                                                 | [36m19759 ns[0m
[INFO][0m[92m[PRIM][0m               Core 0 end compute primitive Sram_lifecycle.                                                                   | [36m19759 ns[0m
[INFO][0m[92m[PRIM][0m               Core 0 start compute primitive Sram_bind_oneshot.                                                              | [36m19765 ns[0m
[INFO][0m[92m[PRIM][0m               Core 0 end compute primitive Sram_bind_oneshot.                                                                | [36m19765 ns[0m
[INFO][0m[92m[PRIM][0m               Core 0 start compute primitive Matmul_f.                                                                       | [36m19771 ns[0m
[INFO][0m[92m[PRIM][0m               Core 16 end compute primitive Lsu_mem.                                                                         | [36m19793 ns[0m
[INFO][0m[92m[PRIM][0m               Core 16 start compute primitive Sram_lifecycle.                                                                | [36m19799 ns[0m
[INFO][0m[92m[PRIM][0m               Core 16 end compute primitive Sram_lifecycle.                                                                  | [36m19799 ns[0m
[INFO][0m[92m[PRIM][0m               Core 16 start compute primitive Sram_bind_oneshot.                                                             | [36m19805 ns[0m
[INFO][0m[92m[PRIM][0m               Core 16 end compute primitive Sram_bind_oneshot.                                                               | [36m19805 ns[0m
[INFO][0m[92m[PRIM][0m               Core 16 start compute primitive Matmul_f.                                                                      | [36m19811 ns[0m
[INFO][0m[92m[PRIM][0m               Core 0 end compute primitive Matmul_f.                                                                         | [36m19899 ns[0m
[INFO][0m[92m[PRIM][0m               Core 0 start compute primitive Sram_lifecycle.                                                                 | [36m19905 ns[0m
[INFO][0m[92m[PRIM][0m               Core 0 end compute primitive Sram_lifecycle.                                                                   | [36m19905 ns[0m
[INFO][0m[92m[PRIM][0m               Core 0 start compute primitive Sram_lifecycle.                                                                 | [36m19911 ns[0m
[INFO][0m[92m[PRIM][0m               Core 0 end compute primitive Sram_lifecycle.                                                                   | [36m19911 ns[0m
[INFO][0m[92m[PRIM][0m               Core 0 start compute primitive Sram_lifecycle.                                                                 | [36m19917 ns[0m
[INFO][0m[92m[PRIM][0m               Core 0 end compute primitive Sram_lifecycle.                                                                   | [36m19917 ns[0m
[INFO][0m[92m[PRIM][0m               Core 0 start compute primitive Sram_bind_oneshot.                                                              | [36m19923 ns[0m
[INFO][0m[92m[PRIM][0m               Core 0 end compute primitive Sram_bind_oneshot.                                                                | [36m19923 ns[0m
[INFO][0m[92m[PRIM][0m               Core 0 start compute primitive swiglu_forward.                                                                 | [36m19929 ns[0m
[INFO][0m[92m[PRIM][0m               Core 0 end compute primitive swiglu_forward.                                                                   | [36m19937 ns[0m
[INFO][0m[92m[PRIM][0m               Core 16 end compute primitive Matmul_f.                                                                        | [36m19939 ns[0m
[INFO][0m[92m[PRIM][0m               Core 0 start compute primitive Sram_lifecycle.                                                                 | [36m19943 ns[0m
[INFO][0m[92m[PRIM][0m               Core 0 end compute primitive Sram_lifecycle.                                                                   | [36m19943 ns[0m
[INFO][0m[92m[PRIM][0m               Core 16 start compute primitive Sram_lifecycle.                                                                | [36m19945 ns[0m
[INFO][0m[92m[PRIM][0m               Core 16 end compute primitive Sram_lifecycle.                                                                  | [36m19945 ns[0m
[INFO][0m[92m[PRIM][0m               Core 0 start compute primitive Sram_lifecycle.                                                                 | [36m19949 ns[0m
[INFO][0m[92m[PRIM][0m               Core 0 end compute primitive Sram_lifecycle.                                                                   | [36m19949 ns[0m
[INFO][0m[92m[PRIM][0m               Core 16 start compute primitive Sram_lifecycle.                                                                | [36m19951 ns[0m
[INFO][0m[92m[PRIM][0m               Core 16 end compute primitive Sram_lifecycle.                                                                  | [36m19951 ns[0m
[INFO][0m[92m[PRIM][0m               Core 0 start compute primitive Sram_lifecycle.                                                                 | [36m19955 ns[0m
[INFO][0m[92m[PRIM][0m               Core 0 end compute primitive Sram_lifecycle.                                                                   | [36m19955 ns[0m
[INFO][0m[92m[PRIM][0m               Core 16 start compute primitive Sram_lifecycle.                                                                | [36m19957 ns[0m
[INFO][0m[92m[PRIM][0m               Core 16 end compute primitive Sram_lifecycle.                                                                  | [36m19957 ns[0m
[INFO][0m[92m[PRIM][0m               Core 0 start compute primitive Lsu_mem.                                                                        | [36m19961 ns[0m
[INFO][0m[92m[PRIM][0m               Core 16 start compute primitive Sram_bind_oneshot.                                                             | [36m19963 ns[0m
[INFO][0m[92m[PRIM][0m               Core 16 end compute primitive Sram_bind_oneshot.                                                               | [36m19963 ns[0m
[INFO][0m[92m[PRIM][0m               Core 16 start compute primitive swiglu_forward.                                                                | [36m19969 ns[0m
[INFO][0m[92m[PRIM][0m               Core 16 end compute primitive swiglu_forward.                                                                  | [36m19977 ns[0m
[INFO][0m[92m[PRIM][0m               Core 16 start compute primitive Sram_lifecycle.                                                                | [36m19983 ns[0m
[INFO][0m[92m[PRIM][0m               Core 16 end compute primitive Sram_lifecycle.                                                                  | [36m19983 ns[0m
[INFO][0m[92m[PRIM][0m               Core 16 start compute primitive Sram_lifecycle.                                                                | [36m19989 ns[0m
[INFO][0m[92m[PRIM][0m               Core 16 end compute primitive Sram_lifecycle.                                                                  | [36m19989 ns[0m
[INFO][0m[92m[PRIM][0m               Core 16 start compute primitive Sram_lifecycle.                                                                | [36m19995 ns[0m
[INFO][0m[92m[PRIM][0m               Core 16 end compute primitive Sram_lifecycle.                                                                  | [36m19995 ns[0m
[INFO][0m[92m[PRIM][0m               Core 16 start compute primitive Lsu_mem.                                                                       | [36m20001 ns[0m
[INFO][0m[92m[PRIM][0m               Core 32 end compute primitive Lsu_mem.                                                                         | [36m20048 ns[0m
[INFO][0m[92m[PRIM][0m               Core 32 start compute primitive Sram_lifecycle.                                                                | [36m20054 ns[0m
[INFO][0m[92m[PRIM][0m               Core 32 end compute primitive Sram_lifecycle.                                                                  | [36m20054 ns[0m
[INFO][0m[92m[PRIM][0m               Core 32 start compute primitive Sram_bind_oneshot.                                                             | [36m20060 ns[0m
[INFO][0m[92m[PRIM][0m               Core 32 end compute primitive Sram_bind_oneshot.                                                               | [36m20060 ns[0m
[INFO][0m[92m[PRIM][0m               Core 32 start compute primitive Matmul_f.                                                                      | [36m20066 ns[0m
[INFO][0m[92m[PRIM][0m               Core 32 end compute primitive Matmul_f.                                                                        | [36m20082 ns[0m
[INFO][0m[92m[PRIM][0m               Core 32 start compute primitive Sram_lifecycle.                                                                | [36m20088 ns[0m
[INFO][0m[92m[PRIM][0m               Core 32 end compute primitive Sram_lifecycle.                                                                  | [36m20088 ns[0m
[INFO][0m[92m[PRIM][0m               Core 32 start compute primitive Sram_lifecycle.                                                                | [36m20094 ns[0m
[INFO][0m[92m[PRIM][0m               Core 32 end compute primitive Sram_lifecycle.                                                                  | [36m20094 ns[0m
[INFO][0m[92m[PRIM][0m               Core 32 start compute primitive Sram_lifecycle.                                                                | [36m20100 ns[0m
[INFO][0m[92m[PRIM][0m               Core 32 end compute primitive Sram_lifecycle.                                                                  | [36m20100 ns[0m
[INFO][0m[92m[PRIM][0m               Core 32 start compute primitive Sram_bind_oneshot.                                                             | [36m20106 ns[0m
[INFO][0m[92m[PRIM][0m               Core 32 end compute primitive Sram_bind_oneshot.                                                               | [36m20106 ns[0m
[INFO][0m[92m[PRIM][0m               Core 32 start compute primitive Residual_f.                                                                    | [36m20112 ns[0m
[INFO][0m[92m[PRIM][0m               Core 32 end compute primitive Residual_f.                                                                      | [36m20112 ns[0m
[INFO][0m[92m[PRIM][0m               Core 32 start compute primitive Sram_lifecycle.                                                                | [36m20118 ns[0m
[INFO][0m[92m[PRIM][0m               Core 32 end compute primitive Sram_lifecycle.                                                                  | [36m20118 ns[0m
[INFO][0m[92m[PRIM][0m               Core 32 start compute primitive Sram_lifecycle.                                                                | [36m20124 ns[0m
[INFO][0m[92m[PRIM][0m               Core 32 end compute primitive Sram_lifecycle.                                                                  | [36m20124 ns[0m
[INFO][0m[92m[PRIM][0m               Core 32 start compute primitive Sram_lifecycle.                                                                | [36m20130 ns[0m
[INFO][0m[92m[PRIM][0m               Core 32 end compute primitive Sram_lifecycle.                                                                  | [36m20130 ns[0m
[INFO][0m[92m[PRIM][0m               Core 32 start compute primitive Lsu_mem.                                                                       | [36m20136 ns[0m
[INFO][0m[92m[PRIM][0m               Core 32 end compute primitive Lsu_mem.                                                                         | [36m20219 ns[0m
[INFO][0m[92m[PRIM][0m               Core 32 start compute primitive Sram_lifecycle.                                                                | [36m20225 ns[0m
[INFO][0m[92m[PRIM][0m               Core 32 end compute primitive Sram_lifecycle.                                                                  | [36m20225 ns[0m
[INFO][0m[92m[PRIM][0m               Core 32 start compute primitive Sram_bind_oneshot.                                                             | [36m20231 ns[0m
[INFO][0m[92m[PRIM][0m               Core 32 end compute primitive Sram_bind_oneshot.                                                               | [36m20231 ns[0m
[INFO][0m[92m[PRIM][0m               Core 32 start compute primitive rmsnorm_forward.                                                               | [36m20237 ns[0m
[INFO][0m[92m[PRIM][0m               Core 32 end compute primitive rmsnorm_forward.                                                                 | [36m20237 ns[0m
[INFO][0m[92m[PRIM][0m               Core 32 start compute primitive Sram_lifecycle.                                                                | [36m20243 ns[0m
[INFO][0m[92m[PRIM][0m               Core 32 end compute primitive Sram_lifecycle.                                                                  | [36m20243 ns[0m
[INFO][0m[92m[PRIM][0m               Core 32 start compute primitive Sram_lifecycle.                                                                | [36m20249 ns[0m
[INFO][0m[92m[PRIM][0m               Core 32 end compute primitive Sram_lifecycle.                                                                  | [36m20249 ns[0m
[INFO][0m[92m[PRIM][0m               Core 32 start compute primitive Sram_lifecycle.                                                                | [36m20255 ns[0m
[INFO][0m[92m[PRIM][0m               Core 32 end compute primitive Sram_lifecycle.                                                                  | [36m20255 ns[0m
[INFO][0m[92m[PRIM][0m               Core 32 start compute primitive Lsu_mem.                                                                       | [36m20261 ns[0m
[INFO][0m[92m[PRIM][0m               Core 0 end compute primitive Lsu_mem.                                                                          | [36m20270 ns[0m
[INFO][0m[92m[PRIM][0m               Core 0 start compute primitive Sram_lifecycle.                                                                 | [36m20276 ns[0m
[INFO][0m[92m[PRIM][0m               Core 0 end compute primitive Sram_lifecycle.                                                                   | [36m20276 ns[0m
[INFO][0m[92m[PRIM][0m               Core 0 start compute primitive Sram_lifecycle.                                                                 | [36m20282 ns[0m
[INFO][0m[92m[PRIM][0m               Core 0 end compute primitive Sram_lifecycle.                                                                   | [36m20282 ns[0m
[INFO][0m[92m[PRIM][0m               Core 0 start compute primitive Sram_bind_oneshot.                                                              | [36m20288 ns[0m
[INFO][0m[92m[PRIM][0m               Core 0 end compute primitive Sram_bind_oneshot.                                                                | [36m20288 ns[0m
[INFO][0m[92m[PRIM][0m               Core 0 start compute primitive Matmul_f.                                                                       | [36m20294 ns[0m
[INFO][0m[92m[PRIM][0m               Core 16 end compute primitive Lsu_mem.                                                                         | [36m20310 ns[0m
[INFO][0m[92m[PRIM][0m               Core 16 start compute primitive Sram_lifecycle.                                                                | [36m20316 ns[0m
[INFO][0m[92m[PRIM][0m               Core 16 end compute primitive Sram_lifecycle.                                                                  | [36m20316 ns[0m
[INFO][0m[92m[PRIM][0m               Core 16 start compute primitive Sram_lifecycle.                                                                | [36m20322 ns[0m
[INFO][0m[92m[PRIM][0m               Core 16 end compute primitive Sram_lifecycle.                                                                  | [36m20322 ns[0m
[INFO][0m[92m[PRIM][0m               Core 0 end compute primitive Matmul_f.                                                                         | [36m20326 ns[0m
[INFO][0m[92m[PRIM][0m               Core 16 start compute primitive Sram_bind_oneshot.                                                             | [36m20328 ns[0m
[INFO][0m[92m[PRIM][0m               Core 16 end compute primitive Sram_bind_oneshot.                                                               | [36m20328 ns[0m
[INFO][0m[92m[PRIM][0m               Core 0 start compute primitive Sram_lifecycle.                                                                 | [36m20332 ns[0m
[INFO][0m[92m[PRIM][0m               Core 0 end compute primitive Sram_lifecycle.                                                                   | [36m20332 ns[0m
[INFO][0m[92m[PRIM][0m               Core 16 start compute primitive Matmul_f.                                                                      | [36m20334 ns[0m
[INFO][0m[92m[PRIM][0m               Core 0 start compute primitive Sram_lifecycle.                                                                 | [36m20338 ns[0m
[INFO][0m[92m[PRIM][0m               Core 0 end compute primitive Sram_lifecycle.                                                                   | [36m20338 ns[0m
[INFO][0m[92m[PRIM][0m               Core 16 end compute primitive Matmul_f.                                                                        | [36m20366 ns[0m
[INFO][0m[92m[PRIM][0m               Core 16 start compute primitive Sram_lifecycle.                                                                | [36m20372 ns[0m
[INFO][0m[92m[PRIM][0m               Core 16 end compute primitive Sram_lifecycle.                                                                  | [36m20372 ns[0m
[INFO][0m[92m[PRIM][0m               Core 16 start compute primitive Sram_lifecycle.                                                                | [36m20510 ns[0m
[INFO][0m[92m[PRIM][0m               Core 16 end compute primitive Sram_lifecycle.                                                                  | [36m20510 ns[0m
[INFO][0m[92m[PRIM][0m               Core 16 start compute primitive Sram_lifecycle.                                                                | [36m20516 ns[0m
[INFO][0m[92m[PRIM][0m               Core 16 end compute primitive Sram_lifecycle.                                                                  | [36m20516 ns[0m
[INFO][0m[92m[PRIM][0m               Core 16 start compute primitive Sram_lifecycle.                                                                | [36m20522 ns[0m
[INFO][0m[92m[PRIM][0m               Core 16 end compute primitive Sram_lifecycle.                                                                  | [36m20522 ns[0m
[INFO][0m[92m[PRIM][0m               Core 16 start compute primitive Sram_bind_oneshot.                                                             | [36m20528 ns[0m
[INFO][0m[92m[PRIM][0m               Core 16 end compute primitive Sram_bind_oneshot.                                                               | [36m20528 ns[0m
[INFO][0m[92m[PRIM][0m               Core 16 start compute primitive Matmul_f.                                                                      | [36m20534 ns[0m
[INFO][0m[92m[PRIM][0m               Core 16 end compute primitive Matmul_f.                                                                        | [36m20566 ns[0m
[INFO][0m[92m[PRIM][0m               Core 16 start compute primitive Sram_lifecycle.                                                                | [36m20572 ns[0m
[INFO][0m[92m[PRIM][0m               Core 16 end compute primitive Sram_lifecycle.                                                                  | [36m20572 ns[0m
[INFO][0m[92m[PRIM][0m               Core 16 start compute primitive Sram_lifecycle.                                                                | [36m20578 ns[0m
[INFO][0m[92m[PRIM][0m               Core 16 end compute primitive Sram_lifecycle.                                                                  | [36m20578 ns[0m
[INFO][0m[92m[PRIM][0m               Core 16 start compute primitive Sram_lifecycle.                                                                | [36m20584 ns[0m
[INFO][0m[92m[PRIM][0m               Core 16 end compute primitive Sram_lifecycle.                                                                  | [36m20584 ns[0m
[INFO][0m[92m[PRIM][0m               Core 0 start compute primitive Sram_lifecycle.                                                                 | [36m20594 ns[0m
[INFO][0m[92m[PRIM][0m               Core 0 end compute primitive Sram_lifecycle.                                                                   | [36m20594 ns[0m
[INFO][0m[92m[PRIM][0m               Core 0 start compute primitive Collective_data_v1_prim.                                                        | [36m20600 ns[0m
[INFO][0m[92m[PRIM][0m               Core 0 end compute primitive Collective_data_v1_prim.                                                          | [36m20634 ns[0m
[INFO][0m[92m[PRIM][0m               Core 0 start compute primitive Sram_lifecycle.                                                                 | [36m20640 ns[0m
[INFO][0m[92m[PRIM][0m               Core 0 end compute primitive Sram_lifecycle.                                                                   | [36m20640 ns[0m
[INFO][0m[92m[PRIM][0m               Core 0 start compute primitive Sram_lifecycle.                                                                 | [36m20646 ns[0m
[INFO][0m[92m[PRIM][0m               Core 0 end compute primitive Sram_lifecycle.                                                                   | [36m20646 ns[0m
[INFO][0m[92m[PRIM][0m               Core 0 start compute primitive Sram_lifecycle.                                                                 | [36m20652 ns[0m
[INFO][0m[92m[PRIM][0m               Core 0 end compute primitive Sram_lifecycle.                                                                   | [36m20652 ns[0m
[INFO][0m[92m[PRIM][0m               Core 0 start compute primitive Sram_lifecycle.                                                                 | [36m20658 ns[0m
[INFO][0m[92m[PRIM][0m               Core 0 end compute primitive Sram_lifecycle.                                                                   | [36m20658 ns[0m
[INFO][0m[92m[PRIM][0m               Core 0 start compute primitive Sram_bind_oneshot.                                                              | [36m20664 ns[0m
[INFO][0m[92m[PRIM][0m               Core 0 end compute primitive Sram_bind_oneshot.                                                                | [36m20664 ns[0m
[INFO][0m[92m[PRIM][0m               Core 0 start compute primitive Matmul_f.                                                                       | [36m20670 ns[0m
[INFO][0m[92m[PRIM][0m               Core 0 end compute primitive Matmul_f.                                                                         | [36m20702 ns[0m
[INFO][0m[92m[PRIM][0m               Core 0 start compute primitive Sram_lifecycle.                                                                 | [36m20708 ns[0m
[INFO][0m[92m[PRIM][0m               Core 0 end compute primitive Sram_lifecycle.                                                                   | [36m20708 ns[0m
[INFO][0m[92m[PRIM][0m               Core 0 start compute primitive Sram_lifecycle.                                                                 | [36m20714 ns[0m
[INFO][0m[92m[PRIM][0m               Core 0 end compute primitive Sram_lifecycle.                                                                   | [36m20714 ns[0m
[INFO][0m[92m[PRIM][0m               Core 32 end compute primitive Lsu_mem.                                                                         | [36m20814 ns[0m
[INFO][0m[92m[PRIM][0m               Core 32 start compute primitive Sram_lifecycle.                                                                | [36m20820 ns[0m
[INFO][0m[92m[PRIM][0m               Core 32 end compute primitive Sram_lifecycle.                                                                  | [36m20820 ns[0m
[INFO][0m[92m[PRIM][0m               Core 32 start compute primitive Sram_bind_oneshot.                                                             | [36m20826 ns[0m
[INFO][0m[92m[PRIM][0m               Core 32 end compute primitive Sram_bind_oneshot.                                                               | [36m20826 ns[0m
[INFO][0m[92m[PRIM][0m               Core 32 start compute primitive Matmul_f.                                                                      | [36m20832 ns[0m
[INFO][0m[92m[PRIM][0m               Core 32 end compute primitive Matmul_f.                                                                        | [36m20848 ns[0m
[INFO][0m[92m[PRIM][0m               Core 0 start compute primitive Sram_lifecycle.                                                                 | [36m20852 ns[0m
[INFO][0m[92m[PRIM][0m               Core 0 end compute primitive Sram_lifecycle.                                                                   | [36m20852 ns[0m
[INFO][0m[92m[PRIM][0m               Core 32 start compute primitive Sram_lifecycle.                                                                | [36m20854 ns[0m
[INFO][0m[92m[PRIM][0m               Core 32 end compute primitive Sram_lifecycle.                                                                  | [36m20854 ns[0m
[INFO][0m[92m[PRIM][0m               Core 0 start compute primitive Sram_lifecycle.                                                                 | [36m20858 ns[0m
[INFO][0m[92m[PRIM][0m               Core 0 end compute primitive Sram_lifecycle.                                                                   | [36m20858 ns[0m
[INFO][0m[92m[PRIM][0m               Core 32 start compute primitive Sram_lifecycle.                                                                | [36m20860 ns[0m
[INFO][0m[92m[PRIM][0m               Core 32 end compute primitive Sram_lifecycle.                                                                  | [36m20860 ns[0m
[INFO][0m[92m[PRIM][0m               Core 0 start compute primitive Sram_bind_oneshot.                                                              | [36m20864 ns[0m
[INFO][0m[92m[PRIM][0m               Core 0 end compute primitive Sram_bind_oneshot.                                                                | [36m20864 ns[0m
[INFO][0m[92m[PRIM][0m               Core 32 start compute primitive Sram_lifecycle.                                                                | [36m20866 ns[0m
[INFO][0m[92m[PRIM][0m               Core 32 end compute primitive Sram_lifecycle.                                                                  | [36m20866 ns[0m
[INFO][0m[92m[PRIM][0m               Core 0 start compute primitive Residual_f.                                                                     | [36m20870 ns[0m
[INFO][0m[92m[PRIM][0m               Core 0 end compute primitive Residual_f.                                                                       | [36m20870 ns[0m
[INFO][0m[92m[PRIM][0m               Core 32 start send primitive SEND_DONE.                                                                        | [36m20872 ns[0m
[INFO][0m[92m[PRIM][0m               Core 32 end send primitive SEND_DONE.                                                                          | [36m20876 ns[0m
[INFO][0m[92m[PRIM][0m               Core 0 start compute primitive Sram_lifecycle.                                                                 | [36m20876 ns[0m
[INFO][0m[92m[PRIM][0m               Core 0 end compute primitive Sram_lifecycle.                                                                   | [36m20876 ns[0m
[INFO][0m[92m[MEM_INTF][0m           End DONE reception.                                                                                            | [36m20878 ns[0m
[INFO][0m[92m[PRIM][0m               Core 0 start compute primitive Sram_lifecycle.                                                                 | [36m20882 ns[0m
[INFO][0m[92m[PRIM][0m               Core 32 start receive primitive RECV_START.                                                                    | [36m20882 ns[0m
[INFO][0m[92m[PRIM][0m               Core 0 end compute primitive Sram_lifecycle.                                                                   | [36m20882 ns[0m
[INFO][0m[92m[PRIM][0m               Core 0 start compute primitive Sram_lifecycle.                                                                 | [36m20888 ns[0m
[INFO][0m[92m[PRIM][0m               Core 0 end compute primitive Sram_lifecycle.                                                                   | [36m20888 ns[0m
[INFO][0m[92m[PRIM][0m               Core 0 start compute primitive Lsu_mem.                                                                        | [36m20894 ns[0m
[INFO][0m[92m[PRIM][0m               Core 16 start compute primitive Sram_lifecycle.                                                                | [36m20936 ns[0m
[INFO][0m[92m[PRIM][0m               Core 16 end compute primitive Sram_lifecycle.                                                                  | [36m20936 ns[0m
[INFO][0m[92m[PRIM][0m               Core 16 start compute primitive Collective_data_v1_prim.                                                       | [36m20942 ns[0m
[INFO][0m[92m[PRIM][0m               Core 16 end compute primitive Collective_data_v1_prim.                                                         | [36m20976 ns[0m
[INFO][0m[92m[PRIM][0m               Core 16 start compute primitive Sram_lifecycle.                                                                | [36m20982 ns[0m
[INFO][0m[92m[PRIM][0m               Core 16 end compute primitive Sram_lifecycle.                                                                  | [36m20982 ns[0m
[INFO][0m[92m[PRIM][0m               Core 0 end compute primitive Lsu_mem.                                                                          | [36m20983 ns[0m
[INFO][0m[92m[PRIM][0m               Core 16 start compute primitive Sram_lifecycle.                                                                | [36m20988 ns[0m
[INFO][0m[92m[PRIM][0m               Core 16 end compute primitive Sram_lifecycle.                                                                  | [36m20988 ns[0m
[INFO][0m[92m[PRIM][0m               Core 0 start compute primitive Sram_lifecycle.                                                                 | [36m20989 ns[0m
[INFO][0m[92m[PRIM][0m               Core 0 end compute primitive Sram_lifecycle.                                                                   | [36m20989 ns[0m
[INFO][0m[92m[PRIM][0m               Core 16 start compute primitive Sram_lifecycle.                                                                | [36m20994 ns[0m
[INFO][0m[92m[PRIM][0m               Core 16 end compute primitive Sram_lifecycle.                                                                  | [36m20994 ns[0m
[INFO][0m[92m[PRIM][0m               Core 0 start compute primitive Sram_bind_oneshot.                                                              | [36m20995 ns[0m
[INFO][0m[92m[PRIM][0m               Core 0 end compute primitive Sram_bind_oneshot.                                                                | [36m20995 ns[0m
[INFO][0m[92m[PRIM][0m               Core 16 start compute primitive Sram_bind_oneshot.                                                             | [36m21 us[0m
[INFO][0m[92m[PRIM][0m               Core 16 end compute primitive Sram_bind_oneshot.                                                               | [36m21 us[0m
[INFO][0m[92m[PRIM][0m               Core 0 start compute primitive rmsnorm_forward.                                                                | [36m21001 ns[0m
[INFO][0m[92m[PRIM][0m               Core 0 end compute primitive rmsnorm_forward.                                                                  | [36m21005 ns[0m
[INFO][0m[92m[PRIM][0m               Core 16 start compute primitive Residual_f.                                                                    | [36m21006 ns[0m
[INFO][0m[92m[PRIM][0m               Core 16 end compute primitive Residual_f.                                                                      | [36m21006 ns[0m
[INFO][0m[92m[PRIM][0m               Core 0 start compute primitive Sram_lifecycle.                                                                 | [36m21011 ns[0m
[INFO][0m[92m[PRIM][0m               Core 0 end compute primitive Sram_lifecycle.                                                                   | [36m21011 ns[0m
[INFO][0m[92m[PRIM][0m               Core 16 start compute primitive Sram_lifecycle.                                                                | [36m21012 ns[0m
[INFO][0m[92m[PRIM][0m               Core 16 end compute primitive Sram_lifecycle.                                                                  | [36m21012 ns[0m
[INFO][0m[92m[PRIM][0m               Core 0 start compute primitive Sram_lifecycle.                                                                 | [36m21017 ns[0m
[INFO][0m[92m[PRIM][0m               Core 0 end compute primitive Sram_lifecycle.                                                                   | [36m21017 ns[0m
[INFO][0m[92m[PRIM][0m               Core 16 start compute primitive Sram_lifecycle.                                                                | [36m21018 ns[0m
[INFO][0m[92m[PRIM][0m               Core 16 end compute primitive Sram_lifecycle.                                                                  | [36m21018 ns[0m
[INFO][0m[92m[PRIM][0m               Core 0 start compute primitive Sram_lifecycle.                                                                 | [36m21023 ns[0m
[INFO][0m[92m[PRIM][0m               Core 0 end compute primitive Sram_lifecycle.                                                                   | [36m21023 ns[0m
[INFO][0m[92m[PRIM][0m               Core 16 start compute primitive Sram_lifecycle.                                                                | [36m21024 ns[0m
[INFO][0m[92m[PRIM][0m               Core 16 end compute primitive Sram_lifecycle.                                                                  | [36m21024 ns[0m
[INFO][0m[92m[PRIM][0m               Core 0 start compute primitive Lsu_mem.                                                                        | [36m21029 ns[0m
[INFO][0m[92m[PRIM][0m               Core 16 start compute primitive Lsu_mem.                                                                       | [36m21030 ns[0m
[INFO][0m[92m[PRIM][0m               Core 16 end compute primitive Lsu_mem.                                                                         | [36m21113 ns[0m
[INFO][0m[92m[PRIM][0m               Core 16 start compute primitive Sram_lifecycle.                                                                | [36m21119 ns[0m
[INFO][0m[92m[PRIM][0m               Core 16 end compute primitive Sram_lifecycle.                                                                  | [36m21119 ns[0m
[INFO][0m[92m[PRIM][0m               Core 16 start compute primitive Sram_bind_oneshot.                                                             | [36m21125 ns[0m
[INFO][0m[92m[PRIM][0m               Core 16 end compute primitive Sram_bind_oneshot.                                                               | [36m21125 ns[0m
[INFO][0m[92m[PRIM][0m               Core 16 start compute primitive rmsnorm_forward.                                                               | [36m21131 ns[0m
[INFO][0m[92m[PRIM][0m               Core 16 end compute primitive rmsnorm_forward.                                                                 | [36m21135 ns[0m
[INFO][0m[92m[PRIM][0m               Core 16 start compute primitive Sram_lifecycle.                                                                | [36m21141 ns[0m
[INFO][0m[92m[PRIM][0m               Core 16 end compute primitive Sram_lifecycle.                                                                  | [36m21141 ns[0m
[INFO][0m[92m[PRIM][0m               Core 16 start compute primitive Sram_lifecycle.                                                                | [36m21147 ns[0m
[INFO][0m[92m[PRIM][0m               Core 16 end compute primitive Sram_lifecycle.                                                                  | [36m21147 ns[0m
[INFO][0m[92m[PRIM][0m               Core 16 start compute primitive Sram_lifecycle.                                                                | [36m21153 ns[0m
[INFO][0m[92m[PRIM][0m               Core 16 end compute primitive Sram_lifecycle.                                                                  | [36m21153 ns[0m
[INFO][0m[92m[PRIM][0m               Core 16 start compute primitive Lsu_mem.                                                                       | [36m21159 ns[0m
[INFO][0m[92m[PRIM][0m               Core 0 end compute primitive Lsu_mem.                                                                          | [36m21582 ns[0m
[INFO][0m[92m[PRIM][0m               Core 0 start compute primitive Sram_lifecycle.                                                                 | [36m21588 ns[0m
[INFO][0m[92m[PRIM][0m               Core 0 end compute primitive Sram_lifecycle.                                                                   | [36m21588 ns[0m
[INFO][0m[92m[PRIM][0m               Core 0 start compute primitive Sram_bind_oneshot.                                                              | [36m21594 ns[0m
[INFO][0m[92m[PRIM][0m               Core 0 end compute primitive Sram_bind_oneshot.                                                                | [36m21594 ns[0m
[INFO][0m[92m[PRIM][0m               Core 0 start compute primitive Matmul_f.                                                                       | [36m21600 ns[0m
[INFO][0m[92m[PRIM][0m               Core 0 end compute primitive Matmul_f.                                                                         | [36m21664 ns[0m
[INFO][0m[92m[PRIM][0m               Core 0 start compute primitive Sram_lifecycle.                                                                 | [36m21670 ns[0m
[INFO][0m[92m[PRIM][0m               Core 0 end compute primitive Sram_lifecycle.                                                                   | [36m21670 ns[0m
[INFO][0m[92m[PRIM][0m               Core 0 start compute primitive Sram_lifecycle.                                                                 | [36m21676 ns[0m
[INFO][0m[92m[PRIM][0m               Core 0 end compute primitive Sram_lifecycle.                                                                   | [36m21676 ns[0m
[INFO][0m[92m[PRIM][0m               Core 0 start compute primitive Sram_lifecycle.                                                                 | [36m21682 ns[0m
[INFO][0m[92m[PRIM][0m               Core 0 end compute primitive Sram_lifecycle.                                                                   | [36m21682 ns[0m
[INFO][0m[92m[PRIM][0m               Core 0 start send primitive SEND_DONE.                                                                         | [36m21688 ns[0m
[INFO][0m[92m[PRIM][0m               Core 0 end send primitive SEND_DONE.                                                                           | [36m21692 ns[0m
[INFO][0m[92m[MEM_INTF][0m           End DONE reception.                                                                                            | [36m21694 ns[0m
[INFO][0m[92m[PRIM][0m               Core 0 start receive primitive RECV_START.                                                                     | [36m21698 ns[0m
[INFO][0m[92m[PRIM][0m               Core 16 end compute primitive Lsu_mem.                                                                         | [36m21712 ns[0m
[INFO][0m[92m[PRIM][0m               Core 16 start compute primitive Sram_lifecycle.                                                                | [36m21718 ns[0m
[INFO][0m[92m[PRIM][0m               Core 16 end compute primitive Sram_lifecycle.                                                                  | [36m21718 ns[0m
[INFO][0m[92m[PRIM][0m               Core 16 start compute primitive Sram_bind_oneshot.                                                             | [36m21724 ns[0m
[INFO][0m[92m[PRIM][0m               Core 16 end compute primitive Sram_bind_oneshot.                                                               | [36m21724 ns[0m
[INFO][0m[92m[PRIM][0m               Core 16 start compute primitive Matmul_f.                                                                      | [36m21730 ns[0m
[INFO][0m[92m[PRIM][0m               Core 16 end compute primitive Matmul_f.                                                                        | [36m21794 ns[0m
[INFO][0m[92m[PRIM][0m               Core 16 start compute primitive Sram_lifecycle.                                                                | [36m21800 ns[0m
[INFO][0m[92m[PRIM][0m               Core 16 end compute primitive Sram_lifecycle.                                                                  | [36m21800 ns[0m
[INFO][0m[92m[PRIM][0m               Core 16 start compute primitive Sram_lifecycle.                                                                | [36m21806 ns[0m
[INFO][0m[92m[PRIM][0m               Core 16 end compute primitive Sram_lifecycle.                                                                  | [36m21806 ns[0m
[INFO][0m[92m[PRIM][0m               Core 16 start compute primitive Sram_lifecycle.                                                                | [36m21812 ns[0m
[INFO][0m[92m[PRIM][0m               Core 16 end compute primitive Sram_lifecycle.                                                                  | [36m21812 ns[0m
[INFO][0m[92m[PRIM][0m               Core 16 start send primitive SEND_DONE.                                                                        | [36m21818 ns[0m
[INFO][0m[92m[PRIM][0m               Core 16 end send primitive SEND_DONE.                                                                          | [36m21822 ns[0m
[INFO][0m[92m[MEM_INTF][0m           End DONE reception.                                                                                            | [36m21824 ns[0m

Info: /OSCI/SystemC: Simulation stopped by user.
[SIM_RESULT] makespan_cycles=10912
[PROGRAM_MEMORY] core=0 lsu_issued=19 lsu_completed=19 lsu_hbm_read_bytes=7328 lsu_hbm_write_bytes=512 lsu_sram_read_bytes=512 lsu_sram_write_bytes=7328 lsu_residual=0 dte_residual=0
[PROGRAM_MEMORY] core=16 lsu_issued=19 lsu_completed=19 lsu_hbm_read_bytes=7328 lsu_hbm_write_bytes=512 lsu_sram_read_bytes=512 lsu_sram_write_bytes=7328 lsu_residual=0 dte_residual=0
[PROGRAM_MEMORY] core=32 lsu_issued=19 lsu_completed=19 lsu_hbm_read_bytes=12448 lsu_hbm_write_bytes=128 lsu_sram_read_bytes=128 lsu_sram_write_bytes=12448 lsu_residual=0 dte_residual=0
[PROGRAM_IO_PROBE] id=program_output_probe_f00dc1e2dadf0742 core=0 address=13696 bytes=256 expected_checksum=5341e6b2646979a70e57653007a1f310169421ec9bdd9f1a5648f75ade005af1 checksum=5341e6b2646979a70e57653007a1f310169421ec9bdd9f1a5648f75ade005af1 valid=1 exact=1 pass=1
[PROGRAM_IO_PROBE] id=program_output_probe_1e96d8a6d690104f core=16 address=13696 bytes=256 expected_checksum=5341e6b2646979a70e57653007a1f310169421ec9bdd9f1a5648f75ade005af1 checksum=5341e6b2646979a70e57653007a1f310169421ec9bdd9f1a5648f75ade005af1 valid=1 exact=1 pass=1
[PROGRAM_IO_PROBE] id=program_output_probe_6bfa8834b1e181e4 core=32 address=14592 bytes=64 expected_checksum=f5a5fd42d16a20302798ef6ed309979b43003d2320d9f0e8ea9831a92759fb4b checksum=f5a5fd42d16a20302798ef6ed309979b43003d2320d9f0e8ea9831a92759fb4b valid=1 exact=1 pass=1
[PROGRAM_IO] phase=verify mode=timing initializations=228 probes=3 checksum=9477bb14a4f82a5dd5ce0f02ca318534c2ff669d71ee69210c8067f7dddd4653 pass=1
[INFO][0m[92m[SYSTEM][0m             [D2D] in_pkts=650 out_pkts=650 busy_cycles=0 stall_cycles=0.                                                   | [36m21824 ns[0m
[INFO][0m[92m[SYSTEM][0m             [D2D_TYPE] request_in=112 request_out=112 ack_in=224 ack_out=224 data_in=224 data_out=224.                     | [36m21824 ns[0m
[INFO][0m[92m[SYSTEM][0m             [D2D_DATA] in_pkts=224 out_pkts=224 in_seqhash=7888811150877514115 out_seqhash=7888811150877514115 in_csum=16804187271927926979 out_csum=16804187271927926979 out_inorder=0 out_minseq=1 out_maxseq=8 out_endseq=8 out_end_count=112 out_end_length=128 in_first_cycle=1885 in_last_cycle=10442 out_first_cycle=1888 out_last_cycle=10445. | [36m21824 ns[0m
[INFO][0m[92m[SYSTEM][0m             [V5_SUBFLOW] idx=0 source=0 tag=1 subflow=0 in=8 out=8 in_seqhash=705965812107161251 out_seqhash=705965812107161251 in_csum=9470131109627962866 out_csum=9470131109627962866 inorder=1 minseq=1 maxseq=8 endseq=8 ends=1 end_length=128. | [36m21824 ns[0m
[INFO][0m[92m[SYSTEM][0m             [V5_SUBFLOW] idx=0 source=0 tag=2 subflow=0 in=1 out=1 in_seqhash=4953161157630030899 out_seqhash=4953161157630030899 in_csum=17493072101205642656 out_csum=17493072101205642656 inorder=1 minseq=1 maxseq=1 endseq=1 ends=1 end_length=128. | [36m21824 ns[0m
[INFO][0m[92m[SYSTEM][0m             [V5_SUBFLOW] idx=0 source=0 tag=3 subflow=0 in=1 out=1 in_seqhash=4953161157630030899 out_seqhash=4953161157630030899 in_csum=12029115037670477216 out_csum=12029115037670477216 inorder=1 minseq=1 maxseq=1 endseq=1 ends=1 end_length=128. | [36m21824 ns[0m
[INFO][0m[92m[SYSTEM][0m             [V5_SUBFLOW] idx=0 source=0 tag=4 subflow=0 in=1 out=1 in_seqhash=4953161157630030899 out_seqhash=4953161157630030899 in_csum=7299807663350123936 out_csum=7299807663350123936 inorder=1 minseq=1 maxseq=1 endseq=1 ends=1 end_length=128. | [36m21824 ns[0m
[INFO][0m[92m[SYSTEM][0m             [V5_SUBFLOW] idx=0 source=0 tag=5 subflow=0 in=1 out=1 in_seqhash=4953161157630030899 out_seqhash=4953161157630030899 in_csum=1835850599814958496 out_csum=1835850599814958496 inorder=1 minseq=1 maxseq=1 endseq=1 ends=1 end_length=128. | [36m21824 ns[0m
[INFO][0m[92m[SYSTEM][0m             [V5_SUBFLOW] idx=0 source=0 tag=6 subflow=0 in=1 out=1 in_seqhash=4953161157630030899 out_seqhash=4953161157630030899 in_csum=14818637609989344672 out_csum=14818637609989344672 inorder=1 minseq=1 maxseq=1 endseq=1 ends=1 end_length=128. | [36m21824 ns[0m
[INFO][0m[92m[SYSTEM][0m             [V5_SUBFLOW] idx=0 source=0 tag=7 subflow=0 in=1 out=1 in_seqhash=4953161157630030899 out_seqhash=4953161157630030899 in_csum=10089330235668991392 out_csum=10089330235668991392 inorder=1 minseq=1 maxseq=1 endseq=1 ends=1 end_length=128. | [36m21824 ns[0m
[INFO][0m[92m[SYSTEM][0m             [V5_SUBFLOW] idx=0 source=0 tag=8 subflow=0 in=1 out=1 in_seqhash=4953161157630030899 out_seqhash=4953161157630030899 in_csum=14833344677522476448 out_csum=14833344677522476448 inorder=1 minseq=1 maxseq=1 endseq=1 ends=1 end_length=128. | [36m21824 ns[0m
[INFO][0m[92m[SYSTEM][0m             [V5_SUBFLOW] idx=0 source=0 tag=9 subflow=0 in=1 out=1 in_seqhash=4953161157630030899 out_seqhash=4953161157630030899 in_csum=9124504384249040288 out_csum=9124504384249040288 inorder=1 minseq=1 maxseq=1 endseq=1 ends=1 end_length=128. | [36m21824 ns[0m
[INFO][0m[92m[SYSTEM][0m             [V5_SUBFLOW] idx=0 source=0 tag=10 subflow=0 in=1 out=1 in_seqhash=4953161157630030899 out_seqhash=4953161157630030899 in_csum=3660547320713874848 out_csum=3660547320713874848 inorder=1 minseq=1 maxseq=1 endseq=1 ends=1 end_length=128. | [36m21824 ns[0m
[INFO][0m[92m[SYSTEM][0m             [V5_SUBFLOW] idx=0 source=0 tag=11 subflow=0 in=1 out=1 in_seqhash=4953161157630030899 out_seqhash=4953161157630030899 in_csum=17622867249841343904 out_csum=17622867249841343904 inorder=1 minseq=1 maxseq=1 endseq=1 ends=1 end_length=128. | [36m21824 ns[0m
[INFO][0m[92m[SYSTEM][0m             [V5_SUBFLOW] idx=0 source=0 tag=12 subflow=0 in=1 out=1 in_seqhash=4953161157630030899 out_seqhash=4953161157630030899 in_csum=11914026956567907744 out_csum=11914026956567907744 inorder=1 minseq=1 maxseq=1 endseq=1 ends=1 end_length=128. | [36m21824 ns[0m
[INFO][0m[92m[SYSTEM][0m             [V5_SUBFLOW] idx=0 source=0 tag=13 subflow=0 in=1 out=1 in_seqhash=4953161157630030899 out_seqhash=4953161157630030899 in_csum=6450069893032742304 out_csum=6450069893032742304 inorder=1 minseq=1 maxseq=1 endseq=1 ends=1 end_length=128. | [36m21824 ns[0m
[INFO][0m[92m[SYSTEM][0m             [V5_SUBFLOW] idx=0 source=0 tag=14 subflow=0 in=1 out=1 in_seqhash=4953161157630030899 out_seqhash=4953161157630030899 in_csum=1965645748450659744 out_csum=1965645748450659744 inorder=1 minseq=1 maxseq=1 endseq=1 ends=1 end_length=128. | [36m21824 ns[0m
[INFO][0m[92m[SYSTEM][0m             [V5_SUBFLOW] idx=0 source=0 tag=15 subflow=0 in=1 out=1 in_seqhash=4953161157630030899 out_seqhash=4953161157630030899 in_csum=14703549528886775200 out_csum=14703549528886775200 inorder=1 minseq=1 maxseq=1 endseq=1 ends=1 end_length=128. | [36m21824 ns[0m
[INFO][0m[92m[SYSTEM][0m             [V5_SUBFLOW] idx=0 source=0 tag=16 subflow=0 in=1 out=1 in_seqhash=4953161157630030899 out_seqhash=4953161157630030899 in_csum=11153878916042144 out_csum=11153878916042144 inorder=1 minseq=1 maxseq=1 endseq=1 ends=1 end_length=128. | [36m21824 ns[0m
[INFO][0m[92m[SYSTEM][0m             [V5_SUBFLOW] idx=0 source=0 tag=17 subflow=0 in=1 out=1 in_seqhash=4953161157630030899 out_seqhash=4953161157630030899 in_csum=12749057659352157600 out_csum=12749057659352157600 inorder=1 minseq=1 maxseq=1 endseq=1 ends=1 end_length=128. | [36m21824 ns[0m
[INFO][0m[92m[SYSTEM][0m             [V5_SUBFLOW] idx=0 source=0 tag=18 subflow=0 in=8 out=8 in_seqhash=705965812107161251 out_seqhash=705965812107161251 in_csum=17638816408747910642 out_csum=17638816408747910642 inorder=1 minseq=1 maxseq=8 endseq=8 ends=1 end_length=128. | [36m21824 ns[0m
[INFO][0m[92m[SYSTEM][0m             [V5_SUBFLOW] idx=0 source=0 tag=19 subflow=0 in=8 out=8 in_seqhash=705965812107161251 out_seqhash=705965812107161251 in_csum=4728825864425317874 out_csum=4728825864425317874 inorder=1 minseq=1 maxseq=8 endseq=8 ends=1 end_length=128. | [36m21824 ns[0m
[INFO][0m[92m[SYSTEM][0m             [V5_SUBFLOW] idx=0 source=0 tag=20 subflow=0 in=8 out=8 in_seqhash=705965812107161251 out_seqhash=705965812107161251 in_csum=10023651651329467890 out_csum=10023651651329467890 inorder=1 minseq=1 maxseq=8 endseq=8 ends=1 end_length=128. | [36m21824 ns[0m
[INFO][0m[92m[SYSTEM][0m             [V5_SUBFLOW] idx=0 source=0 tag=21 subflow=0 in=8 out=8 in_seqhash=705965812107161251 out_seqhash=705965812107161251 in_csum=9716703189226497522 out_csum=9716703189226497522 inorder=1 minseq=1 maxseq=8 endseq=8 ends=1 end_length=128. | [36m21824 ns[0m
[INFO][0m[92m[SYSTEM][0m             [V5_SUBFLOW] idx=0 source=0 tag=22 subflow=0 in=1 out=1 in_seqhash=4953161157630030899 out_seqhash=4953161157630030899 in_csum=5590199023553777056 out_csum=5590199023553777056 inorder=1 minseq=1 maxseq=1 endseq=1 ends=1 end_length=128. | [36m21824 ns[0m
[INFO][0m[92m[SYSTEM][0m             [V5_SUBFLOW] idx=0 source=0 tag=23 subflow=0 in=1 out=1 in_seqhash=4953161157630030899 out_seqhash=4953161157630030899 in_csum=18328102803989892512 out_csum=18328102803989892512 inorder=1 minseq=1 maxseq=1 endseq=1 ends=1 end_length=128. | [36m21824 ns[0m
[INFO][0m[92m[SYSTEM][0m             [V5_SUBFLOW] idx=0 source=0 tag=24 subflow=0 in=1 out=1 in_seqhash=4953161157630030899 out_seqhash=4953161157630030899 in_csum=4625373172133825952 out_csum=4625373172133825952 inorder=1 minseq=1 maxseq=1 endseq=1 ends=1 end_length=128. | [36m21824 ns[0m
[INFO][0m[92m[SYSTEM][0m             [V5_SUBFLOW] idx=0 source=0 tag=25 subflow=0 in=1 out=1 in_seqhash=4953161157630030899 out_seqhash=4953161157630030899 in_csum=18342809871523024288 out_csum=18342809871523024288 inorder=1 minseq=1 maxseq=1 endseq=1 ends=1 end_length=128. | [36m21824 ns[0m
[INFO][0m[92m[SYSTEM][0m             [V5_SUBFLOW] idx=0 source=0 tag=26 subflow=0 in=1 out=1 in_seqhash=4953161157630030899 out_seqhash=4953161157630030899 in_csum=12878852807987858848 out_csum=12878852807987858848 inorder=1 minseq=1 maxseq=1 endseq=1 ends=1 end_length=128. | [36m21824 ns[0m
[INFO][0m[92m[SYSTEM][0m             [V5_SUBFLOW] idx=0 source=0 tag=27 subflow=0 in=1 out=1 in_seqhash=4953161157630030899 out_seqhash=4953161157630030899 in_csum=7414895744452693408 out_csum=7414895744452693408 inorder=1 minseq=1 maxseq=1 endseq=1 ends=1 end_length=128. | [36m21824 ns[0m
[INFO][0m[92m[SYSTEM][0m             [V5_SUBFLOW] idx=0 source=0 tag=28 subflow=0 in=1 out=1 in_seqhash=4953161157630030899 out_seqhash=4953161157630030899 in_csum=2685588370132340128 out_csum=2685588370132340128 inorder=1 minseq=1 maxseq=1 endseq=1 ends=1 end_length=128. | [36m21824 ns[0m
[INFO][0m[92m[SYSTEM][0m             [V5_SUBFLOW] idx=0 source=0 tag=29 subflow=0 in=1 out=1 in_seqhash=4953161157630030899 out_seqhash=4953161157630030899 in_csum=15668375380306726304 out_csum=15668375380306726304 inorder=1 minseq=1 maxseq=1 endseq=1 ends=1 end_length=128. | [36m21824 ns[0m
[INFO][0m[92m[SYSTEM][0m             [V5_SUBFLOW] idx=0 source=0 tag=30 subflow=0 in=1 out=1 in_seqhash=4953161157630030899 out_seqhash=4953161157630030899 in_csum=10204418316771560864 out_csum=10204418316771560864 inorder=1 minseq=1 maxseq=1 endseq=1 ends=1 end_length=128. | [36m21824 ns[0m
[INFO][0m[92m[SYSTEM][0m             [V5_SUBFLOW] idx=0 source=0 tag=31 subflow=0 in=1 out=1 in_seqhash=4953161157630030899 out_seqhash=4953161157630030899 in_csum=5475110942451207584 out_csum=5475110942451207584 inorder=1 minseq=1 maxseq=1 endseq=1 ends=1 end_length=128. | [36m21824 ns[0m
[INFO][0m[92m[SYSTEM][0m             [V5_SUBFLOW] idx=0 source=0 tag=32 subflow=0 in=1 out=1 in_seqhash=4953161157630030899 out_seqhash=4953161157630030899 in_csum=10229258483466276256 out_csum=10229258483466276256 inorder=1 minseq=1 maxseq=1 endseq=1 ends=1 end_length=128. | [36m21824 ns[0m
[INFO][0m[92m[SYSTEM][0m             [V5_SUBFLOW] idx=0 source=0 tag=33 subflow=0 in=1 out=1 in_seqhash=4953161157630030899 out_seqhash=4953161157630030899 in_csum=5499951109145922976 out_csum=5499951109145922976 inorder=1 minseq=1 maxseq=1 endseq=1 ends=1 end_length=128. | [36m21824 ns[0m
[INFO][0m[92m[SYSTEM][0m             [V5_SUBFLOW] idx=0 source=0 tag=34 subflow=0 in=1 out=1 in_seqhash=4953161157630030899 out_seqhash=4953161157630030899 in_csum=35994045610757536 out_csum=35994045610757536 inorder=1 minseq=1 maxseq=1 endseq=1 ends=1 end_length=128. | [36m21824 ns[0m
[INFO][0m[92m[SYSTEM][0m             [V5_SUBFLOW] idx=0 source=0 tag=35 subflow=0 in=1 out=1 in_seqhash=4953161157630030899 out_seqhash=4953161157630030899 in_csum=13018781055785143712 out_csum=13018781055785143712 inorder=1 minseq=1 maxseq=1 endseq=1 ends=1 end_length=128. | [36m21824 ns[0m
[INFO][0m[92m[SYSTEM][0m             [V5_SUBFLOW] idx=0 source=0 tag=36 subflow=0 in=1 out=1 in_seqhash=4953161157630030899 out_seqhash=4953161157630030899 in_csum=8289473681464790432 out_csum=8289473681464790432 inorder=1 minseq=1 maxseq=1 endseq=1 ends=1 end_length=128. | [36m21824 ns[0m
[INFO][0m[92m[SYSTEM][0m             [V5_SUBFLOW] idx=0 source=0 tag=37 subflow=0 in=1 out=1 in_seqhash=4953161157630030899 out_seqhash=4953161157630030899 in_csum=2825516617929624992 out_csum=2825516617929624992 inorder=1 minseq=1 maxseq=1 endseq=1 ends=1 end_length=128. | [36m21824 ns[0m
[INFO][0m[92m[SYSTEM][0m             [V5_SUBFLOW] idx=0 source=0 tag=38 subflow=0 in=8 out=8 in_seqhash=705965812107161251 out_seqhash=705965812107161251 in_csum=10242216970745292274 out_csum=10242216970745292274 inorder=1 minseq=1 maxseq=8 endseq=8 ends=1 end_length=128. | [36m21824 ns[0m
[INFO][0m[92m[SYSTEM][0m             [V5_SUBFLOW] idx=0 source=0 tag=39 subflow=0 in=8 out=8 in_seqhash=705965812107161251 out_seqhash=705965812107161251 in_csum=17980949242939713010 out_csum=17980949242939713010 inorder=1 minseq=1 maxseq=8 endseq=8 ends=1 end_length=128. | [36m21824 ns[0m
[INFO][0m[92m[SYSTEM][0m             [V5_SUBFLOW] idx=0 source=0 tag=40 subflow=0 in=8 out=8 in_seqhash=705965812107161251 out_seqhash=705965812107161251 in_csum=5068284686338369010 out_csum=5068284686338369010 inorder=1 minseq=1 maxseq=8 endseq=8 ends=1 end_length=128. | [36m21824 ns[0m
[INFO][0m[92m[SYSTEM][0m             [V5_SUBFLOW] idx=1 source=16 tag=1 subflow=0 in=8 out=8 in_seqhash=705965812107161251 out_seqhash=705965812107161251 in_csum=15435989962506001502 out_csum=15435989962506001502 inorder=1 minseq=1 maxseq=8 endseq=8 ends=1 end_length=128. | [36m21824 ns[0m
[INFO][0m[92m[SYSTEM][0m             [V5_SUBFLOW] idx=1 source=16 tag=18 subflow=0 in=8 out=8 in_seqhash=705965812107161251 out_seqhash=705965812107161251 in_csum=5463472275135814750 out_csum=5463472275135814750 inorder=1 minseq=1 maxseq=8 endseq=8 ends=1 end_length=128. | [36m21824 ns[0m
[INFO][0m[92m[SYSTEM][0m             [V5_SUBFLOW] idx=1 source=16 tag=19 subflow=0 in=8 out=8 in_seqhash=705965812107161251 out_seqhash=705965812107161251 in_csum=14169493304796404830 out_csum=14169493304796404830 inorder=1 minseq=1 maxseq=8 endseq=8 ends=1 end_length=128. | [36m21824 ns[0m
[INFO][0m[92m[SYSTEM][0m             [V5_SUBFLOW] idx=1 source=16 tag=20 subflow=0 in=8 out=8 in_seqhash=705965812107161251 out_seqhash=705965812107161251 in_csum=9502497453445373022 out_csum=9502497453445373022 inorder=1 minseq=1 maxseq=8 endseq=8 ends=1 end_length=128. | [36m21824 ns[0m
[INFO][0m[92m[SYSTEM][0m             [V5_SUBFLOW] idx=1 source=16 tag=21 subflow=0 in=8 out=8 in_seqhash=705965812107161251 out_seqhash=705965812107161251 in_csum=11491118163906157662 out_csum=11491118163906157662 inorder=1 minseq=1 maxseq=8 endseq=8 ends=1 end_length=128. | [36m21824 ns[0m
[INFO][0m[92m[SYSTEM][0m             [V5_SUBFLOW] idx=1 source=16 tag=38 subflow=0 in=8 out=8 in_seqhash=705965812107161251 out_seqhash=705965812107161251 in_csum=16750337366256409694 out_csum=16750337366256409694 inorder=1 minseq=1 maxseq=8 endseq=8 ends=1 end_length=128. | [36m21824 ns[0m
[INFO][0m[92m[SYSTEM][0m             [V5_SUBFLOW] idx=1 source=16 tag=39 subflow=0 in=8 out=8 in_seqhash=705965812107161251 out_seqhash=705965812107161251 in_csum=11952596388223278174 out_csum=11952596388223278174 inorder=1 minseq=1 maxseq=8 endseq=8 ends=1 end_length=128. | [36m21824 ns[0m
[INFO][0m[92m[SYSTEM][0m             [V5_SUBFLOW] idx=1 source=16 tag=40 subflow=0 in=8 out=8 in_seqhash=705965812107161251 out_seqhash=705965812107161251 in_csum=12138792085317377118 out_csum=12138792085317377118 inorder=1 minseq=1 maxseq=8 endseq=8 ends=1 end_length=128. | [36m21824 ns[0m
[INFO][0m[92m[SYSTEM][0m             [V5_SUBFLOW] idx=2 source=0 tag=2 subflow=0 in=1 out=1 in_seqhash=4953161157630030899 out_seqhash=4953161157630030899 in_csum=17493072101205642656 out_csum=17493072101205642656 inorder=1 minseq=1 maxseq=1 endseq=1 ends=1 end_length=128. | [36m21824 ns[0m
[INFO][0m[92m[SYSTEM][0m             [V5_SUBFLOW] idx=2 source=0 tag=3 subflow=0 in=1 out=1 in_seqhash=4953161157630030899 out_seqhash=4953161157630030899 in_csum=12029115037670477216 out_csum=12029115037670477216 inorder=1 minseq=1 maxseq=1 endseq=1 ends=1 end_length=128. | [36m21824 ns[0m
[INFO][0m[92m[SYSTEM][0m             [V5_SUBFLOW] idx=2 source=0 tag=4 subflow=0 in=1 out=1 in_seqhash=4953161157630030899 out_seqhash=4953161157630030899 in_csum=7299807663350123936 out_csum=7299807663350123936 inorder=1 minseq=1 maxseq=1 endseq=1 ends=1 end_length=128. | [36m21824 ns[0m
[INFO][0m[92m[SYSTEM][0m             [V5_SUBFLOW] idx=2 source=0 tag=5 subflow=0 in=1 out=1 in_seqhash=4953161157630030899 out_seqhash=4953161157630030899 in_csum=1835850599814958496 out_csum=1835850599814958496 inorder=1 minseq=1 maxseq=1 endseq=1 ends=1 end_length=128. | [36m21824 ns[0m
[INFO][0m[92m[SYSTEM][0m             [V5_SUBFLOW] idx=2 source=0 tag=6 subflow=0 in=1 out=1 in_seqhash=4953161157630030899 out_seqhash=4953161157630030899 in_csum=14818637609989344672 out_csum=14818637609989344672 inorder=1 minseq=1 maxseq=1 endseq=1 ends=1 end_length=128. | [36m21824 ns[0m
[INFO][0m[92m[SYSTEM][0m             [V5_SUBFLOW] idx=2 source=0 tag=7 subflow=0 in=1 out=1 in_seqhash=4953161157630030899 out_seqhash=4953161157630030899 in_csum=10089330235668991392 out_csum=10089330235668991392 inorder=1 minseq=1 maxseq=1 endseq=1 ends=1 end_length=128. | [36m21824 ns[0m
[INFO][0m[92m[SYSTEM][0m             [V5_SUBFLOW] idx=2 source=0 tag=8 subflow=0 in=1 out=1 in_seqhash=4953161157630030899 out_seqhash=4953161157630030899 in_csum=14833344677522476448 out_csum=14833344677522476448 inorder=1 minseq=1 maxseq=1 endseq=1 ends=1 end_length=128. | [36m21824 ns[0m
[INFO][0m[92m[SYSTEM][0m             [V5_SUBFLOW] idx=2 source=0 tag=9 subflow=0 in=1 out=1 in_seqhash=4953161157630030899 out_seqhash=4953161157630030899 in_csum=9124504384249040288 out_csum=9124504384249040288 inorder=1 minseq=1 maxseq=1 endseq=1 ends=1 end_length=128. | [36m21824 ns[0m
[INFO][0m[92m[SYSTEM][0m             [V5_SUBFLOW] idx=2 source=0 tag=10 subflow=0 in=1 out=1 in_seqhash=4953161157630030899 out_seqhash=4953161157630030899 in_csum=3660547320713874848 out_csum=3660547320713874848 inorder=1 minseq=1 maxseq=1 endseq=1 ends=1 end_length=128. | [36m21824 ns[0m
[INFO][0m[92m[SYSTEM][0m             [V5_SUBFLOW] idx=2 source=0 tag=11 subflow=0 in=1 out=1 in_seqhash=4953161157630030899 out_seqhash=4953161157630030899 in_csum=17622867249841343904 out_csum=17622867249841343904 inorder=1 minseq=1 maxseq=1 endseq=1 ends=1 end_length=128. | [36m21824 ns[0m
[INFO][0m[92m[SYSTEM][0m             [V5_SUBFLOW] idx=2 source=0 tag=12 subflow=0 in=1 out=1 in_seqhash=4953161157630030899 out_seqhash=4953161157630030899 in_csum=11914026956567907744 out_csum=11914026956567907744 inorder=1 minseq=1 maxseq=1 endseq=1 ends=1 end_length=128. | [36m21824 ns[0m
[INFO][0m[92m[SYSTEM][0m             [V5_SUBFLOW] idx=2 source=0 tag=13 subflow=0 in=1 out=1 in_seqhash=4953161157630030899 out_seqhash=4953161157630030899 in_csum=6450069893032742304 out_csum=6450069893032742304 inorder=1 minseq=1 maxseq=1 endseq=1 ends=1 end_length=128. | [36m21824 ns[0m
[INFO][0m[92m[SYSTEM][0m             [V5_SUBFLOW] idx=2 source=0 tag=14 subflow=0 in=1 out=1 in_seqhash=4953161157630030899 out_seqhash=4953161157630030899 in_csum=1965645748450659744 out_csum=1965645748450659744 inorder=1 minseq=1 maxseq=1 endseq=1 ends=1 end_length=128. | [36m21824 ns[0m
[INFO][0m[92m[SYSTEM][0m             [V5_SUBFLOW] idx=2 source=0 tag=15 subflow=0 in=1 out=1 in_seqhash=4953161157630030899 out_seqhash=4953161157630030899 in_csum=14703549528886775200 out_csum=14703549528886775200 inorder=1 minseq=1 maxseq=1 endseq=1 ends=1 end_length=128. | [36m21824 ns[0m
[INFO][0m[92m[SYSTEM][0m             [V5_SUBFLOW] idx=2 source=0 tag=16 subflow=0 in=1 out=1 in_seqhash=4953161157630030899 out_seqhash=4953161157630030899 in_csum=11153878916042144 out_csum=11153878916042144 inorder=1 minseq=1 maxseq=1 endseq=1 ends=1 end_length=128. | [36m21824 ns[0m
[INFO][0m[92m[SYSTEM][0m             [V5_SUBFLOW] idx=2 source=0 tag=17 subflow=0 in=1 out=1 in_seqhash=4953161157630030899 out_seqhash=4953161157630030899 in_csum=12749057659352157600 out_csum=12749057659352157600 inorder=1 minseq=1 maxseq=1 endseq=1 ends=1 end_length=128. | [36m21824 ns[0m
[INFO][0m[92m[SYSTEM][0m             [V5_SUBFLOW] idx=2 source=0 tag=22 subflow=0 in=1 out=1 in_seqhash=4953161157630030899 out_seqhash=4953161157630030899 in_csum=5590199023553777056 out_csum=5590199023553777056 inorder=1 minseq=1 maxseq=1 endseq=1 ends=1 end_length=128. | [36m21824 ns[0m
[INFO][0m[92m[SYSTEM][0m             [V5_SUBFLOW] idx=2 source=0 tag=23 subflow=0 in=1 out=1 in_seqhash=4953161157630030899 out_seqhash=4953161157630030899 in_csum=18328102803989892512 out_csum=18328102803989892512 inorder=1 minseq=1 maxseq=1 endseq=1 ends=1 end_length=128. | [36m21824 ns[0m
[INFO][0m[92m[SYSTEM][0m             [V5_SUBFLOW] idx=2 source=0 tag=24 subflow=0 in=1 out=1 in_seqhash=4953161157630030899 out_seqhash=4953161157630030899 in_csum=4625373172133825952 out_csum=4625373172133825952 inorder=1 minseq=1 maxseq=1 endseq=1 ends=1 end_length=128. | [36m21824 ns[0m
[INFO][0m[92m[SYSTEM][0m             [V5_SUBFLOW] idx=2 source=0 tag=25 subflow=0 in=1 out=1 in_seqhash=4953161157630030899 out_seqhash=4953161157630030899 in_csum=18342809871523024288 out_csum=18342809871523024288 inorder=1 minseq=1 maxseq=1 endseq=1 ends=1 end_length=128. | [36m21824 ns[0m
[INFO][0m[92m[SYSTEM][0m             [V5_SUBFLOW] idx=2 source=0 tag=26 subflow=0 in=1 out=1 in_seqhash=4953161157630030899 out_seqhash=4953161157630030899 in_csum=12878852807987858848 out_csum=12878852807987858848 inorder=1 minseq=1 maxseq=1 endseq=1 ends=1 end_length=128. | [36m21824 ns[0m
[INFO][0m[92m[SYSTEM][0m             [V5_SUBFLOW] idx=2 source=0 tag=27 subflow=0 in=1 out=1 in_seqhash=4953161157630030899 out_seqhash=4953161157630030899 in_csum=7414895744452693408 out_csum=7414895744452693408 inorder=1 minseq=1 maxseq=1 endseq=1 ends=1 end_length=128. | [36m21824 ns[0m
[INFO][0m[92m[SYSTEM][0m             [V5_SUBFLOW] idx=2 source=0 tag=28 subflow=0 in=1 out=1 in_seqhash=4953161157630030899 out_seqhash=4953161157630030899 in_csum=2685588370132340128 out_csum=2685588370132340128 inorder=1 minseq=1 maxseq=1 endseq=1 ends=1 end_length=128. | [36m21824 ns[0m
[INFO][0m[92m[SYSTEM][0m             [V5_SUBFLOW] idx=2 source=0 tag=29 subflow=0 in=1 out=1 in_seqhash=4953161157630030899 out_seqhash=4953161157630030899 in_csum=15668375380306726304 out_csum=15668375380306726304 inorder=1 minseq=1 maxseq=1 endseq=1 ends=1 end_length=128. | [36m21824 ns[0m
[INFO][0m[92m[SYSTEM][0m             [V5_SUBFLOW] idx=2 source=0 tag=30 subflow=0 in=1 out=1 in_seqhash=4953161157630030899 out_seqhash=4953161157630030899 in_csum=10204418316771560864 out_csum=10204418316771560864 inorder=1 minseq=1 maxseq=1 endseq=1 ends=1 end_length=128. | [36m21824 ns[0m
[INFO][0m[92m[SYSTEM][0m             [V5_SUBFLOW] idx=2 source=0 tag=31 subflow=0 in=1 out=1 in_seqhash=4953161157630030899 out_seqhash=4953161157630030899 in_csum=5475110942451207584 out_csum=5475110942451207584 inorder=1 minseq=1 maxseq=1 endseq=1 ends=1 end_length=128. | [36m21824 ns[0m
[INFO][0m[92m[SYSTEM][0m             [V5_SUBFLOW] idx=2 source=0 tag=32 subflow=0 in=1 out=1 in_seqhash=4953161157630030899 out_seqhash=4953161157630030899 in_csum=10229258483466276256 out_csum=10229258483466276256 inorder=1 minseq=1 maxseq=1 endseq=1 ends=1 end_length=128. | [36m21824 ns[0m
[INFO][0m[92m[SYSTEM][0m             [V5_SUBFLOW] idx=2 source=0 tag=33 subflow=0 in=1 out=1 in_seqhash=4953161157630030899 out_seqhash=4953161157630030899 in_csum=5499951109145922976 out_csum=5499951109145922976 inorder=1 minseq=1 maxseq=1 endseq=1 ends=1 end_length=128. | [36m21824 ns[0m
[INFO][0m[92m[SYSTEM][0m             [V5_SUBFLOW] idx=2 source=0 tag=34 subflow=0 in=1 out=1 in_seqhash=4953161157630030899 out_seqhash=4953161157630030899 in_csum=35994045610757536 out_csum=35994045610757536 inorder=1 minseq=1 maxseq=1 endseq=1 ends=1 end_length=128. | [36m21824 ns[0m
[INFO][0m[92m[SYSTEM][0m             [V5_SUBFLOW] idx=2 source=0 tag=35 subflow=0 in=1 out=1 in_seqhash=4953161157630030899 out_seqhash=4953161157630030899 in_csum=13018781055785143712 out_csum=13018781055785143712 inorder=1 minseq=1 maxseq=1 endseq=1 ends=1 end_length=128. | [36m21824 ns[0m
[INFO][0m[92m[SYSTEM][0m             [V5_SUBFLOW] idx=2 source=0 tag=36 subflow=0 in=1 out=1 in_seqhash=4953161157630030899 out_seqhash=4953161157630030899 in_csum=8289473681464790432 out_csum=8289473681464790432 inorder=1 minseq=1 maxseq=1 endseq=1 ends=1 end_length=128. | [36m21824 ns[0m
[INFO][0m[92m[SYSTEM][0m             [V5_SUBFLOW] idx=2 source=0 tag=37 subflow=0 in=1 out=1 in_seqhash=4953161157630030899 out_seqhash=4953161157630030899 in_csum=2825516617929624992 out_csum=2825516617929624992 inorder=1 minseq=1 maxseq=1 endseq=1 ends=1 end_length=128. | [36m21824 ns[0m
[INFO][0m[92m[SYSTEM][0m             [V5_SUBFLOW] idx=2 source=16 tag=2 subflow=0 in=1 out=1 in_seqhash=4953161157630030899 out_seqhash=4953161157630030899 in_csum=539541783994469110 out_csum=539541783994469110 inorder=1 minseq=1 maxseq=1 endseq=1 ends=1 end_length=128. | [36m21824 ns[0m
[INFO][0m[92m[SYSTEM][0m             [V5_SUBFLOW] idx=2 source=16 tag=3 subflow=0 in=1 out=1 in_seqhash=4953161157630030899 out_seqhash=4953161157630030899 in_csum=13522328794168855286 out_csum=13522328794168855286 inorder=1 minseq=1 maxseq=1 endseq=1 ends=1 end_length=128. | [36m21824 ns[0m
[INFO][0m[92m[SYSTEM][0m             [V5_SUBFLOW] idx=2 source=16 tag=4 subflow=0 in=1 out=1 in_seqhash=4953161157630030899 out_seqhash=4953161157630030899 in_csum=8058371730633689846 out_csum=8058371730633689846 inorder=1 minseq=1 maxseq=1 endseq=1 ends=1 end_length=128. | [36m21824 ns[0m
[INFO][0m[92m[SYSTEM][0m             [V5_SUBFLOW] idx=2 source=16 tag=5 subflow=0 in=1 out=1 in_seqhash=4953161157630030899 out_seqhash=4953161157630030899 in_csum=3329064356313336566 out_csum=3329064356313336566 inorder=1 minseq=1 maxseq=1 endseq=1 ends=1 end_length=128. | [36m21824 ns[0m
[INFO][0m[92m[SYSTEM][0m             [V5_SUBFLOW] idx=2 source=16 tag=6 subflow=0 in=1 out=1 in_seqhash=4953161157630030899 out_seqhash=4953161157630030899 in_csum=16311851366487722742 out_csum=16311851366487722742 inorder=1 minseq=1 maxseq=1 endseq=1 ends=1 end_length=128. | [36m21824 ns[0m
[INFO][0m[92m[SYSTEM][0m             [V5_SUBFLOW] idx=2 source=16 tag=7 subflow=0 in=1 out=1 in_seqhash=4953161157630030899 out_seqhash=4953161157630030899 in_csum=11582543992167369462 out_csum=11582543992167369462 inorder=1 minseq=1 maxseq=1 endseq=1 ends=1 end_length=128. | [36m21824 ns[0m
[INFO][0m[92m[SYSTEM][0m             [V5_SUBFLOW] idx=2 source=16 tag=8 subflow=0 in=1 out=1 in_seqhash=4953161157630030899 out_seqhash=4953161157630030899 in_csum=15347025515067771638 out_csum=15347025515067771638 inorder=1 minseq=1 maxseq=1 endseq=1 ends=1 end_length=128. | [36m21824 ns[0m
[INFO][0m[92m[SYSTEM][0m             [V5_SUBFLOW] idx=2 source=16 tag=9 subflow=0 in=1 out=1 in_seqhash=4953161157630030899 out_seqhash=4953161157630030899 in_csum=10862601370485689078 out_csum=10862601370485689078 inorder=1 minseq=1 maxseq=1 endseq=1 ends=1 end_length=128. | [36m21824 ns[0m
[INFO][0m[92m[SYSTEM][0m             [V5_SUBFLOW] idx=2 source=16 tag=10 subflow=0 in=1 out=1 in_seqhash=4953161157630030899 out_seqhash=4953161157630030899 in_csum=5153761077212252918 out_csum=5153761077212252918 inorder=1 minseq=1 maxseq=1 endseq=1 ends=1 end_length=128. | [36m21824 ns[0m
[INFO][0m[92m[SYSTEM][0m             [V5_SUBFLOW] idx=2 source=16 tag=11 subflow=0 in=1 out=1 in_seqhash=4953161157630030899 out_seqhash=4953161157630030899 in_csum=18136548087386639094 out_csum=18136548087386639094 inorder=1 minseq=1 maxseq=1 endseq=1 ends=1 end_length=128. | [36m21824 ns[0m
[INFO][0m[92m[SYSTEM][0m             [V5_SUBFLOW] idx=2 source=16 tag=12 subflow=0 in=1 out=1 in_seqhash=4953161157630030899 out_seqhash=4953161157630030899 in_csum=13652123942804556534 out_csum=13652123942804556534 inorder=1 minseq=1 maxseq=1 endseq=1 ends=1 end_length=128. | [36m21824 ns[0m
[INFO][0m[92m[SYSTEM][0m             [V5_SUBFLOW] idx=2 source=16 tag=13 subflow=0 in=1 out=1 in_seqhash=4953161157630030899 out_seqhash=4953161157630030899 in_csum=7943283649531120374 out_csum=7943283649531120374 inorder=1 minseq=1 maxseq=1 endseq=1 ends=1 end_length=128. | [36m21824 ns[0m
[INFO][0m[92m[SYSTEM][0m             [V5_SUBFLOW] idx=2 source=16 tag=14 subflow=0 in=1 out=1 in_seqhash=4953161157630030899 out_seqhash=4953161157630030899 in_csum=2479326585995954934 out_csum=2479326585995954934 inorder=1 minseq=1 maxseq=1 endseq=1 ends=1 end_length=128. | [36m21824 ns[0m
[INFO][0m[92m[SYSTEM][0m             [V5_SUBFLOW] idx=2 source=16 tag=15 subflow=0 in=1 out=1 in_seqhash=4953161157630030899 out_seqhash=4953161157630030899 in_csum=16196763285385153270 out_csum=16196763285385153270 inorder=1 minseq=1 maxseq=1 endseq=1 ends=1 end_length=128. | [36m21824 ns[0m
[INFO][0m[92m[SYSTEM][0m             [V5_SUBFLOW] idx=2 source=16 tag=16 subflow=0 in=1 out=1 in_seqhash=4953161157630030899 out_seqhash=4953161157630030899 in_csum=1504367635414420214 out_csum=1504367635414420214 inorder=1 minseq=1 maxseq=1 endseq=1 ends=1 end_length=128. | [36m21824 ns[0m
[INFO][0m[92m[SYSTEM][0m             [V5_SUBFLOW] idx=2 source=16 tag=17 subflow=0 in=1 out=1 in_seqhash=4953161157630030899 out_seqhash=4953161157630030899 in_csum=14487154645588806390 out_csum=14487154645588806390 inorder=1 minseq=1 maxseq=1 endseq=1 ends=1 end_length=128. | [36m21824 ns[0m
[INFO][0m[92m[SYSTEM][0m             [V5_SUBFLOW] idx=2 source=16 tag=22 subflow=0 in=1 out=1 in_seqhash=4953161157630030899 out_seqhash=4953161157630030899 in_csum=7083412780052155126 out_csum=7083412780052155126 inorder=1 minseq=1 maxseq=1 endseq=1 ends=1 end_length=128. | [36m21824 ns[0m
[INFO][0m[92m[SYSTEM][0m             [V5_SUBFLOW] idx=2 source=16 tag=23 subflow=0 in=1 out=1 in_seqhash=4953161157630030899 out_seqhash=4953161157630030899 in_csum=1374572486778718966 out_csum=1374572486778718966 inorder=1 minseq=1 maxseq=1 endseq=1 ends=1 end_length=128. | [36m21824 ns[0m
[INFO][0m[92m[SYSTEM][0m             [V5_SUBFLOW] idx=2 source=16 tag=24 subflow=0 in=1 out=1 in_seqhash=4953161157630030899 out_seqhash=4953161157630030899 in_csum=6118586928632204022 out_csum=6118586928632204022 inorder=1 minseq=1 maxseq=1 endseq=1 ends=1 end_length=128. | [36m21824 ns[0m
[INFO][0m[92m[SYSTEM][0m             [V5_SUBFLOW] idx=2 source=16 tag=25 subflow=0 in=1 out=1 in_seqhash=4953161157630030899 out_seqhash=4953161157630030899 in_csum=654629865097038582 out_csum=654629865097038582 inorder=1 minseq=1 maxseq=1 endseq=1 ends=1 end_length=128. | [36m21824 ns[0m
[INFO][0m[92m[SYSTEM][0m             [V5_SUBFLOW] idx=2 source=16 tag=26 subflow=0 in=1 out=1 in_seqhash=4953161157630030899 out_seqhash=4953161157630030899 in_csum=14372066564486236918 out_csum=14372066564486236918 inorder=1 minseq=1 maxseq=1 endseq=1 ends=1 end_length=128. | [36m21824 ns[0m
[INFO][0m[92m[SYSTEM][0m             [V5_SUBFLOW] idx=2 source=16 tag=27 subflow=0 in=1 out=1 in_seqhash=4953161157630030899 out_seqhash=4953161157630030899 in_csum=8908109500951071478 out_csum=8908109500951071478 inorder=1 minseq=1 maxseq=1 endseq=1 ends=1 end_length=128. | [36m21824 ns[0m
[INFO][0m[92m[SYSTEM][0m             [V5_SUBFLOW] idx=2 source=16 tag=28 subflow=0 in=1 out=1 in_seqhash=4953161157630030899 out_seqhash=4953161157630030899 in_csum=3444152437415906038 out_csum=3444152437415906038 inorder=1 minseq=1 maxseq=1 endseq=1 ends=1 end_length=128. | [36m21824 ns[0m
[INFO][0m[92m[SYSTEM][0m             [V5_SUBFLOW] idx=2 source=16 tag=29 subflow=0 in=1 out=1 in_seqhash=4953161157630030899 out_seqhash=4953161157630030899 in_csum=17161589136805104374 out_csum=17161589136805104374 inorder=1 minseq=1 maxseq=1 endseq=1 ends=1 end_length=128. | [36m21824 ns[0m
[INFO][0m[92m[SYSTEM][0m             [V5_SUBFLOW] idx=2 source=16 tag=30 subflow=0 in=1 out=1 in_seqhash=4953161157630030899 out_seqhash=4953161157630030899 in_csum=11697632073269938934 out_csum=11697632073269938934 inorder=1 minseq=1 maxseq=1 endseq=1 ends=1 end_length=128. | [36m21824 ns[0m
[INFO][0m[92m[SYSTEM][0m             [V5_SUBFLOW] idx=2 source=16 tag=31 subflow=0 in=1 out=1 in_seqhash=4953161157630030899 out_seqhash=4953161157630030899 in_csum=5988791779996502774 out_csum=5988791779996502774 inorder=1 minseq=1 maxseq=1 endseq=1 ends=1 end_length=128. | [36m21824 ns[0m
[INFO][0m[92m[SYSTEM][0m             [V5_SUBFLOW] idx=2 source=16 tag=32 subflow=0 in=1 out=1 in_seqhash=4953161157630030899 out_seqhash=4953161157630030899 in_csum=11722472239964654326 out_csum=11722472239964654326 inorder=1 minseq=1 maxseq=1 endseq=1 ends=1 end_length=128. | [36m21824 ns[0m
[INFO][0m[92m[SYSTEM][0m             [V5_SUBFLOW] idx=2 source=16 tag=33 subflow=0 in=1 out=1 in_seqhash=4953161157630030899 out_seqhash=4953161157630030899 in_csum=6258515176429488886 out_csum=6258515176429488886 inorder=1 minseq=1 maxseq=1 endseq=1 ends=1 end_length=128. | [36m21824 ns[0m
[INFO][0m[92m[SYSTEM][0m             [V5_SUBFLOW] idx=2 source=16 tag=34 subflow=0 in=1 out=1 in_seqhash=4953161157630030899 out_seqhash=4953161157630030899 in_csum=1529207802109135606 out_csum=1529207802109135606 inorder=1 minseq=1 maxseq=1 endseq=1 ends=1 end_length=128. | [36m21824 ns[0m
[INFO][0m[92m[SYSTEM][0m             [V5_SUBFLOW] idx=2 source=16 tag=35 subflow=0 in=1 out=1 in_seqhash=4953161157630030899 out_seqhash=4953161157630030899 in_csum=14511994812283521782 out_csum=14511994812283521782 inorder=1 minseq=1 maxseq=1 endseq=1 ends=1 end_length=128. | [36m21824 ns[0m
[INFO][0m[92m[SYSTEM][0m             [V5_SUBFLOW] idx=2 source=16 tag=36 subflow=0 in=1 out=1 in_seqhash=4953161157630030899 out_seqhash=4953161157630030899 in_csum=9048037748748356342 out_csum=9048037748748356342 inorder=1 minseq=1 maxseq=1 endseq=1 ends=1 end_length=128. | [36m21824 ns[0m
[INFO][0m[92m[SYSTEM][0m             [V5_SUBFLOW] idx=2 source=16 tag=37 subflow=0 in=1 out=1 in_seqhash=4953161157630030899 out_seqhash=4953161157630030899 in_csum=4318730374428003062 out_csum=4318730374428003062 inorder=1 minseq=1 maxseq=1 endseq=1 ends=1 end_length=128. | [36m21824 ns[0m
[INFO][0m[92m[SYSTEM][0m             [D2D_REPIN] total=650 changed=495 same=155.                                                                    | [36m21824 ns[0m
[INFO][0m[92m[SYSTEM][0m             [D2D_LINK] idx=0 die0->die1 dir=E req_in=40 req_out=40 ack_in=16 ack_out=16 data_in=96 data_out=96.            | [36m21824 ns[0m
[INFO][0m[92m[SYSTEM][0m             [D2D_LINK] idx=1 die1->die0 dir=W req_in=8 req_out=8 ack_in=80 ack_out=80 data_in=64 data_out=64.              | [36m21824 ns[0m
[INFO][0m[92m[SYSTEM][0m             [D2D_LINK] idx=2 die1->die2 dir=E req_in=64 req_out=64 ack_in=0 ack_out=0 data_in=64 data_out=64.              | [36m21824 ns[0m
[INFO][0m[92m[SYSTEM][0m             [D2D_LINK] idx=3 die2->die1 dir=W req_in=0 req_out=0 ack_in=128 ack_out=128 data_in=0 data_out=0.              | [36m21824 ns[0m
[INFO][0m[92m[SYSTEM][0m             [SAF] reserved_packets=0 group_reserved_packets=0.                                                             | [36m21824 ns[0m
[INFO][0m[92m[SYSTEM][0m             [DIE_ACT] router_pkts=4481,4555,4732 mesh_pkts=4139,4057,4418.                                                 | [36m21824 ns[0m
[INFO][0m[92m[SYSTEM][0m             [NOC_ACT] sends=1036,748,252 stalls=0,0,0 d2d_source_stalls=0.                                                 | [36m21824 ns[0m
[INFO][0m[92m[SYSTEM][0m             [FLOW_DONE] .                                                                                                  | [36m21824 ns[0m
[INFO][0m[92m[SYSTEM][0m             [SAF_ADMIT] success=0 reject=0.                                                                                | [36m21824 ns[0m
[INFO][0m[92m[SYSTEM][0m             [P5 P2P STATS] core=0 source_read_bytes=1536 sram_source_read_bytes=1536 hbm_source_read_bytes=0 wire_bytes=1536 wire_fragments=96 noc_rx_write_bytes=1024 tx_local_completions=40 rx_local_completions=8 admission_requests_sent=40 admission_requests_received=8 admission_acks_sent=8 admission_acks_received=40 duplicate_requests_suppressed=0 request_conflicts_rejected=0 request_aborts=0 completion_acks_sent=8 completion_acks_received=40 source_checksum=136799451 wire_checksum=136799451 destination_checksum=136799451. | [36m21824 ns[0m
[INFO][0m[92m[SYSTEM][0m             [P5 P2P DRAIN] core=0 residual=0.                                                                              | [36m21824 ns[0m
[INFO][0m[92m[SYSTEM][0m             [P5 P2P STATS] core=16 source_read_bytes=1536 sram_source_read_bytes=1536 hbm_source_read_bytes=0 wire_bytes=1536 wire_fragments=96 noc_rx_write_bytes=1024 tx_local_completions=40 rx_local_completions=8 admission_requests_sent=40 admission_requests_received=8 admission_acks_sent=8 admission_acks_received=40 duplicate_requests_suppressed=0 request_conflicts_rejected=0 request_aborts=0 completion_acks_sent=8 completion_acks_received=40 source_checksum=136799451 wire_checksum=136799451 destination_checksum=136799451. | [36m21824 ns[0m
[INFO][0m[92m[SYSTEM][0m             [P5 P2P DRAIN] core=16 residual=0.                                                                             | [36m21824 ns[0m
[INFO][0m[92m[SYSTEM][0m             [P5 P2P STATS] core=32 source_read_bytes=0 sram_source_read_bytes=0 hbm_source_read_bytes=0 wire_bytes=0 wire_fragments=0 noc_rx_write_bytes=1024 tx_local_completions=0 rx_local_completions=64 admission_requests_sent=0 admission_requests_received=64 admission_acks_sent=64 admission_acks_received=0 duplicate_requests_suppressed=0 request_conflicts_rejected=0 request_aborts=0 completion_acks_sent=64 completion_acks_received=0 source_checksum=0 wire_checksum=0 destination_checksum=1114675946. | [36m21824 ns[0m
[INFO][0m[92m[SYSTEM][0m             [P5 P2P DRAIN] core=32 residual=0.                                                                             | [36m21824 ns[0m
[INFO][0m[92m[SYSTEM][0m             [P5 P2P TIMING DRAIN] residual=0.                                                                              | [36m21824 ns[0m
[INFO][0m[92m[SYSTEM][0m             [COLL_DRAIN] tree_entries=0 reduce_nodes=0 barriers=0 gather=0 reduce_rx=0 endpoints=0 dte_tokens=0 event=0.   | [36m21824 ns[0m
[INFO][0m[92m[SYSTEM][0m             [DRAIN] router_residual=0.                                                                                     | [36m21824 ns[0m
[INFO][0m[92m[SYSTEM][0m             [CREDIT] data_balanced=1 ctrl_balanced=1.                                                                      | [36m21824 ns[0m
[INFO][0m[92m[SYSTEM][0m             [DRAIN] d2d_link_residual=0.                                                                                   | [36m21824 ns[0m
[INFO][0m[92m[SYSTEM][0m             [START_DATA] enqueued=3 injected=3 accepted=3 delivered=3 consumed=3 completed=3.                              | [36m21824 ns[0m
[INFO][0m[92m[SYSTEM][0m             [LOCK] max_output_ref=1.                                                                                       | [36m21824 ns[0m
[INFO][0m[92m[SYSTEM][0m             [HOSTLANE] done_total=3 ack_total=6 mismatch=0 per_lane_done=1,0,0,0,1,0,0,0,1,0,0,0.                          | [36m21824 ns[0m
[INFO][0m[92m[SYSTEM][0m             [HOSTSIG] done=0:1,16:1,32:1, ack=0:0:2,16:0:1,16:16:1,32:0:1,32:32:1,.                                        | [36m21824 ns[0m
[INFO][0m[92m[SYSTEM][0m             Total Real-time Cost: 0.459853s.                                                                               | [36m21824 ns[0m
[INFO][0m[92m[SYSTEM][0m             Cleanup monitor components.                                                                                    | [36m21824 ns[0m
[INFO][0m[92m[SYSTEM][0m             Cleanup memory interface components.                                                                           | [36m21824 ns[0m
