[PROGRAM_IO] phase=resolved mode=timing initializations=432 probes=4 checksum=fe6ed061db11e54c182e64ca97c5a1741a5006df2d16e66e9d542ae13661edfe pass=1
===========================================================================
Memory Configuration:

 Memory type:                    HBM2
 Memory size in bytes:           1073741824
 Channels:                       1
 Pseudo channels per channel:    2
 Bank groups per pseudo channel: 4
 Banks per pseudo channel:       16
 Rows per bank:                  32768
 Columns per row:                128
 Pseudo channel width in bits:   64
 Pseudo channel size in bits:    4294967296
 Pseudo channel size in bytes:   536870912

===========================================================================
Memory Configuration:

 Memory type:                    HBM2
 Memory size in bytes:           1073741824
 Channels:                       1
 Pseudo channels per channel:    2
 Bank groups per pseudo channel: 4
 Banks per pseudo channel:       16
 Rows per bank:                  32768
 Columns per row:                128
 Pseudo channel width in bits:   64
 Pseudo channel size in bits:    4294967296
 Pseudo channel size in bytes:   536870912

===========================================================================
Memory Configuration:

 Memory type:                    HBM2
 Memory size in bytes:           1073741824
 Channels:                       1
 Pseudo channels per channel:    2
 Bank groups per pseudo channel: 4
 Banks per pseudo channel:       16
 Rows per bank:                  32768
 Columns per row:                128
 Pseudo channel width in bits:   64
 Pseudo channel size in bits:    4294967296
 Pseudo channel size in bytes:   536870912

===========================================================================
Memory Configuration:

 Memory type:                    HBM2
 Memory size in bytes:           1073741824
 Channels:                       1
 Pseudo channels per channel:    2
 Bank groups per pseudo channel: 4
 Banks per pseudo channel:       16
 Rows per bank:                  32768
 Columns per row:                128
 Pseudo channel width in bits:   64
 Pseudo channel size in bits:    4294967296
 Pseudo channel size in bytes:   536870912

Loaded Program Format 1.0, ISA 1.1, capabilities=0x0
[INFO][0m[92m[SYSTEM][0m             Address mapping with n=8 saved to ../DRAMSys/configs/addressmapping/am_ddr4_8x4Gbx8_df.json.                   | [36m0 s[0m
[INFO][0m[92m[SYSTEM][0m             Address mapping with n=8 saved to ../DRAMSys/configs/addressmapping/am_hbm2_gpu.json.                          | [36m0 s[0m
===========================================================================
Memory Configuration:

 Memory type:           DDR4
 Memory size in bytes:  4294967296
 Channels:              1
 Ranks per channel:     1
 Bank groups per rank:  4
 Banks per rank:        16
 Rows per bank:         32768
 Columns per row:       1024
 Device width in bits:  8
 Device size in bits:   4294967296
 Device size in bytes:  536870912
 Devices per rank:      8

===========================================================================
===========================================================================
Memory Configuration:

 Memory type:                    HBM2
 Memory size in bytes:           1073741824
 Channels:                       1
 Pseudo channels per channel:    2
 Bank groups per pseudo channel: 4
 Banks per pseudo channel:       16
 Rows per bank:                  32768
 Columns per row:                128
 Pseudo channel width in bits:   64
 Pseudo channel size in bits:    4294967296
 Pseudo channel size in bytes:   536870912

===========================================================================
Memory Configuration:

 Memory type:                    HBM2
 Memory size in bytes:           1073741824
 Channels:                       1
 Pseudo channels per channel:    2
 Bank groups per pseudo channel: 4
 Banks per pseudo channel:       16
 Rows per bank:                  32768
 Columns per row:                128
 Pseudo channel width in bits:   64
 Pseudo channel size in bits:    4294967296
 Pseudo channel size in bytes:   536870912

===========================================================================
Memory Configuration:

 Memory type:                    HBM2
 Memory size in bytes:           1073741824
 Channels:                       1
 Pseudo channels per channel:    2
 Bank groups per pseudo channel: 4
 Banks per pseudo channel:       16
 Rows per bank:                  32768
 Columns per row:                128
 Pseudo channel width in bits:   64
 Pseudo channel size in bits:    4294967296
 Pseudo channel size in bytes:   536870912

===========================================================================
Memory Configuration:

 Memory type:                    HBM2
 Memory size in bytes:           1073741824
 Channels:                       1
 Pseudo channels per channel:    2
 Bank groups per pseudo channel: 4
 Banks per pseudo channel:       16
 Rows per bank:                  32768
 Columns per row:                128
 Pseudo channel width in bits:   64
 Pseudo channel size in bits:    4294967296
 Pseudo channel size in bytes:   536870912

[INFO][0m[92m[GLOBAL_MEMORY][0m      Global link not initialized.                                                                                   | [36m0 s[0m
[INFO][0m[92m[SYSTEM][0m             Instantiated cores=16 routers=16 workers=16 dies=4 (CORES_PER_DIE=4, GRID=2x2, expect 16).                     | [36m0 s[0m
[INFO][0m[92m[SYSTEM][0m             [D2D] link_sites=8 link_units=8.                                                                               | [36m0 s[0m
[INFO][0m[92m[SYSTEM][0m             Components initialize complete, prepare to start..                                                             | [36m0 s[0m
[PROGRAM_IO] phase=applied mode=timing initializations=432 probes=4 checksum=fe6ed061db11e54c182e64ca97c5a1741a5006df2d16e66e9d542ae13661edfe pass=1

Info: (I702) default timescale unit used for tracing: 1 ps (Cchip_1.vcd)
[INFO][0m[92m[MEM_INTF][0m           Start write operation.                                                                                         | [36m2 ns[0m
[INFO][0m[92m[PRIM][0m               Core 15 start receive primitive RECV_CONF.                                                                     | [36m2 ns[0m
[INFO][0m[92m[PRIM][0m               Core 14 start receive primitive RECV_CONF.                                                                     | [36m2 ns[0m
[INFO][0m[92m[PRIM][0m               Core 13 start receive primitive RECV_CONF.                                                                     | [36m2 ns[0m
[INFO][0m[92m[PRIM][0m               Core 12 start receive primitive RECV_CONF.                                                                     | [36m2 ns[0m
[INFO][0m[92m[PRIM][0m               Core 11 start receive primitive RECV_CONF.                                                                     | [36m2 ns[0m
[INFO][0m[92m[PRIM][0m               Core 10 start receive primitive RECV_CONF.                                                                     | [36m2 ns[0m
[INFO][0m[92m[PRIM][0m               Core 9 start receive primitive RECV_CONF.                                                                      | [36m2 ns[0m
[INFO][0m[92m[PRIM][0m               Core 8 start receive primitive RECV_CONF.                                                                      | [36m2 ns[0m
[INFO][0m[92m[PRIM][0m               Core 7 start receive primitive RECV_CONF.                                                                      | [36m2 ns[0m
[INFO][0m[92m[PRIM][0m               Core 6 start receive primitive RECV_CONF.                                                                      | [36m2 ns[0m
[INFO][0m[92m[PRIM][0m               Core 5 start receive primitive RECV_CONF.                                                                      | [36m2 ns[0m
[INFO][0m[92m[PRIM][0m               Core 4 start receive primitive RECV_CONF.                                                                      | [36m2 ns[0m
[INFO][0m[92m[PRIM][0m               Core 3 start receive primitive RECV_CONF.                                                                      | [36m2 ns[0m
[INFO][0m[92m[PRIM][0m               Core 2 start receive primitive RECV_CONF.                                                                      | [36m2 ns[0m
[INFO][0m[92m[PRIM][0m               Core 1 start receive primitive RECV_CONF.                                                                      | [36m2 ns[0m
[INFO][0m[92m[PRIM][0m               Core 0 start receive primitive RECV_CONF.                                                                      | [36m2 ns[0m
[INFO][0m[92m[PRIM][0m               Core 12 end recv primitive RECV_CONF.                                                                          | [36m3406 ns[0m
[INFO][0m[92m[PRIM][0m               Core 8 end recv primitive RECV_CONF.                                                                           | [36m3406 ns[0m
[INFO][0m[92m[PRIM][0m               Core 4 end recv primitive RECV_CONF.                                                                           | [36m3406 ns[0m
[INFO][0m[92m[PRIM][0m               Core 4 start receive primitive RECV_WEIGHT.                                                                    | [36m3412 ns[0m
[INFO][0m[92m[PRIM][0m               Core 8 start receive primitive RECV_WEIGHT.                                                                    | [36m3412 ns[0m
[INFO][0m[92m[PRIM][0m               Core 12 start receive primitive RECV_WEIGHT.                                                                   | [36m3412 ns[0m
[INFO][0m[92m[MEM_INTF][0m           End write operation.                                                                                           | [36m3424 ns[0m
[INFO][0m[92m[MEM_INTF][0m           End config distribution.                                                                                       | [36m3424 ns[0m
[INFO][0m[92m[PRIM][0m               Core 0 end recv primitive RECV_CONF.                                                                           | [36m3438 ns[0m
[INFO][0m[92m[PRIM][0m               Core 0 start receive primitive RECV_WEIGHT.                                                                    | [36m3444 ns[0m
[INFO][0m[92m[MEM_INTF][0m           Start write operation.                                                                                         | [36m3448 ns[0m
[INFO][0m[92m[MEM_INTF][0m           End write operation.                                                                                           | [36m3450 ns[0m
[INFO][0m[92m[MEM_INTF][0m           End data distribution.                                                                                         | [36m3450 ns[0m
[INFO][0m[92m[PRIM][0m               Core 0 end recv primitive RECV_WEIGHT.                                                                         | [36m3462 ns[0m
[INFO][0m[92m[PRIM][0m               Core 4 end recv primitive RECV_WEIGHT.                                                                         | [36m3462 ns[0m
[INFO][0m[92m[PRIM][0m               Core 8 end recv primitive RECV_WEIGHT.                                                                         | [36m3462 ns[0m
[INFO][0m[92m[PRIM][0m               Core 12 end recv primitive RECV_WEIGHT.                                                                        | [36m3462 ns[0m
[INFO][0m[92m[PRIM][0m               Core 12 start receive primitive RECV_START.                                                                    | [36m3468 ns[0m
[INFO][0m[92m[PRIM][0m               Core 8 start receive primitive RECV_START.                                                                     | [36m3468 ns[0m
[INFO][0m[92m[PRIM][0m               Core 4 start receive primitive RECV_START.                                                                     | [36m3468 ns[0m
[INFO][0m[92m[PRIM][0m               Core 0 start receive primitive RECV_START.                                                                     | [36m3468 ns[0m
[INFO][0m[92m[MEM_INTF][0m           Start write operation.                                                                                         | [36m3472 ns[0m
[INFO][0m[92m[MEM_INTF][0m           End write operation.                                                                                           | [36m3474 ns[0m
[INFO][0m[92m[PRIM][0m               Core 12 end recv primitive RECV_START.                                                                         | [36m3484 ns[0m
[INFO][0m[92m[PRIM][0m               Core 8 end recv primitive RECV_START.                                                                          | [36m3484 ns[0m
[INFO][0m[92m[PRIM][0m               Core 4 end recv primitive RECV_START.                                                                          | [36m3484 ns[0m
[INFO][0m[92m[PRIM][0m               Core 0 end recv primitive RECV_START.                                                                          | [36m3484 ns[0m
[INFO][0m[92m[MEM_INTF][0m           End start data distribution: enqueued=4 injected=4 accepted=4 delivered=4 consumed=4 completed=4.              | [36m3484 ns[0m
[INFO][0m[92m[PRIM][0m               Core 0 start compute primitive Sram_lifecycle.                                                                 | [36m3490 ns[0m
[INFO][0m[92m[PRIM][0m               Core 4 start compute primitive Sram_lifecycle.                                                                 | [36m3490 ns[0m
[INFO][0m[92m[PRIM][0m               Core 8 start compute primitive Sram_lifecycle.                                                                 | [36m3490 ns[0m
[INFO][0m[92m[PRIM][0m               Core 12 start compute primitive Sram_lifecycle.                                                                | [36m3490 ns[0m
[INFO][0m[92m[PRIM][0m               Core 12 end compute primitive Sram_lifecycle.                                                                  | [36m3490 ns[0m
[INFO][0m[92m[PRIM][0m               Core 8 end compute primitive Sram_lifecycle.                                                                   | [36m3490 ns[0m
[INFO][0m[92m[PRIM][0m               Core 4 end compute primitive Sram_lifecycle.                                                                   | [36m3490 ns[0m
[INFO][0m[92m[PRIM][0m               Core 0 end compute primitive Sram_lifecycle.                                                                   | [36m3490 ns[0m
[INFO][0m[92m[PRIM][0m               Core 0 start compute primitive Lsu_mem.                                                                        | [36m3496 ns[0m
[INFO][0m[92m[PRIM][0m               Core 4 start compute primitive Lsu_mem.                                                                        | [36m3496 ns[0m
[INFO][0m[92m[PRIM][0m               Core 8 start compute primitive Lsu_mem.                                                                        | [36m3496 ns[0m
[INFO][0m[92m[PRIM][0m               Core 12 start compute primitive Lsu_mem.                                                                       | [36m3496 ns[0m
[INFO][0m[92m[PRIM][0m               Core 0 end compute primitive Lsu_mem.                                                                          | [36m7425 ns[0m
[INFO][0m[92m[PRIM][0m               Core 4 end compute primitive Lsu_mem.                                                                          | [36m7425 ns[0m
[INFO][0m[92m[PRIM][0m               Core 12 end compute primitive Lsu_mem.                                                                         | [36m7425 ns[0m
[INFO][0m[92m[PRIM][0m               Core 8 end compute primitive Lsu_mem.                                                                          | [36m7425 ns[0m
[INFO][0m[92m[PRIM][0m               Core 4 start compute primitive Sram_lifecycle.                                                                 | [36m7431 ns[0m
[INFO][0m[92m[PRIM][0m               Core 12 start compute primitive Sram_lifecycle.                                                                | [36m7431 ns[0m
[INFO][0m[92m[PRIM][0m               Core 8 start compute primitive Sram_lifecycle.                                                                 | [36m7431 ns[0m
[INFO][0m[92m[PRIM][0m               Core 0 start compute primitive Sram_lifecycle.                                                                 | [36m7431 ns[0m
[INFO][0m[92m[PRIM][0m               Core 0 end compute primitive Sram_lifecycle.                                                                   | [36m7431 ns[0m
[INFO][0m[92m[PRIM][0m               Core 8 end compute primitive Sram_lifecycle.                                                                   | [36m7431 ns[0m
[INFO][0m[92m[PRIM][0m               Core 12 end compute primitive Sram_lifecycle.                                                                  | [36m7431 ns[0m
[INFO][0m[92m[PRIM][0m               Core 4 end compute primitive Sram_lifecycle.                                                                   | [36m7431 ns[0m
[INFO][0m[92m[PRIM][0m               Core 8 start compute primitive Sram_lifecycle.                                                                 | [36m7437 ns[0m
[INFO][0m[92m[PRIM][0m               Core 12 start compute primitive Sram_lifecycle.                                                                | [36m7437 ns[0m
[INFO][0m[92m[PRIM][0m               Core 4 start compute primitive Sram_lifecycle.                                                                 | [36m7437 ns[0m
[INFO][0m[92m[PRIM][0m               Core 0 start compute primitive Sram_lifecycle.                                                                 | [36m7437 ns[0m
[INFO][0m[92m[PRIM][0m               Core 0 end compute primitive Sram_lifecycle.                                                                   | [36m7437 ns[0m
[INFO][0m[92m[PRIM][0m               Core 4 end compute primitive Sram_lifecycle.                                                                   | [36m7437 ns[0m
[INFO][0m[92m[PRIM][0m               Core 12 end compute primitive Sram_lifecycle.                                                                  | [36m7437 ns[0m
[INFO][0m[92m[PRIM][0m               Core 8 end compute primitive Sram_lifecycle.                                                                   | [36m7437 ns[0m
[INFO][0m[92m[PRIM][0m               Core 4 start compute primitive Sram_bind_oneshot.                                                              | [36m7443 ns[0m
[INFO][0m[92m[PRIM][0m               Core 12 start compute primitive Sram_bind_oneshot.                                                             | [36m7443 ns[0m
[INFO][0m[92m[PRIM][0m               Core 8 start compute primitive Sram_bind_oneshot.                                                              | [36m7443 ns[0m
[INFO][0m[92m[PRIM][0m               Core 0 start compute primitive Sram_bind_oneshot.                                                              | [36m7443 ns[0m
[INFO][0m[92m[PRIM][0m               Core 0 end compute primitive Sram_bind_oneshot.                                                                | [36m7443 ns[0m
[INFO][0m[92m[PRIM][0m               Core 8 end compute primitive Sram_bind_oneshot.                                                                | [36m7443 ns[0m
[INFO][0m[92m[PRIM][0m               Core 12 end compute primitive Sram_bind_oneshot.                                                               | [36m7443 ns[0m
[INFO][0m[92m[PRIM][0m               Core 4 end compute primitive Sram_bind_oneshot.                                                                | [36m7443 ns[0m
[INFO][0m[92m[PRIM][0m               Core 8 start compute primitive Embedding_lookup_prim.                                                          | [36m7449 ns[0m
[INFO][0m[92m[PRIM][0m               Core 4 start compute primitive Embedding_lookup_prim.                                                          | [36m7449 ns[0m
[INFO][0m[92m[PRIM][0m               Core 12 start compute primitive Embedding_lookup_prim.                                                         | [36m7449 ns[0m
[INFO][0m[92m[PRIM][0m               Core 0 start compute primitive Embedding_lookup_prim.                                                          | [36m7449 ns[0m
[INFO][0m[92m[PRIM][0m               Core 0 end compute primitive Embedding_lookup_prim.                                                            | [36m7449 ns[0m
[INFO][0m[92m[PRIM][0m               Core 12 end compute primitive Embedding_lookup_prim.                                                           | [36m7449 ns[0m
[INFO][0m[92m[PRIM][0m               Core 4 end compute primitive Embedding_lookup_prim.                                                            | [36m7449 ns[0m
[INFO][0m[92m[PRIM][0m               Core 8 end compute primitive Embedding_lookup_prim.                                                            | [36m7449 ns[0m
[INFO][0m[92m[PRIM][0m               Core 12 start compute primitive Sram_lifecycle.                                                                | [36m7455 ns[0m
[INFO][0m[92m[PRIM][0m               Core 4 start compute primitive Sram_lifecycle.                                                                 | [36m7455 ns[0m
[INFO][0m[92m[PRIM][0m               Core 8 start compute primitive Sram_lifecycle.                                                                 | [36m7455 ns[0m
[INFO][0m[92m[PRIM][0m               Core 0 start compute primitive Sram_lifecycle.                                                                 | [36m7455 ns[0m
[INFO][0m[92m[PRIM][0m               Core 0 end compute primitive Sram_lifecycle.                                                                   | [36m7455 ns[0m
[INFO][0m[92m[PRIM][0m               Core 8 end compute primitive Sram_lifecycle.                                                                   | [36m7455 ns[0m
[INFO][0m[92m[PRIM][0m               Core 4 end compute primitive Sram_lifecycle.                                                                   | [36m7455 ns[0m
[INFO][0m[92m[PRIM][0m               Core 12 end compute primitive Sram_lifecycle.                                                                  | [36m7455 ns[0m
[INFO][0m[92m[PRIM][0m               Core 8 start compute primitive Sram_lifecycle.                                                                 | [36m7461 ns[0m
[INFO][0m[92m[PRIM][0m               Core 4 start compute primitive Sram_lifecycle.                                                                 | [36m7461 ns[0m
[INFO][0m[92m[PRIM][0m               Core 12 start compute primitive Sram_lifecycle.                                                                | [36m7461 ns[0m
[INFO][0m[92m[PRIM][0m               Core 0 start compute primitive Sram_lifecycle.                                                                 | [36m7461 ns[0m
[INFO][0m[92m[PRIM][0m               Core 0 end compute primitive Sram_lifecycle.                                                                   | [36m7461 ns[0m
[INFO][0m[92m[PRIM][0m               Core 12 end compute primitive Sram_lifecycle.                                                                  | [36m7461 ns[0m
[INFO][0m[92m[PRIM][0m               Core 4 end compute primitive Sram_lifecycle.                                                                   | [36m7461 ns[0m
[INFO][0m[92m[PRIM][0m               Core 8 end compute primitive Sram_lifecycle.                                                                   | [36m7461 ns[0m
[INFO][0m[92m[PRIM][0m               Core 12 start compute primitive Sram_lifecycle.                                                                | [36m7467 ns[0m
[INFO][0m[92m[PRIM][0m               Core 4 start compute primitive Sram_lifecycle.                                                                 | [36m7467 ns[0m
[INFO][0m[92m[PRIM][0m               Core 8 start compute primitive Sram_lifecycle.                                                                 | [36m7467 ns[0m
[INFO][0m[92m[PRIM][0m               Core 0 start compute primitive Sram_lifecycle.                                                                 | [36m7467 ns[0m
[INFO][0m[92m[PRIM][0m               Core 0 end compute primitive Sram_lifecycle.                                                                   | [36m7467 ns[0m
[INFO][0m[92m[PRIM][0m               Core 8 end compute primitive Sram_lifecycle.                                                                   | [36m7467 ns[0m
[INFO][0m[92m[PRIM][0m               Core 4 end compute primitive Sram_lifecycle.                                                                   | [36m7467 ns[0m
[INFO][0m[92m[PRIM][0m               Core 12 end compute primitive Sram_lifecycle.                                                                  | [36m7467 ns[0m
[INFO][0m[92m[PRIM][0m               Core 8 start compute primitive Lsu_mem.                                                                        | [36m7473 ns[0m
[INFO][0m[92m[PRIM][0m               Core 4 start compute primitive Lsu_mem.                                                                        | [36m7473 ns[0m
[INFO][0m[92m[PRIM][0m               Core 12 start compute primitive Lsu_mem.                                                                       | [36m7473 ns[0m
[INFO][0m[92m[PRIM][0m               Core 0 start compute primitive Lsu_mem.                                                                        | [36m7473 ns[0m
[INFO][0m[92m[PRIM][0m               Core 8 end compute primitive Lsu_mem.                                                                          | [36m7554 ns[0m
[INFO][0m[92m[PRIM][0m               Core 12 end compute primitive Lsu_mem.                                                                         | [36m7554 ns[0m
[INFO][0m[92m[PRIM][0m               Core 0 end compute primitive Lsu_mem.                                                                          | [36m7554 ns[0m
[INFO][0m[92m[PRIM][0m               Core 4 end compute primitive Lsu_mem.                                                                          | [36m7554 ns[0m
[INFO][0m[92m[PRIM][0m               Core 4 start compute primitive Sram_lifecycle.                                                                 | [36m7560 ns[0m
[INFO][0m[92m[PRIM][0m               Core 0 start compute primitive Sram_lifecycle.                                                                 | [36m7560 ns[0m
[INFO][0m[92m[PRIM][0m               Core 12 start compute primitive Sram_lifecycle.                                                                | [36m7560 ns[0m
[INFO][0m[92m[PRIM][0m               Core 8 start compute primitive Sram_lifecycle.                                                                 | [36m7560 ns[0m
[INFO][0m[92m[PRIM][0m               Core 8 end compute primitive Sram_lifecycle.                                                                   | [36m7560 ns[0m
[INFO][0m[92m[PRIM][0m               Core 12 end compute primitive Sram_lifecycle.                                                                  | [36m7560 ns[0m
[INFO][0m[92m[PRIM][0m               Core 0 end compute primitive Sram_lifecycle.                                                                   | [36m7560 ns[0m
[INFO][0m[92m[PRIM][0m               Core 4 end compute primitive Sram_lifecycle.                                                                   | [36m7560 ns[0m
[INFO][0m[92m[PRIM][0m               Core 4 start compute primitive Sram_bind_oneshot.                                                              | [36m7566 ns[0m
[INFO][0m[92m[PRIM][0m               Core 0 start compute primitive Sram_bind_oneshot.                                                              | [36m7566 ns[0m
[INFO][0m[92m[PRIM][0m               Core 12 start compute primitive Sram_bind_oneshot.                                                             | [36m7566 ns[0m
[INFO][0m[92m[PRIM][0m               Core 8 start compute primitive Sram_bind_oneshot.                                                              | [36m7566 ns[0m
[INFO][0m[92m[PRIM][0m               Core 8 end compute primitive Sram_bind_oneshot.                                                                | [36m7566 ns[0m
[INFO][0m[92m[PRIM][0m               Core 12 end compute primitive Sram_bind_oneshot.                                                               | [36m7566 ns[0m
[INFO][0m[92m[PRIM][0m               Core 0 end compute primitive Sram_bind_oneshot.                                                                | [36m7566 ns[0m
[INFO][0m[92m[PRIM][0m               Core 4 end compute primitive Sram_bind_oneshot.                                                                | [36m7566 ns[0m
[INFO][0m[92m[PRIM][0m               Core 4 start compute primitive rmsnorm_forward.                                                                | [36m7572 ns[0m
[INFO][0m[92m[PRIM][0m               Core 0 start compute primitive rmsnorm_forward.                                                                | [36m7572 ns[0m
[INFO][0m[92m[PRIM][0m               Core 12 start compute primitive rmsnorm_forward.                                                               | [36m7572 ns[0m
[INFO][0m[92m[PRIM][0m               Core 8 start compute primitive rmsnorm_forward.                                                                | [36m7572 ns[0m
[INFO][0m[92m[PRIM][0m               Core 8 end compute primitive rmsnorm_forward.                                                                  | [36m7574 ns[0m
[INFO][0m[92m[PRIM][0m               Core 12 end compute primitive rmsnorm_forward.                                                                 | [36m7574 ns[0m
[INFO][0m[92m[PRIM][0m               Core 0 end compute primitive rmsnorm_forward.                                                                  | [36m7574 ns[0m
[INFO][0m[92m[PRIM][0m               Core 4 end compute primitive rmsnorm_forward.                                                                  | [36m7574 ns[0m
[INFO][0m[92m[PRIM][0m               Core 4 start compute primitive Sram_lifecycle.                                                                 | [36m7580 ns[0m
[INFO][0m[92m[PRIM][0m               Core 0 start compute primitive Sram_lifecycle.                                                                 | [36m7580 ns[0m
[INFO][0m[92m[PRIM][0m               Core 12 start compute primitive Sram_lifecycle.                                                                | [36m7580 ns[0m
[INFO][0m[92m[PRIM][0m               Core 8 start compute primitive Sram_lifecycle.                                                                 | [36m7580 ns[0m
[INFO][0m[92m[PRIM][0m               Core 8 end compute primitive Sram_lifecycle.                                                                   | [36m7580 ns[0m
[INFO][0m[92m[PRIM][0m               Core 12 end compute primitive Sram_lifecycle.                                                                  | [36m7580 ns[0m
[INFO][0m[92m[PRIM][0m               Core 0 end compute primitive Sram_lifecycle.                                                                   | [36m7580 ns[0m
[INFO][0m[92m[PRIM][0m               Core 4 end compute primitive Sram_lifecycle.                                                                   | [36m7580 ns[0m
[INFO][0m[92m[PRIM][0m               Core 4 start compute primitive Sram_lifecycle.                                                                 | [36m7586 ns[0m
[INFO][0m[92m[PRIM][0m               Core 0 start compute primitive Sram_lifecycle.                                                                 | [36m7586 ns[0m
[INFO][0m[92m[PRIM][0m               Core 12 start compute primitive Sram_lifecycle.                                                                | [36m7586 ns[0m
[INFO][0m[92m[PRIM][0m               Core 8 start compute primitive Sram_lifecycle.                                                                 | [36m7586 ns[0m
[INFO][0m[92m[PRIM][0m               Core 8 end compute primitive Sram_lifecycle.                                                                   | [36m7586 ns[0m
[INFO][0m[92m[PRIM][0m               Core 12 end compute primitive Sram_lifecycle.                                                                  | [36m7586 ns[0m
[INFO][0m[92m[PRIM][0m               Core 0 end compute primitive Sram_lifecycle.                                                                   | [36m7586 ns[0m
[INFO][0m[92m[PRIM][0m               Core 4 end compute primitive Sram_lifecycle.                                                                   | [36m7586 ns[0m
[INFO][0m[92m[PRIM][0m               Core 0 start compute primitive Sram_lifecycle.                                                                 | [36m7610 ns[0m
[INFO][0m[92m[PRIM][0m               Core 0 end compute primitive Sram_lifecycle.                                                                   | [36m7610 ns[0m
[INFO][0m[92m[PRIM][0m               Core 4 start compute primitive Sram_lifecycle.                                                                 | [36m7738 ns[0m
[INFO][0m[92m[PRIM][0m               Core 4 end compute primitive Sram_lifecycle.                                                                   | [36m7738 ns[0m
[INFO][0m[92m[PRIM][0m               Core 8 start compute primitive Sram_lifecycle.                                                                 | [36m7982 ns[0m
[INFO][0m[92m[PRIM][0m               Core 8 end compute primitive Sram_lifecycle.                                                                   | [36m7982 ns[0m
[INFO][0m[92m[PRIM][0m               Core 12 start compute primitive Sram_lifecycle.                                                                | [36m8270 ns[0m
[INFO][0m[92m[PRIM][0m               Core 12 end compute primitive Sram_lifecycle.                                                                  | [36m8270 ns[0m
[INFO][0m[92m[PRIM][0m               Core 0 start compute primitive Sram_lifecycle.                                                                 | [36m8576 ns[0m
[INFO][0m[92m[PRIM][0m               Core 0 end compute primitive Sram_lifecycle.                                                                   | [36m8576 ns[0m
[INFO][0m[92m[PRIM][0m               Core 0 start compute primitive Lsu_mem.                                                                        | [36m8582 ns[0m
[INFO][0m[92m[PRIM][0m               Core 4 start compute primitive Sram_lifecycle.                                                                 | [36m8586 ns[0m
[INFO][0m[92m[PRIM][0m               Core 4 end compute primitive Sram_lifecycle.                                                                   | [36m8586 ns[0m
[INFO][0m[92m[PRIM][0m               Core 8 start compute primitive Sram_lifecycle.                                                                 | [36m8590 ns[0m
[INFO][0m[92m[PRIM][0m               Core 8 end compute primitive Sram_lifecycle.                                                                   | [36m8590 ns[0m
[INFO][0m[92m[PRIM][0m               Core 4 start compute primitive Lsu_mem.                                                                        | [36m8592 ns[0m
[INFO][0m[92m[PRIM][0m               Core 8 start compute primitive Lsu_mem.                                                                        | [36m8596 ns[0m
[INFO][0m[92m[PRIM][0m               Core 12 start compute primitive Sram_lifecycle.                                                                | [36m8610 ns[0m
[INFO][0m[92m[PRIM][0m               Core 12 end compute primitive Sram_lifecycle.                                                                  | [36m8610 ns[0m
[INFO][0m[92m[PRIM][0m               Core 12 start compute primitive Lsu_mem.                                                                       | [36m8616 ns[0m
[INFO][0m[92m[PRIM][0m               Core 0 end compute primitive Lsu_mem.                                                                          | [36m9361 ns[0m
[INFO][0m[92m[PRIM][0m               Core 0 start compute primitive Sram_lifecycle.                                                                 | [36m9367 ns[0m
[INFO][0m[92m[PRIM][0m               Core 0 end compute primitive Sram_lifecycle.                                                                   | [36m9367 ns[0m
[INFO][0m[92m[PRIM][0m               Core 4 end compute primitive Lsu_mem.                                                                          | [36m9369 ns[0m
[INFO][0m[92m[PRIM][0m               Core 0 start compute primitive Sram_bind_oneshot.                                                              | [36m9373 ns[0m
[INFO][0m[92m[PRIM][0m               Core 0 end compute primitive Sram_bind_oneshot.                                                                | [36m9373 ns[0m
[INFO][0m[92m[PRIM][0m               Core 4 start compute primitive Sram_lifecycle.                                                                 | [36m9375 ns[0m
[INFO][0m[92m[PRIM][0m               Core 4 end compute primitive Sram_lifecycle.                                                                   | [36m9375 ns[0m
[INFO][0m[92m[PRIM][0m               Core 8 end compute primitive Lsu_mem.                                                                          | [36m9375 ns[0m
[INFO][0m[92m[PRIM][0m               Core 0 start compute primitive Matmul_f.                                                                       | [36m9379 ns[0m
[INFO][0m[92m[PRIM][0m               Core 8 start compute primitive Sram_lifecycle.                                                                 | [36m9381 ns[0m
[INFO][0m[92m[PRIM][0m               Core 4 start compute primitive Sram_bind_oneshot.                                                              | [36m9381 ns[0m
[INFO][0m[92m[PRIM][0m               Core 4 end compute primitive Sram_bind_oneshot.                                                                | [36m9381 ns[0m
[INFO][0m[92m[PRIM][0m               Core 8 end compute primitive Sram_lifecycle.                                                                   | [36m9381 ns[0m
[INFO][0m[92m[PRIM][0m               Core 8 start compute primitive Sram_bind_oneshot.                                                              | [36m9387 ns[0m
[INFO][0m[92m[PRIM][0m               Core 4 start compute primitive Matmul_f.                                                                       | [36m9387 ns[0m
[INFO][0m[92m[PRIM][0m               Core 8 end compute primitive Sram_bind_oneshot.                                                                | [36m9387 ns[0m
[INFO][0m[92m[PRIM][0m               Core 8 start compute primitive Matmul_f.                                                                       | [36m9393 ns[0m
[INFO][0m[92m[PRIM][0m               Core 12 end compute primitive Lsu_mem.                                                                         | [36m9393 ns[0m
[INFO][0m[92m[PRIM][0m               Core 12 start compute primitive Sram_lifecycle.                                                                | [36m9399 ns[0m
[INFO][0m[92m[PRIM][0m               Core 12 end compute primitive Sram_lifecycle.                                                                  | [36m9399 ns[0m
[INFO][0m[92m[PRIM][0m               Core 12 start compute primitive Sram_bind_oneshot.                                                             | [36m9405 ns[0m
[INFO][0m[92m[PRIM][0m               Core 12 end compute primitive Sram_bind_oneshot.                                                               | [36m9405 ns[0m
[INFO][0m[92m[PRIM][0m               Core 12 start compute primitive Matmul_f.                                                                      | [36m9411 ns[0m
[INFO][0m[92m[PRIM][0m               Core 0 end compute primitive Matmul_f.                                                                         | [36m9475 ns[0m
[INFO][0m[92m[PRIM][0m               Core 0 start compute primitive Sram_lifecycle.                                                                 | [36m9481 ns[0m
[INFO][0m[92m[PRIM][0m               Core 0 end compute primitive Sram_lifecycle.                                                                   | [36m9481 ns[0m
[INFO][0m[92m[PRIM][0m               Core 4 end compute primitive Matmul_f.                                                                         | [36m9483 ns[0m
[INFO][0m[92m[PRIM][0m               Core 0 start compute primitive Sram_lifecycle.                                                                 | [36m9487 ns[0m
[INFO][0m[92m[PRIM][0m               Core 0 end compute primitive Sram_lifecycle.                                                                   | [36m9487 ns[0m
[INFO][0m[92m[PRIM][0m               Core 8 end compute primitive Matmul_f.                                                                         | [36m9489 ns[0m
[INFO][0m[92m[PRIM][0m               Core 4 start compute primitive Sram_lifecycle.                                                                 | [36m9489 ns[0m
[INFO][0m[92m[PRIM][0m               Core 4 end compute primitive Sram_lifecycle.                                                                   | [36m9489 ns[0m
[INFO][0m[92m[PRIM][0m               Core 0 start compute primitive Sram_lifecycle.                                                                 | [36m9493 ns[0m
[INFO][0m[92m[PRIM][0m               Core 0 end compute primitive Sram_lifecycle.                                                                   | [36m9493 ns[0m
[INFO][0m[92m[PRIM][0m               Core 4 start compute primitive Sram_lifecycle.                                                                 | [36m9495 ns[0m
[INFO][0m[92m[PRIM][0m               Core 8 start compute primitive Sram_lifecycle.                                                                 | [36m9495 ns[0m
[INFO][0m[92m[PRIM][0m               Core 8 end compute primitive Sram_lifecycle.                                                                   | [36m9495 ns[0m
[INFO][0m[92m[PRIM][0m               Core 4 end compute primitive Sram_lifecycle.                                                                   | [36m9495 ns[0m
[INFO][0m[92m[PRIM][0m               Core 0 start compute primitive Sram_bind_oneshot.                                                              | [36m9499 ns[0m
[INFO][0m[92m[PRIM][0m               Core 0 end compute primitive Sram_bind_oneshot.                                                                | [36m9499 ns[0m
[INFO][0m[92m[PRIM][0m               Core 4 start compute primitive Sram_lifecycle.                                                                 | [36m9501 ns[0m
[INFO][0m[92m[PRIM][0m               Core 8 start compute primitive Sram_lifecycle.                                                                 | [36m9501 ns[0m
[INFO][0m[92m[PRIM][0m               Core 8 end compute primitive Sram_lifecycle.                                                                   | [36m9501 ns[0m
[INFO][0m[92m[PRIM][0m               Core 4 end compute primitive Sram_lifecycle.                                                                   | [36m9501 ns[0m
[INFO][0m[92m[PRIM][0m               Core 0 start compute primitive Rope_qk_exact_prim.                                                             | [36m9505 ns[0m
[INFO][0m[92m[PRIM][0m               Core 8 start compute primitive Sram_lifecycle.                                                                 | [36m9507 ns[0m
[INFO][0m[92m[PRIM][0m               Core 0 end compute primitive Rope_qk_exact_prim.                                                               | [36m9507 ns[0m
[INFO][0m[92m[PRIM][0m               Core 4 start compute primitive Sram_bind_oneshot.                                                              | [36m9507 ns[0m
[INFO][0m[92m[PRIM][0m               Core 12 end compute primitive Matmul_f.                                                                        | [36m9507 ns[0m
[INFO][0m[92m[PRIM][0m               Core 4 end compute primitive Sram_bind_oneshot.                                                                | [36m9507 ns[0m
[INFO][0m[92m[PRIM][0m               Core 8 end compute primitive Sram_lifecycle.                                                                   | [36m9507 ns[0m
[INFO][0m[92m[PRIM][0m               Core 0 start compute primitive Sram_lifecycle.                                                                 | [36m9513 ns[0m
[INFO][0m[92m[PRIM][0m               Core 8 start compute primitive Sram_bind_oneshot.                                                              | [36m9513 ns[0m
[INFO][0m[92m[PRIM][0m               Core 12 start compute primitive Sram_lifecycle.                                                                | [36m9513 ns[0m
[INFO][0m[92m[PRIM][0m               Core 4 start compute primitive Rope_qk_exact_prim.                                                             | [36m9513 ns[0m
[INFO][0m[92m[PRIM][0m               Core 12 end compute primitive Sram_lifecycle.                                                                  | [36m9513 ns[0m
[INFO][0m[92m[PRIM][0m               Core 8 end compute primitive Sram_bind_oneshot.                                                                | [36m9513 ns[0m
[INFO][0m[92m[PRIM][0m               Core 0 end compute primitive Sram_lifecycle.                                                                   | [36m9513 ns[0m
[INFO][0m[92m[PRIM][0m               Core 4 end compute primitive Rope_qk_exact_prim.                                                               | [36m9515 ns[0m
[INFO][0m[92m[PRIM][0m               Core 12 start compute primitive Sram_lifecycle.                                                                | [36m9519 ns[0m
[INFO][0m[92m[PRIM][0m               Core 0 start compute primitive Sram_lifecycle.                                                                 | [36m9519 ns[0m
[INFO][0m[92m[PRIM][0m               Core 8 start compute primitive Rope_qk_exact_prim.                                                             | [36m9519 ns[0m
[INFO][0m[92m[PRIM][0m               Core 0 end compute primitive Sram_lifecycle.                                                                   | [36m9519 ns[0m
[INFO][0m[92m[PRIM][0m               Core 12 end compute primitive Sram_lifecycle.                                                                  | [36m9519 ns[0m
[INFO][0m[92m[PRIM][0m               Core 4 start compute primitive Sram_lifecycle.                                                                 | [36m9521 ns[0m
[INFO][0m[92m[PRIM][0m               Core 8 end compute primitive Rope_qk_exact_prim.                                                               | [36m9521 ns[0m
[INFO][0m[92m[PRIM][0m               Core 4 end compute primitive Sram_lifecycle.                                                                   | [36m9521 ns[0m
[INFO][0m[92m[PRIM][0m               Core 0 start compute primitive Sram_bind_oneshot.                                                              | [36m9525 ns[0m
[INFO][0m[92m[PRIM][0m               Core 12 start compute primitive Sram_lifecycle.                                                                | [36m9525 ns[0m
[INFO][0m[92m[PRIM][0m               Core 12 end compute primitive Sram_lifecycle.                                                                  | [36m9525 ns[0m
[INFO][0m[92m[PRIM][0m               Core 0 end compute primitive Sram_bind_oneshot.                                                                | [36m9525 ns[0m
[INFO][0m[92m[PRIM][0m               Core 4 start compute primitive Sram_lifecycle.                                                                 | [36m9527 ns[0m
[INFO][0m[92m[PRIM][0m               Core 8 start compute primitive Sram_lifecycle.                                                                 | [36m9527 ns[0m
[INFO][0m[92m[PRIM][0m               Core 8 end compute primitive Sram_lifecycle.                                                                   | [36m9527 ns[0m
[INFO][0m[92m[PRIM][0m               Core 4 end compute primitive Sram_lifecycle.                                                                   | [36m9527 ns[0m
[INFO][0m[92m[PRIM][0m               Core 12 start compute primitive Sram_bind_oneshot.                                                             | [36m9531 ns[0m
[INFO][0m[92m[PRIM][0m               Core 0 start compute primitive Attention_exact_prim.                                                           | [36m9531 ns[0m
[INFO][0m[92m[PRIM][0m               Core 0 end compute primitive Attention_exact_prim.                                                             | [36m9531 ns[0m
[INFO][0m[92m[PRIM][0m               Core 12 end compute primitive Sram_bind_oneshot.                                                               | [36m9531 ns[0m
[INFO][0m[92m[PRIM][0m               Core 4 start compute primitive Sram_bind_oneshot.                                                              | [36m9533 ns[0m
[INFO][0m[92m[PRIM][0m               Core 8 start compute primitive Sram_lifecycle.                                                                 | [36m9533 ns[0m
[INFO][0m[92m[PRIM][0m               Core 8 end compute primitive Sram_lifecycle.                                                                   | [36m9533 ns[0m
[INFO][0m[92m[PRIM][0m               Core 4 end compute primitive Sram_bind_oneshot.                                                                | [36m9533 ns[0m
[INFO][0m[92m[PRIM][0m               Core 12 start compute primitive Rope_qk_exact_prim.                                                            | [36m9537 ns[0m
[INFO][0m[92m[PRIM][0m               Core 0 start compute primitive Sram_lifecycle.                                                                 | [36m9537 ns[0m
[INFO][0m[92m[PRIM][0m               Core 0 end compute primitive Sram_lifecycle.                                                                   | [36m9537 ns[0m
[INFO][0m[92m[PRIM][0m               Core 8 start compute primitive Sram_bind_oneshot.                                                              | [36m9539 ns[0m
[INFO][0m[92m[PRIM][0m               Core 4 start compute primitive Attention_exact_prim.                                                           | [36m9539 ns[0m
[INFO][0m[92m[PRIM][0m               Core 12 end compute primitive Rope_qk_exact_prim.                                                              | [36m9539 ns[0m
[INFO][0m[92m[PRIM][0m               Core 4 end compute primitive Attention_exact_prim.                                                             | [36m9539 ns[0m
[INFO][0m[92m[PRIM][0m               Core 8 end compute primitive Sram_bind_oneshot.                                                                | [36m9539 ns[0m
[INFO][0m[92m[PRIM][0m               Core 0 start compute primitive Sram_lifecycle.                                                                 | [36m9543 ns[0m
[INFO][0m[92m[PRIM][0m               Core 0 end compute primitive Sram_lifecycle.                                                                   | [36m9543 ns[0m
[INFO][0m[92m[PRIM][0m               Core 4 start compute primitive Sram_lifecycle.                                                                 | [36m9545 ns[0m
[INFO][0m[92m[PRIM][0m               Core 12 start compute primitive Sram_lifecycle.                                                                | [36m9545 ns[0m
[INFO][0m[92m[PRIM][0m               Core 8 start compute primitive Attention_exact_prim.                                                           | [36m9545 ns[0m
[INFO][0m[92m[PRIM][0m               Core 8 end compute primitive Attention_exact_prim.                                                             | [36m9545 ns[0m
[INFO][0m[92m[PRIM][0m               Core 12 end compute primitive Sram_lifecycle.                                                                  | [36m9545 ns[0m
[INFO][0m[92m[PRIM][0m               Core 4 end compute primitive Sram_lifecycle.                                                                   | [36m9545 ns[0m
[INFO][0m[92m[PRIM][0m               Core 0 start compute primitive Sram_lifecycle.                                                                 | [36m9549 ns[0m
[INFO][0m[92m[PRIM][0m               Core 0 end compute primitive Sram_lifecycle.                                                                   | [36m9549 ns[0m
[INFO][0m[92m[PRIM][0m               Core 8 start compute primitive Sram_lifecycle.                                                                 | [36m9551 ns[0m
[INFO][0m[92m[PRIM][0m               Core 12 start compute primitive Sram_lifecycle.                                                                | [36m9551 ns[0m
[INFO][0m[92m[PRIM][0m               Core 4 start compute primitive Sram_lifecycle.                                                                 | [36m9551 ns[0m
[INFO][0m[92m[PRIM][0m               Core 4 end compute primitive Sram_lifecycle.                                                                   | [36m9551 ns[0m
[INFO][0m[92m[PRIM][0m               Core 12 end compute primitive Sram_lifecycle.                                                                  | [36m9551 ns[0m
[INFO][0m[92m[PRIM][0m               Core 8 end compute primitive Sram_lifecycle.                                                                   | [36m9551 ns[0m
[INFO][0m[92m[PRIM][0m               Core 0 start compute primitive Lsu_mem.                                                                        | [36m9555 ns[0m
[INFO][0m[92m[PRIM][0m               Core 4 start compute primitive Sram_lifecycle.                                                                 | [36m9557 ns[0m
[INFO][0m[92m[PRIM][0m               Core 12 start compute primitive Sram_bind_oneshot.                                                             | [36m9557 ns[0m
[INFO][0m[92m[PRIM][0m               Core 8 start compute primitive Sram_lifecycle.                                                                 | [36m9557 ns[0m
[INFO][0m[92m[PRIM][0m               Core 8 end compute primitive Sram_lifecycle.                                                                   | [36m9557 ns[0m
[INFO][0m[92m[PRIM][0m               Core 12 end compute primitive Sram_bind_oneshot.                                                               | [36m9557 ns[0m
[INFO][0m[92m[PRIM][0m               Core 4 end compute primitive Sram_lifecycle.                                                                   | [36m9557 ns[0m
[INFO][0m[92m[PRIM][0m               Core 4 start compute primitive Lsu_mem.                                                                        | [36m9563 ns[0m
[INFO][0m[92m[PRIM][0m               Core 12 start compute primitive Attention_exact_prim.                                                          | [36m9563 ns[0m
[INFO][0m[92m[PRIM][0m               Core 8 start compute primitive Sram_lifecycle.                                                                 | [36m9563 ns[0m
[INFO][0m[92m[PRIM][0m               Core 8 end compute primitive Sram_lifecycle.                                                                   | [36m9563 ns[0m
[INFO][0m[92m[PRIM][0m               Core 12 end compute primitive Attention_exact_prim.                                                            | [36m9563 ns[0m
[INFO][0m[92m[PRIM][0m               Core 8 start compute primitive Lsu_mem.                                                                        | [36m9569 ns[0m
[INFO][0m[92m[PRIM][0m               Core 12 start compute primitive Sram_lifecycle.                                                                | [36m9569 ns[0m
[INFO][0m[92m[PRIM][0m               Core 12 end compute primitive Sram_lifecycle.                                                                  | [36m9569 ns[0m
[INFO][0m[92m[PRIM][0m               Core 12 start compute primitive Sram_lifecycle.                                                                | [36m9575 ns[0m
[INFO][0m[92m[PRIM][0m               Core 12 end compute primitive Sram_lifecycle.                                                                  | [36m9575 ns[0m
[INFO][0m[92m[PRIM][0m               Core 12 start compute primitive Sram_lifecycle.                                                                | [36m9581 ns[0m
[INFO][0m[92m[PRIM][0m               Core 12 end compute primitive Sram_lifecycle.                                                                  | [36m9581 ns[0m
[INFO][0m[92m[PRIM][0m               Core 12 start compute primitive Lsu_mem.                                                                       | [36m9587 ns[0m
[INFO][0m[92m[PRIM][0m               Core 0 end compute primitive Lsu_mem.                                                                          | [36m9626 ns[0m
[INFO][0m[92m[PRIM][0m               Core 0 start compute primitive Sram_lifecycle.                                                                 | [36m9632 ns[0m
[INFO][0m[92m[PRIM][0m               Core 0 end compute primitive Sram_lifecycle.                                                                   | [36m9632 ns[0m
[INFO][0m[92m[PRIM][0m               Core 4 end compute primitive Lsu_mem.                                                                          | [36m9634 ns[0m
[INFO][0m[92m[PRIM][0m               Core 0 start compute primitive Sram_lifecycle.                                                                 | [36m9638 ns[0m
[INFO][0m[92m[PRIM][0m               Core 0 end compute primitive Sram_lifecycle.                                                                   | [36m9638 ns[0m
[INFO][0m[92m[PRIM][0m               Core 4 start compute primitive Sram_lifecycle.                                                                 | [36m9640 ns[0m
[INFO][0m[92m[PRIM][0m               Core 4 end compute primitive Sram_lifecycle.                                                                   | [36m9640 ns[0m
[INFO][0m[92m[PRIM][0m               Core 8 end compute primitive Lsu_mem.                                                                          | [36m9640 ns[0m
[INFO][0m[92m[PRIM][0m               Core 0 start compute primitive Lsu_mem.                                                                        | [36m9644 ns[0m
[INFO][0m[92m[PRIM][0m               Core 4 start compute primitive Sram_lifecycle.                                                                 | [36m9646 ns[0m
[INFO][0m[92m[PRIM][0m               Core 8 start compute primitive Sram_lifecycle.                                                                 | [36m9646 ns[0m
[INFO][0m[92m[PRIM][0m               Core 8 end compute primitive Sram_lifecycle.                                                                   | [36m9646 ns[0m
[INFO][0m[92m[PRIM][0m               Core 4 end compute primitive Sram_lifecycle.                                                                   | [36m9646 ns[0m
[INFO][0m[92m[PRIM][0m               Core 4 start compute primitive Lsu_mem.                                                                        | [36m9652 ns[0m
[INFO][0m[92m[PRIM][0m               Core 8 start compute primitive Sram_lifecycle.                                                                 | [36m9652 ns[0m
[INFO][0m[92m[PRIM][0m               Core 8 end compute primitive Sram_lifecycle.                                                                   | [36m9652 ns[0m
[INFO][0m[92m[PRIM][0m               Core 8 start compute primitive Lsu_mem.                                                                        | [36m9658 ns[0m
[INFO][0m[92m[PRIM][0m               Core 12 end compute primitive Lsu_mem.                                                                         | [36m9658 ns[0m
[INFO][0m[92m[PRIM][0m               Core 12 start compute primitive Sram_lifecycle.                                                                | [36m9664 ns[0m
[INFO][0m[92m[PRIM][0m               Core 12 end compute primitive Sram_lifecycle.                                                                  | [36m9664 ns[0m
[INFO][0m[92m[PRIM][0m               Core 12 start compute primitive Sram_lifecycle.                                                                | [36m9670 ns[0m
[INFO][0m[92m[PRIM][0m               Core 12 end compute primitive Sram_lifecycle.                                                                  | [36m9670 ns[0m
[INFO][0m[92m[PRIM][0m               Core 12 start compute primitive Lsu_mem.                                                                       | [36m9676 ns[0m
[INFO][0m[92m[PRIM][0m               Core 0 end compute primitive Lsu_mem.                                                                          | [36m9715 ns[0m
[INFO][0m[92m[PRIM][0m               Core 0 start compute primitive Sram_lifecycle.                                                                 | [36m9721 ns[0m
[INFO][0m[92m[PRIM][0m               Core 0 end compute primitive Sram_lifecycle.                                                                   | [36m9721 ns[0m
[INFO][0m[92m[PRIM][0m               Core 4 end compute primitive Lsu_mem.                                                                          | [36m9723 ns[0m
[INFO][0m[92m[PRIM][0m               Core 0 start compute primitive Sram_lifecycle.                                                                 | [36m9727 ns[0m
[INFO][0m[92m[PRIM][0m               Core 0 end compute primitive Sram_lifecycle.                                                                   | [36m9727 ns[0m
[INFO][0m[92m[PRIM][0m               Core 4 start compute primitive Sram_lifecycle.                                                                 | [36m9729 ns[0m
[INFO][0m[92m[PRIM][0m               Core 4 end compute primitive Sram_lifecycle.                                                                   | [36m9729 ns[0m
[INFO][0m[92m[PRIM][0m               Core 8 end compute primitive Lsu_mem.                                                                          | [36m9729 ns[0m
[INFO][0m[92m[PRIM][0m               Core 0 start compute primitive Lsu_mem.                                                                        | [36m9733 ns[0m
[INFO][0m[92m[PRIM][0m               Core 4 start compute primitive Sram_lifecycle.                                                                 | [36m9735 ns[0m
[INFO][0m[92m[PRIM][0m               Core 8 start compute primitive Sram_lifecycle.                                                                 | [36m9735 ns[0m
[INFO][0m[92m[PRIM][0m               Core 8 end compute primitive Sram_lifecycle.                                                                   | [36m9735 ns[0m
[INFO][0m[92m[PRIM][0m               Core 4 end compute primitive Sram_lifecycle.                                                                   | [36m9735 ns[0m
[INFO][0m[92m[PRIM][0m               Core 4 start compute primitive Lsu_mem.                                                                        | [36m9741 ns[0m
[INFO][0m[92m[PRIM][0m               Core 8 start compute primitive Sram_lifecycle.                                                                 | [36m9741 ns[0m
[INFO][0m[92m[PRIM][0m               Core 8 end compute primitive Sram_lifecycle.                                                                   | [36m9741 ns[0m
[INFO][0m[92m[PRIM][0m               Core 8 start compute primitive Lsu_mem.                                                                        | [36m9747 ns[0m
[INFO][0m[92m[PRIM][0m               Core 12 end compute primitive Lsu_mem.                                                                         | [36m9747 ns[0m
[INFO][0m[92m[PRIM][0m               Core 12 start compute primitive Sram_lifecycle.                                                                | [36m9753 ns[0m
[INFO][0m[92m[PRIM][0m               Core 12 end compute primitive Sram_lifecycle.                                                                  | [36m9753 ns[0m
[INFO][0m[92m[PRIM][0m               Core 12 start compute primitive Sram_lifecycle.                                                                | [36m9759 ns[0m
[INFO][0m[92m[PRIM][0m               Core 12 end compute primitive Sram_lifecycle.                                                                  | [36m9759 ns[0m
[INFO][0m[92m[PRIM][0m               Core 12 start compute primitive Lsu_mem.                                                                       | [36m9765 ns[0m
[INFO][0m[92m[PRIM][0m               Core 0 end compute primitive Lsu_mem.                                                                          | [36m10026 ns[0m
[INFO][0m[92m[PRIM][0m               Core 0 start compute primitive Sram_lifecycle.                                                                 | [36m10032 ns[0m
[INFO][0m[92m[PRIM][0m               Core 0 end compute primitive Sram_lifecycle.                                                                   | [36m10032 ns[0m
[INFO][0m[92m[PRIM][0m               Core 4 end compute primitive Lsu_mem.                                                                          | [36m10034 ns[0m
[INFO][0m[92m[PRIM][0m               Core 0 start compute primitive Sram_lifecycle.                                                                 | [36m10038 ns[0m
[INFO][0m[92m[PRIM][0m               Core 0 end compute primitive Sram_lifecycle.                                                                   | [36m10038 ns[0m
[INFO][0m[92m[PRIM][0m               Core 4 start compute primitive Sram_lifecycle.                                                                 | [36m10040 ns[0m
[INFO][0m[92m[PRIM][0m               Core 4 end compute primitive Sram_lifecycle.                                                                   | [36m10040 ns[0m
[INFO][0m[92m[PRIM][0m               Core 8 end compute primitive Lsu_mem.                                                                          | [36m10040 ns[0m
[INFO][0m[92m[PRIM][0m               Core 0 start compute primitive Sram_bind_oneshot.                                                              | [36m10044 ns[0m
[INFO][0m[92m[PRIM][0m               Core 0 end compute primitive Sram_bind_oneshot.                                                                | [36m10044 ns[0m
[INFO][0m[92m[PRIM][0m               Core 8 start compute primitive Sram_lifecycle.                                                                 | [36m10046 ns[0m
[INFO][0m[92m[PRIM][0m               Core 4 start compute primitive Sram_lifecycle.                                                                 | [36m10046 ns[0m
[INFO][0m[92m[PRIM][0m               Core 4 end compute primitive Sram_lifecycle.                                                                   | [36m10046 ns[0m
[INFO][0m[92m[PRIM][0m               Core 8 end compute primitive Sram_lifecycle.                                                                   | [36m10046 ns[0m
[INFO][0m[92m[PRIM][0m               Core 0 start compute primitive Matmul_f.                                                                       | [36m10050 ns[0m
[INFO][0m[92m[PRIM][0m               Core 4 start compute primitive Sram_bind_oneshot.                                                              | [36m10052 ns[0m
[INFO][0m[92m[PRIM][0m               Core 8 start compute primitive Sram_lifecycle.                                                                 | [36m10052 ns[0m
[INFO][0m[92m[PRIM][0m               Core 8 end compute primitive Sram_lifecycle.                                                                   | [36m10052 ns[0m
[INFO][0m[92m[PRIM][0m               Core 4 end compute primitive Sram_bind_oneshot.                                                                | [36m10052 ns[0m
[INFO][0m[92m[PRIM][0m               Core 4 start compute primitive Matmul_f.                                                                       | [36m10058 ns[0m
[INFO][0m[92m[PRIM][0m               Core 8 start compute primitive Sram_bind_oneshot.                                                              | [36m10058 ns[0m
[INFO][0m[92m[PRIM][0m               Core 0 end compute primitive Matmul_f.                                                                         | [36m10058 ns[0m
[INFO][0m[92m[PRIM][0m               Core 8 end compute primitive Sram_bind_oneshot.                                                                | [36m10058 ns[0m
[INFO][0m[92m[PRIM][0m               Core 12 end compute primitive Lsu_mem.                                                                         | [36m10058 ns[0m
[INFO][0m[92m[PRIM][0m               Core 12 start compute primitive Sram_lifecycle.                                                                | [36m10064 ns[0m
[INFO][0m[92m[PRIM][0m               Core 8 start compute primitive Matmul_f.                                                                       | [36m10064 ns[0m
[INFO][0m[92m[PRIM][0m               Core 0 start compute primitive Sram_lifecycle.                                                                 | [36m10064 ns[0m
[INFO][0m[92m[PRIM][0m               Core 0 end compute primitive Sram_lifecycle.                                                                   | [36m10064 ns[0m
[INFO][0m[92m[PRIM][0m               Core 12 end compute primitive Sram_lifecycle.                                                                  | [36m10064 ns[0m
[INFO][0m[92m[PRIM][0m               Core 4 end compute primitive Matmul_f.                                                                         | [36m10066 ns[0m
[INFO][0m[92m[PRIM][0m               Core 12 start compute primitive Sram_lifecycle.                                                                | [36m10070 ns[0m
[INFO][0m[92m[PRIM][0m               Core 0 start compute primitive Sram_lifecycle.                                                                 | [36m10070 ns[0m
[INFO][0m[92m[PRIM][0m               Core 0 end compute primitive Sram_lifecycle.                                                                   | [36m10070 ns[0m
[INFO][0m[92m[PRIM][0m               Core 12 end compute primitive Sram_lifecycle.                                                                  | [36m10070 ns[0m
[INFO][0m[92m[PRIM][0m               Core 4 start compute primitive Sram_lifecycle.                                                                 | [36m10072 ns[0m
[INFO][0m[92m[PRIM][0m               Core 8 end compute primitive Matmul_f.                                                                         | [36m10072 ns[0m
[INFO][0m[92m[PRIM][0m               Core 4 end compute primitive Sram_lifecycle.                                                                   | [36m10072 ns[0m
[INFO][0m[92m[PRIM][0m               Core 12 start compute primitive Sram_bind_oneshot.                                                             | [36m10076 ns[0m
[INFO][0m[92m[PRIM][0m               Core 12 end compute primitive Sram_bind_oneshot.                                                               | [36m10076 ns[0m
[INFO][0m[92m[PRIM][0m               Core 8 start compute primitive Sram_lifecycle.                                                                 | [36m10078 ns[0m
[INFO][0m[92m[PRIM][0m               Core 8 end compute primitive Sram_lifecycle.                                                                   | [36m10078 ns[0m
[INFO][0m[92m[PRIM][0m               Core 12 start compute primitive Matmul_f.                                                                      | [36m10082 ns[0m
[INFO][0m[92m[PRIM][0m               Core 12 end compute primitive Matmul_f.                                                                        | [36m10090 ns[0m
[INFO][0m[92m[PRIM][0m               Core 12 start compute primitive Sram_lifecycle.                                                                | [36m10096 ns[0m
[INFO][0m[92m[PRIM][0m               Core 12 end compute primitive Sram_lifecycle.                                                                  | [36m10096 ns[0m
[INFO][0m[92m[PRIM][0m               Core 4 start compute primitive Sram_lifecycle.                                                                 | [36m10142 ns[0m
[INFO][0m[92m[PRIM][0m               Core 4 end compute primitive Sram_lifecycle.                                                                   | [36m10142 ns[0m
[INFO][0m[92m[PRIM][0m               Core 4 start compute primitive Sram_lifecycle.                                                                 | [36m10148 ns[0m
[INFO][0m[92m[PRIM][0m               Core 8 start compute primitive Sram_lifecycle.                                                                 | [36m10148 ns[0m
[INFO][0m[92m[PRIM][0m               Core 8 end compute primitive Sram_lifecycle.                                                                   | [36m10148 ns[0m
[INFO][0m[92m[PRIM][0m               Core 4 end compute primitive Sram_lifecycle.                                                                   | [36m10148 ns[0m
[INFO][0m[92m[PRIM][0m               Core 4 start compute primitive Sram_lifecycle.                                                                 | [36m10154 ns[0m
[INFO][0m[92m[PRIM][0m               Core 8 start compute primitive Sram_lifecycle.                                                                 | [36m10154 ns[0m
[INFO][0m[92m[PRIM][0m               Core 8 end compute primitive Sram_lifecycle.                                                                   | [36m10154 ns[0m
[INFO][0m[92m[PRIM][0m               Core 4 end compute primitive Sram_lifecycle.                                                                   | [36m10154 ns[0m
[INFO][0m[92m[PRIM][0m               Core 4 start compute primitive Sram_bind_oneshot.                                                              | [36m10160 ns[0m
[INFO][0m[92m[PRIM][0m               Core 8 start compute primitive Sram_lifecycle.                                                                 | [36m10160 ns[0m
[INFO][0m[92m[PRIM][0m               Core 8 end compute primitive Sram_lifecycle.                                                                   | [36m10160 ns[0m
[INFO][0m[92m[PRIM][0m               Core 4 end compute primitive Sram_bind_oneshot.                                                                | [36m10160 ns[0m
[INFO][0m[92m[PRIM][0m               Core 4 start compute primitive Matmul_f.                                                                       | [36m10166 ns[0m
[INFO][0m[92m[PRIM][0m               Core 8 start compute primitive Sram_bind_oneshot.                                                              | [36m10166 ns[0m
[INFO][0m[92m[PRIM][0m               Core 8 end compute primitive Sram_bind_oneshot.                                                                | [36m10166 ns[0m
[INFO][0m[92m[PRIM][0m               Core 8 start compute primitive Matmul_f.                                                                       | [36m10172 ns[0m
[INFO][0m[92m[PRIM][0m               Core 4 end compute primitive Matmul_f.                                                                         | [36m10174 ns[0m
[INFO][0m[92m[PRIM][0m               Core 4 start compute primitive Sram_lifecycle.                                                                 | [36m10180 ns[0m
[INFO][0m[92m[PRIM][0m               Core 8 end compute primitive Matmul_f.                                                                         | [36m10180 ns[0m
[INFO][0m[92m[PRIM][0m               Core 4 end compute primitive Sram_lifecycle.                                                                   | [36m10180 ns[0m
[INFO][0m[92m[PRIM][0m               Core 0 start compute primitive Sram_lifecycle.                                                                 | [36m10182 ns[0m
[INFO][0m[92m[PRIM][0m               Core 0 end compute primitive Sram_lifecycle.                                                                   | [36m10182 ns[0m
[INFO][0m[92m[PRIM][0m               Core 4 start compute primitive Sram_lifecycle.                                                                 | [36m10186 ns[0m
[INFO][0m[92m[PRIM][0m               Core 8 start compute primitive Sram_lifecycle.                                                                 | [36m10186 ns[0m
[INFO][0m[92m[PRIM][0m               Core 8 end compute primitive Sram_lifecycle.                                                                   | [36m10186 ns[0m
[INFO][0m[92m[PRIM][0m               Core 4 end compute primitive Sram_lifecycle.                                                                   | [36m10186 ns[0m
[INFO][0m[92m[PRIM][0m               Core 12 start compute primitive Sram_lifecycle.                                                                | [36m10198 ns[0m
[INFO][0m[92m[PRIM][0m               Core 12 end compute primitive Sram_lifecycle.                                                                  | [36m10198 ns[0m
[INFO][0m[92m[PRIM][0m               Core 12 start compute primitive Sram_lifecycle.                                                                | [36m10204 ns[0m
[INFO][0m[92m[PRIM][0m               Core 12 end compute primitive Sram_lifecycle.                                                                  | [36m10204 ns[0m
[INFO][0m[92m[PRIM][0m               Core 12 start compute primitive Sram_lifecycle.                                                                | [36m10210 ns[0m
[INFO][0m[92m[PRIM][0m               Core 12 end compute primitive Sram_lifecycle.                                                                  | [36m10210 ns[0m
[INFO][0m[92m[PRIM][0m               Core 0 start compute primitive Sram_lifecycle.                                                                 | [36m10212 ns[0m
[INFO][0m[92m[PRIM][0m               Core 0 end compute primitive Sram_lifecycle.                                                                   | [36m10212 ns[0m
[INFO][0m[92m[PRIM][0m               Core 12 start compute primitive Sram_bind_oneshot.                                                             | [36m10216 ns[0m
[INFO][0m[92m[PRIM][0m               Core 12 end compute primitive Sram_bind_oneshot.                                                               | [36m10216 ns[0m
[INFO][0m[92m[PRIM][0m               Core 12 start compute primitive Matmul_f.                                                                      | [36m10222 ns[0m
[INFO][0m[92m[PRIM][0m               Core 12 end compute primitive Matmul_f.                                                                        | [36m10230 ns[0m
[INFO][0m[92m[PRIM][0m               Core 12 start compute primitive Sram_lifecycle.                                                                | [36m10236 ns[0m
[INFO][0m[92m[PRIM][0m               Core 12 end compute primitive Sram_lifecycle.                                                                  | [36m10236 ns[0m
[INFO][0m[92m[PRIM][0m               Core 0 start compute primitive Sram_lifecycle.                                                                 | [36m10258 ns[0m
[INFO][0m[92m[PRIM][0m               Core 0 end compute primitive Sram_lifecycle.                                                                   | [36m10258 ns[0m
[INFO][0m[92m[PRIM][0m               Core 0 start compute primitive Collective_data_v1_prim.                                                        | [36m10264 ns[0m
[INFO][0m[92m[PRIM][0m               Core 8 start compute primitive Sram_lifecycle.                                                                 | [36m10288 ns[0m
[INFO][0m[92m[PRIM][0m               Core 8 end compute primitive Sram_lifecycle.                                                                   | [36m10288 ns[0m
[INFO][0m[92m[PRIM][0m               Core 0 end compute primitive Collective_data_v1_prim.                                                          | [36m10294 ns[0m
[INFO][0m[92m[PRIM][0m               Core 8 start compute primitive Sram_lifecycle.                                                                 | [36m10294 ns[0m
[INFO][0m[92m[PRIM][0m               Core 8 end compute primitive Sram_lifecycle.                                                                   | [36m10294 ns[0m
[INFO][0m[92m[PRIM][0m               Core 8 start compute primitive Sram_lifecycle.                                                                 | [36m10300 ns[0m
[INFO][0m[92m[PRIM][0m               Core 0 start compute primitive Sram_lifecycle.                                                                 | [36m10300 ns[0m
[INFO][0m[92m[PRIM][0m               Core 0 end compute primitive Sram_lifecycle.                                                                   | [36m10300 ns[0m
[INFO][0m[92m[PRIM][0m               Core 8 end compute primitive Sram_lifecycle.                                                                   | [36m10300 ns[0m
[INFO][0m[92m[PRIM][0m               Core 8 start compute primitive Sram_bind_oneshot.                                                              | [36m10306 ns[0m
[INFO][0m[92m[PRIM][0m               Core 0 start compute primitive Sram_lifecycle.                                                                 | [36m10306 ns[0m
[INFO][0m[92m[PRIM][0m               Core 0 end compute primitive Sram_lifecycle.                                                                   | [36m10306 ns[0m
[INFO][0m[92m[PRIM][0m               Core 8 end compute primitive Sram_bind_oneshot.                                                                | [36m10306 ns[0m
[INFO][0m[92m[PRIM][0m               Core 8 start compute primitive Matmul_f.                                                                       | [36m10312 ns[0m
[INFO][0m[92m[PRIM][0m               Core 0 start compute primitive Sram_lifecycle.                                                                 | [36m10312 ns[0m
[INFO][0m[92m[PRIM][0m               Core 12 start compute primitive Sram_lifecycle.                                                                | [36m10312 ns[0m
[INFO][0m[92m[PRIM][0m               Core 12 end compute primitive Sram_lifecycle.                                                                  | [36m10312 ns[0m
[INFO][0m[92m[PRIM][0m               Core 0 end compute primitive Sram_lifecycle.                                                                   | [36m10312 ns[0m
[INFO][0m[92m[PRIM][0m               Core 12 start compute primitive Sram_lifecycle.                                                                | [36m10318 ns[0m
[INFO][0m[92m[PRIM][0m               Core 0 start compute primitive Sram_lifecycle.                                                                 | [36m10318 ns[0m
[INFO][0m[92m[PRIM][0m               Core 0 end compute primitive Sram_lifecycle.                                                                   | [36m10318 ns[0m
[INFO][0m[92m[PRIM][0m               Core 12 end compute primitive Sram_lifecycle.                                                                  | [36m10318 ns[0m
[INFO][0m[92m[PRIM][0m               Core 8 end compute primitive Matmul_f.                                                                         | [36m10320 ns[0m
[INFO][0m[92m[PRIM][0m               Core 12 start compute primitive Sram_lifecycle.                                                                | [36m10324 ns[0m
[INFO][0m[92m[PRIM][0m               Core 0 start compute primitive Sram_lifecycle.                                                                 | [36m10324 ns[0m
[INFO][0m[92m[PRIM][0m               Core 0 end compute primitive Sram_lifecycle.                                                                   | [36m10324 ns[0m
[INFO][0m[92m[PRIM][0m               Core 12 end compute primitive Sram_lifecycle.                                                                  | [36m10324 ns[0m
[INFO][0m[92m[PRIM][0m               Core 8 start compute primitive Sram_lifecycle.                                                                 | [36m10326 ns[0m
[INFO][0m[92m[PRIM][0m               Core 8 end compute primitive Sram_lifecycle.                                                                   | [36m10326 ns[0m
[INFO][0m[92m[PRIM][0m               Core 12 start compute primitive Sram_bind_oneshot.                                                             | [36m10330 ns[0m
[INFO][0m[92m[PRIM][0m               Core 0 start compute primitive Sram_lifecycle.                                                                 | [36m10330 ns[0m
[INFO][0m[92m[PRIM][0m               Core 0 end compute primitive Sram_lifecycle.                                                                   | [36m10330 ns[0m
[INFO][0m[92m[PRIM][0m               Core 12 end compute primitive Sram_bind_oneshot.                                                               | [36m10330 ns[0m
[INFO][0m[92m[PRIM][0m               Core 8 start compute primitive Sram_lifecycle.                                                                 | [36m10332 ns[0m
[INFO][0m[92m[PRIM][0m               Core 8 end compute primitive Sram_lifecycle.                                                                   | [36m10332 ns[0m
[INFO][0m[92m[PRIM][0m               Core 12 start compute primitive Matmul_f.                                                                      | [36m10336 ns[0m
[INFO][0m[92m[PRIM][0m               Core 0 start compute primitive Sram_bind_oneshot.                                                              | [36m10336 ns[0m
[INFO][0m[92m[PRIM][0m               Core 0 end compute primitive Sram_bind_oneshot.                                                                | [36m10336 ns[0m
[INFO][0m[92m[PRIM][0m               Core 0 start compute primitive Matmul_f.                                                                       | [36m10342 ns[0m
[INFO][0m[92m[PRIM][0m               Core 12 end compute primitive Matmul_f.                                                                        | [36m10344 ns[0m
[INFO][0m[92m[PRIM][0m               Core 12 start compute primitive Sram_lifecycle.                                                                | [36m10350 ns[0m
[INFO][0m[92m[PRIM][0m               Core 0 end compute primitive Matmul_f.                                                                         | [36m10350 ns[0m
[INFO][0m[92m[PRIM][0m               Core 12 end compute primitive Sram_lifecycle.                                                                  | [36m10350 ns[0m
[INFO][0m[92m[PRIM][0m               Core 0 start compute primitive Sram_lifecycle.                                                                 | [36m10356 ns[0m
[INFO][0m[92m[PRIM][0m               Core 0 end compute primitive Sram_lifecycle.                                                                   | [36m10356 ns[0m
[INFO][0m[92m[PRIM][0m               Core 12 start compute primitive Sram_lifecycle.                                                                | [36m10420 ns[0m
[INFO][0m[92m[PRIM][0m               Core 12 end compute primitive Sram_lifecycle.                                                                  | [36m10420 ns[0m
[INFO][0m[92m[PRIM][0m               Core 12 start compute primitive Sram_lifecycle.                                                                | [36m10426 ns[0m
[INFO][0m[92m[PRIM][0m               Core 0 start compute primitive Sram_lifecycle.                                                                 | [36m10426 ns[0m
[INFO][0m[92m[PRIM][0m               Core 0 end compute primitive Sram_lifecycle.                                                                   | [36m10426 ns[0m
[INFO][0m[92m[PRIM][0m               Core 12 end compute primitive Sram_lifecycle.                                                                  | [36m10426 ns[0m
[INFO][0m[92m[PRIM][0m               Core 12 start compute primitive Sram_lifecycle.                                                                | [36m10432 ns[0m
[INFO][0m[92m[PRIM][0m               Core 0 start compute primitive Sram_lifecycle.                                                                 | [36m10432 ns[0m
[INFO][0m[92m[PRIM][0m               Core 0 end compute primitive Sram_lifecycle.                                                                   | [36m10432 ns[0m
[INFO][0m[92m[PRIM][0m               Core 12 end compute primitive Sram_lifecycle.                                                                  | [36m10432 ns[0m
[INFO][0m[92m[PRIM][0m               Core 12 start compute primitive Sram_bind_oneshot.                                                             | [36m10438 ns[0m
[INFO][0m[92m[PRIM][0m               Core 0 start compute primitive Sram_lifecycle.                                                                 | [36m10438 ns[0m
[INFO][0m[92m[PRIM][0m               Core 0 end compute primitive Sram_lifecycle.                                                                   | [36m10438 ns[0m
[INFO][0m[92m[PRIM][0m               Core 12 end compute primitive Sram_bind_oneshot.                                                               | [36m10438 ns[0m
[INFO][0m[92m[PRIM][0m               Core 12 start compute primitive Matmul_f.                                                                      | [36m10444 ns[0m
[INFO][0m[92m[PRIM][0m               Core 0 start compute primitive Sram_bind_oneshot.                                                              | [36m10444 ns[0m
[INFO][0m[92m[PRIM][0m               Core 0 end compute primitive Sram_bind_oneshot.                                                                | [36m10444 ns[0m
[INFO][0m[92m[PRIM][0m               Core 0 start compute primitive Matmul_f.                                                                       | [36m10450 ns[0m
[INFO][0m[92m[PRIM][0m               Core 12 end compute primitive Matmul_f.                                                                        | [36m10452 ns[0m
[INFO][0m[92m[PRIM][0m               Core 12 start compute primitive Sram_lifecycle.                                                                | [36m10458 ns[0m
[INFO][0m[92m[PRIM][0m               Core 0 end compute primitive Matmul_f.                                                                         | [36m10458 ns[0m
[INFO][0m[92m[PRIM][0m               Core 12 end compute primitive Sram_lifecycle.                                                                  | [36m10458 ns[0m
[INFO][0m[92m[PRIM][0m               Core 12 start compute primitive Sram_lifecycle.                                                                | [36m10464 ns[0m
[INFO][0m[92m[PRIM][0m               Core 0 start compute primitive Sram_lifecycle.                                                                 | [36m10464 ns[0m
[INFO][0m[92m[PRIM][0m               Core 0 end compute primitive Sram_lifecycle.                                                                   | [36m10464 ns[0m
[INFO][0m[92m[PRIM][0m               Core 12 end compute primitive Sram_lifecycle.                                                                  | [36m10464 ns[0m
[INFO][0m[92m[PRIM][0m               Core 4 start compute primitive Sram_lifecycle.                                                                 | [36m10466 ns[0m
[INFO][0m[92m[PRIM][0m               Core 4 end compute primitive Sram_lifecycle.                                                                   | [36m10466 ns[0m
[INFO][0m[92m[PRIM][0m               Core 12 start compute primitive Sram_lifecycle.                                                                | [36m10470 ns[0m
[INFO][0m[92m[PRIM][0m               Core 12 end compute primitive Sram_lifecycle.                                                                  | [36m10470 ns[0m
[INFO][0m[92m[PRIM][0m               Core 4 start compute primitive Sram_lifecycle.                                                                 | [36m10490 ns[0m
[INFO][0m[92m[PRIM][0m               Core 4 end compute primitive Sram_lifecycle.                                                                   | [36m10490 ns[0m
[INFO][0m[92m[PRIM][0m               Core 4 start compute primitive Sram_lifecycle.                                                                 | [36m10514 ns[0m
[INFO][0m[92m[PRIM][0m               Core 4 end compute primitive Sram_lifecycle.                                                                   | [36m10514 ns[0m
[INFO][0m[92m[PRIM][0m               Core 4 start compute primitive Collective_data_v1_prim.                                                        | [36m10520 ns[0m
[INFO][0m[92m[PRIM][0m               Core 0 start compute primitive Sram_lifecycle.                                                                 | [36m10534 ns[0m
[INFO][0m[92m[PRIM][0m               Core 0 end compute primitive Sram_lifecycle.                                                                   | [36m10534 ns[0m
[INFO][0m[92m[PRIM][0m               Core 0 start compute primitive Sram_lifecycle.                                                                 | [36m10540 ns[0m
[INFO][0m[92m[PRIM][0m               Core 0 end compute primitive Sram_lifecycle.                                                                   | [36m10540 ns[0m
[INFO][0m[92m[PRIM][0m               Core 0 start compute primitive Sram_lifecycle.                                                                 | [36m10546 ns[0m
[INFO][0m[92m[PRIM][0m               Core 0 end compute primitive Sram_lifecycle.                                                                   | [36m10546 ns[0m
[INFO][0m[92m[PRIM][0m               Core 4 end compute primitive Collective_data_v1_prim.                                                          | [36m10550 ns[0m
[INFO][0m[92m[PRIM][0m               Core 0 start compute primitive Sram_bind_oneshot.                                                              | [36m10552 ns[0m
[INFO][0m[92m[PRIM][0m               Core 0 end compute primitive Sram_bind_oneshot.                                                                | [36m10552 ns[0m
[INFO][0m[92m[PRIM][0m               Core 4 start compute primitive Sram_lifecycle.                                                                 | [36m10556 ns[0m
[INFO][0m[92m[PRIM][0m               Core 4 end compute primitive Sram_lifecycle.                                                                   | [36m10556 ns[0m
[INFO][0m[92m[PRIM][0m               Core 0 start compute primitive Matmul_f.                                                                       | [36m10558 ns[0m
[INFO][0m[92m[PRIM][0m               Core 4 start compute primitive Sram_lifecycle.                                                                 | [36m10562 ns[0m
[INFO][0m[92m[PRIM][0m               Core 4 end compute primitive Sram_lifecycle.                                                                   | [36m10562 ns[0m
[INFO][0m[92m[PRIM][0m               Core 0 end compute primitive Matmul_f.                                                                         | [36m10566 ns[0m
[INFO][0m[92m[PRIM][0m               Core 4 start compute primitive Sram_lifecycle.                                                                 | [36m10568 ns[0m
[INFO][0m[92m[PRIM][0m               Core 4 end compute primitive Sram_lifecycle.                                                                   | [36m10568 ns[0m
[INFO][0m[92m[PRIM][0m               Core 0 start compute primitive Sram_lifecycle.                                                                 | [36m10572 ns[0m
[INFO][0m[92m[PRIM][0m               Core 0 end compute primitive Sram_lifecycle.                                                                   | [36m10572 ns[0m
[INFO][0m[92m[PRIM][0m               Core 4 start compute primitive Sram_lifecycle.                                                                 | [36m10574 ns[0m
[INFO][0m[92m[PRIM][0m               Core 8 start compute primitive Sram_lifecycle.                                                                 | [36m10574 ns[0m
[INFO][0m[92m[PRIM][0m               Core 8 end compute primitive Sram_lifecycle.                                                                   | [36m10574 ns[0m
[INFO][0m[92m[PRIM][0m               Core 4 end compute primitive Sram_lifecycle.                                                                   | [36m10574 ns[0m
[INFO][0m[92m[PRIM][0m               Core 0 start compute primitive Sram_lifecycle.                                                                 | [36m10578 ns[0m
[INFO][0m[92m[PRIM][0m               Core 0 end compute primitive Sram_lifecycle.                                                                   | [36m10578 ns[0m
[INFO][0m[92m[PRIM][0m               Core 4 start compute primitive Sram_lifecycle.                                                                 | [36m10580 ns[0m
[INFO][0m[92m[PRIM][0m               Core 4 end compute primitive Sram_lifecycle.                                                                   | [36m10580 ns[0m
[INFO][0m[92m[PRIM][0m               Core 4 start compute primitive Sram_lifecycle.                                                                 | [36m10586 ns[0m
[INFO][0m[92m[PRIM][0m               Core 4 end compute primitive Sram_lifecycle.                                                                   | [36m10586 ns[0m
[INFO][0m[92m[PRIM][0m               Core 4 start compute primitive Sram_bind_oneshot.                                                              | [36m10592 ns[0m
[INFO][0m[92m[PRIM][0m               Core 4 end compute primitive Sram_bind_oneshot.                                                                | [36m10592 ns[0m
[INFO][0m[92m[PRIM][0m               Core 4 start compute primitive Matmul_f.                                                                       | [36m10598 ns[0m
[INFO][0m[92m[PRIM][0m               Core 4 end compute primitive Matmul_f.                                                                         | [36m10606 ns[0m
[INFO][0m[92m[PRIM][0m               Core 4 start compute primitive Sram_lifecycle.                                                                 | [36m10612 ns[0m
[INFO][0m[92m[PRIM][0m               Core 4 end compute primitive Sram_lifecycle.                                                                   | [36m10612 ns[0m
[INFO][0m[92m[PRIM][0m               Core 0 start compute primitive Sram_lifecycle.                                                                 | [36m10680 ns[0m
[INFO][0m[92m[PRIM][0m               Core 0 end compute primitive Sram_lifecycle.                                                                   | [36m10680 ns[0m
[INFO][0m[92m[PRIM][0m               Core 0 start compute primitive Sram_lifecycle.                                                                 | [36m10686 ns[0m
[INFO][0m[92m[PRIM][0m               Core 0 end compute primitive Sram_lifecycle.                                                                   | [36m10686 ns[0m
[INFO][0m[92m[PRIM][0m               Core 0 start compute primitive Sram_bind_oneshot.                                                              | [36m10692 ns[0m
[INFO][0m[92m[PRIM][0m               Core 0 end compute primitive Sram_bind_oneshot.                                                                | [36m10692 ns[0m
[INFO][0m[92m[PRIM][0m               Core 0 start compute primitive Residual_f.                                                                     | [36m10698 ns[0m
[INFO][0m[92m[PRIM][0m               Core 0 end compute primitive Residual_f.                                                                       | [36m10698 ns[0m
[INFO][0m[92m[PRIM][0m               Core 0 start compute primitive Sram_lifecycle.                                                                 | [36m10704 ns[0m
[INFO][0m[92m[PRIM][0m               Core 0 end compute primitive Sram_lifecycle.                                                                   | [36m10704 ns[0m
[INFO][0m[92m[PRIM][0m               Core 0 start compute primitive Sram_lifecycle.                                                                 | [36m10710 ns[0m
[INFO][0m[92m[PRIM][0m               Core 0 end compute primitive Sram_lifecycle.                                                                   | [36m10710 ns[0m
[INFO][0m[92m[PRIM][0m               Core 4 start compute primitive Sram_lifecycle.                                                                 | [36m10714 ns[0m
[INFO][0m[92m[PRIM][0m               Core 4 end compute primitive Sram_lifecycle.                                                                   | [36m10714 ns[0m
[INFO][0m[92m[PRIM][0m               Core 0 start compute primitive Sram_lifecycle.                                                                 | [36m10716 ns[0m
[INFO][0m[92m[PRIM][0m               Core 0 end compute primitive Sram_lifecycle.                                                                   | [36m10716 ns[0m
[INFO][0m[92m[PRIM][0m               Core 4 start compute primitive Sram_lifecycle.                                                                 | [36m10720 ns[0m
[INFO][0m[92m[PRIM][0m               Core 4 end compute primitive Sram_lifecycle.                                                                   | [36m10720 ns[0m
[INFO][0m[92m[PRIM][0m               Core 0 start compute primitive Lsu_mem.                                                                        | [36m10722 ns[0m
[INFO][0m[92m[PRIM][0m               Core 4 start compute primitive Sram_lifecycle.                                                                 | [36m10726 ns[0m
[INFO][0m[92m[PRIM][0m               Core 4 end compute primitive Sram_lifecycle.                                                                   | [36m10726 ns[0m
[INFO][0m[92m[PRIM][0m               Core 4 start compute primitive Sram_bind_oneshot.                                                              | [36m10732 ns[0m
[INFO][0m[92m[PRIM][0m               Core 4 end compute primitive Sram_bind_oneshot.                                                                | [36m10732 ns[0m
[INFO][0m[92m[PRIM][0m               Core 4 start compute primitive Matmul_f.                                                                       | [36m10738 ns[0m
[INFO][0m[92m[PRIM][0m               Core 12 start compute primitive Sram_lifecycle.                                                                | [36m10740 ns[0m
[INFO][0m[92m[PRIM][0m               Core 12 end compute primitive Sram_lifecycle.                                                                  | [36m10740 ns[0m
[INFO][0m[92m[PRIM][0m               Core 4 end compute primitive Matmul_f.                                                                         | [36m10746 ns[0m
[INFO][0m[92m[PRIM][0m               Core 4 start compute primitive Sram_lifecycle.                                                                 | [36m10752 ns[0m
[INFO][0m[92m[PRIM][0m               Core 4 end compute primitive Sram_lifecycle.                                                                   | [36m10752 ns[0m
[INFO][0m[92m[PRIM][0m               Core 4 start compute primitive Sram_lifecycle.                                                                 | [36m10758 ns[0m
[INFO][0m[92m[PRIM][0m               Core 4 end compute primitive Sram_lifecycle.                                                                   | [36m10758 ns[0m
[INFO][0m[92m[PRIM][0m               Core 8 start compute primitive Sram_lifecycle.                                                                 | [36m10774 ns[0m
[INFO][0m[92m[PRIM][0m               Core 8 end compute primitive Sram_lifecycle.                                                                   | [36m10774 ns[0m
[INFO][0m[92m[PRIM][0m               Core 8 start compute primitive Sram_lifecycle.                                                                 | [36m10798 ns[0m
[INFO][0m[92m[PRIM][0m               Core 8 end compute primitive Sram_lifecycle.                                                                   | [36m10798 ns[0m
[INFO][0m[92m[PRIM][0m               Core 8 start compute primitive Collective_data_v1_prim.                                                        | [36m10804 ns[0m
[INFO][0m[92m[PRIM][0m               Core 0 end compute primitive Lsu_mem.                                                                          | [36m10804 ns[0m
[INFO][0m[92m[PRIM][0m               Core 0 start compute primitive Sram_lifecycle.                                                                 | [36m10810 ns[0m
[INFO][0m[92m[PRIM][0m               Core 0 end compute primitive Sram_lifecycle.                                                                   | [36m10810 ns[0m
[INFO][0m[92m[PRIM][0m               Core 0 start compute primitive Sram_bind_oneshot.                                                              | [36m10816 ns[0m
[INFO][0m[92m[PRIM][0m               Core 0 end compute primitive Sram_bind_oneshot.                                                                | [36m10816 ns[0m
[INFO][0m[92m[PRIM][0m               Core 0 start compute primitive rmsnorm_forward.                                                                | [36m10822 ns[0m
[INFO][0m[92m[PRIM][0m               Core 0 end compute primitive rmsnorm_forward.                                                                  | [36m10824 ns[0m
[INFO][0m[92m[PRIM][0m               Core 4 start compute primitive Sram_lifecycle.                                                                 | [36m10828 ns[0m
[INFO][0m[92m[PRIM][0m               Core 4 end compute primitive Sram_lifecycle.                                                                   | [36m10828 ns[0m
[INFO][0m[92m[PRIM][0m               Core 0 start compute primitive Sram_lifecycle.                                                                 | [36m10830 ns[0m
[INFO][0m[92m[PRIM][0m               Core 0 end compute primitive Sram_lifecycle.                                                                   | [36m10830 ns[0m
[INFO][0m[92m[PRIM][0m               Core 8 end compute primitive Collective_data_v1_prim.                                                          | [36m10834 ns[0m
[INFO][0m[92m[PRIM][0m               Core 4 start compute primitive Sram_lifecycle.                                                                 | [36m10834 ns[0m
[INFO][0m[92m[PRIM][0m               Core 4 end compute primitive Sram_lifecycle.                                                                   | [36m10834 ns[0m
[INFO][0m[92m[PRIM][0m               Core 0 start compute primitive Sram_lifecycle.                                                                 | [36m10836 ns[0m
[INFO][0m[92m[PRIM][0m               Core 0 end compute primitive Sram_lifecycle.                                                                   | [36m10836 ns[0m
[INFO][0m[92m[PRIM][0m               Core 4 start compute primitive Sram_bind_oneshot.                                                              | [36m10840 ns[0m
[INFO][0m[92m[PRIM][0m               Core 8 start compute primitive Sram_lifecycle.                                                                 | [36m10840 ns[0m
[INFO][0m[92m[PRIM][0m               Core 8 end compute primitive Sram_lifecycle.                                                                   | [36m10840 ns[0m
[INFO][0m[92m[PRIM][0m               Core 4 end compute primitive Sram_bind_oneshot.                                                                | [36m10840 ns[0m
[INFO][0m[92m[PRIM][0m               Core 4 start compute primitive Residual_f.                                                                     | [36m10846 ns[0m
[INFO][0m[92m[PRIM][0m               Core 8 start compute primitive Sram_lifecycle.                                                                 | [36m10846 ns[0m
[INFO][0m[92m[PRIM][0m               Core 8 end compute primitive Sram_lifecycle.                                                                   | [36m10846 ns[0m
[INFO][0m[92m[PRIM][0m               Core 4 end compute primitive Residual_f.                                                                       | [36m10846 ns[0m
[INFO][0m[92m[PRIM][0m               Core 8 start compute primitive Sram_lifecycle.                                                                 | [36m10852 ns[0m
[INFO][0m[92m[PRIM][0m               Core 4 start compute primitive Sram_lifecycle.                                                                 | [36m10852 ns[0m
[INFO][0m[92m[PRIM][0m               Core 4 end compute primitive Sram_lifecycle.                                                                   | [36m10852 ns[0m
[INFO][0m[92m[PRIM][0m               Core 8 end compute primitive Sram_lifecycle.                                                                   | [36m10852 ns[0m
[INFO][0m[92m[PRIM][0m               Core 8 start compute primitive Sram_lifecycle.                                                                 | [36m10858 ns[0m
[INFO][0m[92m[PRIM][0m               Core 4 start compute primitive Sram_lifecycle.                                                                 | [36m10858 ns[0m
[INFO][0m[92m[PRIM][0m               Core 4 end compute primitive Sram_lifecycle.                                                                   | [36m10858 ns[0m
[INFO][0m[92m[PRIM][0m               Core 8 end compute primitive Sram_lifecycle.                                                                   | [36m10858 ns[0m
[INFO][0m[92m[PRIM][0m               Core 0 start compute primitive Sram_lifecycle.                                                                 | [36m10860 ns[0m
[INFO][0m[92m[PRIM][0m               Core 0 end compute primitive Sram_lifecycle.                                                                   | [36m10860 ns[0m
[INFO][0m[92m[PRIM][0m               Core 8 start compute primitive Sram_lifecycle.                                                                 | [36m10864 ns[0m
[INFO][0m[92m[PRIM][0m               Core 4 start compute primitive Sram_lifecycle.                                                                 | [36m10864 ns[0m
[INFO][0m[92m[PRIM][0m               Core 4 end compute primitive Sram_lifecycle.                                                                   | [36m10864 ns[0m
[INFO][0m[92m[PRIM][0m               Core 8 end compute primitive Sram_lifecycle.                                                                   | [36m10864 ns[0m
[INFO][0m[92m[PRIM][0m               Core 12 start compute primitive Sram_lifecycle.                                                                | [36m10868 ns[0m
[INFO][0m[92m[PRIM][0m               Core 12 end compute primitive Sram_lifecycle.                                                                  | [36m10868 ns[0m
[INFO][0m[92m[PRIM][0m               Core 8 start compute primitive Sram_lifecycle.                                                                 | [36m10870 ns[0m
[INFO][0m[92m[PRIM][0m               Core 4 start compute primitive Lsu_mem.                                                                        | [36m10870 ns[0m
[INFO][0m[92m[PRIM][0m               Core 8 end compute primitive Sram_lifecycle.                                                                   | [36m10870 ns[0m
[INFO][0m[92m[PRIM][0m               Core 8 start compute primitive Sram_bind_oneshot.                                                              | [36m10876 ns[0m
[INFO][0m[92m[PRIM][0m               Core 8 end compute primitive Sram_bind_oneshot.                                                                | [36m10876 ns[0m
[INFO][0m[92m[PRIM][0m               Core 8 start compute primitive Matmul_f.                                                                       | [36m10882 ns[0m
[INFO][0m[92m[PRIM][0m               Core 8 end compute primitive Matmul_f.                                                                         | [36m10890 ns[0m
[INFO][0m[92m[PRIM][0m               Core 8 start compute primitive Sram_lifecycle.                                                                 | [36m10896 ns[0m
[INFO][0m[92m[PRIM][0m               Core 8 end compute primitive Sram_lifecycle.                                                                   | [36m10896 ns[0m
[INFO][0m[92m[PRIM][0m               Core 8 start compute primitive Sram_lifecycle.                                                                 | [36m10902 ns[0m
[INFO][0m[92m[PRIM][0m               Core 8 end compute primitive Sram_lifecycle.                                                                   | [36m10902 ns[0m
[INFO][0m[92m[PRIM][0m               Core 4 end compute primitive Lsu_mem.                                                                          | [36m10951 ns[0m
[INFO][0m[92m[PRIM][0m               Core 4 start compute primitive Sram_lifecycle.                                                                 | [36m10957 ns[0m
[INFO][0m[92m[PRIM][0m               Core 4 end compute primitive Sram_lifecycle.                                                                   | [36m10957 ns[0m
[INFO][0m[92m[PRIM][0m               Core 4 start compute primitive Sram_bind_oneshot.                                                              | [36m10963 ns[0m
[INFO][0m[92m[PRIM][0m               Core 4 end compute primitive Sram_bind_oneshot.                                                                | [36m10963 ns[0m
[INFO][0m[92m[PRIM][0m               Core 4 start compute primitive rmsnorm_forward.                                                                | [36m10969 ns[0m
[INFO][0m[92m[PRIM][0m               Core 4 end compute primitive rmsnorm_forward.                                                                  | [36m10971 ns[0m
[INFO][0m[92m[PRIM][0m               Core 8 start compute primitive Sram_lifecycle.                                                                 | [36m10976 ns[0m
[INFO][0m[92m[PRIM][0m               Core 8 end compute primitive Sram_lifecycle.                                                                   | [36m10976 ns[0m
[INFO][0m[92m[PRIM][0m               Core 4 start compute primitive Sram_lifecycle.                                                                 | [36m10977 ns[0m
[INFO][0m[92m[PRIM][0m               Core 4 end compute primitive Sram_lifecycle.                                                                   | [36m10977 ns[0m
[INFO][0m[92m[PRIM][0m               Core 8 start compute primitive Sram_lifecycle.                                                                 | [36m10982 ns[0m
[INFO][0m[92m[PRIM][0m               Core 8 end compute primitive Sram_lifecycle.                                                                   | [36m10982 ns[0m
[INFO][0m[92m[PRIM][0m               Core 4 start compute primitive Sram_lifecycle.                                                                 | [36m10983 ns[0m
[INFO][0m[92m[PRIM][0m               Core 4 end compute primitive Sram_lifecycle.                                                                   | [36m10983 ns[0m
[INFO][0m[92m[PRIM][0m               Core 8 start compute primitive Sram_bind_oneshot.                                                              | [36m10988 ns[0m
[INFO][0m[92m[PRIM][0m               Core 8 end compute primitive Sram_bind_oneshot.                                                                | [36m10988 ns[0m
[INFO][0m[92m[PRIM][0m               Core 8 start compute primitive Residual_f.                                                                     | [36m10994 ns[0m
[INFO][0m[92m[PRIM][0m               Core 8 end compute primitive Residual_f.                                                                       | [36m10994 ns[0m
[INFO][0m[92m[PRIM][0m               Core 8 start compute primitive Sram_lifecycle.                                                                 | [36m11 us[0m
[INFO][0m[92m[PRIM][0m               Core 8 end compute primitive Sram_lifecycle.                                                                   | [36m11 us[0m
[INFO][0m[92m[PRIM][0m               Core 8 start compute primitive Sram_lifecycle.                                                                 | [36m11006 ns[0m
[INFO][0m[92m[PRIM][0m               Core 8 end compute primitive Sram_lifecycle.                                                                   | [36m11006 ns[0m
[INFO][0m[92m[PRIM][0m               Core 8 start compute primitive Sram_lifecycle.                                                                 | [36m11012 ns[0m
[INFO][0m[92m[PRIM][0m               Core 8 end compute primitive Sram_lifecycle.                                                                   | [36m11012 ns[0m
[INFO][0m[92m[PRIM][0m               Core 12 start compute primitive Sram_lifecycle.                                                                | [36m11016 ns[0m
[INFO][0m[92m[PRIM][0m               Core 12 end compute primitive Sram_lifecycle.                                                                  | [36m11016 ns[0m
[INFO][0m[92m[PRIM][0m               Core 8 start compute primitive Lsu_mem.                                                                        | [36m11018 ns[0m
[INFO][0m[92m[PRIM][0m               Core 12 start compute primitive Collective_data_v1_prim.                                                       | [36m11022 ns[0m
[INFO][0m[92m[PRIM][0m               Core 4 start compute primitive Sram_lifecycle.                                                                 | [36m11023 ns[0m
[INFO][0m[92m[PRIM][0m               Core 4 end compute primitive Sram_lifecycle.                                                                   | [36m11023 ns[0m
[INFO][0m[92m[PRIM][0m               Core 12 end compute primitive Collective_data_v1_prim.                                                         | [36m11052 ns[0m
[INFO][0m[92m[PRIM][0m               Core 12 start compute primitive Sram_lifecycle.                                                                | [36m11058 ns[0m
[INFO][0m[92m[PRIM][0m               Core 12 end compute primitive Sram_lifecycle.                                                                  | [36m11058 ns[0m
[INFO][0m[92m[PRIM][0m               Core 12 start compute primitive Sram_lifecycle.                                                                | [36m11064 ns[0m
[INFO][0m[92m[PRIM][0m               Core 12 end compute primitive Sram_lifecycle.                                                                  | [36m11064 ns[0m
[INFO][0m[92m[PRIM][0m               Core 12 start compute primitive Sram_lifecycle.                                                                | [36m11070 ns[0m
[INFO][0m[92m[PRIM][0m               Core 12 end compute primitive Sram_lifecycle.                                                                  | [36m11070 ns[0m
[INFO][0m[92m[PRIM][0m               Core 12 start compute primitive Sram_lifecycle.                                                                | [36m11076 ns[0m
[INFO][0m[92m[PRIM][0m               Core 12 end compute primitive Sram_lifecycle.                                                                  | [36m11076 ns[0m
[INFO][0m[92m[PRIM][0m               Core 12 start compute primitive Sram_lifecycle.                                                                | [36m11082 ns[0m
[INFO][0m[92m[PRIM][0m               Core 12 end compute primitive Sram_lifecycle.                                                                  | [36m11082 ns[0m
[INFO][0m[92m[PRIM][0m               Core 12 start compute primitive Sram_bind_oneshot.                                                             | [36m11088 ns[0m
[INFO][0m[92m[PRIM][0m               Core 12 end compute primitive Sram_bind_oneshot.                                                               | [36m11088 ns[0m
[INFO][0m[92m[PRIM][0m               Core 12 start compute primitive Residual_f.                                                                    | [36m11094 ns[0m
[INFO][0m[92m[PRIM][0m               Core 12 end compute primitive Residual_f.                                                                      | [36m11094 ns[0m
[INFO][0m[92m[PRIM][0m               Core 12 start compute primitive Sram_lifecycle.                                                                | [36m11100 ns[0m
[INFO][0m[92m[PRIM][0m               Core 12 end compute primitive Sram_lifecycle.                                                                  | [36m11100 ns[0m
[INFO][0m[92m[PRIM][0m               Core 8 end compute primitive Lsu_mem.                                                                          | [36m11100 ns[0m
[INFO][0m[92m[PRIM][0m               Core 8 start compute primitive Sram_lifecycle.                                                                 | [36m11106 ns[0m
[INFO][0m[92m[PRIM][0m               Core 12 start compute primitive Sram_lifecycle.                                                                | [36m11106 ns[0m
[INFO][0m[92m[PRIM][0m               Core 12 end compute primitive Sram_lifecycle.                                                                  | [36m11106 ns[0m
[INFO][0m[92m[PRIM][0m               Core 8 end compute primitive Sram_lifecycle.                                                                   | [36m11106 ns[0m
[INFO][0m[92m[PRIM][0m               Core 8 start compute primitive Sram_bind_oneshot.                                                              | [36m11112 ns[0m
[INFO][0m[92m[PRIM][0m               Core 12 start compute primitive Sram_lifecycle.                                                                | [36m11112 ns[0m
[INFO][0m[92m[PRIM][0m               Core 12 end compute primitive Sram_lifecycle.                                                                  | [36m11112 ns[0m
[INFO][0m[92m[PRIM][0m               Core 8 end compute primitive Sram_bind_oneshot.                                                                | [36m11112 ns[0m
[INFO][0m[92m[PRIM][0m               Core 12 start compute primitive Lsu_mem.                                                                       | [36m11118 ns[0m
[INFO][0m[92m[PRIM][0m               Core 8 start compute primitive rmsnorm_forward.                                                                | [36m11118 ns[0m
[INFO][0m[92m[PRIM][0m               Core 8 end compute primitive rmsnorm_forward.                                                                  | [36m11120 ns[0m
[INFO][0m[92m[PRIM][0m               Core 8 start compute primitive Sram_lifecycle.                                                                 | [36m11126 ns[0m
[INFO][0m[92m[PRIM][0m               Core 8 end compute primitive Sram_lifecycle.                                                                   | [36m11126 ns[0m
[INFO][0m[92m[PRIM][0m               Core 8 start compute primitive Sram_lifecycle.                                                                 | [36m11132 ns[0m
[INFO][0m[92m[PRIM][0m               Core 8 end compute primitive Sram_lifecycle.                                                                   | [36m11132 ns[0m
[INFO][0m[92m[PRIM][0m               Core 12 end compute primitive Lsu_mem.                                                                         | [36m11198 ns[0m
[INFO][0m[92m[PRIM][0m               Core 12 start compute primitive Sram_lifecycle.                                                                | [36m11204 ns[0m
[INFO][0m[92m[PRIM][0m               Core 12 end compute primitive Sram_lifecycle.                                                                  | [36m11204 ns[0m
[INFO][0m[92m[PRIM][0m               Core 12 start compute primitive Sram_bind_oneshot.                                                             | [36m11210 ns[0m
[INFO][0m[92m[PRIM][0m               Core 12 end compute primitive Sram_bind_oneshot.                                                               | [36m11210 ns[0m
[INFO][0m[92m[PRIM][0m               Core 12 start compute primitive rmsnorm_forward.                                                               | [36m11216 ns[0m
[INFO][0m[92m[PRIM][0m               Core 12 end compute primitive rmsnorm_forward.                                                                 | [36m11218 ns[0m
[INFO][0m[92m[PRIM][0m               Core 12 start compute primitive Sram_lifecycle.                                                                | [36m11224 ns[0m
[INFO][0m[92m[PRIM][0m               Core 12 end compute primitive Sram_lifecycle.                                                                  | [36m11224 ns[0m
[INFO][0m[92m[PRIM][0m               Core 12 start compute primitive Sram_lifecycle.                                                                | [36m11230 ns[0m
[INFO][0m[92m[PRIM][0m               Core 12 end compute primitive Sram_lifecycle.                                                                  | [36m11230 ns[0m
[INFO][0m[92m[PRIM][0m               Core 8 start compute primitive Sram_lifecycle.                                                                 | [36m11266 ns[0m
[INFO][0m[92m[PRIM][0m               Core 8 end compute primitive Sram_lifecycle.                                                                   | [36m11266 ns[0m
[INFO][0m[92m[PRIM][0m               Core 12 start compute primitive Sram_lifecycle.                                                                | [36m11554 ns[0m
[INFO][0m[92m[PRIM][0m               Core 12 end compute primitive Sram_lifecycle.                                                                  | [36m11554 ns[0m
[INFO][0m[92m[PRIM][0m               Core 0 start compute primitive Sram_lifecycle.                                                                 | [36m11860 ns[0m
[INFO][0m[92m[PRIM][0m               Core 0 end compute primitive Sram_lifecycle.                                                                   | [36m11860 ns[0m
[INFO][0m[92m[PRIM][0m               Core 0 start compute primitive Lsu_mem.                                                                        | [36m11866 ns[0m
[INFO][0m[92m[PRIM][0m               Core 4 start compute primitive Sram_lifecycle.                                                                 | [36m11870 ns[0m
[INFO][0m[92m[PRIM][0m               Core 4 end compute primitive Sram_lifecycle.                                                                   | [36m11870 ns[0m
[INFO][0m[92m[PRIM][0m               Core 8 start compute primitive Sram_lifecycle.                                                                 | [36m11874 ns[0m
[INFO][0m[92m[PRIM][0m               Core 8 end compute primitive Sram_lifecycle.                                                                   | [36m11874 ns[0m
[INFO][0m[92m[PRIM][0m               Core 4 start compute primitive Lsu_mem.                                                                        | [36m11876 ns[0m
[INFO][0m[92m[PRIM][0m               Core 8 start compute primitive Lsu_mem.                                                                        | [36m11880 ns[0m
[INFO][0m[92m[PRIM][0m               Core 12 start compute primitive Sram_lifecycle.                                                                | [36m11894 ns[0m
[INFO][0m[92m[PRIM][0m               Core 12 end compute primitive Sram_lifecycle.                                                                  | [36m11894 ns[0m
[INFO][0m[92m[PRIM][0m               Core 12 start compute primitive Lsu_mem.                                                                       | [36m11900 ns[0m
[INFO][0m[92m[PRIM][0m               Core 0 end compute primitive Lsu_mem.                                                                          | [36m12889 ns[0m
[INFO][0m[92m[PRIM][0m               Core 0 start compute primitive Sram_lifecycle.                                                                 | [36m12895 ns[0m
[INFO][0m[92m[PRIM][0m               Core 0 end compute primitive Sram_lifecycle.                                                                   | [36m12895 ns[0m
[INFO][0m[92m[PRIM][0m               Core 4 end compute primitive Lsu_mem.                                                                          | [36m12897 ns[0m
[INFO][0m[92m[PRIM][0m               Core 0 start compute primitive Sram_bind_oneshot.                                                              | [36m12901 ns[0m
[INFO][0m[92m[PRIM][0m               Core 0 end compute primitive Sram_bind_oneshot.                                                                | [36m12901 ns[0m
[INFO][0m[92m[PRIM][0m               Core 4 start compute primitive Sram_lifecycle.                                                                 | [36m12903 ns[0m
[INFO][0m[92m[PRIM][0m               Core 4 end compute primitive Sram_lifecycle.                                                                   | [36m12903 ns[0m
[INFO][0m[92m[PRIM][0m               Core 8 end compute primitive Lsu_mem.                                                                          | [36m12903 ns[0m
[INFO][0m[92m[PRIM][0m               Core 0 start compute primitive Matmul_f.                                                                       | [36m12907 ns[0m
[INFO][0m[92m[PRIM][0m               Core 8 start compute primitive Sram_lifecycle.                                                                 | [36m12909 ns[0m
[INFO][0m[92m[PRIM][0m               Core 4 start compute primitive Sram_bind_oneshot.                                                              | [36m12909 ns[0m
[INFO][0m[92m[PRIM][0m               Core 4 end compute primitive Sram_bind_oneshot.                                                                | [36m12909 ns[0m
[INFO][0m[92m[PRIM][0m               Core 8 end compute primitive Sram_lifecycle.                                                                   | [36m12909 ns[0m
[INFO][0m[92m[PRIM][0m               Core 8 start compute primitive Sram_bind_oneshot.                                                              | [36m12915 ns[0m
[INFO][0m[92m[PRIM][0m               Core 4 start compute primitive Matmul_f.                                                                       | [36m12915 ns[0m
[INFO][0m[92m[PRIM][0m               Core 8 end compute primitive Sram_bind_oneshot.                                                                | [36m12915 ns[0m
[INFO][0m[92m[PRIM][0m               Core 8 start compute primitive Matmul_f.                                                                       | [36m12921 ns[0m
[INFO][0m[92m[PRIM][0m               Core 12 end compute primitive Lsu_mem.                                                                         | [36m12921 ns[0m
[INFO][0m[92m[PRIM][0m               Core 12 start compute primitive Sram_lifecycle.                                                                | [36m12927 ns[0m
[INFO][0m[92m[PRIM][0m               Core 12 end compute primitive Sram_lifecycle.                                                                  | [36m12927 ns[0m
[INFO][0m[92m[PRIM][0m               Core 12 start compute primitive Sram_bind_oneshot.                                                             | [36m12933 ns[0m
[INFO][0m[92m[PRIM][0m               Core 12 end compute primitive Sram_bind_oneshot.                                                               | [36m12933 ns[0m
[INFO][0m[92m[PRIM][0m               Core 12 start compute primitive Matmul_f.                                                                      | [36m12939 ns[0m
[INFO][0m[92m[PRIM][0m               Core 0 end compute primitive Matmul_f.                                                                         | [36m13035 ns[0m
[INFO][0m[92m[PRIM][0m               Core 0 start compute primitive Sram_lifecycle.                                                                 | [36m13041 ns[0m
[INFO][0m[92m[PRIM][0m               Core 0 end compute primitive Sram_lifecycle.                                                                   | [36m13041 ns[0m
[INFO][0m[92m[PRIM][0m               Core 4 end compute primitive Matmul_f.                                                                         | [36m13043 ns[0m
[INFO][0m[92m[PRIM][0m               Core 0 start compute primitive Sram_lifecycle.                                                                 | [36m13047 ns[0m
[INFO][0m[92m[PRIM][0m               Core 0 end compute primitive Sram_lifecycle.                                                                   | [36m13047 ns[0m
[INFO][0m[92m[PRIM][0m               Core 8 end compute primitive Matmul_f.                                                                         | [36m13049 ns[0m
[INFO][0m[92m[PRIM][0m               Core 4 start compute primitive Sram_lifecycle.                                                                 | [36m13049 ns[0m
[INFO][0m[92m[PRIM][0m               Core 4 end compute primitive Sram_lifecycle.                                                                   | [36m13049 ns[0m
[INFO][0m[92m[PRIM][0m               Core 0 start compute primitive Sram_lifecycle.                                                                 | [36m13053 ns[0m
[INFO][0m[92m[PRIM][0m               Core 0 end compute primitive Sram_lifecycle.                                                                   | [36m13053 ns[0m
[INFO][0m[92m[PRIM][0m               Core 4 start compute primitive Sram_lifecycle.                                                                 | [36m13055 ns[0m
[INFO][0m[92m[PRIM][0m               Core 8 start compute primitive Sram_lifecycle.                                                                 | [36m13055 ns[0m
[INFO][0m[92m[PRIM][0m               Core 8 end compute primitive Sram_lifecycle.                                                                   | [36m13055 ns[0m
[INFO][0m[92m[PRIM][0m               Core 4 end compute primitive Sram_lifecycle.                                                                   | [36m13055 ns[0m
[INFO][0m[92m[PRIM][0m               Core 0 start compute primitive Sram_bind_oneshot.                                                              | [36m13059 ns[0m
[INFO][0m[92m[PRIM][0m               Core 0 end compute primitive Sram_bind_oneshot.                                                                | [36m13059 ns[0m
[INFO][0m[92m[PRIM][0m               Core 4 start compute primitive Sram_lifecycle.                                                                 | [36m13061 ns[0m
[INFO][0m[92m[PRIM][0m               Core 8 start compute primitive Sram_lifecycle.                                                                 | [36m13061 ns[0m
[INFO][0m[92m[PRIM][0m               Core 8 end compute primitive Sram_lifecycle.                                                                   | [36m13061 ns[0m
[INFO][0m[92m[PRIM][0m               Core 4 end compute primitive Sram_lifecycle.                                                                   | [36m13061 ns[0m
[INFO][0m[92m[PRIM][0m               Core 0 start compute primitive swiglu_forward.                                                                 | [36m13065 ns[0m
[INFO][0m[92m[PRIM][0m               Core 8 start compute primitive Sram_lifecycle.                                                                 | [36m13067 ns[0m
[INFO][0m[92m[PRIM][0m               Core 4 start compute primitive Sram_bind_oneshot.                                                              | [36m13067 ns[0m
[INFO][0m[92m[PRIM][0m               Core 12 end compute primitive Matmul_f.                                                                        | [36m13067 ns[0m
[INFO][0m[92m[PRIM][0m               Core 4 end compute primitive Sram_bind_oneshot.                                                                | [36m13067 ns[0m
[INFO][0m[92m[PRIM][0m               Core 8 end compute primitive Sram_lifecycle.                                                                   | [36m13067 ns[0m
[INFO][0m[92m[PRIM][0m               Core 0 end compute primitive swiglu_forward.                                                                   | [36m13069 ns[0m
[INFO][0m[92m[PRIM][0m               Core 12 start compute primitive Sram_lifecycle.                                                                | [36m13073 ns[0m
[INFO][0m[92m[PRIM][0m               Core 8 start compute primitive Sram_bind_oneshot.                                                              | [36m13073 ns[0m
[INFO][0m[92m[PRIM][0m               Core 4 start compute primitive swiglu_forward.                                                                 | [36m13073 ns[0m
[INFO][0m[92m[PRIM][0m               Core 8 end compute primitive Sram_bind_oneshot.                                                                | [36m13073 ns[0m
[INFO][0m[92m[PRIM][0m               Core 12 end compute primitive Sram_lifecycle.                                                                  | [36m13073 ns[0m
[INFO][0m[92m[PRIM][0m               Core 0 start compute primitive Sram_lifecycle.                                                                 | [36m13075 ns[0m
[INFO][0m[92m[PRIM][0m               Core 0 end compute primitive Sram_lifecycle.                                                                   | [36m13075 ns[0m
[INFO][0m[92m[PRIM][0m               Core 4 end compute primitive swiglu_forward.                                                                   | [36m13077 ns[0m
[INFO][0m[92m[PRIM][0m               Core 8 start compute primitive swiglu_forward.                                                                 | [36m13079 ns[0m
[INFO][0m[92m[PRIM][0m               Core 12 start compute primitive Sram_lifecycle.                                                                | [36m13079 ns[0m
[INFO][0m[92m[PRIM][0m               Core 12 end compute primitive Sram_lifecycle.                                                                  | [36m13079 ns[0m
[INFO][0m[92m[PRIM][0m               Core 0 start compute primitive Sram_lifecycle.                                                                 | [36m13081 ns[0m
[INFO][0m[92m[PRIM][0m               Core 0 end compute primitive Sram_lifecycle.                                                                   | [36m13081 ns[0m
[INFO][0m[92m[PRIM][0m               Core 4 start compute primitive Sram_lifecycle.                                                                 | [36m13083 ns[0m
[INFO][0m[92m[PRIM][0m               Core 8 end compute primitive swiglu_forward.                                                                   | [36m13083 ns[0m
[INFO][0m[92m[PRIM][0m               Core 4 end compute primitive Sram_lifecycle.                                                                   | [36m13083 ns[0m
[INFO][0m[92m[PRIM][0m               Core 12 start compute primitive Sram_lifecycle.                                                                | [36m13085 ns[0m
[INFO][0m[92m[PRIM][0m               Core 12 end compute primitive Sram_lifecycle.                                                                  | [36m13085 ns[0m
[INFO][0m[92m[PRIM][0m               Core 0 start compute primitive Sram_lifecycle.                                                                 | [36m13087 ns[0m
[INFO][0m[92m[PRIM][0m               Core 0 end compute primitive Sram_lifecycle.                                                                   | [36m13087 ns[0m
[INFO][0m[92m[PRIM][0m               Core 8 start compute primitive Sram_lifecycle.                                                                 | [36m13089 ns[0m
[INFO][0m[92m[PRIM][0m               Core 4 start compute primitive Sram_lifecycle.                                                                 | [36m13089 ns[0m
[INFO][0m[92m[PRIM][0m               Core 4 end compute primitive Sram_lifecycle.                                                                   | [36m13089 ns[0m
[INFO][0m[92m[PRIM][0m               Core 8 end compute primitive Sram_lifecycle.                                                                   | [36m13089 ns[0m
[INFO][0m[92m[PRIM][0m               Core 12 start compute primitive Sram_bind_oneshot.                                                             | [36m13091 ns[0m
[INFO][0m[92m[PRIM][0m               Core 12 end compute primitive Sram_bind_oneshot.                                                               | [36m13091 ns[0m
[INFO][0m[92m[PRIM][0m               Core 0 start compute primitive Lsu_mem.                                                                        | [36m13093 ns[0m
[INFO][0m[92m[PRIM][0m               Core 8 start compute primitive Sram_lifecycle.                                                                 | [36m13095 ns[0m
[INFO][0m[92m[PRIM][0m               Core 4 start compute primitive Sram_lifecycle.                                                                 | [36m13095 ns[0m
[INFO][0m[92m[PRIM][0m               Core 4 end compute primitive Sram_lifecycle.                                                                   | [36m13095 ns[0m
[INFO][0m[92m[PRIM][0m               Core 8 end compute primitive Sram_lifecycle.                                                                   | [36m13095 ns[0m
[INFO][0m[92m[PRIM][0m               Core 12 start compute primitive swiglu_forward.                                                                | [36m13097 ns[0m
[INFO][0m[92m[PRIM][0m               Core 12 end compute primitive swiglu_forward.                                                                  | [36m13101 ns[0m
[INFO][0m[92m[PRIM][0m               Core 4 start compute primitive Lsu_mem.                                                                        | [36m13101 ns[0m
[INFO][0m[92m[PRIM][0m               Core 8 start compute primitive Sram_lifecycle.                                                                 | [36m13101 ns[0m
[INFO][0m[92m[PRIM][0m               Core 8 end compute primitive Sram_lifecycle.                                                                   | [36m13101 ns[0m
[INFO][0m[92m[PRIM][0m               Core 12 start compute primitive Sram_lifecycle.                                                                | [36m13107 ns[0m
[INFO][0m[92m[PRIM][0m               Core 8 start compute primitive Lsu_mem.                                                                        | [36m13107 ns[0m
[INFO][0m[92m[PRIM][0m               Core 12 end compute primitive Sram_lifecycle.                                                                  | [36m13107 ns[0m
[INFO][0m[92m[PRIM][0m               Core 12 start compute primitive Sram_lifecycle.                                                                | [36m13113 ns[0m
[INFO][0m[92m[PRIM][0m               Core 12 end compute primitive Sram_lifecycle.                                                                  | [36m13113 ns[0m
[INFO][0m[92m[PRIM][0m               Core 12 start compute primitive Sram_lifecycle.                                                                | [36m13119 ns[0m
[INFO][0m[92m[PRIM][0m               Core 12 end compute primitive Sram_lifecycle.                                                                  | [36m13119 ns[0m
[INFO][0m[92m[PRIM][0m               Core 12 start compute primitive Lsu_mem.                                                                       | [36m13125 ns[0m
[INFO][0m[92m[PRIM][0m               Core 0 end compute primitive Lsu_mem.                                                                          | [36m13630 ns[0m
[INFO][0m[92m[PRIM][0m               Core 0 start compute primitive Sram_lifecycle.                                                                 | [36m13636 ns[0m
[INFO][0m[92m[PRIM][0m               Core 0 end compute primitive Sram_lifecycle.                                                                   | [36m13636 ns[0m
[INFO][0m[92m[PRIM][0m               Core 4 end compute primitive Lsu_mem.                                                                          | [36m13638 ns[0m
[INFO][0m[92m[PRIM][0m               Core 0 start compute primitive Sram_lifecycle.                                                                 | [36m13642 ns[0m
[INFO][0m[92m[PRIM][0m               Core 0 end compute primitive Sram_lifecycle.                                                                   | [36m13642 ns[0m
[INFO][0m[92m[PRIM][0m               Core 4 start compute primitive Sram_lifecycle.                                                                 | [36m13644 ns[0m
[INFO][0m[92m[PRIM][0m               Core 4 end compute primitive Sram_lifecycle.                                                                   | [36m13644 ns[0m
[INFO][0m[92m[PRIM][0m               Core 8 end compute primitive Lsu_mem.                                                                          | [36m13644 ns[0m
[INFO][0m[92m[PRIM][0m               Core 0 start compute primitive Sram_bind_oneshot.                                                              | [36m13648 ns[0m
[INFO][0m[92m[PRIM][0m               Core 0 end compute primitive Sram_bind_oneshot.                                                                | [36m13648 ns[0m
[INFO][0m[92m[PRIM][0m               Core 8 start compute primitive Sram_lifecycle.                                                                 | [36m13650 ns[0m
[INFO][0m[92m[PRIM][0m               Core 4 start compute primitive Sram_lifecycle.                                                                 | [36m13650 ns[0m
[INFO][0m[92m[PRIM][0m               Core 4 end compute primitive Sram_lifecycle.                                                                   | [36m13650 ns[0m
[INFO][0m[92m[PRIM][0m               Core 8 end compute primitive Sram_lifecycle.                                                                   | [36m13650 ns[0m
[INFO][0m[92m[PRIM][0m               Core 0 start compute primitive Matmul_f.                                                                       | [36m13654 ns[0m
[INFO][0m[92m[PRIM][0m               Core 4 start compute primitive Sram_bind_oneshot.                                                              | [36m13656 ns[0m
[INFO][0m[92m[PRIM][0m               Core 8 start compute primitive Sram_lifecycle.                                                                 | [36m13656 ns[0m
[INFO][0m[92m[PRIM][0m               Core 8 end compute primitive Sram_lifecycle.                                                                   | [36m13656 ns[0m
[INFO][0m[92m[PRIM][0m               Core 4 end compute primitive Sram_bind_oneshot.                                                                | [36m13656 ns[0m
[INFO][0m[92m[PRIM][0m               Core 4 start compute primitive Matmul_f.                                                                       | [36m13662 ns[0m
[INFO][0m[92m[PRIM][0m               Core 8 start compute primitive Sram_bind_oneshot.                                                              | [36m13662 ns[0m
[INFO][0m[92m[PRIM][0m               Core 8 end compute primitive Sram_bind_oneshot.                                                                | [36m13662 ns[0m
[INFO][0m[92m[PRIM][0m               Core 12 end compute primitive Lsu_mem.                                                                         | [36m13662 ns[0m
[INFO][0m[92m[PRIM][0m               Core 8 start compute primitive Matmul_f.                                                                       | [36m13668 ns[0m
[INFO][0m[92m[PRIM][0m               Core 12 start compute primitive Sram_lifecycle.                                                                | [36m13668 ns[0m
[INFO][0m[92m[PRIM][0m               Core 12 end compute primitive Sram_lifecycle.                                                                  | [36m13668 ns[0m
[INFO][0m[92m[PRIM][0m               Core 0 end compute primitive Matmul_f.                                                                         | [36m13670 ns[0m
[INFO][0m[92m[PRIM][0m               Core 12 start compute primitive Sram_lifecycle.                                                                | [36m13674 ns[0m
[INFO][0m[92m[PRIM][0m               Core 12 end compute primitive Sram_lifecycle.                                                                  | [36m13674 ns[0m
[INFO][0m[92m[PRIM][0m               Core 0 start compute primitive Sram_lifecycle.                                                                 | [36m13676 ns[0m
[INFO][0m[92m[PRIM][0m               Core 0 end compute primitive Sram_lifecycle.                                                                   | [36m13676 ns[0m
[INFO][0m[92m[PRIM][0m               Core 4 end compute primitive Matmul_f.                                                                         | [36m13678 ns[0m
[INFO][0m[92m[PRIM][0m               Core 12 start compute primitive Sram_bind_oneshot.                                                             | [36m13680 ns[0m
[INFO][0m[92m[PRIM][0m               Core 12 end compute primitive Sram_bind_oneshot.                                                               | [36m13680 ns[0m
[INFO][0m[92m[PRIM][0m               Core 0 start compute primitive Sram_lifecycle.                                                                 | [36m13682 ns[0m
[INFO][0m[92m[PRIM][0m               Core 0 end compute primitive Sram_lifecycle.                                                                   | [36m13682 ns[0m
[INFO][0m[92m[PRIM][0m               Core 4 start compute primitive Sram_lifecycle.                                                                 | [36m13684 ns[0m
[INFO][0m[92m[PRIM][0m               Core 8 end compute primitive Matmul_f.                                                                         | [36m13684 ns[0m
[INFO][0m[92m[PRIM][0m               Core 4 end compute primitive Sram_lifecycle.                                                                   | [36m13684 ns[0m
[INFO][0m[92m[PRIM][0m               Core 12 start compute primitive Matmul_f.                                                                      | [36m13686 ns[0m
[INFO][0m[92m[PRIM][0m               Core 8 start compute primitive Sram_lifecycle.                                                                 | [36m13690 ns[0m
[INFO][0m[92m[PRIM][0m               Core 8 end compute primitive Sram_lifecycle.                                                                   | [36m13690 ns[0m
[INFO][0m[92m[PRIM][0m               Core 12 end compute primitive Matmul_f.                                                                        | [36m13702 ns[0m
[INFO][0m[92m[PRIM][0m               Core 12 start compute primitive Sram_lifecycle.                                                                | [36m13708 ns[0m
[INFO][0m[92m[PRIM][0m               Core 12 end compute primitive Sram_lifecycle.                                                                  | [36m13708 ns[0m
[INFO][0m[92m[PRIM][0m               Core 4 start compute primitive Sram_lifecycle.                                                                 | [36m13754 ns[0m
[INFO][0m[92m[PRIM][0m               Core 4 end compute primitive Sram_lifecycle.                                                                   | [36m13754 ns[0m
[INFO][0m[92m[PRIM][0m               Core 4 start compute primitive Sram_lifecycle.                                                                 | [36m13760 ns[0m
[INFO][0m[92m[PRIM][0m               Core 8 start compute primitive Sram_lifecycle.                                                                 | [36m13760 ns[0m
[INFO][0m[92m[PRIM][0m               Core 8 end compute primitive Sram_lifecycle.                                                                   | [36m13760 ns[0m
[INFO][0m[92m[PRIM][0m               Core 4 end compute primitive Sram_lifecycle.                                                                   | [36m13760 ns[0m
[INFO][0m[92m[PRIM][0m               Core 4 start compute primitive Sram_lifecycle.                                                                 | [36m13766 ns[0m
[INFO][0m[92m[PRIM][0m               Core 8 start compute primitive Sram_lifecycle.                                                                 | [36m13766 ns[0m
[INFO][0m[92m[PRIM][0m               Core 8 end compute primitive Sram_lifecycle.                                                                   | [36m13766 ns[0m
[INFO][0m[92m[PRIM][0m               Core 4 end compute primitive Sram_lifecycle.                                                                   | [36m13766 ns[0m
[INFO][0m[92m[PRIM][0m               Core 4 start compute primitive Sram_bind_oneshot.                                                              | [36m13772 ns[0m
[INFO][0m[92m[PRIM][0m               Core 8 start compute primitive Sram_lifecycle.                                                                 | [36m13772 ns[0m
[INFO][0m[92m[PRIM][0m               Core 8 end compute primitive Sram_lifecycle.                                                                   | [36m13772 ns[0m
[INFO][0m[92m[PRIM][0m               Core 4 end compute primitive Sram_bind_oneshot.                                                                | [36m13772 ns[0m
[INFO][0m[92m[PRIM][0m               Core 4 start compute primitive Matmul_f.                                                                       | [36m13778 ns[0m
[INFO][0m[92m[PRIM][0m               Core 8 start compute primitive Sram_bind_oneshot.                                                              | [36m13778 ns[0m
[INFO][0m[92m[PRIM][0m               Core 8 end compute primitive Sram_bind_oneshot.                                                                | [36m13778 ns[0m
[INFO][0m[92m[PRIM][0m               Core 8 start compute primitive Matmul_f.                                                                       | [36m13784 ns[0m
[INFO][0m[92m[PRIM][0m               Core 0 start compute primitive Sram_lifecycle.                                                                 | [36m13794 ns[0m
[INFO][0m[92m[PRIM][0m               Core 4 end compute primitive Matmul_f.                                                                         | [36m13794 ns[0m
[INFO][0m[92m[PRIM][0m               Core 0 end compute primitive Sram_lifecycle.                                                                   | [36m13794 ns[0m
[INFO][0m[92m[PRIM][0m               Core 4 start compute primitive Sram_lifecycle.                                                                 | [36m13800 ns[0m
[INFO][0m[92m[PRIM][0m               Core 8 end compute primitive Matmul_f.                                                                         | [36m13800 ns[0m
[INFO][0m[92m[PRIM][0m               Core 4 end compute primitive Sram_lifecycle.                                                                   | [36m13800 ns[0m
[INFO][0m[92m[PRIM][0m               Core 4 start compute primitive Sram_lifecycle.                                                                 | [36m13806 ns[0m
[INFO][0m[92m[PRIM][0m               Core 8 start compute primitive Sram_lifecycle.                                                                 | [36m13806 ns[0m
[INFO][0m[92m[PRIM][0m               Core 8 end compute primitive Sram_lifecycle.                                                                   | [36m13806 ns[0m
[INFO][0m[92m[PRIM][0m               Core 4 end compute primitive Sram_lifecycle.                                                                   | [36m13806 ns[0m
[INFO][0m[92m[PRIM][0m               Core 12 start compute primitive Sram_lifecycle.                                                                | [36m13810 ns[0m
[INFO][0m[92m[PRIM][0m               Core 12 end compute primitive Sram_lifecycle.                                                                  | [36m13810 ns[0m
[INFO][0m[92m[PRIM][0m               Core 12 start compute primitive Sram_lifecycle.                                                                | [36m13816 ns[0m
[INFO][0m[92m[PRIM][0m               Core 12 end compute primitive Sram_lifecycle.                                                                  | [36m13816 ns[0m
[INFO][0m[92m[PRIM][0m               Core 12 start compute primitive Sram_lifecycle.                                                                | [36m13822 ns[0m
[INFO][0m[92m[PRIM][0m               Core 12 end compute primitive Sram_lifecycle.                                                                  | [36m13822 ns[0m
[INFO][0m[92m[PRIM][0m               Core 0 start compute primitive Sram_lifecycle.                                                                 | [36m13824 ns[0m
[INFO][0m[92m[PRIM][0m               Core 0 end compute primitive Sram_lifecycle.                                                                   | [36m13824 ns[0m
[INFO][0m[92m[PRIM][0m               Core 12 start compute primitive Sram_bind_oneshot.                                                             | [36m13828 ns[0m
[INFO][0m[92m[PRIM][0m               Core 12 end compute primitive Sram_bind_oneshot.                                                               | [36m13828 ns[0m
[INFO][0m[92m[PRIM][0m               Core 12 start compute primitive Matmul_f.                                                                      | [36m13834 ns[0m
[INFO][0m[92m[PRIM][0m               Core 12 end compute primitive Matmul_f.                                                                        | [36m13850 ns[0m
[INFO][0m[92m[PRIM][0m               Core 12 start compute primitive Sram_lifecycle.                                                                | [36m13856 ns[0m
[INFO][0m[92m[PRIM][0m               Core 12 end compute primitive Sram_lifecycle.                                                                  | [36m13856 ns[0m
[INFO][0m[92m[PRIM][0m               Core 0 start compute primitive Sram_lifecycle.                                                                 | [36m13870 ns[0m
[INFO][0m[92m[PRIM][0m               Core 0 end compute primitive Sram_lifecycle.                                                                   | [36m13870 ns[0m
[INFO][0m[92m[PRIM][0m               Core 0 start compute primitive Collective_data_v1_prim.                                                        | [36m13876 ns[0m
[INFO][0m[92m[PRIM][0m               Core 0 end compute primitive Collective_data_v1_prim.                                                          | [36m13906 ns[0m
[INFO][0m[92m[PRIM][0m               Core 8 start compute primitive Sram_lifecycle.                                                                 | [36m13908 ns[0m
[INFO][0m[92m[PRIM][0m               Core 8 end compute primitive Sram_lifecycle.                                                                   | [36m13908 ns[0m
[INFO][0m[92m[PRIM][0m               Core 0 start compute primitive Sram_lifecycle.                                                                 | [36m13912 ns[0m
[INFO][0m[92m[PRIM][0m               Core 0 end compute primitive Sram_lifecycle.                                                                   | [36m13912 ns[0m
[INFO][0m[92m[PRIM][0m               Core 8 start compute primitive Sram_lifecycle.                                                                 | [36m13914 ns[0m
[INFO][0m[92m[PRIM][0m               Core 8 end compute primitive Sram_lifecycle.                                                                   | [36m13914 ns[0m
[INFO][0m[92m[PRIM][0m               Core 0 start compute primitive Sram_lifecycle.                                                                 | [36m13918 ns[0m
[INFO][0m[92m[PRIM][0m               Core 0 end compute primitive Sram_lifecycle.                                                                   | [36m13918 ns[0m
[INFO][0m[92m[PRIM][0m               Core 8 start compute primitive Sram_lifecycle.                                                                 | [36m13920 ns[0m
[INFO][0m[92m[PRIM][0m               Core 8 end compute primitive Sram_lifecycle.                                                                   | [36m13920 ns[0m
[INFO][0m[92m[PRIM][0m               Core 0 start compute primitive Sram_lifecycle.                                                                 | [36m13924 ns[0m
[INFO][0m[92m[PRIM][0m               Core 0 end compute primitive Sram_lifecycle.                                                                   | [36m13924 ns[0m
[INFO][0m[92m[PRIM][0m               Core 8 start compute primitive Sram_bind_oneshot.                                                              | [36m13926 ns[0m
[INFO][0m[92m[PRIM][0m               Core 8 end compute primitive Sram_bind_oneshot.                                                                | [36m13926 ns[0m
[INFO][0m[92m[PRIM][0m               Core 0 start compute primitive Sram_lifecycle.                                                                 | [36m13930 ns[0m
[INFO][0m[92m[PRIM][0m               Core 0 end compute primitive Sram_lifecycle.                                                                   | [36m13930 ns[0m
[INFO][0m[92m[PRIM][0m               Core 8 start compute primitive Matmul_f.                                                                       | [36m13932 ns[0m
[INFO][0m[92m[PRIM][0m               Core 12 start compute primitive Sram_lifecycle.                                                                | [36m13932 ns[0m
[INFO][0m[92m[PRIM][0m               Core 12 end compute primitive Sram_lifecycle.                                                                  | [36m13932 ns[0m
[INFO][0m[92m[PRIM][0m               Core 0 start compute primitive Sram_lifecycle.                                                                 | [36m13936 ns[0m
[INFO][0m[92m[PRIM][0m               Core 0 end compute primitive Sram_lifecycle.                                                                   | [36m13936 ns[0m
[INFO][0m[92m[PRIM][0m               Core 12 start compute primitive Sram_lifecycle.                                                                | [36m13938 ns[0m
[INFO][0m[92m[PRIM][0m               Core 12 end compute primitive Sram_lifecycle.                                                                  | [36m13938 ns[0m
[INFO][0m[92m[PRIM][0m               Core 0 start compute primitive Sram_lifecycle.                                                                 | [36m13942 ns[0m
[INFO][0m[92m[PRIM][0m               Core 0 end compute primitive Sram_lifecycle.                                                                   | [36m13942 ns[0m
[INFO][0m[92m[PRIM][0m               Core 12 start compute primitive Sram_lifecycle.                                                                | [36m13944 ns[0m
[INFO][0m[92m[PRIM][0m               Core 12 end compute primitive Sram_lifecycle.                                                                  | [36m13944 ns[0m
[INFO][0m[92m[PRIM][0m               Core 0 start compute primitive Sram_bind_oneshot.                                                              | [36m13948 ns[0m
[INFO][0m[92m[PRIM][0m               Core 8 end compute primitive Matmul_f.                                                                         | [36m13948 ns[0m
[INFO][0m[92m[PRIM][0m               Core 0 end compute primitive Sram_bind_oneshot.                                                                | [36m13948 ns[0m
[INFO][0m[92m[PRIM][0m               Core 12 start compute primitive Sram_bind_oneshot.                                                             | [36m13950 ns[0m
[INFO][0m[92m[PRIM][0m               Core 12 end compute primitive Sram_bind_oneshot.                                                               | [36m13950 ns[0m
[INFO][0m[92m[PRIM][0m               Core 0 start compute primitive Matmul_f.                                                                       | [36m13954 ns[0m
[INFO][0m[92m[PRIM][0m               Core 8 start compute primitive Sram_lifecycle.                                                                 | [36m13954 ns[0m
[INFO][0m[92m[PRIM][0m               Core 8 end compute primitive Sram_lifecycle.                                                                   | [36m13954 ns[0m
[INFO][0m[92m[PRIM][0m               Core 12 start compute primitive Matmul_f.                                                                      | [36m13956 ns[0m
[INFO][0m[92m[PRIM][0m               Core 8 start compute primitive Sram_lifecycle.                                                                 | [36m13960 ns[0m
[INFO][0m[92m[PRIM][0m               Core 8 end compute primitive Sram_lifecycle.                                                                   | [36m13960 ns[0m
[INFO][0m[92m[PRIM][0m               Core 0 end compute primitive Matmul_f.                                                                         | [36m13970 ns[0m
[INFO][0m[92m[PRIM][0m               Core 12 end compute primitive Matmul_f.                                                                        | [36m13972 ns[0m
[INFO][0m[92m[PRIM][0m               Core 0 start compute primitive Sram_lifecycle.                                                                 | [36m13976 ns[0m
[INFO][0m[92m[PRIM][0m               Core 0 end compute primitive Sram_lifecycle.                                                                   | [36m13976 ns[0m
[INFO][0m[92m[PRIM][0m               Core 12 start compute primitive Sram_lifecycle.                                                                | [36m13978 ns[0m
[INFO][0m[92m[PRIM][0m               Core 12 end compute primitive Sram_lifecycle.                                                                  | [36m13978 ns[0m
[INFO][0m[92m[PRIM][0m               Core 0 start compute primitive Sram_lifecycle.                                                                 | [36m14046 ns[0m
[INFO][0m[92m[PRIM][0m               Core 0 end compute primitive Sram_lifecycle.                                                                   | [36m14046 ns[0m
[INFO][0m[92m[PRIM][0m               Core 12 start compute primitive Sram_lifecycle.                                                                | [36m14048 ns[0m
[INFO][0m[92m[PRIM][0m               Core 12 end compute primitive Sram_lifecycle.                                                                  | [36m14048 ns[0m
[INFO][0m[92m[PRIM][0m               Core 0 start compute primitive Sram_lifecycle.                                                                 | [36m14052 ns[0m
[INFO][0m[92m[PRIM][0m               Core 0 end compute primitive Sram_lifecycle.                                                                   | [36m14052 ns[0m
[INFO][0m[92m[PRIM][0m               Core 12 start compute primitive Sram_lifecycle.                                                                | [36m14054 ns[0m
[INFO][0m[92m[PRIM][0m               Core 12 end compute primitive Sram_lifecycle.                                                                  | [36m14054 ns[0m
[INFO][0m[92m[PRIM][0m               Core 0 start compute primitive Sram_lifecycle.                                                                 | [36m14058 ns[0m
[INFO][0m[92m[PRIM][0m               Core 0 end compute primitive Sram_lifecycle.                                                                   | [36m14058 ns[0m
[INFO][0m[92m[PRIM][0m               Core 12 start compute primitive Sram_lifecycle.                                                                | [36m14060 ns[0m
[INFO][0m[92m[PRIM][0m               Core 12 end compute primitive Sram_lifecycle.                                                                  | [36m14060 ns[0m
[INFO][0m[92m[PRIM][0m               Core 0 start compute primitive Sram_bind_oneshot.                                                              | [36m14064 ns[0m
[INFO][0m[92m[PRIM][0m               Core 0 end compute primitive Sram_bind_oneshot.                                                                | [36m14064 ns[0m
[INFO][0m[92m[PRIM][0m               Core 12 start compute primitive Sram_bind_oneshot.                                                             | [36m14066 ns[0m
[INFO][0m[92m[PRIM][0m               Core 12 end compute primitive Sram_bind_oneshot.                                                               | [36m14066 ns[0m
[INFO][0m[92m[PRIM][0m               Core 0 start compute primitive Matmul_f.                                                                       | [36m14070 ns[0m
[INFO][0m[92m[PRIM][0m               Core 12 start compute primitive Matmul_f.                                                                      | [36m14072 ns[0m
[INFO][0m[92m[PRIM][0m               Core 4 start compute primitive Sram_lifecycle.                                                                 | [36m14086 ns[0m
[INFO][0m[92m[PRIM][0m               Core 0 end compute primitive Matmul_f.                                                                         | [36m14086 ns[0m
[INFO][0m[92m[PRIM][0m               Core 4 end compute primitive Sram_lifecycle.                                                                   | [36m14086 ns[0m
[INFO][0m[92m[PRIM][0m               Core 12 end compute primitive Matmul_f.                                                                        | [36m14088 ns[0m
[INFO][0m[92m[PRIM][0m               Core 0 start compute primitive Sram_lifecycle.                                                                 | [36m14092 ns[0m
[INFO][0m[92m[PRIM][0m               Core 0 end compute primitive Sram_lifecycle.                                                                   | [36m14092 ns[0m
[INFO][0m[92m[PRIM][0m               Core 12 start compute primitive Sram_lifecycle.                                                                | [36m14094 ns[0m
[INFO][0m[92m[PRIM][0m               Core 12 end compute primitive Sram_lifecycle.                                                                  | [36m14094 ns[0m
[INFO][0m[92m[PRIM][0m               Core 12 start compute primitive Sram_lifecycle.                                                                | [36m14100 ns[0m
[INFO][0m[92m[PRIM][0m               Core 12 end compute primitive Sram_lifecycle.                                                                  | [36m14100 ns[0m
[INFO][0m[92m[PRIM][0m               Core 12 start compute primitive Sram_lifecycle.                                                                | [36m14106 ns[0m
[INFO][0m[92m[PRIM][0m               Core 12 end compute primitive Sram_lifecycle.                                                                  | [36m14106 ns[0m
[INFO][0m[92m[PRIM][0m               Core 4 start compute primitive Sram_lifecycle.                                                                 | [36m14110 ns[0m
[INFO][0m[92m[PRIM][0m               Core 4 end compute primitive Sram_lifecycle.                                                                   | [36m14110 ns[0m
[INFO][0m[92m[PRIM][0m               Core 4 start compute primitive Sram_lifecycle.                                                                 | [36m14134 ns[0m
[INFO][0m[92m[PRIM][0m               Core 4 end compute primitive Sram_lifecycle.                                                                   | [36m14134 ns[0m
[INFO][0m[92m[PRIM][0m               Core 4 start compute primitive Collective_data_v1_prim.                                                        | [36m14140 ns[0m
[INFO][0m[92m[PRIM][0m               Core 0 start compute primitive Sram_lifecycle.                                                                 | [36m14162 ns[0m
[INFO][0m[92m[PRIM][0m               Core 0 end compute primitive Sram_lifecycle.                                                                   | [36m14162 ns[0m
[INFO][0m[92m[PRIM][0m               Core 0 start compute primitive Sram_lifecycle.                                                                 | [36m14168 ns[0m
[INFO][0m[92m[PRIM][0m               Core 0 end compute primitive Sram_lifecycle.                                                                   | [36m14168 ns[0m
[INFO][0m[92m[PRIM][0m               Core 4 end compute primitive Collective_data_v1_prim.                                                          | [36m14170 ns[0m
[INFO][0m[92m[PRIM][0m               Core 0 start compute primitive Sram_lifecycle.                                                                 | [36m14174 ns[0m
[INFO][0m[92m[PRIM][0m               Core 0 end compute primitive Sram_lifecycle.                                                                   | [36m14174 ns[0m
[INFO][0m[92m[PRIM][0m               Core 4 start compute primitive Sram_lifecycle.                                                                 | [36m14176 ns[0m
[INFO][0m[92m[PRIM][0m               Core 4 end compute primitive Sram_lifecycle.                                                                   | [36m14176 ns[0m
[INFO][0m[92m[PRIM][0m               Core 0 start compute primitive Sram_bind_oneshot.                                                              | [36m14180 ns[0m
[INFO][0m[92m[PRIM][0m               Core 0 end compute primitive Sram_bind_oneshot.                                                                | [36m14180 ns[0m
[INFO][0m[92m[PRIM][0m               Core 4 start compute primitive Sram_lifecycle.                                                                 | [36m14182 ns[0m
[INFO][0m[92m[PRIM][0m               Core 4 end compute primitive Sram_lifecycle.                                                                   | [36m14182 ns[0m
[INFO][0m[92m[PRIM][0m               Core 0 start compute primitive Matmul_f.                                                                       | [36m14186 ns[0m
[INFO][0m[92m[PRIM][0m               Core 4 start compute primitive Sram_lifecycle.                                                                 | [36m14188 ns[0m
[INFO][0m[92m[PRIM][0m               Core 4 end compute primitive Sram_lifecycle.                                                                   | [36m14188 ns[0m
[INFO][0m[92m[PRIM][0m               Core 4 start compute primitive Sram_lifecycle.                                                                 | [36m14194 ns[0m
[INFO][0m[92m[PRIM][0m               Core 4 end compute primitive Sram_lifecycle.                                                                   | [36m14194 ns[0m
[INFO][0m[92m[PRIM][0m               Core 4 start compute primitive Sram_lifecycle.                                                                 | [36m14200 ns[0m
[INFO][0m[92m[PRIM][0m               Core 4 end compute primitive Sram_lifecycle.                                                                   | [36m14200 ns[0m
[INFO][0m[92m[PRIM][0m               Core 8 start compute primitive Sram_lifecycle.                                                                 | [36m14202 ns[0m
[INFO][0m[92m[PRIM][0m               Core 0 end compute primitive Matmul_f.                                                                         | [36m14202 ns[0m
[INFO][0m[92m[PRIM][0m               Core 8 end compute primitive Sram_lifecycle.                                                                   | [36m14202 ns[0m
[INFO][0m[92m[PRIM][0m               Core 4 start compute primitive Sram_lifecycle.                                                                 | [36m14206 ns[0m
[INFO][0m[92m[PRIM][0m               Core 4 end compute primitive Sram_lifecycle.                                                                   | [36m14206 ns[0m
[INFO][0m[92m[PRIM][0m               Core 0 start compute primitive Sram_lifecycle.                                                                 | [36m14208 ns[0m
[INFO][0m[92m[PRIM][0m               Core 0 end compute primitive Sram_lifecycle.                                                                   | [36m14208 ns[0m
[INFO][0m[92m[PRIM][0m               Core 4 start compute primitive Sram_bind_oneshot.                                                              | [36m14212 ns[0m
[INFO][0m[92m[PRIM][0m               Core 4 end compute primitive Sram_bind_oneshot.                                                                | [36m14212 ns[0m
[INFO][0m[92m[PRIM][0m               Core 0 start compute primitive Sram_lifecycle.                                                                 | [36m14214 ns[0m
[INFO][0m[92m[PRIM][0m               Core 0 end compute primitive Sram_lifecycle.                                                                   | [36m14214 ns[0m
[INFO][0m[92m[PRIM][0m               Core 4 start compute primitive Matmul_f.                                                                       | [36m14218 ns[0m
[INFO][0m[92m[PRIM][0m               Core 4 end compute primitive Matmul_f.                                                                         | [36m14234 ns[0m
[INFO][0m[92m[PRIM][0m               Core 4 start compute primitive Sram_lifecycle.                                                                 | [36m14240 ns[0m
[INFO][0m[92m[PRIM][0m               Core 4 end compute primitive Sram_lifecycle.                                                                   | [36m14240 ns[0m
[INFO][0m[92m[PRIM][0m               Core 0 start compute primitive Sram_lifecycle.                                                                 | [36m14316 ns[0m
[INFO][0m[92m[PRIM][0m               Core 0 end compute primitive Sram_lifecycle.                                                                   | [36m14316 ns[0m
[INFO][0m[92m[PRIM][0m               Core 0 start compute primitive Sram_lifecycle.                                                                 | [36m14322 ns[0m
[INFO][0m[92m[PRIM][0m               Core 0 end compute primitive Sram_lifecycle.                                                                   | [36m14322 ns[0m
[INFO][0m[92m[PRIM][0m               Core 0 start compute primitive Sram_bind_oneshot.                                                              | [36m14328 ns[0m
[INFO][0m[92m[PRIM][0m               Core 0 end compute primitive Sram_bind_oneshot.                                                                | [36m14328 ns[0m
[INFO][0m[92m[PRIM][0m               Core 0 start compute primitive Residual_f.                                                                     | [36m14334 ns[0m
[INFO][0m[92m[PRIM][0m               Core 0 end compute primitive Residual_f.                                                                       | [36m14334 ns[0m
[INFO][0m[92m[PRIM][0m               Core 0 start compute primitive Sram_lifecycle.                                                                 | [36m14340 ns[0m
[INFO][0m[92m[PRIM][0m               Core 0 end compute primitive Sram_lifecycle.                                                                   | [36m14340 ns[0m
[INFO][0m[92m[PRIM][0m               Core 4 start compute primitive Sram_lifecycle.                                                                 | [36m14342 ns[0m
[INFO][0m[92m[PRIM][0m               Core 4 end compute primitive Sram_lifecycle.                                                                   | [36m14342 ns[0m
[INFO][0m[92m[PRIM][0m               Core 0 start compute primitive Sram_lifecycle.                                                                 | [36m14346 ns[0m
[INFO][0m[92m[PRIM][0m               Core 0 end compute primitive Sram_lifecycle.                                                                   | [36m14346 ns[0m
[INFO][0m[92m[PRIM][0m               Core 4 start compute primitive Sram_lifecycle.                                                                 | [36m14348 ns[0m
[INFO][0m[92m[PRIM][0m               Core 4 end compute primitive Sram_lifecycle.                                                                   | [36m14348 ns[0m
[INFO][0m[92m[PRIM][0m               Core 0 start compute primitive Sram_lifecycle.                                                                 | [36m14352 ns[0m
[INFO][0m[92m[PRIM][0m               Core 0 end compute primitive Sram_lifecycle.                                                                   | [36m14352 ns[0m
[INFO][0m[92m[PRIM][0m               Core 4 start compute primitive Sram_lifecycle.                                                                 | [36m14354 ns[0m
[INFO][0m[92m[PRIM][0m               Core 4 end compute primitive Sram_lifecycle.                                                                   | [36m14354 ns[0m
[INFO][0m[92m[PRIM][0m               Core 0 start compute primitive Lsu_mem.                                                                        | [36m14358 ns[0m
[INFO][0m[92m[PRIM][0m               Core 4 start compute primitive Sram_bind_oneshot.                                                              | [36m14360 ns[0m
[INFO][0m[92m[PRIM][0m               Core 4 end compute primitive Sram_bind_oneshot.                                                                | [36m14360 ns[0m
[INFO][0m[92m[PRIM][0m               Core 4 start compute primitive Matmul_f.                                                                       | [36m14366 ns[0m
[INFO][0m[92m[PRIM][0m               Core 12 start compute primitive Sram_lifecycle.                                                                | [36m14376 ns[0m
[INFO][0m[92m[PRIM][0m               Core 12 end compute primitive Sram_lifecycle.                                                                  | [36m14376 ns[0m
[INFO][0m[92m[PRIM][0m               Core 4 end compute primitive Matmul_f.                                                                         | [36m14382 ns[0m
[INFO][0m[92m[PRIM][0m               Core 4 start compute primitive Sram_lifecycle.                                                                 | [36m14388 ns[0m
[INFO][0m[92m[PRIM][0m               Core 4 end compute primitive Sram_lifecycle.                                                                   | [36m14388 ns[0m
[INFO][0m[92m[PRIM][0m               Core 4 start compute primitive Sram_lifecycle.                                                                 | [36m14394 ns[0m
[INFO][0m[92m[PRIM][0m               Core 4 end compute primitive Sram_lifecycle.                                                                   | [36m14394 ns[0m
[INFO][0m[92m[PRIM][0m               Core 8 start compute primitive Sram_lifecycle.                                                                 | [36m14402 ns[0m
[INFO][0m[92m[PRIM][0m               Core 8 end compute primitive Sram_lifecycle.                                                                   | [36m14402 ns[0m
[INFO][0m[92m[PRIM][0m               Core 8 start compute primitive Sram_lifecycle.                                                                 | [36m14426 ns[0m
[INFO][0m[92m[PRIM][0m               Core 8 end compute primitive Sram_lifecycle.                                                                   | [36m14426 ns[0m
[INFO][0m[92m[PRIM][0m               Core 8 start compute primitive Collective_data_v1_prim.                                                        | [36m14432 ns[0m
[INFO][0m[92m[PRIM][0m               Core 0 end compute primitive Lsu_mem.                                                                          | [36m14440 ns[0m
[INFO][0m[92m[PRIM][0m               Core 0 start compute primitive Sram_lifecycle.                                                                 | [36m14446 ns[0m
[INFO][0m[92m[PRIM][0m               Core 0 end compute primitive Sram_lifecycle.                                                                   | [36m14446 ns[0m
[INFO][0m[92m[PRIM][0m               Core 0 start compute primitive Sram_bind_oneshot.                                                              | [36m14452 ns[0m
[INFO][0m[92m[PRIM][0m               Core 0 end compute primitive Sram_bind_oneshot.                                                                | [36m14452 ns[0m
[INFO][0m[92m[PRIM][0m               Core 0 start compute primitive rmsnorm_forward.                                                                | [36m14458 ns[0m
[INFO][0m[92m[PRIM][0m               Core 0 end compute primitive rmsnorm_forward.                                                                  | [36m14460 ns[0m
[INFO][0m[92m[PRIM][0m               Core 8 end compute primitive Collective_data_v1_prim.                                                          | [36m14462 ns[0m
[INFO][0m[92m[PRIM][0m               Core 4 start compute primitive Sram_lifecycle.                                                                 | [36m14464 ns[0m
[INFO][0m[92m[PRIM][0m               Core 4 end compute primitive Sram_lifecycle.                                                                   | [36m14464 ns[0m
[INFO][0m[92m[PRIM][0m               Core 0 start compute primitive Sram_lifecycle.                                                                 | [36m14466 ns[0m
[INFO][0m[92m[PRIM][0m               Core 0 end compute primitive Sram_lifecycle.                                                                   | [36m14466 ns[0m
[INFO][0m[92m[PRIM][0m               Core 8 start compute primitive Sram_lifecycle.                                                                 | [36m14468 ns[0m
[INFO][0m[92m[PRIM][0m               Core 8 end compute primitive Sram_lifecycle.                                                                   | [36m14468 ns[0m
[INFO][0m[92m[PRIM][0m               Core 4 start compute primitive Sram_lifecycle.                                                                 | [36m14470 ns[0m
[INFO][0m[92m[PRIM][0m               Core 4 end compute primitive Sram_lifecycle.                                                                   | [36m14470 ns[0m
[INFO][0m[92m[PRIM][0m               Core 0 start compute primitive Sram_lifecycle.                                                                 | [36m14472 ns[0m
[INFO][0m[92m[PRIM][0m               Core 0 end compute primitive Sram_lifecycle.                                                                   | [36m14472 ns[0m
[INFO][0m[92m[PRIM][0m               Core 8 start compute primitive Sram_lifecycle.                                                                 | [36m14474 ns[0m
[INFO][0m[92m[PRIM][0m               Core 8 end compute primitive Sram_lifecycle.                                                                   | [36m14474 ns[0m
[INFO][0m[92m[PRIM][0m               Core 4 start compute primitive Sram_bind_oneshot.                                                              | [36m14476 ns[0m
[INFO][0m[92m[PRIM][0m               Core 4 end compute primitive Sram_bind_oneshot.                                                                | [36m14476 ns[0m
[INFO][0m[92m[PRIM][0m               Core 8 start compute primitive Sram_lifecycle.                                                                 | [36m14480 ns[0m
[INFO][0m[92m[PRIM][0m               Core 8 end compute primitive Sram_lifecycle.                                                                   | [36m14480 ns[0m
[INFO][0m[92m[PRIM][0m               Core 4 start compute primitive Residual_f.                                                                     | [36m14482 ns[0m
[INFO][0m[92m[PRIM][0m               Core 4 end compute primitive Residual_f.                                                                       | [36m14482 ns[0m
[INFO][0m[92m[PRIM][0m               Core 8 start compute primitive Sram_lifecycle.                                                                 | [36m14486 ns[0m
[INFO][0m[92m[PRIM][0m               Core 8 end compute primitive Sram_lifecycle.                                                                   | [36m14486 ns[0m
[INFO][0m[92m[PRIM][0m               Core 4 start compute primitive Sram_lifecycle.                                                                 | [36m14488 ns[0m
[INFO][0m[92m[PRIM][0m               Core 4 end compute primitive Sram_lifecycle.                                                                   | [36m14488 ns[0m
[INFO][0m[92m[PRIM][0m               Core 8 start compute primitive Sram_lifecycle.                                                                 | [36m14492 ns[0m
[INFO][0m[92m[PRIM][0m               Core 8 end compute primitive Sram_lifecycle.                                                                   | [36m14492 ns[0m
[INFO][0m[92m[PRIM][0m               Core 4 start compute primitive Sram_lifecycle.                                                                 | [36m14494 ns[0m
[INFO][0m[92m[PRIM][0m               Core 4 end compute primitive Sram_lifecycle.                                                                   | [36m14494 ns[0m
[INFO][0m[92m[PRIM][0m               Core 0 start compute primitive Sram_lifecycle.                                                                 | [36m14496 ns[0m
[INFO][0m[92m[PRIM][0m               Core 0 end compute primitive Sram_lifecycle.                                                                   | [36m14496 ns[0m
[INFO][0m[92m[PRIM][0m               Core 8 start compute primitive Sram_lifecycle.                                                                 | [36m14498 ns[0m
[INFO][0m[92m[PRIM][0m               Core 8 end compute primitive Sram_lifecycle.                                                                   | [36m14498 ns[0m
[INFO][0m[92m[PRIM][0m               Core 4 start compute primitive Sram_lifecycle.                                                                 | [36m14500 ns[0m
[INFO][0m[92m[PRIM][0m               Core 4 end compute primitive Sram_lifecycle.                                                                   | [36m14500 ns[0m
[INFO][0m[92m[PRIM][0m               Core 8 start compute primitive Sram_bind_oneshot.                                                              | [36m14504 ns[0m
[INFO][0m[92m[PRIM][0m               Core 12 start compute primitive Sram_lifecycle.                                                                | [36m14504 ns[0m
[INFO][0m[92m[PRIM][0m               Core 12 end compute primitive Sram_lifecycle.                                                                  | [36m14504 ns[0m
[INFO][0m[92m[PRIM][0m               Core 8 end compute primitive Sram_bind_oneshot.                                                                | [36m14504 ns[0m
[INFO][0m[92m[PRIM][0m               Core 4 start compute primitive Lsu_mem.                                                                        | [36m14506 ns[0m
[INFO][0m[92m[PRIM][0m               Core 8 start compute primitive Matmul_f.                                                                       | [36m14510 ns[0m
[INFO][0m[92m[PRIM][0m               Core 8 end compute primitive Matmul_f.                                                                         | [36m14526 ns[0m
[INFO][0m[92m[PRIM][0m               Core 8 start compute primitive Sram_lifecycle.                                                                 | [36m14532 ns[0m
[INFO][0m[92m[PRIM][0m               Core 8 end compute primitive Sram_lifecycle.                                                                   | [36m14532 ns[0m
[INFO][0m[92m[PRIM][0m               Core 8 start compute primitive Sram_lifecycle.                                                                 | [36m14538 ns[0m
[INFO][0m[92m[PRIM][0m               Core 8 end compute primitive Sram_lifecycle.                                                                   | [36m14538 ns[0m
[INFO][0m[92m[PRIM][0m               Core 4 end compute primitive Lsu_mem.                                                                          | [36m14587 ns[0m
[INFO][0m[92m[PRIM][0m               Core 4 start compute primitive Sram_lifecycle.                                                                 | [36m14593 ns[0m
[INFO][0m[92m[PRIM][0m               Core 4 end compute primitive Sram_lifecycle.                                                                   | [36m14593 ns[0m
[INFO][0m[92m[PRIM][0m               Core 4 start compute primitive Sram_bind_oneshot.                                                              | [36m14599 ns[0m
[INFO][0m[92m[PRIM][0m               Core 4 end compute primitive Sram_bind_oneshot.                                                                | [36m14599 ns[0m
[INFO][0m[92m[PRIM][0m               Core 4 start compute primitive rmsnorm_forward.                                                                | [36m14605 ns[0m
[INFO][0m[92m[PRIM][0m               Core 4 end compute primitive rmsnorm_forward.                                                                  | [36m14607 ns[0m
[INFO][0m[92m[PRIM][0m               Core 8 start compute primitive Sram_lifecycle.                                                                 | [36m14612 ns[0m
[INFO][0m[92m[PRIM][0m               Core 8 end compute primitive Sram_lifecycle.                                                                   | [36m14612 ns[0m
[INFO][0m[92m[PRIM][0m               Core 4 start compute primitive Sram_lifecycle.                                                                 | [36m14613 ns[0m
[INFO][0m[92m[PRIM][0m               Core 4 end compute primitive Sram_lifecycle.                                                                   | [36m14613 ns[0m
[INFO][0m[92m[PRIM][0m               Core 8 start compute primitive Sram_lifecycle.                                                                 | [36m14618 ns[0m
[INFO][0m[92m[PRIM][0m               Core 8 end compute primitive Sram_lifecycle.                                                                   | [36m14618 ns[0m
[INFO][0m[92m[PRIM][0m               Core 4 start compute primitive Sram_lifecycle.                                                                 | [36m14619 ns[0m
[INFO][0m[92m[PRIM][0m               Core 4 end compute primitive Sram_lifecycle.                                                                   | [36m14619 ns[0m
[INFO][0m[92m[PRIM][0m               Core 8 start compute primitive Sram_bind_oneshot.                                                              | [36m14624 ns[0m
[INFO][0m[92m[PRIM][0m               Core 8 end compute primitive Sram_bind_oneshot.                                                                | [36m14624 ns[0m
[INFO][0m[92m[PRIM][0m               Core 8 start compute primitive Residual_f.                                                                     | [36m14630 ns[0m
[INFO][0m[92m[PRIM][0m               Core 8 end compute primitive Residual_f.                                                                       | [36m14630 ns[0m
[INFO][0m[92m[PRIM][0m               Core 8 start compute primitive Sram_lifecycle.                                                                 | [36m14636 ns[0m
[INFO][0m[92m[PRIM][0m               Core 8 end compute primitive Sram_lifecycle.                                                                   | [36m14636 ns[0m
[INFO][0m[92m[PRIM][0m               Core 8 start compute primitive Sram_lifecycle.                                                                 | [36m14642 ns[0m
[INFO][0m[92m[PRIM][0m               Core 8 end compute primitive Sram_lifecycle.                                                                   | [36m14642 ns[0m
[INFO][0m[92m[PRIM][0m               Core 8 start compute primitive Sram_lifecycle.                                                                 | [36m14648 ns[0m
[INFO][0m[92m[PRIM][0m               Core 8 end compute primitive Sram_lifecycle.                                                                   | [36m14648 ns[0m
[INFO][0m[92m[PRIM][0m               Core 12 start compute primitive Sram_lifecycle.                                                                | [36m14652 ns[0m
[INFO][0m[92m[PRIM][0m               Core 12 end compute primitive Sram_lifecycle.                                                                  | [36m14652 ns[0m
[INFO][0m[92m[PRIM][0m               Core 8 start compute primitive Lsu_mem.                                                                        | [36m14654 ns[0m
[INFO][0m[92m[PRIM][0m               Core 12 start compute primitive Collective_data_v1_prim.                                                       | [36m14658 ns[0m
[INFO][0m[92m[PRIM][0m               Core 4 start compute primitive Sram_lifecycle.                                                                 | [36m14659 ns[0m
[INFO][0m[92m[PRIM][0m               Core 4 end compute primitive Sram_lifecycle.                                                                   | [36m14659 ns[0m
[INFO][0m[92m[PRIM][0m               Core 12 end compute primitive Collective_data_v1_prim.                                                         | [36m14688 ns[0m
[INFO][0m[92m[PRIM][0m               Core 12 start compute primitive Sram_lifecycle.                                                                | [36m14694 ns[0m
[INFO][0m[92m[PRIM][0m               Core 12 end compute primitive Sram_lifecycle.                                                                  | [36m14694 ns[0m
[INFO][0m[92m[PRIM][0m               Core 12 start compute primitive Sram_lifecycle.                                                                | [36m14700 ns[0m
[INFO][0m[92m[PRIM][0m               Core 12 end compute primitive Sram_lifecycle.                                                                  | [36m14700 ns[0m
[INFO][0m[92m[PRIM][0m               Core 12 start compute primitive Sram_lifecycle.                                                                | [36m14706 ns[0m
[INFO][0m[92m[PRIM][0m               Core 12 end compute primitive Sram_lifecycle.                                                                  | [36m14706 ns[0m
[INFO][0m[92m[PRIM][0m               Core 12 start compute primitive Sram_lifecycle.                                                                | [36m14712 ns[0m
[INFO][0m[92m[PRIM][0m               Core 12 end compute primitive Sram_lifecycle.                                                                  | [36m14712 ns[0m
[INFO][0m[92m[PRIM][0m               Core 12 start compute primitive Sram_lifecycle.                                                                | [36m14718 ns[0m
[INFO][0m[92m[PRIM][0m               Core 12 end compute primitive Sram_lifecycle.                                                                  | [36m14718 ns[0m
[INFO][0m[92m[PRIM][0m               Core 12 start compute primitive Sram_bind_oneshot.                                                             | [36m14724 ns[0m
[INFO][0m[92m[PRIM][0m               Core 12 end compute primitive Sram_bind_oneshot.                                                               | [36m14724 ns[0m
[INFO][0m[92m[PRIM][0m               Core 12 start compute primitive Residual_f.                                                                    | [36m14730 ns[0m
[INFO][0m[92m[PRIM][0m               Core 12 end compute primitive Residual_f.                                                                      | [36m14730 ns[0m
[INFO][0m[92m[PRIM][0m               Core 12 start compute primitive Sram_lifecycle.                                                                | [36m14736 ns[0m
[INFO][0m[92m[PRIM][0m               Core 12 end compute primitive Sram_lifecycle.                                                                  | [36m14736 ns[0m
[INFO][0m[92m[PRIM][0m               Core 8 end compute primitive Lsu_mem.                                                                          | [36m14736 ns[0m
[INFO][0m[92m[PRIM][0m               Core 8 start compute primitive Sram_lifecycle.                                                                 | [36m14742 ns[0m
[INFO][0m[92m[PRIM][0m               Core 12 start compute primitive Sram_lifecycle.                                                                | [36m14742 ns[0m
[INFO][0m[92m[PRIM][0m               Core 12 end compute primitive Sram_lifecycle.                                                                  | [36m14742 ns[0m
[INFO][0m[92m[PRIM][0m               Core 8 end compute primitive Sram_lifecycle.                                                                   | [36m14742 ns[0m
[INFO][0m[92m[PRIM][0m               Core 8 start compute primitive Sram_bind_oneshot.                                                              | [36m14748 ns[0m
[INFO][0m[92m[PRIM][0m               Core 12 start compute primitive Sram_lifecycle.                                                                | [36m14748 ns[0m
[INFO][0m[92m[PRIM][0m               Core 12 end compute primitive Sram_lifecycle.                                                                  | [36m14748 ns[0m
[INFO][0m[92m[PRIM][0m               Core 8 end compute primitive Sram_bind_oneshot.                                                                | [36m14748 ns[0m
[INFO][0m[92m[PRIM][0m               Core 12 start compute primitive Lsu_mem.                                                                       | [36m14754 ns[0m
[INFO][0m[92m[PRIM][0m               Core 8 start compute primitive rmsnorm_forward.                                                                | [36m14754 ns[0m
[INFO][0m[92m[PRIM][0m               Core 8 end compute primitive rmsnorm_forward.                                                                  | [36m14756 ns[0m
[INFO][0m[92m[PRIM][0m               Core 8 start compute primitive Sram_lifecycle.                                                                 | [36m14762 ns[0m
[INFO][0m[92m[PRIM][0m               Core 8 end compute primitive Sram_lifecycle.                                                                   | [36m14762 ns[0m
[INFO][0m[92m[PRIM][0m               Core 8 start compute primitive Sram_lifecycle.                                                                 | [36m14768 ns[0m
[INFO][0m[92m[PRIM][0m               Core 8 end compute primitive Sram_lifecycle.                                                                   | [36m14768 ns[0m
[INFO][0m[92m[PRIM][0m               Core 12 end compute primitive Lsu_mem.                                                                         | [36m14834 ns[0m
[INFO][0m[92m[PRIM][0m               Core 12 start compute primitive Sram_lifecycle.                                                                | [36m14840 ns[0m
[INFO][0m[92m[PRIM][0m               Core 12 end compute primitive Sram_lifecycle.                                                                  | [36m14840 ns[0m
[INFO][0m[92m[PRIM][0m               Core 12 start compute primitive Sram_bind_oneshot.                                                             | [36m14846 ns[0m
[INFO][0m[92m[PRIM][0m               Core 12 end compute primitive Sram_bind_oneshot.                                                               | [36m14846 ns[0m
[INFO][0m[92m[PRIM][0m               Core 12 start compute primitive rmsnorm_forward.                                                               | [36m14852 ns[0m
[INFO][0m[92m[PRIM][0m               Core 12 end compute primitive rmsnorm_forward.                                                                 | [36m14854 ns[0m
[INFO][0m[92m[PRIM][0m               Core 12 start compute primitive Sram_lifecycle.                                                                | [36m14860 ns[0m
[INFO][0m[92m[PRIM][0m               Core 12 end compute primitive Sram_lifecycle.                                                                  | [36m14860 ns[0m
[INFO][0m[92m[PRIM][0m               Core 12 start compute primitive Sram_lifecycle.                                                                | [36m14866 ns[0m
[INFO][0m[92m[PRIM][0m               Core 12 end compute primitive Sram_lifecycle.                                                                  | [36m14866 ns[0m
[INFO][0m[92m[PRIM][0m               Core 8 start compute primitive Sram_lifecycle.                                                                 | [36m14902 ns[0m
[INFO][0m[92m[PRIM][0m               Core 8 end compute primitive Sram_lifecycle.                                                                   | [36m14902 ns[0m
[INFO][0m[92m[PRIM][0m               Core 12 start compute primitive Sram_lifecycle.                                                                | [36m15190 ns[0m
[INFO][0m[92m[PRIM][0m               Core 12 end compute primitive Sram_lifecycle.                                                                  | [36m15190 ns[0m
[INFO][0m[92m[PRIM][0m               Core 0 start compute primitive Sram_lifecycle.                                                                 | [36m15496 ns[0m
[INFO][0m[92m[PRIM][0m               Core 0 end compute primitive Sram_lifecycle.                                                                   | [36m15496 ns[0m
[INFO][0m[92m[PRIM][0m               Core 0 start compute primitive Lsu_mem.                                                                        | [36m15502 ns[0m
[INFO][0m[92m[PRIM][0m               Core 4 start compute primitive Sram_lifecycle.                                                                 | [36m15506 ns[0m
[INFO][0m[92m[PRIM][0m               Core 4 end compute primitive Sram_lifecycle.                                                                   | [36m15506 ns[0m
[INFO][0m[92m[PRIM][0m               Core 8 start compute primitive Sram_lifecycle.                                                                 | [36m15510 ns[0m
[INFO][0m[92m[PRIM][0m               Core 8 end compute primitive Sram_lifecycle.                                                                   | [36m15510 ns[0m
[INFO][0m[92m[PRIM][0m               Core 4 start compute primitive Lsu_mem.                                                                        | [36m15512 ns[0m
[INFO][0m[92m[PRIM][0m               Core 8 start compute primitive Lsu_mem.                                                                        | [36m15516 ns[0m
[INFO][0m[92m[PRIM][0m               Core 12 start compute primitive Sram_lifecycle.                                                                | [36m15530 ns[0m
[INFO][0m[92m[PRIM][0m               Core 12 end compute primitive Sram_lifecycle.                                                                  | [36m15530 ns[0m
[INFO][0m[92m[PRIM][0m               Core 12 start compute primitive Lsu_mem.                                                                       | [36m15536 ns[0m
[INFO][0m[92m[PRIM][0m               Core 0 end compute primitive Lsu_mem.                                                                          | [36m16281 ns[0m
[INFO][0m[92m[PRIM][0m               Core 0 start compute primitive Sram_lifecycle.                                                                 | [36m16287 ns[0m
[INFO][0m[92m[PRIM][0m               Core 0 end compute primitive Sram_lifecycle.                                                                   | [36m16287 ns[0m
[INFO][0m[92m[PRIM][0m               Core 4 end compute primitive Lsu_mem.                                                                          | [36m16289 ns[0m
[INFO][0m[92m[PRIM][0m               Core 0 start compute primitive Sram_bind_oneshot.                                                              | [36m16293 ns[0m
[INFO][0m[92m[PRIM][0m               Core 0 end compute primitive Sram_bind_oneshot.                                                                | [36m16293 ns[0m
[INFO][0m[92m[PRIM][0m               Core 4 start compute primitive Sram_lifecycle.                                                                 | [36m16295 ns[0m
[INFO][0m[92m[PRIM][0m               Core 4 end compute primitive Sram_lifecycle.                                                                   | [36m16295 ns[0m
[INFO][0m[92m[PRIM][0m               Core 8 end compute primitive Lsu_mem.                                                                          | [36m16295 ns[0m
[INFO][0m[92m[PRIM][0m               Core 0 start compute primitive Matmul_f.                                                                       | [36m16299 ns[0m
[INFO][0m[92m[PRIM][0m               Core 8 start compute primitive Sram_lifecycle.                                                                 | [36m16301 ns[0m
[INFO][0m[92m[PRIM][0m               Core 4 start compute primitive Sram_bind_oneshot.                                                              | [36m16301 ns[0m
[INFO][0m[92m[PRIM][0m               Core 4 end compute primitive Sram_bind_oneshot.                                                                | [36m16301 ns[0m
[INFO][0m[92m[PRIM][0m               Core 8 end compute primitive Sram_lifecycle.                                                                   | [36m16301 ns[0m
[INFO][0m[92m[PRIM][0m               Core 8 start compute primitive Sram_bind_oneshot.                                                              | [36m16307 ns[0m
[INFO][0m[92m[PRIM][0m               Core 4 start compute primitive Matmul_f.                                                                       | [36m16307 ns[0m
[INFO][0m[92m[PRIM][0m               Core 8 end compute primitive Sram_bind_oneshot.                                                                | [36m16307 ns[0m
[INFO][0m[92m[PRIM][0m               Core 8 start compute primitive Matmul_f.                                                                       | [36m16313 ns[0m
[INFO][0m[92m[PRIM][0m               Core 12 end compute primitive Lsu_mem.                                                                         | [36m16313 ns[0m
[INFO][0m[92m[PRIM][0m               Core 12 start compute primitive Sram_lifecycle.                                                                | [36m16319 ns[0m
[INFO][0m[92m[PRIM][0m               Core 12 end compute primitive Sram_lifecycle.                                                                  | [36m16319 ns[0m
[INFO][0m[92m[PRIM][0m               Core 12 start compute primitive Sram_bind_oneshot.                                                             | [36m16325 ns[0m
[INFO][0m[92m[PRIM][0m               Core 12 end compute primitive Sram_bind_oneshot.                                                               | [36m16325 ns[0m
[INFO][0m[92m[PRIM][0m               Core 12 start compute primitive Matmul_f.                                                                      | [36m16331 ns[0m
[INFO][0m[92m[PRIM][0m               Core 0 end compute primitive Matmul_f.                                                                         | [36m16395 ns[0m
[INFO][0m[92m[PRIM][0m               Core 0 start compute primitive Sram_lifecycle.                                                                 | [36m16401 ns[0m
[INFO][0m[92m[PRIM][0m               Core 0 end compute primitive Sram_lifecycle.                                                                   | [36m16401 ns[0m
[INFO][0m[92m[PRIM][0m               Core 4 end compute primitive Matmul_f.                                                                         | [36m16403 ns[0m
[INFO][0m[92m[PRIM][0m               Core 0 start compute primitive Sram_lifecycle.                                                                 | [36m16407 ns[0m
[INFO][0m[92m[PRIM][0m               Core 0 end compute primitive Sram_lifecycle.                                                                   | [36m16407 ns[0m
[INFO][0m[92m[PRIM][0m               Core 8 end compute primitive Matmul_f.                                                                         | [36m16409 ns[0m
[INFO][0m[92m[PRIM][0m               Core 4 start compute primitive Sram_lifecycle.                                                                 | [36m16409 ns[0m
[INFO][0m[92m[PRIM][0m               Core 4 end compute primitive Sram_lifecycle.                                                                   | [36m16409 ns[0m
[INFO][0m[92m[PRIM][0m               Core 0 start compute primitive Sram_lifecycle.                                                                 | [36m16413 ns[0m
[INFO][0m[92m[PRIM][0m               Core 0 end compute primitive Sram_lifecycle.                                                                   | [36m16413 ns[0m
[INFO][0m[92m[PRIM][0m               Core 4 start compute primitive Sram_lifecycle.                                                                 | [36m16415 ns[0m
[INFO][0m[92m[PRIM][0m               Core 8 start compute primitive Sram_lifecycle.                                                                 | [36m16415 ns[0m
[INFO][0m[92m[PRIM][0m               Core 8 end compute primitive Sram_lifecycle.                                                                   | [36m16415 ns[0m
[INFO][0m[92m[PRIM][0m               Core 4 end compute primitive Sram_lifecycle.                                                                   | [36m16415 ns[0m
[INFO][0m[92m[PRIM][0m               Core 0 start compute primitive Sram_bind_oneshot.                                                              | [36m16419 ns[0m
[INFO][0m[92m[PRIM][0m               Core 0 end compute primitive Sram_bind_oneshot.                                                                | [36m16419 ns[0m
[INFO][0m[92m[PRIM][0m               Core 4 start compute primitive Sram_lifecycle.                                                                 | [36m16421 ns[0m
[INFO][0m[92m[PRIM][0m               Core 8 start compute primitive Sram_lifecycle.                                                                 | [36m16421 ns[0m
[INFO][0m[92m[PRIM][0m               Core 8 end compute primitive Sram_lifecycle.                                                                   | [36m16421 ns[0m
[INFO][0m[92m[PRIM][0m               Core 4 end compute primitive Sram_lifecycle.                                                                   | [36m16421 ns[0m
[INFO][0m[92m[PRIM][0m               Core 0 start compute primitive Rope_qk_exact_prim.                                                             | [36m16425 ns[0m
[INFO][0m[92m[PRIM][0m               Core 8 start compute primitive Sram_lifecycle.                                                                 | [36m16427 ns[0m
[INFO][0m[92m[PRIM][0m               Core 0 end compute primitive Rope_qk_exact_prim.                                                               | [36m16427 ns[0m
[INFO][0m[92m[PRIM][0m               Core 4 start compute primitive Sram_bind_oneshot.                                                              | [36m16427 ns[0m
[INFO][0m[92m[PRIM][0m               Core 12 end compute primitive Matmul_f.                                                                        | [36m16427 ns[0m
[INFO][0m[92m[PRIM][0m               Core 4 end compute primitive Sram_bind_oneshot.                                                                | [36m16427 ns[0m
[INFO][0m[92m[PRIM][0m               Core 8 end compute primitive Sram_lifecycle.                                                                   | [36m16427 ns[0m
[INFO][0m[92m[PRIM][0m               Core 0 start compute primitive Sram_lifecycle.                                                                 | [36m16433 ns[0m
[INFO][0m[92m[PRIM][0m               Core 8 start compute primitive Sram_bind_oneshot.                                                              | [36m16433 ns[0m
[INFO][0m[92m[PRIM][0m               Core 12 start compute primitive Sram_lifecycle.                                                                | [36m16433 ns[0m
[INFO][0m[92m[PRIM][0m               Core 4 start compute primitive Rope_qk_exact_prim.                                                             | [36m16433 ns[0m
[INFO][0m[92m[PRIM][0m               Core 12 end compute primitive Sram_lifecycle.                                                                  | [36m16433 ns[0m
[INFO][0m[92m[PRIM][0m               Core 8 end compute primitive Sram_bind_oneshot.                                                                | [36m16433 ns[0m
[INFO][0m[92m[PRIM][0m               Core 0 end compute primitive Sram_lifecycle.                                                                   | [36m16433 ns[0m
[INFO][0m[92m[PRIM][0m               Core 4 end compute primitive Rope_qk_exact_prim.                                                               | [36m16435 ns[0m
[INFO][0m[92m[PRIM][0m               Core 12 start compute primitive Sram_lifecycle.                                                                | [36m16439 ns[0m
[INFO][0m[92m[PRIM][0m               Core 0 start compute primitive Sram_lifecycle.                                                                 | [36m16439 ns[0m
[INFO][0m[92m[PRIM][0m               Core 8 start compute primitive Rope_qk_exact_prim.                                                             | [36m16439 ns[0m
[INFO][0m[92m[PRIM][0m               Core 0 end compute primitive Sram_lifecycle.                                                                   | [36m16439 ns[0m
[INFO][0m[92m[PRIM][0m               Core 12 end compute primitive Sram_lifecycle.                                                                  | [36m16439 ns[0m
[INFO][0m[92m[PRIM][0m               Core 4 start compute primitive Sram_lifecycle.                                                                 | [36m16441 ns[0m
[INFO][0m[92m[PRIM][0m               Core 8 end compute primitive Rope_qk_exact_prim.                                                               | [36m16441 ns[0m
[INFO][0m[92m[PRIM][0m               Core 4 end compute primitive Sram_lifecycle.                                                                   | [36m16441 ns[0m
[INFO][0m[92m[PRIM][0m               Core 0 start compute primitive Sram_bind_oneshot.                                                              | [36m16445 ns[0m
[INFO][0m[92m[PRIM][0m               Core 12 start compute primitive Sram_lifecycle.                                                                | [36m16445 ns[0m
[INFO][0m[92m[PRIM][0m               Core 12 end compute primitive Sram_lifecycle.                                                                  | [36m16445 ns[0m
[INFO][0m[92m[PRIM][0m               Core 0 end compute primitive Sram_bind_oneshot.                                                                | [36m16445 ns[0m
[INFO][0m[92m[PRIM][0m               Core 4 start compute primitive Sram_lifecycle.                                                                 | [36m16447 ns[0m
[INFO][0m[92m[PRIM][0m               Core 8 start compute primitive Sram_lifecycle.                                                                 | [36m16447 ns[0m
[INFO][0m[92m[PRIM][0m               Core 8 end compute primitive Sram_lifecycle.                                                                   | [36m16447 ns[0m
[INFO][0m[92m[PRIM][0m               Core 4 end compute primitive Sram_lifecycle.                                                                   | [36m16447 ns[0m
[INFO][0m[92m[PRIM][0m               Core 12 start compute primitive Sram_bind_oneshot.                                                             | [36m16451 ns[0m
[INFO][0m[92m[PRIM][0m               Core 0 start compute primitive Attention_exact_prim.                                                           | [36m16451 ns[0m
[INFO][0m[92m[PRIM][0m               Core 0 end compute primitive Attention_exact_prim.                                                             | [36m16451 ns[0m
[INFO][0m[92m[PRIM][0m               Core 12 end compute primitive Sram_bind_oneshot.                                                               | [36m16451 ns[0m
[INFO][0m[92m[PRIM][0m               Core 4 start compute primitive Sram_bind_oneshot.                                                              | [36m16453 ns[0m
[INFO][0m[92m[PRIM][0m               Core 8 start compute primitive Sram_lifecycle.                                                                 | [36m16453 ns[0m
[INFO][0m[92m[PRIM][0m               Core 8 end compute primitive Sram_lifecycle.                                                                   | [36m16453 ns[0m
[INFO][0m[92m[PRIM][0m               Core 4 end compute primitive Sram_bind_oneshot.                                                                | [36m16453 ns[0m
[INFO][0m[92m[PRIM][0m               Core 12 start compute primitive Rope_qk_exact_prim.                                                            | [36m16457 ns[0m
[INFO][0m[92m[PRIM][0m               Core 0 start compute primitive Sram_lifecycle.                                                                 | [36m16457 ns[0m
[INFO][0m[92m[PRIM][0m               Core 0 end compute primitive Sram_lifecycle.                                                                   | [36m16457 ns[0m
[INFO][0m[92m[PRIM][0m               Core 8 start compute primitive Sram_bind_oneshot.                                                              | [36m16459 ns[0m
[INFO][0m[92m[PRIM][0m               Core 4 start compute primitive Attention_exact_prim.                                                           | [36m16459 ns[0m
[INFO][0m[92m[PRIM][0m               Core 12 end compute primitive Rope_qk_exact_prim.                                                              | [36m16459 ns[0m
[INFO][0m[92m[PRIM][0m               Core 4 end compute primitive Attention_exact_prim.                                                             | [36m16459 ns[0m
[INFO][0m[92m[PRIM][0m               Core 8 end compute primitive Sram_bind_oneshot.                                                                | [36m16459 ns[0m
[INFO][0m[92m[PRIM][0m               Core 0 start compute primitive Sram_lifecycle.                                                                 | [36m16463 ns[0m
[INFO][0m[92m[PRIM][0m               Core 0 end compute primitive Sram_lifecycle.                                                                   | [36m16463 ns[0m
[INFO][0m[92m[PRIM][0m               Core 4 start compute primitive Sram_lifecycle.                                                                 | [36m16465 ns[0m
[INFO][0m[92m[PRIM][0m               Core 12 start compute primitive Sram_lifecycle.                                                                | [36m16465 ns[0m
[INFO][0m[92m[PRIM][0m               Core 8 start compute primitive Attention_exact_prim.                                                           | [36m16465 ns[0m
[INFO][0m[92m[PRIM][0m               Core 8 end compute primitive Attention_exact_prim.                                                             | [36m16465 ns[0m
[INFO][0m[92m[PRIM][0m               Core 12 end compute primitive Sram_lifecycle.                                                                  | [36m16465 ns[0m
[INFO][0m[92m[PRIM][0m               Core 4 end compute primitive Sram_lifecycle.                                                                   | [36m16465 ns[0m
[INFO][0m[92m[PRIM][0m               Core 0 start compute primitive Sram_lifecycle.                                                                 | [36m16469 ns[0m
[INFO][0m[92m[PRIM][0m               Core 0 end compute primitive Sram_lifecycle.                                                                   | [36m16469 ns[0m
[INFO][0m[92m[PRIM][0m               Core 8 start compute primitive Sram_lifecycle.                                                                 | [36m16471 ns[0m
[INFO][0m[92m[PRIM][0m               Core 12 start compute primitive Sram_lifecycle.                                                                | [36m16471 ns[0m
[INFO][0m[92m[PRIM][0m               Core 4 start compute primitive Sram_lifecycle.                                                                 | [36m16471 ns[0m
[INFO][0m[92m[PRIM][0m               Core 4 end compute primitive Sram_lifecycle.                                                                   | [36m16471 ns[0m
[INFO][0m[92m[PRIM][0m               Core 12 end compute primitive Sram_lifecycle.                                                                  | [36m16471 ns[0m
[INFO][0m[92m[PRIM][0m               Core 8 end compute primitive Sram_lifecycle.                                                                   | [36m16471 ns[0m
[INFO][0m[92m[PRIM][0m               Core 0 start compute primitive Lsu_mem.                                                                        | [36m16475 ns[0m
[INFO][0m[92m[PRIM][0m               Core 4 start compute primitive Sram_lifecycle.                                                                 | [36m16477 ns[0m
[INFO][0m[92m[PRIM][0m               Core 12 start compute primitive Sram_bind_oneshot.                                                             | [36m16477 ns[0m
[INFO][0m[92m[PRIM][0m               Core 8 start compute primitive Sram_lifecycle.                                                                 | [36m16477 ns[0m
[INFO][0m[92m[PRIM][0m               Core 8 end compute primitive Sram_lifecycle.                                                                   | [36m16477 ns[0m
[INFO][0m[92m[PRIM][0m               Core 12 end compute primitive Sram_bind_oneshot.                                                               | [36m16477 ns[0m
[INFO][0m[92m[PRIM][0m               Core 4 end compute primitive Sram_lifecycle.                                                                   | [36m16477 ns[0m
[INFO][0m[92m[PRIM][0m               Core 4 start compute primitive Lsu_mem.                                                                        | [36m16483 ns[0m
[INFO][0m[92m[PRIM][0m               Core 12 start compute primitive Attention_exact_prim.                                                          | [36m16483 ns[0m
[INFO][0m[92m[PRIM][0m               Core 8 start compute primitive Sram_lifecycle.                                                                 | [36m16483 ns[0m
[INFO][0m[92m[PRIM][0m               Core 8 end compute primitive Sram_lifecycle.                                                                   | [36m16483 ns[0m
[INFO][0m[92m[PRIM][0m               Core 12 end compute primitive Attention_exact_prim.                                                            | [36m16483 ns[0m
[INFO][0m[92m[PRIM][0m               Core 8 start compute primitive Lsu_mem.                                                                        | [36m16489 ns[0m
[INFO][0m[92m[PRIM][0m               Core 12 start compute primitive Sram_lifecycle.                                                                | [36m16489 ns[0m
[INFO][0m[92m[PRIM][0m               Core 12 end compute primitive Sram_lifecycle.                                                                  | [36m16489 ns[0m
[INFO][0m[92m[PRIM][0m               Core 12 start compute primitive Sram_lifecycle.                                                                | [36m16495 ns[0m
[INFO][0m[92m[PRIM][0m               Core 12 end compute primitive Sram_lifecycle.                                                                  | [36m16495 ns[0m
[INFO][0m[92m[PRIM][0m               Core 12 start compute primitive Sram_lifecycle.                                                                | [36m16501 ns[0m
[INFO][0m[92m[PRIM][0m               Core 12 end compute primitive Sram_lifecycle.                                                                  | [36m16501 ns[0m
[INFO][0m[92m[PRIM][0m               Core 12 start compute primitive Lsu_mem.                                                                       | [36m16507 ns[0m
[INFO][0m[92m[PRIM][0m               Core 0 end compute primitive Lsu_mem.                                                                          | [36m16546 ns[0m
[INFO][0m[92m[PRIM][0m               Core 0 start compute primitive Sram_lifecycle.                                                                 | [36m16552 ns[0m
[INFO][0m[92m[PRIM][0m               Core 0 end compute primitive Sram_lifecycle.                                                                   | [36m16552 ns[0m
[INFO][0m[92m[PRIM][0m               Core 4 end compute primitive Lsu_mem.                                                                          | [36m16554 ns[0m
[INFO][0m[92m[PRIM][0m               Core 0 start compute primitive Sram_lifecycle.                                                                 | [36m16558 ns[0m
[INFO][0m[92m[PRIM][0m               Core 0 end compute primitive Sram_lifecycle.                                                                   | [36m16558 ns[0m
[INFO][0m[92m[PRIM][0m               Core 4 start compute primitive Sram_lifecycle.                                                                 | [36m16560 ns[0m
[INFO][0m[92m[PRIM][0m               Core 4 end compute primitive Sram_lifecycle.                                                                   | [36m16560 ns[0m
[INFO][0m[92m[PRIM][0m               Core 8 end compute primitive Lsu_mem.                                                                          | [36m16560 ns[0m
[INFO][0m[92m[PRIM][0m               Core 0 start compute primitive Lsu_mem.                                                                        | [36m16564 ns[0m
[INFO][0m[92m[PRIM][0m               Core 4 start compute primitive Sram_lifecycle.                                                                 | [36m16566 ns[0m
[INFO][0m[92m[PRIM][0m               Core 8 start compute primitive Sram_lifecycle.                                                                 | [36m16566 ns[0m
[INFO][0m[92m[PRIM][0m               Core 8 end compute primitive Sram_lifecycle.                                                                   | [36m16566 ns[0m
[INFO][0m[92m[PRIM][0m               Core 4 end compute primitive Sram_lifecycle.                                                                   | [36m16566 ns[0m
[INFO][0m[92m[PRIM][0m               Core 4 start compute primitive Lsu_mem.                                                                        | [36m16572 ns[0m
[INFO][0m[92m[PRIM][0m               Core 8 start compute primitive Sram_lifecycle.                                                                 | [36m16572 ns[0m
[INFO][0m[92m[PRIM][0m               Core 8 end compute primitive Sram_lifecycle.                                                                   | [36m16572 ns[0m
[INFO][0m[92m[PRIM][0m               Core 8 start compute primitive Lsu_mem.                                                                        | [36m16578 ns[0m
[INFO][0m[92m[PRIM][0m               Core 12 end compute primitive Lsu_mem.                                                                         | [36m16578 ns[0m
[INFO][0m[92m[PRIM][0m               Core 12 start compute primitive Sram_lifecycle.                                                                | [36m16584 ns[0m
[INFO][0m[92m[PRIM][0m               Core 12 end compute primitive Sram_lifecycle.                                                                  | [36m16584 ns[0m
[INFO][0m[92m[PRIM][0m               Core 12 start compute primitive Sram_lifecycle.                                                                | [36m16590 ns[0m
[INFO][0m[92m[PRIM][0m               Core 12 end compute primitive Sram_lifecycle.                                                                  | [36m16590 ns[0m
[INFO][0m[92m[PRIM][0m               Core 12 start compute primitive Lsu_mem.                                                                       | [36m16596 ns[0m
[INFO][0m[92m[PRIM][0m               Core 0 end compute primitive Lsu_mem.                                                                          | [36m16635 ns[0m
[INFO][0m[92m[PRIM][0m               Core 0 start compute primitive Sram_lifecycle.                                                                 | [36m16641 ns[0m
[INFO][0m[92m[PRIM][0m               Core 0 end compute primitive Sram_lifecycle.                                                                   | [36m16641 ns[0m
[INFO][0m[92m[PRIM][0m               Core 4 end compute primitive Lsu_mem.                                                                          | [36m16643 ns[0m
[INFO][0m[92m[PRIM][0m               Core 0 start compute primitive Sram_lifecycle.                                                                 | [36m16647 ns[0m
[INFO][0m[92m[PRIM][0m               Core 0 end compute primitive Sram_lifecycle.                                                                   | [36m16647 ns[0m
[INFO][0m[92m[PRIM][0m               Core 4 start compute primitive Sram_lifecycle.                                                                 | [36m16649 ns[0m
[INFO][0m[92m[PRIM][0m               Core 4 end compute primitive Sram_lifecycle.                                                                   | [36m16649 ns[0m
[INFO][0m[92m[PRIM][0m               Core 8 end compute primitive Lsu_mem.                                                                          | [36m16649 ns[0m
[INFO][0m[92m[PRIM][0m               Core 0 start compute primitive Lsu_mem.                                                                        | [36m16653 ns[0m
[INFO][0m[92m[PRIM][0m               Core 4 start compute primitive Sram_lifecycle.                                                                 | [36m16655 ns[0m
[INFO][0m[92m[PRIM][0m               Core 8 start compute primitive Sram_lifecycle.                                                                 | [36m16655 ns[0m
[INFO][0m[92m[PRIM][0m               Core 8 end compute primitive Sram_lifecycle.                                                                   | [36m16655 ns[0m
[INFO][0m[92m[PRIM][0m               Core 4 end compute primitive Sram_lifecycle.                                                                   | [36m16655 ns[0m
[INFO][0m[92m[PRIM][0m               Core 4 start compute primitive Lsu_mem.                                                                        | [36m16661 ns[0m
[INFO][0m[92m[PRIM][0m               Core 8 start compute primitive Sram_lifecycle.                                                                 | [36m16661 ns[0m
[INFO][0m[92m[PRIM][0m               Core 8 end compute primitive Sram_lifecycle.                                                                   | [36m16661 ns[0m
[INFO][0m[92m[PRIM][0m               Core 8 start compute primitive Lsu_mem.                                                                        | [36m16667 ns[0m
[INFO][0m[92m[PRIM][0m               Core 12 end compute primitive Lsu_mem.                                                                         | [36m16667 ns[0m
[INFO][0m[92m[PRIM][0m               Core 12 start compute primitive Sram_lifecycle.                                                                | [36m16673 ns[0m
[INFO][0m[92m[PRIM][0m               Core 12 end compute primitive Sram_lifecycle.                                                                  | [36m16673 ns[0m
[INFO][0m[92m[PRIM][0m               Core 12 start compute primitive Sram_lifecycle.                                                                | [36m16679 ns[0m
[INFO][0m[92m[PRIM][0m               Core 12 end compute primitive Sram_lifecycle.                                                                  | [36m16679 ns[0m
[INFO][0m[92m[PRIM][0m               Core 12 start compute primitive Lsu_mem.                                                                       | [36m16685 ns[0m
[INFO][0m[92m[PRIM][0m               Core 0 end compute primitive Lsu_mem.                                                                          | [36m16946 ns[0m
[INFO][0m[92m[PRIM][0m               Core 0 start compute primitive Sram_lifecycle.                                                                 | [36m16952 ns[0m
[INFO][0m[92m[PRIM][0m               Core 0 end compute primitive Sram_lifecycle.                                                                   | [36m16952 ns[0m
[INFO][0m[92m[PRIM][0m               Core 4 end compute primitive Lsu_mem.                                                                          | [36m16954 ns[0m
[INFO][0m[92m[PRIM][0m               Core 0 start compute primitive Sram_lifecycle.                                                                 | [36m16958 ns[0m
[INFO][0m[92m[PRIM][0m               Core 0 end compute primitive Sram_lifecycle.                                                                   | [36m16958 ns[0m
[INFO][0m[92m[PRIM][0m               Core 4 start compute primitive Sram_lifecycle.                                                                 | [36m16960 ns[0m
[INFO][0m[92m[PRIM][0m               Core 4 end compute primitive Sram_lifecycle.                                                                   | [36m16960 ns[0m
[INFO][0m[92m[PRIM][0m               Core 8 end compute primitive Lsu_mem.                                                                          | [36m16960 ns[0m
[INFO][0m[92m[PRIM][0m               Core 0 start compute primitive Sram_bind_oneshot.                                                              | [36m16964 ns[0m
[INFO][0m[92m[PRIM][0m               Core 0 end compute primitive Sram_bind_oneshot.                                                                | [36m16964 ns[0m
[INFO][0m[92m[PRIM][0m               Core 8 start compute primitive Sram_lifecycle.                                                                 | [36m16966 ns[0m
[INFO][0m[92m[PRIM][0m               Core 4 start compute primitive Sram_lifecycle.                                                                 | [36m16966 ns[0m
[INFO][0m[92m[PRIM][0m               Core 4 end compute primitive Sram_lifecycle.                                                                   | [36m16966 ns[0m
[INFO][0m[92m[PRIM][0m               Core 8 end compute primitive Sram_lifecycle.                                                                   | [36m16966 ns[0m
[INFO][0m[92m[PRIM][0m               Core 0 start compute primitive Matmul_f.                                                                       | [36m16970 ns[0m
[INFO][0m[92m[PRIM][0m               Core 4 start compute primitive Sram_bind_oneshot.                                                              | [36m16972 ns[0m
[INFO][0m[92m[PRIM][0m               Core 8 start compute primitive Sram_lifecycle.                                                                 | [36m16972 ns[0m
[INFO][0m[92m[PRIM][0m               Core 8 end compute primitive Sram_lifecycle.                                                                   | [36m16972 ns[0m
[INFO][0m[92m[PRIM][0m               Core 4 end compute primitive Sram_bind_oneshot.                                                                | [36m16972 ns[0m
[INFO][0m[92m[PRIM][0m               Core 4 start compute primitive Matmul_f.                                                                       | [36m16978 ns[0m
[INFO][0m[92m[PRIM][0m               Core 8 start compute primitive Sram_bind_oneshot.                                                              | [36m16978 ns[0m
[INFO][0m[92m[PRIM][0m               Core 0 end compute primitive Matmul_f.                                                                         | [36m16978 ns[0m
[INFO][0m[92m[PRIM][0m               Core 8 end compute primitive Sram_bind_oneshot.                                                                | [36m16978 ns[0m
[INFO][0m[92m[PRIM][0m               Core 12 end compute primitive Lsu_mem.                                                                         | [36m16978 ns[0m
[INFO][0m[92m[PRIM][0m               Core 12 start compute primitive Sram_lifecycle.                                                                | [36m16984 ns[0m
[INFO][0m[92m[PRIM][0m               Core 8 start compute primitive Matmul_f.                                                                       | [36m16984 ns[0m
[INFO][0m[92m[PRIM][0m               Core 0 start compute primitive Sram_lifecycle.                                                                 | [36m16984 ns[0m
[INFO][0m[92m[PRIM][0m               Core 0 end compute primitive Sram_lifecycle.                                                                   | [36m16984 ns[0m
[INFO][0m[92m[PRIM][0m               Core 12 end compute primitive Sram_lifecycle.                                                                  | [36m16984 ns[0m
[INFO][0m[92m[PRIM][0m               Core 4 end compute primitive Matmul_f.                                                                         | [36m16986 ns[0m
[INFO][0m[92m[PRIM][0m               Core 12 start compute primitive Sram_lifecycle.                                                                | [36m16990 ns[0m
[INFO][0m[92m[PRIM][0m               Core 0 start compute primitive Sram_lifecycle.                                                                 | [36m16990 ns[0m
[INFO][0m[92m[PRIM][0m               Core 0 end compute primitive Sram_lifecycle.                                                                   | [36m16990 ns[0m
[INFO][0m[92m[PRIM][0m               Core 12 end compute primitive Sram_lifecycle.                                                                  | [36m16990 ns[0m
[INFO][0m[92m[PRIM][0m               Core 4 start compute primitive Sram_lifecycle.                                                                 | [36m16992 ns[0m
[INFO][0m[92m[PRIM][0m               Core 8 end compute primitive Matmul_f.                                                                         | [36m16992 ns[0m
[INFO][0m[92m[PRIM][0m               Core 4 end compute primitive Sram_lifecycle.                                                                   | [36m16992 ns[0m
[INFO][0m[92m[PRIM][0m               Core 12 start compute primitive Sram_bind_oneshot.                                                             | [36m16996 ns[0m
[INFO][0m[92m[PRIM][0m               Core 12 end compute primitive Sram_bind_oneshot.                                                               | [36m16996 ns[0m
[INFO][0m[92m[PRIM][0m               Core 8 start compute primitive Sram_lifecycle.                                                                 | [36m16998 ns[0m
[INFO][0m[92m[PRIM][0m               Core 8 end compute primitive Sram_lifecycle.                                                                   | [36m16998 ns[0m
[INFO][0m[92m[PRIM][0m               Core 12 start compute primitive Matmul_f.                                                                      | [36m17002 ns[0m
[INFO][0m[92m[PRIM][0m               Core 12 end compute primitive Matmul_f.                                                                        | [36m17010 ns[0m
[INFO][0m[92m[PRIM][0m               Core 12 start compute primitive Sram_lifecycle.                                                                | [36m17016 ns[0m
[INFO][0m[92m[PRIM][0m               Core 12 end compute primitive Sram_lifecycle.                                                                  | [36m17016 ns[0m
[INFO][0m[92m[PRIM][0m               Core 4 start compute primitive Sram_lifecycle.                                                                 | [36m17062 ns[0m
[INFO][0m[92m[PRIM][0m               Core 4 end compute primitive Sram_lifecycle.                                                                   | [36m17062 ns[0m
[INFO][0m[92m[PRIM][0m               Core 4 start compute primitive Sram_lifecycle.                                                                 | [36m17068 ns[0m
[INFO][0m[92m[PRIM][0m               Core 8 start compute primitive Sram_lifecycle.                                                                 | [36m17068 ns[0m
[INFO][0m[92m[PRIM][0m               Core 8 end compute primitive Sram_lifecycle.                                                                   | [36m17068 ns[0m
[INFO][0m[92m[PRIM][0m               Core 4 end compute primitive Sram_lifecycle.                                                                   | [36m17068 ns[0m
[INFO][0m[92m[PRIM][0m               Core 4 start compute primitive Sram_lifecycle.                                                                 | [36m17074 ns[0m
[INFO][0m[92m[PRIM][0m               Core 8 start compute primitive Sram_lifecycle.                                                                 | [36m17074 ns[0m
[INFO][0m[92m[PRIM][0m               Core 8 end compute primitive Sram_lifecycle.                                                                   | [36m17074 ns[0m
[INFO][0m[92m[PRIM][0m               Core 4 end compute primitive Sram_lifecycle.                                                                   | [36m17074 ns[0m
[INFO][0m[92m[PRIM][0m               Core 4 start compute primitive Sram_bind_oneshot.                                                              | [36m17080 ns[0m
[INFO][0m[92m[PRIM][0m               Core 8 start compute primitive Sram_lifecycle.                                                                 | [36m17080 ns[0m
[INFO][0m[92m[PRIM][0m               Core 8 end compute primitive Sram_lifecycle.                                                                   | [36m17080 ns[0m
[INFO][0m[92m[PRIM][0m               Core 4 end compute primitive Sram_bind_oneshot.                                                                | [36m17080 ns[0m
[INFO][0m[92m[PRIM][0m               Core 4 start compute primitive Matmul_f.                                                                       | [36m17086 ns[0m
[INFO][0m[92m[PRIM][0m               Core 8 start compute primitive Sram_bind_oneshot.                                                              | [36m17086 ns[0m
[INFO][0m[92m[PRIM][0m               Core 8 end compute primitive Sram_bind_oneshot.                                                                | [36m17086 ns[0m
[INFO][0m[92m[PRIM][0m               Core 8 start compute primitive Matmul_f.                                                                       | [36m17092 ns[0m
[INFO][0m[92m[PRIM][0m               Core 4 end compute primitive Matmul_f.                                                                         | [36m17094 ns[0m
[INFO][0m[92m[PRIM][0m               Core 4 start compute primitive Sram_lifecycle.                                                                 | [36m17100 ns[0m
[INFO][0m[92m[PRIM][0m               Core 8 end compute primitive Matmul_f.                                                                         | [36m17100 ns[0m
[INFO][0m[92m[PRIM][0m               Core 4 end compute primitive Sram_lifecycle.                                                                   | [36m17100 ns[0m
[INFO][0m[92m[PRIM][0m               Core 0 start compute primitive Sram_lifecycle.                                                                 | [36m17102 ns[0m
[INFO][0m[92m[PRIM][0m               Core 0 end compute primitive Sram_lifecycle.                                                                   | [36m17102 ns[0m
[INFO][0m[92m[PRIM][0m               Core 4 start compute primitive Sram_lifecycle.                                                                 | [36m17106 ns[0m
[INFO][0m[92m[PRIM][0m               Core 8 start compute primitive Sram_lifecycle.                                                                 | [36m17106 ns[0m
[INFO][0m[92m[PRIM][0m               Core 8 end compute primitive Sram_lifecycle.                                                                   | [36m17106 ns[0m
[INFO][0m[92m[PRIM][0m               Core 4 end compute primitive Sram_lifecycle.                                                                   | [36m17106 ns[0m
[INFO][0m[92m[PRIM][0m               Core 12 start compute primitive Sram_lifecycle.                                                                | [36m17118 ns[0m
[INFO][0m[92m[PRIM][0m               Core 12 end compute primitive Sram_lifecycle.                                                                  | [36m17118 ns[0m
[INFO][0m[92m[PRIM][0m               Core 12 start compute primitive Sram_lifecycle.                                                                | [36m17124 ns[0m
[INFO][0m[92m[PRIM][0m               Core 12 end compute primitive Sram_lifecycle.                                                                  | [36m17124 ns[0m
[INFO][0m[92m[PRIM][0m               Core 12 start compute primitive Sram_lifecycle.                                                                | [36m17130 ns[0m
[INFO][0m[92m[PRIM][0m               Core 12 end compute primitive Sram_lifecycle.                                                                  | [36m17130 ns[0m
[INFO][0m[92m[PRIM][0m               Core 0 start compute primitive Sram_lifecycle.                                                                 | [36m17132 ns[0m
[INFO][0m[92m[PRIM][0m               Core 0 end compute primitive Sram_lifecycle.                                                                   | [36m17132 ns[0m
[INFO][0m[92m[PRIM][0m               Core 12 start compute primitive Sram_bind_oneshot.                                                             | [36m17136 ns[0m
[INFO][0m[92m[PRIM][0m               Core 12 end compute primitive Sram_bind_oneshot.                                                               | [36m17136 ns[0m
[INFO][0m[92m[PRIM][0m               Core 12 start compute primitive Matmul_f.                                                                      | [36m17142 ns[0m
[INFO][0m[92m[PRIM][0m               Core 12 end compute primitive Matmul_f.                                                                        | [36m17150 ns[0m
[INFO][0m[92m[PRIM][0m               Core 12 start compute primitive Sram_lifecycle.                                                                | [36m17156 ns[0m
[INFO][0m[92m[PRIM][0m               Core 12 end compute primitive Sram_lifecycle.                                                                  | [36m17156 ns[0m
[INFO][0m[92m[PRIM][0m               Core 0 start compute primitive Sram_lifecycle.                                                                 | [36m17178 ns[0m
[INFO][0m[92m[PRIM][0m               Core 0 end compute primitive Sram_lifecycle.                                                                   | [36m17178 ns[0m
[INFO][0m[92m[PRIM][0m               Core 0 start compute primitive Collective_data_v1_prim.                                                        | [36m17184 ns[0m
[INFO][0m[92m[PRIM][0m               Core 8 start compute primitive Sram_lifecycle.                                                                 | [36m17208 ns[0m
[INFO][0m[92m[PRIM][0m               Core 8 end compute primitive Sram_lifecycle.                                                                   | [36m17208 ns[0m
[INFO][0m[92m[PRIM][0m               Core 0 end compute primitive Collective_data_v1_prim.                                                          | [36m17214 ns[0m
[INFO][0m[92m[PRIM][0m               Core 8 start compute primitive Sram_lifecycle.                                                                 | [36m17214 ns[0m
[INFO][0m[92m[PRIM][0m               Core 8 end compute primitive Sram_lifecycle.                                                                   | [36m17214 ns[0m
[INFO][0m[92m[PRIM][0m               Core 8 start compute primitive Sram_lifecycle.                                                                 | [36m17220 ns[0m
[INFO][0m[92m[PRIM][0m               Core 0 start compute primitive Sram_lifecycle.                                                                 | [36m17220 ns[0m
[INFO][0m[92m[PRIM][0m               Core 0 end compute primitive Sram_lifecycle.                                                                   | [36m17220 ns[0m
[INFO][0m[92m[PRIM][0m               Core 8 end compute primitive Sram_lifecycle.                                                                   | [36m17220 ns[0m
[INFO][0m[92m[PRIM][0m               Core 8 start compute primitive Sram_bind_oneshot.                                                              | [36m17226 ns[0m
[INFO][0m[92m[PRIM][0m               Core 0 start compute primitive Sram_lifecycle.                                                                 | [36m17226 ns[0m
[INFO][0m[92m[PRIM][0m               Core 0 end compute primitive Sram_lifecycle.                                                                   | [36m17226 ns[0m
[INFO][0m[92m[PRIM][0m               Core 8 end compute primitive Sram_bind_oneshot.                                                                | [36m17226 ns[0m
[INFO][0m[92m[PRIM][0m               Core 8 start compute primitive Matmul_f.                                                                       | [36m17232 ns[0m
[INFO][0m[92m[PRIM][0m               Core 0 start compute primitive Sram_lifecycle.                                                                 | [36m17232 ns[0m
[INFO][0m[92m[PRIM][0m               Core 12 start compute primitive Sram_lifecycle.                                                                | [36m17232 ns[0m
[INFO][0m[92m[PRIM][0m               Core 12 end compute primitive Sram_lifecycle.                                                                  | [36m17232 ns[0m
[INFO][0m[92m[PRIM][0m               Core 0 end compute primitive Sram_lifecycle.                                                                   | [36m17232 ns[0m
[INFO][0m[92m[PRIM][0m               Core 12 start compute primitive Sram_lifecycle.                                                                | [36m17238 ns[0m
[INFO][0m[92m[PRIM][0m               Core 0 start compute primitive Sram_lifecycle.                                                                 | [36m17238 ns[0m
[INFO][0m[92m[PRIM][0m               Core 0 end compute primitive Sram_lifecycle.                                                                   | [36m17238 ns[0m
[INFO][0m[92m[PRIM][0m               Core 12 end compute primitive Sram_lifecycle.                                                                  | [36m17238 ns[0m
[INFO][0m[92m[PRIM][0m               Core 8 end compute primitive Matmul_f.                                                                         | [36m17240 ns[0m
[INFO][0m[92m[PRIM][0m               Core 12 start compute primitive Sram_lifecycle.                                                                | [36m17244 ns[0m
[INFO][0m[92m[PRIM][0m               Core 0 start compute primitive Sram_lifecycle.                                                                 | [36m17244 ns[0m
[INFO][0m[92m[PRIM][0m               Core 0 end compute primitive Sram_lifecycle.                                                                   | [36m17244 ns[0m
[INFO][0m[92m[PRIM][0m               Core 12 end compute primitive Sram_lifecycle.                                                                  | [36m17244 ns[0m
[INFO][0m[92m[PRIM][0m               Core 8 start compute primitive Sram_lifecycle.                                                                 | [36m17246 ns[0m
[INFO][0m[92m[PRIM][0m               Core 8 end compute primitive Sram_lifecycle.                                                                   | [36m17246 ns[0m
[INFO][0m[92m[PRIM][0m               Core 12 start compute primitive Sram_bind_oneshot.                                                             | [36m17250 ns[0m
[INFO][0m[92m[PRIM][0m               Core 0 start compute primitive Sram_lifecycle.                                                                 | [36m17250 ns[0m
[INFO][0m[92m[PRIM][0m               Core 0 end compute primitive Sram_lifecycle.                                                                   | [36m17250 ns[0m
[INFO][0m[92m[PRIM][0m               Core 12 end compute primitive Sram_bind_oneshot.                                                               | [36m17250 ns[0m
[INFO][0m[92m[PRIM][0m               Core 8 start compute primitive Sram_lifecycle.                                                                 | [36m17252 ns[0m
[INFO][0m[92m[PRIM][0m               Core 8 end compute primitive Sram_lifecycle.                                                                   | [36m17252 ns[0m
[INFO][0m[92m[PRIM][0m               Core 12 start compute primitive Matmul_f.                                                                      | [36m17256 ns[0m
[INFO][0m[92m[PRIM][0m               Core 0 start compute primitive Sram_bind_oneshot.                                                              | [36m17256 ns[0m
[INFO][0m[92m[PRIM][0m               Core 0 end compute primitive Sram_bind_oneshot.                                                                | [36m17256 ns[0m
[INFO][0m[92m[PRIM][0m               Core 0 start compute primitive Matmul_f.                                                                       | [36m17262 ns[0m
[INFO][0m[92m[PRIM][0m               Core 12 end compute primitive Matmul_f.                                                                        | [36m17264 ns[0m
[INFO][0m[92m[PRIM][0m               Core 12 start compute primitive Sram_lifecycle.                                                                | [36m17270 ns[0m
[INFO][0m[92m[PRIM][0m               Core 0 end compute primitive Matmul_f.                                                                         | [36m17270 ns[0m
[INFO][0m[92m[PRIM][0m               Core 12 end compute primitive Sram_lifecycle.                                                                  | [36m17270 ns[0m
[INFO][0m[92m[PRIM][0m               Core 0 start compute primitive Sram_lifecycle.                                                                 | [36m17276 ns[0m
[INFO][0m[92m[PRIM][0m               Core 0 end compute primitive Sram_lifecycle.                                                                   | [36m17276 ns[0m
[INFO][0m[92m[PRIM][0m               Core 12 start compute primitive Sram_lifecycle.                                                                | [36m17340 ns[0m
[INFO][0m[92m[PRIM][0m               Core 12 end compute primitive Sram_lifecycle.                                                                  | [36m17340 ns[0m
[INFO][0m[92m[PRIM][0m               Core 12 start compute primitive Sram_lifecycle.                                                                | [36m17346 ns[0m
[INFO][0m[92m[PRIM][0m               Core 0 start compute primitive Sram_lifecycle.                                                                 | [36m17346 ns[0m
[INFO][0m[92m[PRIM][0m               Core 0 end compute primitive Sram_lifecycle.                                                                   | [36m17346 ns[0m
[INFO][0m[92m[PRIM][0m               Core 12 end compute primitive Sram_lifecycle.                                                                  | [36m17346 ns[0m
[INFO][0m[92m[PRIM][0m               Core 12 start compute primitive Sram_lifecycle.                                                                | [36m17352 ns[0m
[INFO][0m[92m[PRIM][0m               Core 0 start compute primitive Sram_lifecycle.                                                                 | [36m17352 ns[0m
[INFO][0m[92m[PRIM][0m               Core 0 end compute primitive Sram_lifecycle.                                                                   | [36m17352 ns[0m
[INFO][0m[92m[PRIM][0m               Core 12 end compute primitive Sram_lifecycle.                                                                  | [36m17352 ns[0m
[INFO][0m[92m[PRIM][0m               Core 12 start compute primitive Sram_bind_oneshot.                                                             | [36m17358 ns[0m
[INFO][0m[92m[PRIM][0m               Core 0 start compute primitive Sram_lifecycle.                                                                 | [36m17358 ns[0m
[INFO][0m[92m[PRIM][0m               Core 0 end compute primitive Sram_lifecycle.                                                                   | [36m17358 ns[0m
[INFO][0m[92m[PRIM][0m               Core 12 end compute primitive Sram_bind_oneshot.                                                               | [36m17358 ns[0m
[INFO][0m[92m[PRIM][0m               Core 12 start compute primitive Matmul_f.                                                                      | [36m17364 ns[0m
[INFO][0m[92m[PRIM][0m               Core 0 start compute primitive Sram_bind_oneshot.                                                              | [36m17364 ns[0m
[INFO][0m[92m[PRIM][0m               Core 0 end compute primitive Sram_bind_oneshot.                                                                | [36m17364 ns[0m
[INFO][0m[92m[PRIM][0m               Core 0 start compute primitive Matmul_f.                                                                       | [36m17370 ns[0m
[INFO][0m[92m[PRIM][0m               Core 12 end compute primitive Matmul_f.                                                                        | [36m17372 ns[0m
[INFO][0m[92m[PRIM][0m               Core 12 start compute primitive Sram_lifecycle.                                                                | [36m17378 ns[0m
[INFO][0m[92m[PRIM][0m               Core 0 end compute primitive Matmul_f.                                                                         | [36m17378 ns[0m
[INFO][0m[92m[PRIM][0m               Core 12 end compute primitive Sram_lifecycle.                                                                  | [36m17378 ns[0m
[INFO][0m[92m[PRIM][0m               Core 12 start compute primitive Sram_lifecycle.                                                                | [36m17384 ns[0m
[INFO][0m[92m[PRIM][0m               Core 0 start compute primitive Sram_lifecycle.                                                                 | [36m17384 ns[0m
[INFO][0m[92m[PRIM][0m               Core 0 end compute primitive Sram_lifecycle.                                                                   | [36m17384 ns[0m
[INFO][0m[92m[PRIM][0m               Core 12 end compute primitive Sram_lifecycle.                                                                  | [36m17384 ns[0m
[INFO][0m[92m[PRIM][0m               Core 4 start compute primitive Sram_lifecycle.                                                                 | [36m17386 ns[0m
[INFO][0m[92m[PRIM][0m               Core 4 end compute primitive Sram_lifecycle.                                                                   | [36m17386 ns[0m
[INFO][0m[92m[PRIM][0m               Core 12 start compute primitive Sram_lifecycle.                                                                | [36m17390 ns[0m
[INFO][0m[92m[PRIM][0m               Core 12 end compute primitive Sram_lifecycle.                                                                  | [36m17390 ns[0m
[INFO][0m[92m[PRIM][0m               Core 4 start compute primitive Sram_lifecycle.                                                                 | [36m17410 ns[0m
[INFO][0m[92m[PRIM][0m               Core 4 end compute primitive Sram_lifecycle.                                                                   | [36m17410 ns[0m
[INFO][0m[92m[PRIM][0m               Core 4 start compute primitive Sram_lifecycle.                                                                 | [36m17434 ns[0m
[INFO][0m[92m[PRIM][0m               Core 4 end compute primitive Sram_lifecycle.                                                                   | [36m17434 ns[0m
[INFO][0m[92m[PRIM][0m               Core 4 start compute primitive Collective_data_v1_prim.                                                        | [36m17440 ns[0m
[INFO][0m[92m[PRIM][0m               Core 0 start compute primitive Sram_lifecycle.                                                                 | [36m17454 ns[0m
[INFO][0m[92m[PRIM][0m               Core 0 end compute primitive Sram_lifecycle.                                                                   | [36m17454 ns[0m
[INFO][0m[92m[PRIM][0m               Core 0 start compute primitive Sram_lifecycle.                                                                 | [36m17460 ns[0m
[INFO][0m[92m[PRIM][0m               Core 0 end compute primitive Sram_lifecycle.                                                                   | [36m17460 ns[0m
[INFO][0m[92m[PRIM][0m               Core 0 start compute primitive Sram_lifecycle.                                                                 | [36m17466 ns[0m
[INFO][0m[92m[PRIM][0m               Core 0 end compute primitive Sram_lifecycle.                                                                   | [36m17466 ns[0m
[INFO][0m[92m[PRIM][0m               Core 4 end compute primitive Collective_data_v1_prim.                                                          | [36m17470 ns[0m
[INFO][0m[92m[PRIM][0m               Core 0 start compute primitive Sram_bind_oneshot.                                                              | [36m17472 ns[0m
[INFO][0m[92m[PRIM][0m               Core 0 end compute primitive Sram_bind_oneshot.                                                                | [36m17472 ns[0m
[INFO][0m[92m[PRIM][0m               Core 4 start compute primitive Sram_lifecycle.                                                                 | [36m17476 ns[0m
[INFO][0m[92m[PRIM][0m               Core 4 end compute primitive Sram_lifecycle.                                                                   | [36m17476 ns[0m
[INFO][0m[92m[PRIM][0m               Core 0 start compute primitive Matmul_f.                                                                       | [36m17478 ns[0m
[INFO][0m[92m[PRIM][0m               Core 4 start compute primitive Sram_lifecycle.                                                                 | [36m17482 ns[0m
[INFO][0m[92m[PRIM][0m               Core 4 end compute primitive Sram_lifecycle.                                                                   | [36m17482 ns[0m
[INFO][0m[92m[PRIM][0m               Core 0 end compute primitive Matmul_f.                                                                         | [36m17486 ns[0m
[INFO][0m[92m[PRIM][0m               Core 4 start compute primitive Sram_lifecycle.                                                                 | [36m17488 ns[0m
[INFO][0m[92m[PRIM][0m               Core 4 end compute primitive Sram_lifecycle.                                                                   | [36m17488 ns[0m
[INFO][0m[92m[PRIM][0m               Core 0 start compute primitive Sram_lifecycle.                                                                 | [36m17492 ns[0m
[INFO][0m[92m[PRIM][0m               Core 0 end compute primitive Sram_lifecycle.                                                                   | [36m17492 ns[0m
[INFO][0m[92m[PRIM][0m               Core 4 start compute primitive Sram_lifecycle.                                                                 | [36m17494 ns[0m
[INFO][0m[92m[PRIM][0m               Core 8 start compute primitive Sram_lifecycle.                                                                 | [36m17494 ns[0m
[INFO][0m[92m[PRIM][0m               Core 8 end compute primitive Sram_lifecycle.                                                                   | [36m17494 ns[0m
[INFO][0m[92m[PRIM][0m               Core 4 end compute primitive Sram_lifecycle.                                                                   | [36m17494 ns[0m
[INFO][0m[92m[PRIM][0m               Core 0 start compute primitive Sram_lifecycle.                                                                 | [36m17498 ns[0m
[INFO][0m[92m[PRIM][0m               Core 0 end compute primitive Sram_lifecycle.                                                                   | [36m17498 ns[0m
[INFO][0m[92m[PRIM][0m               Core 4 start compute primitive Sram_lifecycle.                                                                 | [36m17500 ns[0m
[INFO][0m[92m[PRIM][0m               Core 4 end compute primitive Sram_lifecycle.                                                                   | [36m17500 ns[0m
[INFO][0m[92m[PRIM][0m               Core 4 start compute primitive Sram_lifecycle.                                                                 | [36m17506 ns[0m
[INFO][0m[92m[PRIM][0m               Core 4 end compute primitive Sram_lifecycle.                                                                   | [36m17506 ns[0m
[INFO][0m[92m[PRIM][0m               Core 4 start compute primitive Sram_bind_oneshot.                                                              | [36m17512 ns[0m
[INFO][0m[92m[PRIM][0m               Core 4 end compute primitive Sram_bind_oneshot.                                                                | [36m17512 ns[0m
[INFO][0m[92m[PRIM][0m               Core 4 start compute primitive Matmul_f.                                                                       | [36m17518 ns[0m
[INFO][0m[92m[PRIM][0m               Core 4 end compute primitive Matmul_f.                                                                         | [36m17526 ns[0m
[INFO][0m[92m[PRIM][0m               Core 4 start compute primitive Sram_lifecycle.                                                                 | [36m17532 ns[0m
[INFO][0m[92m[PRIM][0m               Core 4 end compute primitive Sram_lifecycle.                                                                   | [36m17532 ns[0m
[INFO][0m[92m[PRIM][0m               Core 0 start compute primitive Sram_lifecycle.                                                                 | [36m17600 ns[0m
[INFO][0m[92m[PRIM][0m               Core 0 end compute primitive Sram_lifecycle.                                                                   | [36m17600 ns[0m
[INFO][0m[92m[PRIM][0m               Core 0 start compute primitive Sram_lifecycle.                                                                 | [36m17606 ns[0m
[INFO][0m[92m[PRIM][0m               Core 0 end compute primitive Sram_lifecycle.                                                                   | [36m17606 ns[0m
[INFO][0m[92m[PRIM][0m               Core 0 start compute primitive Sram_bind_oneshot.                                                              | [36m17612 ns[0m
[INFO][0m[92m[PRIM][0m               Core 0 end compute primitive Sram_bind_oneshot.                                                                | [36m17612 ns[0m
[INFO][0m[92m[PRIM][0m               Core 0 start compute primitive Residual_f.                                                                     | [36m17618 ns[0m
[INFO][0m[92m[PRIM][0m               Core 0 end compute primitive Residual_f.                                                                       | [36m17618 ns[0m
[INFO][0m[92m[PRIM][0m               Core 0 start compute primitive Sram_lifecycle.                                                                 | [36m17624 ns[0m
[INFO][0m[92m[PRIM][0m               Core 0 end compute primitive Sram_lifecycle.                                                                   | [36m17624 ns[0m
[INFO][0m[92m[PRIM][0m               Core 0 start compute primitive Sram_lifecycle.                                                                 | [36m17630 ns[0m
[INFO][0m[92m[PRIM][0m               Core 0 end compute primitive Sram_lifecycle.                                                                   | [36m17630 ns[0m
[INFO][0m[92m[PRIM][0m               Core 4 start compute primitive Sram_lifecycle.                                                                 | [36m17634 ns[0m
[INFO][0m[92m[PRIM][0m               Core 4 end compute primitive Sram_lifecycle.                                                                   | [36m17634 ns[0m
[INFO][0m[92m[PRIM][0m               Core 0 start compute primitive Sram_lifecycle.                                                                 | [36m17636 ns[0m
[INFO][0m[92m[PRIM][0m               Core 0 end compute primitive Sram_lifecycle.                                                                   | [36m17636 ns[0m
[INFO][0m[92m[PRIM][0m               Core 4 start compute primitive Sram_lifecycle.                                                                 | [36m17640 ns[0m
[INFO][0m[92m[PRIM][0m               Core 4 end compute primitive Sram_lifecycle.                                                                   | [36m17640 ns[0m
[INFO][0m[92m[PRIM][0m               Core 0 start compute primitive Lsu_mem.                                                                        | [36m17642 ns[0m
[INFO][0m[92m[PRIM][0m               Core 4 start compute primitive Sram_lifecycle.                                                                 | [36m17646 ns[0m
[INFO][0m[92m[PRIM][0m               Core 4 end compute primitive Sram_lifecycle.                                                                   | [36m17646 ns[0m
[INFO][0m[92m[PRIM][0m               Core 4 start compute primitive Sram_bind_oneshot.                                                              | [36m17652 ns[0m
[INFO][0m[92m[PRIM][0m               Core 4 end compute primitive Sram_bind_oneshot.                                                                | [36m17652 ns[0m
[INFO][0m[92m[PRIM][0m               Core 4 start compute primitive Matmul_f.                                                                       | [36m17658 ns[0m
[INFO][0m[92m[PRIM][0m               Core 12 start compute primitive Sram_lifecycle.                                                                | [36m17660 ns[0m
[INFO][0m[92m[PRIM][0m               Core 12 end compute primitive Sram_lifecycle.                                                                  | [36m17660 ns[0m
[INFO][0m[92m[PRIM][0m               Core 4 end compute primitive Matmul_f.                                                                         | [36m17666 ns[0m
[INFO][0m[92m[PRIM][0m               Core 4 start compute primitive Sram_lifecycle.                                                                 | [36m17672 ns[0m
[INFO][0m[92m[PRIM][0m               Core 4 end compute primitive Sram_lifecycle.                                                                   | [36m17672 ns[0m
[INFO][0m[92m[PRIM][0m               Core 4 start compute primitive Sram_lifecycle.                                                                 | [36m17678 ns[0m
[INFO][0m[92m[PRIM][0m               Core 4 end compute primitive Sram_lifecycle.                                                                   | [36m17678 ns[0m
[INFO][0m[92m[PRIM][0m               Core 8 start compute primitive Sram_lifecycle.                                                                 | [36m17694 ns[0m
[INFO][0m[92m[PRIM][0m               Core 8 end compute primitive Sram_lifecycle.                                                                   | [36m17694 ns[0m
[INFO][0m[92m[PRIM][0m               Core 8 start compute primitive Sram_lifecycle.                                                                 | [36m17718 ns[0m
[INFO][0m[92m[PRIM][0m               Core 8 end compute primitive Sram_lifecycle.                                                                   | [36m17718 ns[0m
[INFO][0m[92m[PRIM][0m               Core 8 start compute primitive Collective_data_v1_prim.                                                        | [36m17724 ns[0m
[INFO][0m[92m[PRIM][0m               Core 0 end compute primitive Lsu_mem.                                                                          | [36m17724 ns[0m
[INFO][0m[92m[PRIM][0m               Core 0 start compute primitive Sram_lifecycle.                                                                 | [36m17730 ns[0m
[INFO][0m[92m[PRIM][0m               Core 0 end compute primitive Sram_lifecycle.                                                                   | [36m17730 ns[0m
[INFO][0m[92m[PRIM][0m               Core 0 start compute primitive Sram_bind_oneshot.                                                              | [36m17736 ns[0m
[INFO][0m[92m[PRIM][0m               Core 0 end compute primitive Sram_bind_oneshot.                                                                | [36m17736 ns[0m
[INFO][0m[92m[PRIM][0m               Core 0 start compute primitive rmsnorm_forward.                                                                | [36m17742 ns[0m
[INFO][0m[92m[PRIM][0m               Core 0 end compute primitive rmsnorm_forward.                                                                  | [36m17744 ns[0m
[INFO][0m[92m[PRIM][0m               Core 4 start compute primitive Sram_lifecycle.                                                                 | [36m17748 ns[0m
[INFO][0m[92m[PRIM][0m               Core 4 end compute primitive Sram_lifecycle.                                                                   | [36m17748 ns[0m
[INFO][0m[92m[PRIM][0m               Core 0 start compute primitive Sram_lifecycle.                                                                 | [36m17750 ns[0m
[INFO][0m[92m[PRIM][0m               Core 0 end compute primitive Sram_lifecycle.                                                                   | [36m17750 ns[0m
[INFO][0m[92m[PRIM][0m               Core 8 end compute primitive Collective_data_v1_prim.                                                          | [36m17754 ns[0m
[INFO][0m[92m[PRIM][0m               Core 4 start compute primitive Sram_lifecycle.                                                                 | [36m17754 ns[0m
[INFO][0m[92m[PRIM][0m               Core 4 end compute primitive Sram_lifecycle.                                                                   | [36m17754 ns[0m
[INFO][0m[92m[PRIM][0m               Core 0 start compute primitive Sram_lifecycle.                                                                 | [36m17756 ns[0m
[INFO][0m[92m[PRIM][0m               Core 0 end compute primitive Sram_lifecycle.                                                                   | [36m17756 ns[0m
[INFO][0m[92m[PRIM][0m               Core 4 start compute primitive Sram_bind_oneshot.                                                              | [36m17760 ns[0m
[INFO][0m[92m[PRIM][0m               Core 8 start compute primitive Sram_lifecycle.                                                                 | [36m17760 ns[0m
[INFO][0m[92m[PRIM][0m               Core 8 end compute primitive Sram_lifecycle.                                                                   | [36m17760 ns[0m
[INFO][0m[92m[PRIM][0m               Core 4 end compute primitive Sram_bind_oneshot.                                                                | [36m17760 ns[0m
[INFO][0m[92m[PRIM][0m               Core 4 start compute primitive Residual_f.                                                                     | [36m17766 ns[0m
[INFO][0m[92m[PRIM][0m               Core 8 start compute primitive Sram_lifecycle.                                                                 | [36m17766 ns[0m
[INFO][0m[92m[PRIM][0m               Core 8 end compute primitive Sram_lifecycle.                                                                   | [36m17766 ns[0m
[INFO][0m[92m[PRIM][0m               Core 4 end compute primitive Residual_f.                                                                       | [36m17766 ns[0m
[INFO][0m[92m[PRIM][0m               Core 8 start compute primitive Sram_lifecycle.                                                                 | [36m17772 ns[0m
[INFO][0m[92m[PRIM][0m               Core 4 start compute primitive Sram_lifecycle.                                                                 | [36m17772 ns[0m
[INFO][0m[92m[PRIM][0m               Core 4 end compute primitive Sram_lifecycle.                                                                   | [36m17772 ns[0m
[INFO][0m[92m[PRIM][0m               Core 8 end compute primitive Sram_lifecycle.                                                                   | [36m17772 ns[0m
[INFO][0m[92m[PRIM][0m               Core 8 start compute primitive Sram_lifecycle.                                                                 | [36m17778 ns[0m
[INFO][0m[92m[PRIM][0m               Core 4 start compute primitive Sram_lifecycle.                                                                 | [36m17778 ns[0m
[INFO][0m[92m[PRIM][0m               Core 4 end compute primitive Sram_lifecycle.                                                                   | [36m17778 ns[0m
[INFO][0m[92m[PRIM][0m               Core 8 end compute primitive Sram_lifecycle.                                                                   | [36m17778 ns[0m
[INFO][0m[92m[PRIM][0m               Core 0 start compute primitive Sram_lifecycle.                                                                 | [36m17780 ns[0m
[INFO][0m[92m[PRIM][0m               Core 0 end compute primitive Sram_lifecycle.                                                                   | [36m17780 ns[0m
[INFO][0m[92m[PRIM][0m               Core 8 start compute primitive Sram_lifecycle.                                                                 | [36m17784 ns[0m
[INFO][0m[92m[PRIM][0m               Core 4 start compute primitive Sram_lifecycle.                                                                 | [36m17784 ns[0m
[INFO][0m[92m[PRIM][0m               Core 4 end compute primitive Sram_lifecycle.                                                                   | [36m17784 ns[0m
[INFO][0m[92m[PRIM][0m               Core 8 end compute primitive Sram_lifecycle.                                                                   | [36m17784 ns[0m
[INFO][0m[92m[PRIM][0m               Core 12 start compute primitive Sram_lifecycle.                                                                | [36m17788 ns[0m
[INFO][0m[92m[PRIM][0m               Core 12 end compute primitive Sram_lifecycle.                                                                  | [36m17788 ns[0m
[INFO][0m[92m[PRIM][0m               Core 8 start compute primitive Sram_lifecycle.                                                                 | [36m17790 ns[0m
[INFO][0m[92m[PRIM][0m               Core 4 start compute primitive Lsu_mem.                                                                        | [36m17790 ns[0m
[INFO][0m[92m[PRIM][0m               Core 8 end compute primitive Sram_lifecycle.                                                                   | [36m17790 ns[0m
[INFO][0m[92m[PRIM][0m               Core 8 start compute primitive Sram_bind_oneshot.                                                              | [36m17796 ns[0m
[INFO][0m[92m[PRIM][0m               Core 8 end compute primitive Sram_bind_oneshot.                                                                | [36m17796 ns[0m
[INFO][0m[92m[PRIM][0m               Core 8 start compute primitive Matmul_f.                                                                       | [36m17802 ns[0m
[INFO][0m[92m[PRIM][0m               Core 8 end compute primitive Matmul_f.                                                                         | [36m17810 ns[0m
[INFO][0m[92m[PRIM][0m               Core 8 start compute primitive Sram_lifecycle.                                                                 | [36m17816 ns[0m
[INFO][0m[92m[PRIM][0m               Core 8 end compute primitive Sram_lifecycle.                                                                   | [36m17816 ns[0m
[INFO][0m[92m[PRIM][0m               Core 8 start compute primitive Sram_lifecycle.                                                                 | [36m17822 ns[0m
[INFO][0m[92m[PRIM][0m               Core 8 end compute primitive Sram_lifecycle.                                                                   | [36m17822 ns[0m
[INFO][0m[92m[PRIM][0m               Core 4 end compute primitive Lsu_mem.                                                                          | [36m17871 ns[0m
[INFO][0m[92m[PRIM][0m               Core 4 start compute primitive Sram_lifecycle.                                                                 | [36m17877 ns[0m
[INFO][0m[92m[PRIM][0m               Core 4 end compute primitive Sram_lifecycle.                                                                   | [36m17877 ns[0m
[INFO][0m[92m[PRIM][0m               Core 4 start compute primitive Sram_bind_oneshot.                                                              | [36m17883 ns[0m
[INFO][0m[92m[PRIM][0m               Core 4 end compute primitive Sram_bind_oneshot.                                                                | [36m17883 ns[0m
[INFO][0m[92m[PRIM][0m               Core 4 start compute primitive rmsnorm_forward.                                                                | [36m17889 ns[0m
[INFO][0m[92m[PRIM][0m               Core 4 end compute primitive rmsnorm_forward.                                                                  | [36m17891 ns[0m
[INFO][0m[92m[PRIM][0m               Core 8 start compute primitive Sram_lifecycle.                                                                 | [36m17896 ns[0m
[INFO][0m[92m[PRIM][0m               Core 8 end compute primitive Sram_lifecycle.                                                                   | [36m17896 ns[0m
[INFO][0m[92m[PRIM][0m               Core 4 start compute primitive Sram_lifecycle.                                                                 | [36m17897 ns[0m
[INFO][0m[92m[PRIM][0m               Core 4 end compute primitive Sram_lifecycle.                                                                   | [36m17897 ns[0m
[INFO][0m[92m[PRIM][0m               Core 8 start compute primitive Sram_lifecycle.                                                                 | [36m17902 ns[0m
[INFO][0m[92m[PRIM][0m               Core 8 end compute primitive Sram_lifecycle.                                                                   | [36m17902 ns[0m
[INFO][0m[92m[PRIM][0m               Core 4 start compute primitive Sram_lifecycle.                                                                 | [36m17903 ns[0m
[INFO][0m[92m[PRIM][0m               Core 4 end compute primitive Sram_lifecycle.                                                                   | [36m17903 ns[0m
[INFO][0m[92m[PRIM][0m               Core 8 start compute primitive Sram_bind_oneshot.                                                              | [36m17908 ns[0m
[INFO][0m[92m[PRIM][0m               Core 8 end compute primitive Sram_bind_oneshot.                                                                | [36m17908 ns[0m
[INFO][0m[92m[PRIM][0m               Core 8 start compute primitive Residual_f.                                                                     | [36m17914 ns[0m
[INFO][0m[92m[PRIM][0m               Core 8 end compute primitive Residual_f.                                                                       | [36m17914 ns[0m
[INFO][0m[92m[PRIM][0m               Core 8 start compute primitive Sram_lifecycle.                                                                 | [36m17920 ns[0m
[INFO][0m[92m[PRIM][0m               Core 8 end compute primitive Sram_lifecycle.                                                                   | [36m17920 ns[0m
[INFO][0m[92m[PRIM][0m               Core 8 start compute primitive Sram_lifecycle.                                                                 | [36m17926 ns[0m
[INFO][0m[92m[PRIM][0m               Core 8 end compute primitive Sram_lifecycle.                                                                   | [36m17926 ns[0m
[INFO][0m[92m[PRIM][0m               Core 8 start compute primitive Sram_lifecycle.                                                                 | [36m17932 ns[0m
[INFO][0m[92m[PRIM][0m               Core 8 end compute primitive Sram_lifecycle.                                                                   | [36m17932 ns[0m
[INFO][0m[92m[PRIM][0m               Core 12 start compute primitive Sram_lifecycle.                                                                | [36m17936 ns[0m
[INFO][0m[92m[PRIM][0m               Core 12 end compute primitive Sram_lifecycle.                                                                  | [36m17936 ns[0m
[INFO][0m[92m[PRIM][0m               Core 8 start compute primitive Lsu_mem.                                                                        | [36m17938 ns[0m
[INFO][0m[92m[PRIM][0m               Core 12 start compute primitive Collective_data_v1_prim.                                                       | [36m17942 ns[0m
[INFO][0m[92m[PRIM][0m               Core 4 start compute primitive Sram_lifecycle.                                                                 | [36m17943 ns[0m
[INFO][0m[92m[PRIM][0m               Core 4 end compute primitive Sram_lifecycle.                                                                   | [36m17943 ns[0m
[INFO][0m[92m[PRIM][0m               Core 12 end compute primitive Collective_data_v1_prim.                                                         | [36m17972 ns[0m
[INFO][0m[92m[PRIM][0m               Core 12 start compute primitive Sram_lifecycle.                                                                | [36m17978 ns[0m
[INFO][0m[92m[PRIM][0m               Core 12 end compute primitive Sram_lifecycle.                                                                  | [36m17978 ns[0m
[INFO][0m[92m[PRIM][0m               Core 12 start compute primitive Sram_lifecycle.                                                                | [36m17984 ns[0m
[INFO][0m[92m[PRIM][0m               Core 12 end compute primitive Sram_lifecycle.                                                                  | [36m17984 ns[0m
[INFO][0m[92m[PRIM][0m               Core 12 start compute primitive Sram_lifecycle.                                                                | [36m17990 ns[0m
[INFO][0m[92m[PRIM][0m               Core 12 end compute primitive Sram_lifecycle.                                                                  | [36m17990 ns[0m
[INFO][0m[92m[PRIM][0m               Core 12 start compute primitive Sram_lifecycle.                                                                | [36m17996 ns[0m
[INFO][0m[92m[PRIM][0m               Core 12 end compute primitive Sram_lifecycle.                                                                  | [36m17996 ns[0m
[INFO][0m[92m[PRIM][0m               Core 12 start compute primitive Sram_lifecycle.                                                                | [36m18002 ns[0m
[INFO][0m[92m[PRIM][0m               Core 12 end compute primitive Sram_lifecycle.                                                                  | [36m18002 ns[0m
[INFO][0m[92m[PRIM][0m               Core 12 start compute primitive Sram_bind_oneshot.                                                             | [36m18008 ns[0m
[INFO][0m[92m[PRIM][0m               Core 12 end compute primitive Sram_bind_oneshot.                                                               | [36m18008 ns[0m
[INFO][0m[92m[PRIM][0m               Core 12 start compute primitive Residual_f.                                                                    | [36m18014 ns[0m
[INFO][0m[92m[PRIM][0m               Core 12 end compute primitive Residual_f.                                                                      | [36m18014 ns[0m
[INFO][0m[92m[PRIM][0m               Core 12 start compute primitive Sram_lifecycle.                                                                | [36m18020 ns[0m
[INFO][0m[92m[PRIM][0m               Core 12 end compute primitive Sram_lifecycle.                                                                  | [36m18020 ns[0m
[INFO][0m[92m[PRIM][0m               Core 8 end compute primitive Lsu_mem.                                                                          | [36m18020 ns[0m
[INFO][0m[92m[PRIM][0m               Core 8 start compute primitive Sram_lifecycle.                                                                 | [36m18026 ns[0m
[INFO][0m[92m[PRIM][0m               Core 12 start compute primitive Sram_lifecycle.                                                                | [36m18026 ns[0m
[INFO][0m[92m[PRIM][0m               Core 12 end compute primitive Sram_lifecycle.                                                                  | [36m18026 ns[0m
[INFO][0m[92m[PRIM][0m               Core 8 end compute primitive Sram_lifecycle.                                                                   | [36m18026 ns[0m
[INFO][0m[92m[PRIM][0m               Core 8 start compute primitive Sram_bind_oneshot.                                                              | [36m18032 ns[0m
[INFO][0m[92m[PRIM][0m               Core 12 start compute primitive Sram_lifecycle.                                                                | [36m18032 ns[0m
[INFO][0m[92m[PRIM][0m               Core 12 end compute primitive Sram_lifecycle.                                                                  | [36m18032 ns[0m
[INFO][0m[92m[PRIM][0m               Core 8 end compute primitive Sram_bind_oneshot.                                                                | [36m18032 ns[0m
[INFO][0m[92m[PRIM][0m               Core 12 start compute primitive Lsu_mem.                                                                       | [36m18038 ns[0m
[INFO][0m[92m[PRIM][0m               Core 8 start compute primitive rmsnorm_forward.                                                                | [36m18038 ns[0m
[INFO][0m[92m[PRIM][0m               Core 8 end compute primitive rmsnorm_forward.                                                                  | [36m18040 ns[0m
[INFO][0m[92m[PRIM][0m               Core 8 start compute primitive Sram_lifecycle.                                                                 | [36m18046 ns[0m
[INFO][0m[92m[PRIM][0m               Core 8 end compute primitive Sram_lifecycle.                                                                   | [36m18046 ns[0m
[INFO][0m[92m[PRIM][0m               Core 8 start compute primitive Sram_lifecycle.                                                                 | [36m18052 ns[0m
[INFO][0m[92m[PRIM][0m               Core 8 end compute primitive Sram_lifecycle.                                                                   | [36m18052 ns[0m
[INFO][0m[92m[PRIM][0m               Core 12 end compute primitive Lsu_mem.                                                                         | [36m18118 ns[0m
[INFO][0m[92m[PRIM][0m               Core 12 start compute primitive Sram_lifecycle.                                                                | [36m18124 ns[0m
[INFO][0m[92m[PRIM][0m               Core 12 end compute primitive Sram_lifecycle.                                                                  | [36m18124 ns[0m
[INFO][0m[92m[PRIM][0m               Core 12 start compute primitive Sram_bind_oneshot.                                                             | [36m18130 ns[0m
[INFO][0m[92m[PRIM][0m               Core 12 end compute primitive Sram_bind_oneshot.                                                               | [36m18130 ns[0m
[INFO][0m[92m[PRIM][0m               Core 12 start compute primitive rmsnorm_forward.                                                               | [36m18136 ns[0m
[INFO][0m[92m[PRIM][0m               Core 12 end compute primitive rmsnorm_forward.                                                                 | [36m18138 ns[0m
[INFO][0m[92m[PRIM][0m               Core 12 start compute primitive Sram_lifecycle.                                                                | [36m18144 ns[0m
[INFO][0m[92m[PRIM][0m               Core 12 end compute primitive Sram_lifecycle.                                                                  | [36m18144 ns[0m
[INFO][0m[92m[PRIM][0m               Core 12 start compute primitive Sram_lifecycle.                                                                | [36m18150 ns[0m
[INFO][0m[92m[PRIM][0m               Core 12 end compute primitive Sram_lifecycle.                                                                  | [36m18150 ns[0m
[INFO][0m[92m[PRIM][0m               Core 8 start compute primitive Sram_lifecycle.                                                                 | [36m18186 ns[0m
[INFO][0m[92m[PRIM][0m               Core 8 end compute primitive Sram_lifecycle.                                                                   | [36m18186 ns[0m
[INFO][0m[92m[PRIM][0m               Core 12 start compute primitive Sram_lifecycle.                                                                | [36m18474 ns[0m
[INFO][0m[92m[PRIM][0m               Core 12 end compute primitive Sram_lifecycle.                                                                  | [36m18474 ns[0m
[INFO][0m[92m[PRIM][0m               Core 0 start compute primitive Sram_lifecycle.                                                                 | [36m18780 ns[0m
[INFO][0m[92m[PRIM][0m               Core 0 end compute primitive Sram_lifecycle.                                                                   | [36m18780 ns[0m
[INFO][0m[92m[PRIM][0m               Core 0 start compute primitive Lsu_mem.                                                                        | [36m18786 ns[0m
[INFO][0m[92m[PRIM][0m               Core 4 start compute primitive Sram_lifecycle.                                                                 | [36m18790 ns[0m
[INFO][0m[92m[PRIM][0m               Core 4 end compute primitive Sram_lifecycle.                                                                   | [36m18790 ns[0m
[INFO][0m[92m[PRIM][0m               Core 8 start compute primitive Sram_lifecycle.                                                                 | [36m18794 ns[0m
[INFO][0m[92m[PRIM][0m               Core 8 end compute primitive Sram_lifecycle.                                                                   | [36m18794 ns[0m
[INFO][0m[92m[PRIM][0m               Core 4 start compute primitive Lsu_mem.                                                                        | [36m18796 ns[0m
[INFO][0m[92m[PRIM][0m               Core 8 start compute primitive Lsu_mem.                                                                        | [36m18800 ns[0m
[INFO][0m[92m[PRIM][0m               Core 12 start compute primitive Sram_lifecycle.                                                                | [36m18814 ns[0m
[INFO][0m[92m[PRIM][0m               Core 12 end compute primitive Sram_lifecycle.                                                                  | [36m18814 ns[0m
[INFO][0m[92m[PRIM][0m               Core 12 start compute primitive Lsu_mem.                                                                       | [36m18820 ns[0m
[INFO][0m[92m[PRIM][0m               Core 0 end compute primitive Lsu_mem.                                                                          | [36m19809 ns[0m
[INFO][0m[92m[PRIM][0m               Core 0 start compute primitive Sram_lifecycle.                                                                 | [36m19815 ns[0m
[INFO][0m[92m[PRIM][0m               Core 0 end compute primitive Sram_lifecycle.                                                                   | [36m19815 ns[0m
[INFO][0m[92m[PRIM][0m               Core 4 end compute primitive Lsu_mem.                                                                          | [36m19817 ns[0m
[INFO][0m[92m[PRIM][0m               Core 0 start compute primitive Sram_bind_oneshot.                                                              | [36m19821 ns[0m
[INFO][0m[92m[PRIM][0m               Core 0 end compute primitive Sram_bind_oneshot.                                                                | [36m19821 ns[0m
[INFO][0m[92m[PRIM][0m               Core 4 start compute primitive Sram_lifecycle.                                                                 | [36m19823 ns[0m
[INFO][0m[92m[PRIM][0m               Core 4 end compute primitive Sram_lifecycle.                                                                   | [36m19823 ns[0m
[INFO][0m[92m[PRIM][0m               Core 8 end compute primitive Lsu_mem.                                                                          | [36m19823 ns[0m
[INFO][0m[92m[PRIM][0m               Core 0 start compute primitive Matmul_f.                                                                       | [36m19827 ns[0m
[INFO][0m[92m[PRIM][0m               Core 8 start compute primitive Sram_lifecycle.                                                                 | [36m19829 ns[0m
[INFO][0m[92m[PRIM][0m               Core 4 start compute primitive Sram_bind_oneshot.                                                              | [36m19829 ns[0m
[INFO][0m[92m[PRIM][0m               Core 4 end compute primitive Sram_bind_oneshot.                                                                | [36m19829 ns[0m
[INFO][0m[92m[PRIM][0m               Core 8 end compute primitive Sram_lifecycle.                                                                   | [36m19829 ns[0m
[INFO][0m[92m[PRIM][0m               Core 8 start compute primitive Sram_bind_oneshot.                                                              | [36m19835 ns[0m
[INFO][0m[92m[PRIM][0m               Core 4 start compute primitive Matmul_f.                                                                       | [36m19835 ns[0m
[INFO][0m[92m[PRIM][0m               Core 8 end compute primitive Sram_bind_oneshot.                                                                | [36m19835 ns[0m
[INFO][0m[92m[PRIM][0m               Core 8 start compute primitive Matmul_f.                                                                       | [36m19841 ns[0m
[INFO][0m[92m[PRIM][0m               Core 12 end compute primitive Lsu_mem.                                                                         | [36m19841 ns[0m
[INFO][0m[92m[PRIM][0m               Core 12 start compute primitive Sram_lifecycle.                                                                | [36m19847 ns[0m
[INFO][0m[92m[PRIM][0m               Core 12 end compute primitive Sram_lifecycle.                                                                  | [36m19847 ns[0m
[INFO][0m[92m[PRIM][0m               Core 12 start compute primitive Sram_bind_oneshot.                                                             | [36m19853 ns[0m
[INFO][0m[92m[PRIM][0m               Core 12 end compute primitive Sram_bind_oneshot.                                                               | [36m19853 ns[0m
[INFO][0m[92m[PRIM][0m               Core 12 start compute primitive Matmul_f.                                                                      | [36m19859 ns[0m
[INFO][0m[92m[PRIM][0m               Core 0 end compute primitive Matmul_f.                                                                         | [36m19955 ns[0m
[INFO][0m[92m[PRIM][0m               Core 0 start compute primitive Sram_lifecycle.                                                                 | [36m19961 ns[0m
[INFO][0m[92m[PRIM][0m               Core 0 end compute primitive Sram_lifecycle.                                                                   | [36m19961 ns[0m
[INFO][0m[92m[PRIM][0m               Core 4 end compute primitive Matmul_f.                                                                         | [36m19963 ns[0m
[INFO][0m[92m[PRIM][0m               Core 0 start compute primitive Sram_lifecycle.                                                                 | [36m19967 ns[0m
[INFO][0m[92m[PRIM][0m               Core 0 end compute primitive Sram_lifecycle.                                                                   | [36m19967 ns[0m
[INFO][0m[92m[PRIM][0m               Core 8 end compute primitive Matmul_f.                                                                         | [36m19969 ns[0m
[INFO][0m[92m[PRIM][0m               Core 4 start compute primitive Sram_lifecycle.                                                                 | [36m19969 ns[0m
[INFO][0m[92m[PRIM][0m               Core 4 end compute primitive Sram_lifecycle.                                                                   | [36m19969 ns[0m
[INFO][0m[92m[PRIM][0m               Core 0 start compute primitive Sram_lifecycle.                                                                 | [36m19973 ns[0m
[INFO][0m[92m[PRIM][0m               Core 0 end compute primitive Sram_lifecycle.                                                                   | [36m19973 ns[0m
[INFO][0m[92m[PRIM][0m               Core 4 start compute primitive Sram_lifecycle.                                                                 | [36m19975 ns[0m
[INFO][0m[92m[PRIM][0m               Core 8 start compute primitive Sram_lifecycle.                                                                 | [36m19975 ns[0m
[INFO][0m[92m[PRIM][0m               Core 8 end compute primitive Sram_lifecycle.                                                                   | [36m19975 ns[0m
[INFO][0m[92m[PRIM][0m               Core 4 end compute primitive Sram_lifecycle.                                                                   | [36m19975 ns[0m
[INFO][0m[92m[PRIM][0m               Core 0 start compute primitive Sram_bind_oneshot.                                                              | [36m19979 ns[0m
[INFO][0m[92m[PRIM][0m               Core 0 end compute primitive Sram_bind_oneshot.                                                                | [36m19979 ns[0m
[INFO][0m[92m[PRIM][0m               Core 4 start compute primitive Sram_lifecycle.                                                                 | [36m19981 ns[0m
[INFO][0m[92m[PRIM][0m               Core 8 start compute primitive Sram_lifecycle.                                                                 | [36m19981 ns[0m
[INFO][0m[92m[PRIM][0m               Core 8 end compute primitive Sram_lifecycle.                                                                   | [36m19981 ns[0m
[INFO][0m[92m[PRIM][0m               Core 4 end compute primitive Sram_lifecycle.                                                                   | [36m19981 ns[0m
[INFO][0m[92m[PRIM][0m               Core 0 start compute primitive swiglu_forward.                                                                 | [36m19985 ns[0m
[INFO][0m[92m[PRIM][0m               Core 8 start compute primitive Sram_lifecycle.                                                                 | [36m19987 ns[0m
[INFO][0m[92m[PRIM][0m               Core 4 start compute primitive Sram_bind_oneshot.                                                              | [36m19987 ns[0m
[INFO][0m[92m[PRIM][0m               Core 12 end compute primitive Matmul_f.                                                                        | [36m19987 ns[0m
[INFO][0m[92m[PRIM][0m               Core 4 end compute primitive Sram_bind_oneshot.                                                                | [36m19987 ns[0m
[INFO][0m[92m[PRIM][0m               Core 8 end compute primitive Sram_lifecycle.                                                                   | [36m19987 ns[0m
[INFO][0m[92m[PRIM][0m               Core 0 end compute primitive swiglu_forward.                                                                   | [36m19989 ns[0m
[INFO][0m[92m[PRIM][0m               Core 12 start compute primitive Sram_lifecycle.                                                                | [36m19993 ns[0m
[INFO][0m[92m[PRIM][0m               Core 8 start compute primitive Sram_bind_oneshot.                                                              | [36m19993 ns[0m
[INFO][0m[92m[PRIM][0m               Core 4 start compute primitive swiglu_forward.                                                                 | [36m19993 ns[0m
[INFO][0m[92m[PRIM][0m               Core 8 end compute primitive Sram_bind_oneshot.                                                                | [36m19993 ns[0m
[INFO][0m[92m[PRIM][0m               Core 12 end compute primitive Sram_lifecycle.                                                                  | [36m19993 ns[0m
[INFO][0m[92m[PRIM][0m               Core 0 start compute primitive Sram_lifecycle.                                                                 | [36m19995 ns[0m
[INFO][0m[92m[PRIM][0m               Core 0 end compute primitive Sram_lifecycle.                                                                   | [36m19995 ns[0m
[INFO][0m[92m[PRIM][0m               Core 4 end compute primitive swiglu_forward.                                                                   | [36m19997 ns[0m
[INFO][0m[92m[PRIM][0m               Core 8 start compute primitive swiglu_forward.                                                                 | [36m19999 ns[0m
[INFO][0m[92m[PRIM][0m               Core 12 start compute primitive Sram_lifecycle.                                                                | [36m19999 ns[0m
[INFO][0m[92m[PRIM][0m               Core 12 end compute primitive Sram_lifecycle.                                                                  | [36m19999 ns[0m
[INFO][0m[92m[PRIM][0m               Core 0 start compute primitive Sram_lifecycle.                                                                 | [36m20001 ns[0m
[INFO][0m[92m[PRIM][0m               Core 0 end compute primitive Sram_lifecycle.                                                                   | [36m20001 ns[0m
[INFO][0m[92m[PRIM][0m               Core 4 start compute primitive Sram_lifecycle.                                                                 | [36m20003 ns[0m
[INFO][0m[92m[PRIM][0m               Core 8 end compute primitive swiglu_forward.                                                                   | [36m20003 ns[0m
[INFO][0m[92m[PRIM][0m               Core 4 end compute primitive Sram_lifecycle.                                                                   | [36m20003 ns[0m
[INFO][0m[92m[PRIM][0m               Core 12 start compute primitive Sram_lifecycle.                                                                | [36m20005 ns[0m
[INFO][0m[92m[PRIM][0m               Core 12 end compute primitive Sram_lifecycle.                                                                  | [36m20005 ns[0m
[INFO][0m[92m[PRIM][0m               Core 0 start compute primitive Sram_lifecycle.                                                                 | [36m20007 ns[0m
[INFO][0m[92m[PRIM][0m               Core 0 end compute primitive Sram_lifecycle.                                                                   | [36m20007 ns[0m
[INFO][0m[92m[PRIM][0m               Core 8 start compute primitive Sram_lifecycle.                                                                 | [36m20009 ns[0m
[INFO][0m[92m[PRIM][0m               Core 4 start compute primitive Sram_lifecycle.                                                                 | [36m20009 ns[0m
[INFO][0m[92m[PRIM][0m               Core 4 end compute primitive Sram_lifecycle.                                                                   | [36m20009 ns[0m
[INFO][0m[92m[PRIM][0m               Core 8 end compute primitive Sram_lifecycle.                                                                   | [36m20009 ns[0m
[INFO][0m[92m[PRIM][0m               Core 12 start compute primitive Sram_bind_oneshot.                                                             | [36m20011 ns[0m
[INFO][0m[92m[PRIM][0m               Core 12 end compute primitive Sram_bind_oneshot.                                                               | [36m20011 ns[0m
[INFO][0m[92m[PRIM][0m               Core 0 start compute primitive Lsu_mem.                                                                        | [36m20013 ns[0m
[INFO][0m[92m[PRIM][0m               Core 8 start compute primitive Sram_lifecycle.                                                                 | [36m20015 ns[0m
[INFO][0m[92m[PRIM][0m               Core 4 start compute primitive Sram_lifecycle.                                                                 | [36m20015 ns[0m
[INFO][0m[92m[PRIM][0m               Core 4 end compute primitive Sram_lifecycle.                                                                   | [36m20015 ns[0m
[INFO][0m[92m[PRIM][0m               Core 8 end compute primitive Sram_lifecycle.                                                                   | [36m20015 ns[0m
[INFO][0m[92m[PRIM][0m               Core 12 start compute primitive swiglu_forward.                                                                | [36m20017 ns[0m
[INFO][0m[92m[PRIM][0m               Core 12 end compute primitive swiglu_forward.                                                                  | [36m20021 ns[0m
[INFO][0m[92m[PRIM][0m               Core 4 start compute primitive Lsu_mem.                                                                        | [36m20021 ns[0m
[INFO][0m[92m[PRIM][0m               Core 8 start compute primitive Sram_lifecycle.                                                                 | [36m20021 ns[0m
[INFO][0m[92m[PRIM][0m               Core 8 end compute primitive Sram_lifecycle.                                                                   | [36m20021 ns[0m
[INFO][0m[92m[PRIM][0m               Core 12 start compute primitive Sram_lifecycle.                                                                | [36m20027 ns[0m
[INFO][0m[92m[PRIM][0m               Core 8 start compute primitive Lsu_mem.                                                                        | [36m20027 ns[0m
[INFO][0m[92m[PRIM][0m               Core 12 end compute primitive Sram_lifecycle.                                                                  | [36m20027 ns[0m
[INFO][0m[92m[PRIM][0m               Core 12 start compute primitive Sram_lifecycle.                                                                | [36m20033 ns[0m
[INFO][0m[92m[PRIM][0m               Core 12 end compute primitive Sram_lifecycle.                                                                  | [36m20033 ns[0m
[INFO][0m[92m[PRIM][0m               Core 12 start compute primitive Sram_lifecycle.                                                                | [36m20039 ns[0m
[INFO][0m[92m[PRIM][0m               Core 12 end compute primitive Sram_lifecycle.                                                                  | [36m20039 ns[0m
[INFO][0m[92m[PRIM][0m               Core 12 start compute primitive Lsu_mem.                                                                       | [36m20045 ns[0m
[INFO][0m[92m[PRIM][0m               Core 0 end compute primitive Lsu_mem.                                                                          | [36m20550 ns[0m
[INFO][0m[92m[PRIM][0m               Core 0 start compute primitive Sram_lifecycle.                                                                 | [36m20556 ns[0m
[INFO][0m[92m[PRIM][0m               Core 0 end compute primitive Sram_lifecycle.                                                                   | [36m20556 ns[0m
[INFO][0m[92m[PRIM][0m               Core 4 end compute primitive Lsu_mem.                                                                          | [36m20558 ns[0m
[INFO][0m[92m[PRIM][0m               Core 0 start compute primitive Sram_lifecycle.                                                                 | [36m20562 ns[0m
[INFO][0m[92m[PRIM][0m               Core 0 end compute primitive Sram_lifecycle.                                                                   | [36m20562 ns[0m
[INFO][0m[92m[PRIM][0m               Core 4 start compute primitive Sram_lifecycle.                                                                 | [36m20564 ns[0m
[INFO][0m[92m[PRIM][0m               Core 4 end compute primitive Sram_lifecycle.                                                                   | [36m20564 ns[0m
[INFO][0m[92m[PRIM][0m               Core 8 end compute primitive Lsu_mem.                                                                          | [36m20564 ns[0m
[INFO][0m[92m[PRIM][0m               Core 0 start compute primitive Sram_bind_oneshot.                                                              | [36m20568 ns[0m
[INFO][0m[92m[PRIM][0m               Core 0 end compute primitive Sram_bind_oneshot.                                                                | [36m20568 ns[0m
[INFO][0m[92m[PRIM][0m               Core 8 start compute primitive Sram_lifecycle.                                                                 | [36m20570 ns[0m
[INFO][0m[92m[PRIM][0m               Core 4 start compute primitive Sram_lifecycle.                                                                 | [36m20570 ns[0m
[INFO][0m[92m[PRIM][0m               Core 4 end compute primitive Sram_lifecycle.                                                                   | [36m20570 ns[0m
[INFO][0m[92m[PRIM][0m               Core 8 end compute primitive Sram_lifecycle.                                                                   | [36m20570 ns[0m
[INFO][0m[92m[PRIM][0m               Core 0 start compute primitive Matmul_f.                                                                       | [36m20574 ns[0m
[INFO][0m[92m[PRIM][0m               Core 4 start compute primitive Sram_bind_oneshot.                                                              | [36m20576 ns[0m
[INFO][0m[92m[PRIM][0m               Core 8 start compute primitive Sram_lifecycle.                                                                 | [36m20576 ns[0m
[INFO][0m[92m[PRIM][0m               Core 8 end compute primitive Sram_lifecycle.                                                                   | [36m20576 ns[0m
[INFO][0m[92m[PRIM][0m               Core 4 end compute primitive Sram_bind_oneshot.                                                                | [36m20576 ns[0m
[INFO][0m[92m[PRIM][0m               Core 4 start compute primitive Matmul_f.                                                                       | [36m20582 ns[0m
[INFO][0m[92m[PRIM][0m               Core 8 start compute primitive Sram_bind_oneshot.                                                              | [36m20582 ns[0m
[INFO][0m[92m[PRIM][0m               Core 8 end compute primitive Sram_bind_oneshot.                                                                | [36m20582 ns[0m
[INFO][0m[92m[PRIM][0m               Core 12 end compute primitive Lsu_mem.                                                                         | [36m20582 ns[0m
[INFO][0m[92m[PRIM][0m               Core 8 start compute primitive Matmul_f.                                                                       | [36m20588 ns[0m
[INFO][0m[92m[PRIM][0m               Core 12 start compute primitive Sram_lifecycle.                                                                | [36m20588 ns[0m
[INFO][0m[92m[PRIM][0m               Core 12 end compute primitive Sram_lifecycle.                                                                  | [36m20588 ns[0m
[INFO][0m[92m[PRIM][0m               Core 0 end compute primitive Matmul_f.                                                                         | [36m20590 ns[0m
[INFO][0m[92m[PRIM][0m               Core 12 start compute primitive Sram_lifecycle.                                                                | [36m20594 ns[0m
[INFO][0m[92m[PRIM][0m               Core 12 end compute primitive Sram_lifecycle.                                                                  | [36m20594 ns[0m
[INFO][0m[92m[PRIM][0m               Core 0 start compute primitive Sram_lifecycle.                                                                 | [36m20596 ns[0m
[INFO][0m[92m[PRIM][0m               Core 0 end compute primitive Sram_lifecycle.                                                                   | [36m20596 ns[0m
[INFO][0m[92m[PRIM][0m               Core 4 end compute primitive Matmul_f.                                                                         | [36m20598 ns[0m
[INFO][0m[92m[PRIM][0m               Core 12 start compute primitive Sram_bind_oneshot.                                                             | [36m20600 ns[0m
[INFO][0m[92m[PRIM][0m               Core 12 end compute primitive Sram_bind_oneshot.                                                               | [36m20600 ns[0m
[INFO][0m[92m[PRIM][0m               Core 0 start compute primitive Sram_lifecycle.                                                                 | [36m20602 ns[0m
[INFO][0m[92m[PRIM][0m               Core 0 end compute primitive Sram_lifecycle.                                                                   | [36m20602 ns[0m
[INFO][0m[92m[PRIM][0m               Core 4 start compute primitive Sram_lifecycle.                                                                 | [36m20604 ns[0m
[INFO][0m[92m[PRIM][0m               Core 8 end compute primitive Matmul_f.                                                                         | [36m20604 ns[0m
[INFO][0m[92m[PRIM][0m               Core 4 end compute primitive Sram_lifecycle.                                                                   | [36m20604 ns[0m
[INFO][0m[92m[PRIM][0m               Core 12 start compute primitive Matmul_f.                                                                      | [36m20606 ns[0m
[INFO][0m[92m[PRIM][0m               Core 8 start compute primitive Sram_lifecycle.                                                                 | [36m20610 ns[0m
[INFO][0m[92m[PRIM][0m               Core 8 end compute primitive Sram_lifecycle.                                                                   | [36m20610 ns[0m
[INFO][0m[92m[PRIM][0m               Core 12 end compute primitive Matmul_f.                                                                        | [36m20622 ns[0m
[INFO][0m[92m[PRIM][0m               Core 12 start compute primitive Sram_lifecycle.                                                                | [36m20628 ns[0m
[INFO][0m[92m[PRIM][0m               Core 12 end compute primitive Sram_lifecycle.                                                                  | [36m20628 ns[0m
[INFO][0m[92m[PRIM][0m               Core 4 start compute primitive Sram_lifecycle.                                                                 | [36m20674 ns[0m
[INFO][0m[92m[PRIM][0m               Core 4 end compute primitive Sram_lifecycle.                                                                   | [36m20674 ns[0m
[INFO][0m[92m[PRIM][0m               Core 4 start compute primitive Sram_lifecycle.                                                                 | [36m20680 ns[0m
[INFO][0m[92m[PRIM][0m               Core 8 start compute primitive Sram_lifecycle.                                                                 | [36m20680 ns[0m
[INFO][0m[92m[PRIM][0m               Core 8 end compute primitive Sram_lifecycle.                                                                   | [36m20680 ns[0m
[INFO][0m[92m[PRIM][0m               Core 4 end compute primitive Sram_lifecycle.                                                                   | [36m20680 ns[0m
[INFO][0m[92m[PRIM][0m               Core 4 start compute primitive Sram_lifecycle.                                                                 | [36m20686 ns[0m
[INFO][0m[92m[PRIM][0m               Core 8 start compute primitive Sram_lifecycle.                                                                 | [36m20686 ns[0m
[INFO][0m[92m[PRIM][0m               Core 8 end compute primitive Sram_lifecycle.                                                                   | [36m20686 ns[0m
[INFO][0m[92m[PRIM][0m               Core 4 end compute primitive Sram_lifecycle.                                                                   | [36m20686 ns[0m
[INFO][0m[92m[PRIM][0m               Core 4 start compute primitive Sram_bind_oneshot.                                                              | [36m20692 ns[0m
[INFO][0m[92m[PRIM][0m               Core 8 start compute primitive Sram_lifecycle.                                                                 | [36m20692 ns[0m
[INFO][0m[92m[PRIM][0m               Core 8 end compute primitive Sram_lifecycle.                                                                   | [36m20692 ns[0m
[INFO][0m[92m[PRIM][0m               Core 4 end compute primitive Sram_bind_oneshot.                                                                | [36m20692 ns[0m
[INFO][0m[92m[PRIM][0m               Core 4 start compute primitive Matmul_f.                                                                       | [36m20698 ns[0m
[INFO][0m[92m[PRIM][0m               Core 8 start compute primitive Sram_bind_oneshot.                                                              | [36m20698 ns[0m
[INFO][0m[92m[PRIM][0m               Core 8 end compute primitive Sram_bind_oneshot.                                                                | [36m20698 ns[0m
[INFO][0m[92m[PRIM][0m               Core 8 start compute primitive Matmul_f.                                                                       | [36m20704 ns[0m
[INFO][0m[92m[PRIM][0m               Core 0 start compute primitive Sram_lifecycle.                                                                 | [36m20714 ns[0m
[INFO][0m[92m[PRIM][0m               Core 4 end compute primitive Matmul_f.                                                                         | [36m20714 ns[0m
[INFO][0m[92m[PRIM][0m               Core 0 end compute primitive Sram_lifecycle.                                                                   | [36m20714 ns[0m
[INFO][0m[92m[PRIM][0m               Core 4 start compute primitive Sram_lifecycle.                                                                 | [36m20720 ns[0m
[INFO][0m[92m[PRIM][0m               Core 8 end compute primitive Matmul_f.                                                                         | [36m20720 ns[0m
[INFO][0m[92m[PRIM][0m               Core 4 end compute primitive Sram_lifecycle.                                                                   | [36m20720 ns[0m
[INFO][0m[92m[PRIM][0m               Core 4 start compute primitive Sram_lifecycle.                                                                 | [36m20726 ns[0m
[INFO][0m[92m[PRIM][0m               Core 8 start compute primitive Sram_lifecycle.                                                                 | [36m20726 ns[0m
[INFO][0m[92m[PRIM][0m               Core 8 end compute primitive Sram_lifecycle.                                                                   | [36m20726 ns[0m
[INFO][0m[92m[PRIM][0m               Core 4 end compute primitive Sram_lifecycle.                                                                   | [36m20726 ns[0m
[INFO][0m[92m[PRIM][0m               Core 12 start compute primitive Sram_lifecycle.                                                                | [36m20730 ns[0m
[INFO][0m[92m[PRIM][0m               Core 12 end compute primitive Sram_lifecycle.                                                                  | [36m20730 ns[0m
[INFO][0m[92m[PRIM][0m               Core 12 start compute primitive Sram_lifecycle.                                                                | [36m20736 ns[0m
[INFO][0m[92m[PRIM][0m               Core 12 end compute primitive Sram_lifecycle.                                                                  | [36m20736 ns[0m
[INFO][0m[92m[PRIM][0m               Core 12 start compute primitive Sram_lifecycle.                                                                | [36m20742 ns[0m
[INFO][0m[92m[PRIM][0m               Core 12 end compute primitive Sram_lifecycle.                                                                  | [36m20742 ns[0m
[INFO][0m[92m[PRIM][0m               Core 0 start compute primitive Sram_lifecycle.                                                                 | [36m20744 ns[0m
[INFO][0m[92m[PRIM][0m               Core 0 end compute primitive Sram_lifecycle.                                                                   | [36m20744 ns[0m
[INFO][0m[92m[PRIM][0m               Core 12 start compute primitive Sram_bind_oneshot.                                                             | [36m20748 ns[0m
[INFO][0m[92m[PRIM][0m               Core 12 end compute primitive Sram_bind_oneshot.                                                               | [36m20748 ns[0m
[INFO][0m[92m[PRIM][0m               Core 12 start compute primitive Matmul_f.                                                                      | [36m20754 ns[0m
[INFO][0m[92m[PRIM][0m               Core 12 end compute primitive Matmul_f.                                                                        | [36m20770 ns[0m
[INFO][0m[92m[PRIM][0m               Core 12 start compute primitive Sram_lifecycle.                                                                | [36m20776 ns[0m
[INFO][0m[92m[PRIM][0m               Core 12 end compute primitive Sram_lifecycle.                                                                  | [36m20776 ns[0m
[INFO][0m[92m[PRIM][0m               Core 0 start compute primitive Sram_lifecycle.                                                                 | [36m20790 ns[0m
[INFO][0m[92m[PRIM][0m               Core 0 end compute primitive Sram_lifecycle.                                                                   | [36m20790 ns[0m
[INFO][0m[92m[PRIM][0m               Core 0 start compute primitive Collective_data_v1_prim.                                                        | [36m20796 ns[0m
[INFO][0m[92m[PRIM][0m               Core 0 end compute primitive Collective_data_v1_prim.                                                          | [36m20826 ns[0m
[INFO][0m[92m[PRIM][0m               Core 8 start compute primitive Sram_lifecycle.                                                                 | [36m20828 ns[0m
[INFO][0m[92m[PRIM][0m               Core 8 end compute primitive Sram_lifecycle.                                                                   | [36m20828 ns[0m
[INFO][0m[92m[PRIM][0m               Core 0 start compute primitive Sram_lifecycle.                                                                 | [36m20832 ns[0m
[INFO][0m[92m[PRIM][0m               Core 0 end compute primitive Sram_lifecycle.                                                                   | [36m20832 ns[0m
[INFO][0m[92m[PRIM][0m               Core 8 start compute primitive Sram_lifecycle.                                                                 | [36m20834 ns[0m
[INFO][0m[92m[PRIM][0m               Core 8 end compute primitive Sram_lifecycle.                                                                   | [36m20834 ns[0m
[INFO][0m[92m[PRIM][0m               Core 0 start compute primitive Sram_lifecycle.                                                                 | [36m20838 ns[0m
[INFO][0m[92m[PRIM][0m               Core 0 end compute primitive Sram_lifecycle.                                                                   | [36m20838 ns[0m
[INFO][0m[92m[PRIM][0m               Core 8 start compute primitive Sram_lifecycle.                                                                 | [36m20840 ns[0m
[INFO][0m[92m[PRIM][0m               Core 8 end compute primitive Sram_lifecycle.                                                                   | [36m20840 ns[0m
[INFO][0m[92m[PRIM][0m               Core 0 start compute primitive Sram_lifecycle.                                                                 | [36m20844 ns[0m
[INFO][0m[92m[PRIM][0m               Core 0 end compute primitive Sram_lifecycle.                                                                   | [36m20844 ns[0m
[INFO][0m[92m[PRIM][0m               Core 8 start compute primitive Sram_bind_oneshot.                                                              | [36m20846 ns[0m
[INFO][0m[92m[PRIM][0m               Core 8 end compute primitive Sram_bind_oneshot.                                                                | [36m20846 ns[0m
[INFO][0m[92m[PRIM][0m               Core 0 start compute primitive Sram_lifecycle.                                                                 | [36m20850 ns[0m
[INFO][0m[92m[PRIM][0m               Core 0 end compute primitive Sram_lifecycle.                                                                   | [36m20850 ns[0m
[INFO][0m[92m[PRIM][0m               Core 8 start compute primitive Matmul_f.                                                                       | [36m20852 ns[0m
[INFO][0m[92m[PRIM][0m               Core 12 start compute primitive Sram_lifecycle.                                                                | [36m20852 ns[0m
[INFO][0m[92m[PRIM][0m               Core 12 end compute primitive Sram_lifecycle.                                                                  | [36m20852 ns[0m
[INFO][0m[92m[PRIM][0m               Core 0 start compute primitive Sram_lifecycle.                                                                 | [36m20856 ns[0m
[INFO][0m[92m[PRIM][0m               Core 0 end compute primitive Sram_lifecycle.                                                                   | [36m20856 ns[0m
[INFO][0m[92m[PRIM][0m               Core 12 start compute primitive Sram_lifecycle.                                                                | [36m20858 ns[0m
[INFO][0m[92m[PRIM][0m               Core 12 end compute primitive Sram_lifecycle.                                                                  | [36m20858 ns[0m
[INFO][0m[92m[PRIM][0m               Core 0 start compute primitive Sram_lifecycle.                                                                 | [36m20862 ns[0m
[INFO][0m[92m[PRIM][0m               Core 0 end compute primitive Sram_lifecycle.                                                                   | [36m20862 ns[0m
[INFO][0m[92m[PRIM][0m               Core 12 start compute primitive Sram_lifecycle.                                                                | [36m20864 ns[0m
[INFO][0m[92m[PRIM][0m               Core 12 end compute primitive Sram_lifecycle.                                                                  | [36m20864 ns[0m
[INFO][0m[92m[PRIM][0m               Core 0 start compute primitive Sram_bind_oneshot.                                                              | [36m20868 ns[0m
[INFO][0m[92m[PRIM][0m               Core 8 end compute primitive Matmul_f.                                                                         | [36m20868 ns[0m
[INFO][0m[92m[PRIM][0m               Core 0 end compute primitive Sram_bind_oneshot.                                                                | [36m20868 ns[0m
[INFO][0m[92m[PRIM][0m               Core 12 start compute primitive Sram_bind_oneshot.                                                             | [36m20870 ns[0m
[INFO][0m[92m[PRIM][0m               Core 12 end compute primitive Sram_bind_oneshot.                                                               | [36m20870 ns[0m
[INFO][0m[92m[PRIM][0m               Core 0 start compute primitive Matmul_f.                                                                       | [36m20874 ns[0m
[INFO][0m[92m[PRIM][0m               Core 8 start compute primitive Sram_lifecycle.                                                                 | [36m20874 ns[0m
[INFO][0m[92m[PRIM][0m               Core 8 end compute primitive Sram_lifecycle.                                                                   | [36m20874 ns[0m
[INFO][0m[92m[PRIM][0m               Core 12 start compute primitive Matmul_f.                                                                      | [36m20876 ns[0m
[INFO][0m[92m[PRIM][0m               Core 8 start compute primitive Sram_lifecycle.                                                                 | [36m20880 ns[0m
[INFO][0m[92m[PRIM][0m               Core 8 end compute primitive Sram_lifecycle.                                                                   | [36m20880 ns[0m
[INFO][0m[92m[PRIM][0m               Core 0 end compute primitive Matmul_f.                                                                         | [36m20890 ns[0m
[INFO][0m[92m[PRIM][0m               Core 12 end compute primitive Matmul_f.                                                                        | [36m20892 ns[0m
[INFO][0m[92m[PRIM][0m               Core 0 start compute primitive Sram_lifecycle.                                                                 | [36m20896 ns[0m
[INFO][0m[92m[PRIM][0m               Core 0 end compute primitive Sram_lifecycle.                                                                   | [36m20896 ns[0m
[INFO][0m[92m[PRIM][0m               Core 12 start compute primitive Sram_lifecycle.                                                                | [36m20898 ns[0m
[INFO][0m[92m[PRIM][0m               Core 12 end compute primitive Sram_lifecycle.                                                                  | [36m20898 ns[0m
[INFO][0m[92m[PRIM][0m               Core 0 start compute primitive Sram_lifecycle.                                                                 | [36m20966 ns[0m
[INFO][0m[92m[PRIM][0m               Core 0 end compute primitive Sram_lifecycle.                                                                   | [36m20966 ns[0m
[INFO][0m[92m[PRIM][0m               Core 12 start compute primitive Sram_lifecycle.                                                                | [36m20968 ns[0m
[INFO][0m[92m[PRIM][0m               Core 12 end compute primitive Sram_lifecycle.                                                                  | [36m20968 ns[0m
[INFO][0m[92m[PRIM][0m               Core 0 start compute primitive Sram_lifecycle.                                                                 | [36m20972 ns[0m
[INFO][0m[92m[PRIM][0m               Core 0 end compute primitive Sram_lifecycle.                                                                   | [36m20972 ns[0m
[INFO][0m[92m[PRIM][0m               Core 12 start compute primitive Sram_lifecycle.                                                                | [36m20974 ns[0m
[INFO][0m[92m[PRIM][0m               Core 12 end compute primitive Sram_lifecycle.                                                                  | [36m20974 ns[0m
[INFO][0m[92m[PRIM][0m               Core 0 start compute primitive Sram_lifecycle.                                                                 | [36m20978 ns[0m
[INFO][0m[92m[PRIM][0m               Core 0 end compute primitive Sram_lifecycle.                                                                   | [36m20978 ns[0m
[INFO][0m[92m[PRIM][0m               Core 12 start compute primitive Sram_lifecycle.                                                                | [36m20980 ns[0m
[INFO][0m[92m[PRIM][0m               Core 12 end compute primitive Sram_lifecycle.                                                                  | [36m20980 ns[0m
[INFO][0m[92m[PRIM][0m               Core 0 start compute primitive Sram_bind_oneshot.                                                              | [36m20984 ns[0m
[INFO][0m[92m[PRIM][0m               Core 0 end compute primitive Sram_bind_oneshot.                                                                | [36m20984 ns[0m
[INFO][0m[92m[PRIM][0m               Core 12 start compute primitive Sram_bind_oneshot.                                                             | [36m20986 ns[0m
[INFO][0m[92m[PRIM][0m               Core 12 end compute primitive Sram_bind_oneshot.                                                               | [36m20986 ns[0m
[INFO][0m[92m[PRIM][0m               Core 0 start compute primitive Matmul_f.                                                                       | [36m20990 ns[0m
[INFO][0m[92m[PRIM][0m               Core 12 start compute primitive Matmul_f.                                                                      | [36m20992 ns[0m
[INFO][0m[92m[PRIM][0m               Core 4 start compute primitive Sram_lifecycle.                                                                 | [36m21006 ns[0m
[INFO][0m[92m[PRIM][0m               Core 0 end compute primitive Matmul_f.                                                                         | [36m21006 ns[0m
[INFO][0m[92m[PRIM][0m               Core 4 end compute primitive Sram_lifecycle.                                                                   | [36m21006 ns[0m
[INFO][0m[92m[PRIM][0m               Core 12 end compute primitive Matmul_f.                                                                        | [36m21008 ns[0m
[INFO][0m[92m[PRIM][0m               Core 0 start compute primitive Sram_lifecycle.                                                                 | [36m21012 ns[0m
[INFO][0m[92m[PRIM][0m               Core 0 end compute primitive Sram_lifecycle.                                                                   | [36m21012 ns[0m
[INFO][0m[92m[PRIM][0m               Core 12 start compute primitive Sram_lifecycle.                                                                | [36m21014 ns[0m
[INFO][0m[92m[PRIM][0m               Core 12 end compute primitive Sram_lifecycle.                                                                  | [36m21014 ns[0m
[INFO][0m[92m[PRIM][0m               Core 12 start compute primitive Sram_lifecycle.                                                                | [36m21020 ns[0m
[INFO][0m[92m[PRIM][0m               Core 12 end compute primitive Sram_lifecycle.                                                                  | [36m21020 ns[0m
[INFO][0m[92m[PRIM][0m               Core 12 start compute primitive Sram_lifecycle.                                                                | [36m21026 ns[0m
[INFO][0m[92m[PRIM][0m               Core 12 end compute primitive Sram_lifecycle.                                                                  | [36m21026 ns[0m
[INFO][0m[92m[PRIM][0m               Core 4 start compute primitive Sram_lifecycle.                                                                 | [36m21030 ns[0m
[INFO][0m[92m[PRIM][0m               Core 4 end compute primitive Sram_lifecycle.                                                                   | [36m21030 ns[0m
[INFO][0m[92m[PRIM][0m               Core 4 start compute primitive Sram_lifecycle.                                                                 | [36m21054 ns[0m
[INFO][0m[92m[PRIM][0m               Core 4 end compute primitive Sram_lifecycle.                                                                   | [36m21054 ns[0m
[INFO][0m[92m[PRIM][0m               Core 4 start compute primitive Collective_data_v1_prim.                                                        | [36m21060 ns[0m
[INFO][0m[92m[PRIM][0m               Core 0 start compute primitive Sram_lifecycle.                                                                 | [36m21082 ns[0m
[INFO][0m[92m[PRIM][0m               Core 0 end compute primitive Sram_lifecycle.                                                                   | [36m21082 ns[0m
[INFO][0m[92m[PRIM][0m               Core 0 start compute primitive Sram_lifecycle.                                                                 | [36m21088 ns[0m
[INFO][0m[92m[PRIM][0m               Core 0 end compute primitive Sram_lifecycle.                                                                   | [36m21088 ns[0m
[INFO][0m[92m[PRIM][0m               Core 4 end compute primitive Collective_data_v1_prim.                                                          | [36m21090 ns[0m
[INFO][0m[92m[PRIM][0m               Core 0 start compute primitive Sram_lifecycle.                                                                 | [36m21094 ns[0m
[INFO][0m[92m[PRIM][0m               Core 0 end compute primitive Sram_lifecycle.                                                                   | [36m21094 ns[0m
[INFO][0m[92m[PRIM][0m               Core 4 start compute primitive Sram_lifecycle.                                                                 | [36m21096 ns[0m
[INFO][0m[92m[PRIM][0m               Core 4 end compute primitive Sram_lifecycle.                                                                   | [36m21096 ns[0m
[INFO][0m[92m[PRIM][0m               Core 0 start compute primitive Sram_bind_oneshot.                                                              | [36m21100 ns[0m
[INFO][0m[92m[PRIM][0m               Core 0 end compute primitive Sram_bind_oneshot.                                                                | [36m21100 ns[0m
[INFO][0m[92m[PRIM][0m               Core 4 start compute primitive Sram_lifecycle.                                                                 | [36m21102 ns[0m
[INFO][0m[92m[PRIM][0m               Core 4 end compute primitive Sram_lifecycle.                                                                   | [36m21102 ns[0m
[INFO][0m[92m[PRIM][0m               Core 0 start compute primitive Matmul_f.                                                                       | [36m21106 ns[0m
[INFO][0m[92m[PRIM][0m               Core 4 start compute primitive Sram_lifecycle.                                                                 | [36m21108 ns[0m
[INFO][0m[92m[PRIM][0m               Core 4 end compute primitive Sram_lifecycle.                                                                   | [36m21108 ns[0m
[INFO][0m[92m[PRIM][0m               Core 4 start compute primitive Sram_lifecycle.                                                                 | [36m21114 ns[0m
[INFO][0m[92m[PRIM][0m               Core 4 end compute primitive Sram_lifecycle.                                                                   | [36m21114 ns[0m
[INFO][0m[92m[PRIM][0m               Core 4 start compute primitive Sram_lifecycle.                                                                 | [36m21120 ns[0m
[INFO][0m[92m[PRIM][0m               Core 4 end compute primitive Sram_lifecycle.                                                                   | [36m21120 ns[0m
[INFO][0m[92m[PRIM][0m               Core 8 start compute primitive Sram_lifecycle.                                                                 | [36m21122 ns[0m
[INFO][0m[92m[PRIM][0m               Core 0 end compute primitive Matmul_f.                                                                         | [36m21122 ns[0m
[INFO][0m[92m[PRIM][0m               Core 8 end compute primitive Sram_lifecycle.                                                                   | [36m21122 ns[0m
[INFO][0m[92m[PRIM][0m               Core 4 start compute primitive Sram_lifecycle.                                                                 | [36m21126 ns[0m
[INFO][0m[92m[PRIM][0m               Core 4 end compute primitive Sram_lifecycle.                                                                   | [36m21126 ns[0m
[INFO][0m[92m[PRIM][0m               Core 0 start compute primitive Sram_lifecycle.                                                                 | [36m21128 ns[0m
[INFO][0m[92m[PRIM][0m               Core 0 end compute primitive Sram_lifecycle.                                                                   | [36m21128 ns[0m
[INFO][0m[92m[PRIM][0m               Core 4 start compute primitive Sram_bind_oneshot.                                                              | [36m21132 ns[0m
[INFO][0m[92m[PRIM][0m               Core 4 end compute primitive Sram_bind_oneshot.                                                                | [36m21132 ns[0m
[INFO][0m[92m[PRIM][0m               Core 0 start compute primitive Sram_lifecycle.                                                                 | [36m21134 ns[0m
[INFO][0m[92m[PRIM][0m               Core 0 end compute primitive Sram_lifecycle.                                                                   | [36m21134 ns[0m
[INFO][0m[92m[PRIM][0m               Core 4 start compute primitive Matmul_f.                                                                       | [36m21138 ns[0m
[INFO][0m[92m[PRIM][0m               Core 4 end compute primitive Matmul_f.                                                                         | [36m21154 ns[0m
[INFO][0m[92m[PRIM][0m               Core 4 start compute primitive Sram_lifecycle.                                                                 | [36m21160 ns[0m
[INFO][0m[92m[PRIM][0m               Core 4 end compute primitive Sram_lifecycle.                                                                   | [36m21160 ns[0m
[INFO][0m[92m[PRIM][0m               Core 0 start compute primitive Sram_lifecycle.                                                                 | [36m21236 ns[0m
[INFO][0m[92m[PRIM][0m               Core 0 end compute primitive Sram_lifecycle.                                                                   | [36m21236 ns[0m
[INFO][0m[92m[PRIM][0m               Core 0 start compute primitive Sram_lifecycle.                                                                 | [36m21242 ns[0m
[INFO][0m[92m[PRIM][0m               Core 0 end compute primitive Sram_lifecycle.                                                                   | [36m21242 ns[0m
[INFO][0m[92m[PRIM][0m               Core 0 start compute primitive Sram_bind_oneshot.                                                              | [36m21248 ns[0m
[INFO][0m[92m[PRIM][0m               Core 0 end compute primitive Sram_bind_oneshot.                                                                | [36m21248 ns[0m
[INFO][0m[92m[PRIM][0m               Core 0 start compute primitive Residual_f.                                                                     | [36m21254 ns[0m
[INFO][0m[92m[PRIM][0m               Core 0 end compute primitive Residual_f.                                                                       | [36m21254 ns[0m
[INFO][0m[92m[PRIM][0m               Core 0 start compute primitive Sram_lifecycle.                                                                 | [36m21260 ns[0m
[INFO][0m[92m[PRIM][0m               Core 0 end compute primitive Sram_lifecycle.                                                                   | [36m21260 ns[0m
[INFO][0m[92m[PRIM][0m               Core 4 start compute primitive Sram_lifecycle.                                                                 | [36m21262 ns[0m
[INFO][0m[92m[PRIM][0m               Core 4 end compute primitive Sram_lifecycle.                                                                   | [36m21262 ns[0m
[INFO][0m[92m[PRIM][0m               Core 0 start compute primitive Sram_lifecycle.                                                                 | [36m21266 ns[0m
[INFO][0m[92m[PRIM][0m               Core 0 end compute primitive Sram_lifecycle.                                                                   | [36m21266 ns[0m
[INFO][0m[92m[PRIM][0m               Core 4 start compute primitive Sram_lifecycle.                                                                 | [36m21268 ns[0m
[INFO][0m[92m[PRIM][0m               Core 4 end compute primitive Sram_lifecycle.                                                                   | [36m21268 ns[0m
[INFO][0m[92m[PRIM][0m               Core 0 start compute primitive Sram_lifecycle.                                                                 | [36m21272 ns[0m
[INFO][0m[92m[PRIM][0m               Core 0 end compute primitive Sram_lifecycle.                                                                   | [36m21272 ns[0m
[INFO][0m[92m[PRIM][0m               Core 4 start compute primitive Sram_lifecycle.                                                                 | [36m21274 ns[0m
[INFO][0m[92m[PRIM][0m               Core 4 end compute primitive Sram_lifecycle.                                                                   | [36m21274 ns[0m
[INFO][0m[92m[PRIM][0m               Core 0 start compute primitive Lsu_mem.                                                                        | [36m21278 ns[0m
[INFO][0m[92m[PRIM][0m               Core 4 start compute primitive Sram_bind_oneshot.                                                              | [36m21280 ns[0m
[INFO][0m[92m[PRIM][0m               Core 4 end compute primitive Sram_bind_oneshot.                                                                | [36m21280 ns[0m
[INFO][0m[92m[PRIM][0m               Core 4 start compute primitive Matmul_f.                                                                       | [36m21286 ns[0m
[INFO][0m[92m[PRIM][0m               Core 12 start compute primitive Sram_lifecycle.                                                                | [36m21296 ns[0m
[INFO][0m[92m[PRIM][0m               Core 12 end compute primitive Sram_lifecycle.                                                                  | [36m21296 ns[0m
[INFO][0m[92m[PRIM][0m               Core 4 end compute primitive Matmul_f.                                                                         | [36m21302 ns[0m
[INFO][0m[92m[PRIM][0m               Core 4 start compute primitive Sram_lifecycle.                                                                 | [36m21308 ns[0m
[INFO][0m[92m[PRIM][0m               Core 4 end compute primitive Sram_lifecycle.                                                                   | [36m21308 ns[0m
[INFO][0m[92m[PRIM][0m               Core 4 start compute primitive Sram_lifecycle.                                                                 | [36m21314 ns[0m
[INFO][0m[92m[PRIM][0m               Core 4 end compute primitive Sram_lifecycle.                                                                   | [36m21314 ns[0m
[INFO][0m[92m[PRIM][0m               Core 8 start compute primitive Sram_lifecycle.                                                                 | [36m21322 ns[0m
[INFO][0m[92m[PRIM][0m               Core 8 end compute primitive Sram_lifecycle.                                                                   | [36m21322 ns[0m
[INFO][0m[92m[PRIM][0m               Core 8 start compute primitive Sram_lifecycle.                                                                 | [36m21346 ns[0m
[INFO][0m[92m[PRIM][0m               Core 8 end compute primitive Sram_lifecycle.                                                                   | [36m21346 ns[0m
[INFO][0m[92m[PRIM][0m               Core 8 start compute primitive Collective_data_v1_prim.                                                        | [36m21352 ns[0m
[INFO][0m[92m[PRIM][0m               Core 0 end compute primitive Lsu_mem.                                                                          | [36m21360 ns[0m
[INFO][0m[92m[PRIM][0m               Core 0 start compute primitive Sram_lifecycle.                                                                 | [36m21366 ns[0m
[INFO][0m[92m[PRIM][0m               Core 0 end compute primitive Sram_lifecycle.                                                                   | [36m21366 ns[0m
[INFO][0m[92m[PRIM][0m               Core 0 start compute primitive Sram_bind_oneshot.                                                              | [36m21372 ns[0m
[INFO][0m[92m[PRIM][0m               Core 0 end compute primitive Sram_bind_oneshot.                                                                | [36m21372 ns[0m
[INFO][0m[92m[PRIM][0m               Core 0 start compute primitive rmsnorm_forward.                                                                | [36m21378 ns[0m
[INFO][0m[92m[PRIM][0m               Core 0 end compute primitive rmsnorm_forward.                                                                  | [36m21380 ns[0m
[INFO][0m[92m[PRIM][0m               Core 8 end compute primitive Collective_data_v1_prim.                                                          | [36m21382 ns[0m
[INFO][0m[92m[PRIM][0m               Core 4 start compute primitive Sram_lifecycle.                                                                 | [36m21384 ns[0m
[INFO][0m[92m[PRIM][0m               Core 4 end compute primitive Sram_lifecycle.                                                                   | [36m21384 ns[0m
[INFO][0m[92m[PRIM][0m               Core 0 start compute primitive Sram_lifecycle.                                                                 | [36m21386 ns[0m
[INFO][0m[92m[PRIM][0m               Core 0 end compute primitive Sram_lifecycle.                                                                   | [36m21386 ns[0m
[INFO][0m[92m[PRIM][0m               Core 8 start compute primitive Sram_lifecycle.                                                                 | [36m21388 ns[0m
[INFO][0m[92m[PRIM][0m               Core 8 end compute primitive Sram_lifecycle.                                                                   | [36m21388 ns[0m
[INFO][0m[92m[PRIM][0m               Core 4 start compute primitive Sram_lifecycle.                                                                 | [36m21390 ns[0m
[INFO][0m[92m[PRIM][0m               Core 4 end compute primitive Sram_lifecycle.                                                                   | [36m21390 ns[0m
[INFO][0m[92m[PRIM][0m               Core 0 start compute primitive Sram_lifecycle.                                                                 | [36m21392 ns[0m
[INFO][0m[92m[PRIM][0m               Core 0 end compute primitive Sram_lifecycle.                                                                   | [36m21392 ns[0m
[INFO][0m[92m[PRIM][0m               Core 8 start compute primitive Sram_lifecycle.                                                                 | [36m21394 ns[0m
[INFO][0m[92m[PRIM][0m               Core 8 end compute primitive Sram_lifecycle.                                                                   | [36m21394 ns[0m
[INFO][0m[92m[PRIM][0m               Core 4 start compute primitive Sram_bind_oneshot.                                                              | [36m21396 ns[0m
[INFO][0m[92m[PRIM][0m               Core 4 end compute primitive Sram_bind_oneshot.                                                                | [36m21396 ns[0m
[INFO][0m[92m[PRIM][0m               Core 0 start compute primitive Sram_lifecycle.                                                                 | [36m21398 ns[0m
[INFO][0m[92m[PRIM][0m               Core 0 end compute primitive Sram_lifecycle.                                                                   | [36m21398 ns[0m
[INFO][0m[92m[PRIM][0m               Core 8 start compute primitive Sram_lifecycle.                                                                 | [36m21400 ns[0m
[INFO][0m[92m[PRIM][0m               Core 8 end compute primitive Sram_lifecycle.                                                                   | [36m21400 ns[0m
[INFO][0m[92m[PRIM][0m               Core 4 start compute primitive Residual_f.                                                                     | [36m21402 ns[0m
[INFO][0m[92m[PRIM][0m               Core 4 end compute primitive Residual_f.                                                                       | [36m21402 ns[0m
[INFO][0m[92m[PRIM][0m               Core 0 start compute primitive Lsu_mem.                                                                        | [36m21404 ns[0m
[INFO][0m[92m[PRIM][0m               Core 8 start compute primitive Sram_lifecycle.                                                                 | [36m21406 ns[0m
[INFO][0m[92m[PRIM][0m               Core 8 end compute primitive Sram_lifecycle.                                                                   | [36m21406 ns[0m
[INFO][0m[92m[PRIM][0m               Core 4 start compute primitive Sram_lifecycle.                                                                 | [36m21408 ns[0m
[INFO][0m[92m[PRIM][0m               Core 4 end compute primitive Sram_lifecycle.                                                                   | [36m21408 ns[0m
[INFO][0m[92m[PRIM][0m               Core 8 start compute primitive Sram_lifecycle.                                                                 | [36m21412 ns[0m
[INFO][0m[92m[PRIM][0m               Core 8 end compute primitive Sram_lifecycle.                                                                   | [36m21412 ns[0m
[INFO][0m[92m[PRIM][0m               Core 4 start compute primitive Sram_lifecycle.                                                                 | [36m21414 ns[0m
[INFO][0m[92m[PRIM][0m               Core 4 end compute primitive Sram_lifecycle.                                                                   | [36m21414 ns[0m
[INFO][0m[92m[PRIM][0m               Core 8 start compute primitive Sram_lifecycle.                                                                 | [36m21418 ns[0m
[INFO][0m[92m[PRIM][0m               Core 8 end compute primitive Sram_lifecycle.                                                                   | [36m21418 ns[0m
[INFO][0m[92m[PRIM][0m               Core 4 start compute primitive Sram_lifecycle.                                                                 | [36m21420 ns[0m
[INFO][0m[92m[PRIM][0m               Core 4 end compute primitive Sram_lifecycle.                                                                   | [36m21420 ns[0m
[INFO][0m[92m[PRIM][0m               Core 8 start compute primitive Sram_bind_oneshot.                                                              | [36m21424 ns[0m
[INFO][0m[92m[PRIM][0m               Core 12 start compute primitive Sram_lifecycle.                                                                | [36m21424 ns[0m
[INFO][0m[92m[PRIM][0m               Core 12 end compute primitive Sram_lifecycle.                                                                  | [36m21424 ns[0m
[INFO][0m[92m[PRIM][0m               Core 8 end compute primitive Sram_bind_oneshot.                                                                | [36m21424 ns[0m
[INFO][0m[92m[PRIM][0m               Core 4 start compute primitive Lsu_mem.                                                                        | [36m21426 ns[0m
[INFO][0m[92m[PRIM][0m               Core 8 start compute primitive Matmul_f.                                                                       | [36m21430 ns[0m
[INFO][0m[92m[PRIM][0m               Core 8 end compute primitive Matmul_f.                                                                         | [36m21446 ns[0m
[INFO][0m[92m[PRIM][0m               Core 8 start compute primitive Sram_lifecycle.                                                                 | [36m21452 ns[0m
[INFO][0m[92m[PRIM][0m               Core 8 end compute primitive Sram_lifecycle.                                                                   | [36m21452 ns[0m
[INFO][0m[92m[PRIM][0m               Core 8 start compute primitive Sram_lifecycle.                                                                 | [36m21458 ns[0m
[INFO][0m[92m[PRIM][0m               Core 8 end compute primitive Sram_lifecycle.                                                                   | [36m21458 ns[0m
[INFO][0m[92m[PRIM][0m               Core 4 end compute primitive Lsu_mem.                                                                          | [36m21507 ns[0m
[INFO][0m[92m[PRIM][0m               Core 4 start compute primitive Sram_lifecycle.                                                                 | [36m21513 ns[0m
[INFO][0m[92m[PRIM][0m               Core 4 end compute primitive Sram_lifecycle.                                                                   | [36m21513 ns[0m
[INFO][0m[92m[PRIM][0m               Core 4 start compute primitive Sram_bind_oneshot.                                                              | [36m21519 ns[0m
[INFO][0m[92m[PRIM][0m               Core 4 end compute primitive Sram_bind_oneshot.                                                                | [36m21519 ns[0m
[INFO][0m[92m[PRIM][0m               Core 4 start compute primitive rmsnorm_forward.                                                                | [36m21525 ns[0m
[INFO][0m[92m[PRIM][0m               Core 4 end compute primitive rmsnorm_forward.                                                                  | [36m21527 ns[0m
[INFO][0m[92m[PRIM][0m               Core 8 start compute primitive Sram_lifecycle.                                                                 | [36m21528 ns[0m
[INFO][0m[92m[PRIM][0m               Core 8 end compute primitive Sram_lifecycle.                                                                   | [36m21528 ns[0m
[INFO][0m[92m[PRIM][0m               Core 4 start compute primitive Sram_lifecycle.                                                                 | [36m21533 ns[0m
[INFO][0m[92m[PRIM][0m               Core 4 end compute primitive Sram_lifecycle.                                                                   | [36m21533 ns[0m
[INFO][0m[92m[PRIM][0m               Core 8 start compute primitive Sram_lifecycle.                                                                 | [36m21534 ns[0m
[INFO][0m[92m[PRIM][0m               Core 8 end compute primitive Sram_lifecycle.                                                                   | [36m21534 ns[0m
[INFO][0m[92m[PRIM][0m               Core 4 start compute primitive Sram_lifecycle.                                                                 | [36m21539 ns[0m
[INFO][0m[92m[PRIM][0m               Core 4 end compute primitive Sram_lifecycle.                                                                   | [36m21539 ns[0m
[INFO][0m[92m[PRIM][0m               Core 8 start compute primitive Sram_bind_oneshot.                                                              | [36m21540 ns[0m
[INFO][0m[92m[PRIM][0m               Core 8 end compute primitive Sram_bind_oneshot.                                                                | [36m21540 ns[0m
[INFO][0m[92m[PRIM][0m               Core 4 start compute primitive Sram_lifecycle.                                                                 | [36m21545 ns[0m
[INFO][0m[92m[PRIM][0m               Core 4 end compute primitive Sram_lifecycle.                                                                   | [36m21545 ns[0m
[INFO][0m[92m[PRIM][0m               Core 8 start compute primitive Residual_f.                                                                     | [36m21546 ns[0m
[INFO][0m[92m[PRIM][0m               Core 8 end compute primitive Residual_f.                                                                       | [36m21546 ns[0m
[INFO][0m[92m[PRIM][0m               Core 4 start compute primitive Lsu_mem.                                                                        | [36m21551 ns[0m
[INFO][0m[92m[PRIM][0m               Core 8 start compute primitive Sram_lifecycle.                                                                 | [36m21552 ns[0m
[INFO][0m[92m[PRIM][0m               Core 8 end compute primitive Sram_lifecycle.                                                                   | [36m21552 ns[0m
[INFO][0m[92m[PRIM][0m               Core 8 start compute primitive Sram_lifecycle.                                                                 | [36m21558 ns[0m
[INFO][0m[92m[PRIM][0m               Core 8 end compute primitive Sram_lifecycle.                                                                   | [36m21558 ns[0m
[INFO][0m[92m[PRIM][0m               Core 8 start compute primitive Sram_lifecycle.                                                                 | [36m21564 ns[0m
[INFO][0m[92m[PRIM][0m               Core 8 end compute primitive Sram_lifecycle.                                                                   | [36m21564 ns[0m
[INFO][0m[92m[PRIM][0m               Core 12 start compute primitive Sram_lifecycle.                                                                | [36m21568 ns[0m
[INFO][0m[92m[PRIM][0m               Core 12 end compute primitive Sram_lifecycle.                                                                  | [36m21568 ns[0m
[INFO][0m[92m[PRIM][0m               Core 8 start compute primitive Lsu_mem.                                                                        | [36m21570 ns[0m
[INFO][0m[92m[PRIM][0m               Core 12 start compute primitive Collective_data_v1_prim.                                                       | [36m21574 ns[0m
[INFO][0m[92m[PRIM][0m               Core 12 end compute primitive Collective_data_v1_prim.                                                         | [36m21604 ns[0m
[INFO][0m[92m[PRIM][0m               Core 12 start compute primitive Sram_lifecycle.                                                                | [36m21610 ns[0m
[INFO][0m[92m[PRIM][0m               Core 12 end compute primitive Sram_lifecycle.                                                                  | [36m21610 ns[0m
[INFO][0m[92m[PRIM][0m               Core 12 start compute primitive Sram_lifecycle.                                                                | [36m21616 ns[0m
[INFO][0m[92m[PRIM][0m               Core 12 end compute primitive Sram_lifecycle.                                                                  | [36m21616 ns[0m
[INFO][0m[92m[PRIM][0m               Core 12 start compute primitive Sram_lifecycle.                                                                | [36m21622 ns[0m
[INFO][0m[92m[PRIM][0m               Core 12 end compute primitive Sram_lifecycle.                                                                  | [36m21622 ns[0m
[INFO][0m[92m[PRIM][0m               Core 12 start compute primitive Sram_lifecycle.                                                                | [36m21628 ns[0m
[INFO][0m[92m[PRIM][0m               Core 12 end compute primitive Sram_lifecycle.                                                                  | [36m21628 ns[0m
[INFO][0m[92m[PRIM][0m               Core 12 start compute primitive Sram_lifecycle.                                                                | [36m21634 ns[0m
[INFO][0m[92m[PRIM][0m               Core 12 end compute primitive Sram_lifecycle.                                                                  | [36m21634 ns[0m
[INFO][0m[92m[PRIM][0m               Core 12 start compute primitive Sram_bind_oneshot.                                                             | [36m21640 ns[0m
[INFO][0m[92m[PRIM][0m               Core 12 end compute primitive Sram_bind_oneshot.                                                               | [36m21640 ns[0m
[INFO][0m[92m[PRIM][0m               Core 12 start compute primitive Residual_f.                                                                    | [36m21646 ns[0m
[INFO][0m[92m[PRIM][0m               Core 12 end compute primitive Residual_f.                                                                      | [36m21646 ns[0m
[INFO][0m[92m[PRIM][0m               Core 12 start compute primitive Sram_lifecycle.                                                                | [36m21652 ns[0m
[INFO][0m[92m[PRIM][0m               Core 12 end compute primitive Sram_lifecycle.                                                                  | [36m21652 ns[0m
[INFO][0m[92m[PRIM][0m               Core 8 end compute primitive Lsu_mem.                                                                          | [36m21652 ns[0m
[INFO][0m[92m[PRIM][0m               Core 12 start compute primitive Sram_lifecycle.                                                                | [36m21658 ns[0m
[INFO][0m[92m[PRIM][0m               Core 8 start compute primitive Sram_lifecycle.                                                                 | [36m21658 ns[0m
[INFO][0m[92m[PRIM][0m               Core 8 end compute primitive Sram_lifecycle.                                                                   | [36m21658 ns[0m
[INFO][0m[92m[PRIM][0m               Core 12 end compute primitive Sram_lifecycle.                                                                  | [36m21658 ns[0m
[INFO][0m[92m[PRIM][0m               Core 8 start compute primitive Sram_bind_oneshot.                                                              | [36m21664 ns[0m
[INFO][0m[92m[PRIM][0m               Core 12 start compute primitive Sram_lifecycle.                                                                | [36m21664 ns[0m
[INFO][0m[92m[PRIM][0m               Core 12 end compute primitive Sram_lifecycle.                                                                  | [36m21664 ns[0m
[INFO][0m[92m[PRIM][0m               Core 8 end compute primitive Sram_bind_oneshot.                                                                | [36m21664 ns[0m
[INFO][0m[92m[PRIM][0m               Core 12 start compute primitive Lsu_mem.                                                                       | [36m21670 ns[0m
[INFO][0m[92m[PRIM][0m               Core 8 start compute primitive rmsnorm_forward.                                                                | [36m21670 ns[0m
[INFO][0m[92m[PRIM][0m               Core 8 end compute primitive rmsnorm_forward.                                                                  | [36m21672 ns[0m
[INFO][0m[92m[PRIM][0m               Core 8 start compute primitive Sram_lifecycle.                                                                 | [36m21678 ns[0m
[INFO][0m[92m[PRIM][0m               Core 8 end compute primitive Sram_lifecycle.                                                                   | [36m21678 ns[0m
[INFO][0m[92m[PRIM][0m               Core 8 start compute primitive Sram_lifecycle.                                                                 | [36m21684 ns[0m
[INFO][0m[92m[PRIM][0m               Core 8 end compute primitive Sram_lifecycle.                                                                   | [36m21684 ns[0m
[INFO][0m[92m[PRIM][0m               Core 8 start compute primitive Sram_lifecycle.                                                                 | [36m21690 ns[0m
[INFO][0m[92m[PRIM][0m               Core 8 end compute primitive Sram_lifecycle.                                                                   | [36m21690 ns[0m
[INFO][0m[92m[PRIM][0m               Core 8 start compute primitive Lsu_mem.                                                                        | [36m21696 ns[0m
[INFO][0m[92m[PRIM][0m               Core 12 end compute primitive Lsu_mem.                                                                         | [36m21751 ns[0m
[INFO][0m[92m[PRIM][0m               Core 12 start compute primitive Sram_lifecycle.                                                                | [36m21757 ns[0m
[INFO][0m[92m[PRIM][0m               Core 12 end compute primitive Sram_lifecycle.                                                                  | [36m21757 ns[0m
[INFO][0m[92m[PRIM][0m               Core 12 start compute primitive Sram_bind_oneshot.                                                             | [36m21763 ns[0m
[INFO][0m[92m[PRIM][0m               Core 12 end compute primitive Sram_bind_oneshot.                                                               | [36m21763 ns[0m
[INFO][0m[92m[PRIM][0m               Core 12 start compute primitive rmsnorm_forward.                                                               | [36m21769 ns[0m
[INFO][0m[92m[PRIM][0m               Core 12 end compute primitive rmsnorm_forward.                                                                 | [36m21771 ns[0m
[INFO][0m[92m[PRIM][0m               Core 12 start compute primitive Sram_lifecycle.                                                                | [36m21777 ns[0m
[INFO][0m[92m[PRIM][0m               Core 12 end compute primitive Sram_lifecycle.                                                                  | [36m21777 ns[0m
[INFO][0m[92m[PRIM][0m               Core 12 start compute primitive Sram_lifecycle.                                                                | [36m21783 ns[0m
[INFO][0m[92m[PRIM][0m               Core 12 end compute primitive Sram_lifecycle.                                                                  | [36m21783 ns[0m
[INFO][0m[92m[PRIM][0m               Core 12 start compute primitive Sram_lifecycle.                                                                | [36m21789 ns[0m
[INFO][0m[92m[PRIM][0m               Core 12 end compute primitive Sram_lifecycle.                                                                  | [36m21789 ns[0m
[INFO][0m[92m[PRIM][0m               Core 12 start compute primitive Lsu_mem.                                                                       | [36m21795 ns[0m
[INFO][0m[92m[PRIM][0m               Core 0 end compute primitive Lsu_mem.                                                                          | [36m25333 ns[0m
[INFO][0m[92m[PRIM][0m               Core 0 start compute primitive Sram_lifecycle.                                                                 | [36m25339 ns[0m
[INFO][0m[92m[PRIM][0m               Core 0 end compute primitive Sram_lifecycle.                                                                   | [36m25339 ns[0m
[INFO][0m[92m[PRIM][0m               Core 0 start compute primitive Sram_bind_oneshot.                                                              | [36m25345 ns[0m
[INFO][0m[92m[PRIM][0m               Core 0 end compute primitive Sram_bind_oneshot.                                                                | [36m25345 ns[0m
[INFO][0m[92m[PRIM][0m               Core 0 start compute primitive Matmul_f.                                                                       | [36m25351 ns[0m
[INFO][0m[92m[PRIM][0m               Core 0 end compute primitive Matmul_f.                                                                         | [36m25479 ns[0m
[INFO][0m[92m[PRIM][0m               Core 4 end compute primitive Lsu_mem.                                                                          | [36m25480 ns[0m
[INFO][0m[92m[PRIM][0m               Core 0 start compute primitive Sram_lifecycle.                                                                 | [36m25485 ns[0m
[INFO][0m[92m[PRIM][0m               Core 0 end compute primitive Sram_lifecycle.                                                                   | [36m25485 ns[0m
[INFO][0m[92m[PRIM][0m               Core 4 start compute primitive Sram_lifecycle.                                                                 | [36m25486 ns[0m
[INFO][0m[92m[PRIM][0m               Core 4 end compute primitive Sram_lifecycle.                                                                   | [36m25486 ns[0m
[INFO][0m[92m[PRIM][0m               Core 0 start compute primitive Sram_lifecycle.                                                                 | [36m25491 ns[0m
[INFO][0m[92m[PRIM][0m               Core 0 end compute primitive Sram_lifecycle.                                                                   | [36m25491 ns[0m
[INFO][0m[92m[PRIM][0m               Core 4 start compute primitive Sram_bind_oneshot.                                                              | [36m25492 ns[0m
[INFO][0m[92m[PRIM][0m               Core 4 end compute primitive Sram_bind_oneshot.                                                                | [36m25492 ns[0m
[INFO][0m[92m[PRIM][0m               Core 0 start compute primitive Sram_lifecycle.                                                                 | [36m25497 ns[0m
[INFO][0m[92m[PRIM][0m               Core 0 end compute primitive Sram_lifecycle.                                                                   | [36m25497 ns[0m
[INFO][0m[92m[PRIM][0m               Core 4 start compute primitive Matmul_f.                                                                       | [36m25498 ns[0m
[INFO][0m[92m[PRIM][0m               Core 0 start send primitive SEND_DONE.                                                                         | [36m25503 ns[0m
[INFO][0m[92m[PRIM][0m               Core 0 end send primitive SEND_DONE.                                                                           | [36m25507 ns[0m
[INFO][0m[92m[PRIM][0m               Core 0 start receive primitive RECV_START.                                                                     | [36m25513 ns[0m
[INFO][0m[92m[MEM_INTF][0m           End DONE reception.                                                                                            | [36m25513 ns[0m
[INFO][0m[92m[PRIM][0m               Core 8 end compute primitive Lsu_mem.                                                                          | [36m25625 ns[0m
[INFO][0m[92m[PRIM][0m               Core 4 end compute primitive Matmul_f.                                                                         | [36m25626 ns[0m
[INFO][0m[92m[PRIM][0m               Core 8 start compute primitive Sram_lifecycle.                                                                 | [36m25631 ns[0m
[INFO][0m[92m[PRIM][0m               Core 8 end compute primitive Sram_lifecycle.                                                                   | [36m25631 ns[0m
[INFO][0m[92m[PRIM][0m               Core 4 start compute primitive Sram_lifecycle.                                                                 | [36m25632 ns[0m
[INFO][0m[92m[PRIM][0m               Core 4 end compute primitive Sram_lifecycle.                                                                   | [36m25632 ns[0m
[INFO][0m[92m[PRIM][0m               Core 8 start compute primitive Sram_bind_oneshot.                                                              | [36m25637 ns[0m
[INFO][0m[92m[PRIM][0m               Core 8 end compute primitive Sram_bind_oneshot.                                                                | [36m25637 ns[0m
[INFO][0m[92m[PRIM][0m               Core 4 start compute primitive Sram_lifecycle.                                                                 | [36m25638 ns[0m
[INFO][0m[92m[PRIM][0m               Core 4 end compute primitive Sram_lifecycle.                                                                   | [36m25638 ns[0m
[INFO][0m[92m[PRIM][0m               Core 8 start compute primitive Matmul_f.                                                                       | [36m25643 ns[0m
[INFO][0m[92m[PRIM][0m               Core 4 start compute primitive Sram_lifecycle.                                                                 | [36m25644 ns[0m
[INFO][0m[92m[PRIM][0m               Core 4 end compute primitive Sram_lifecycle.                                                                   | [36m25644 ns[0m
[INFO][0m[92m[PRIM][0m               Core 4 start send primitive SEND_DONE.                                                                         | [36m25650 ns[0m
[INFO][0m[92m[PRIM][0m               Core 4 end send primitive SEND_DONE.                                                                           | [36m25654 ns[0m
[INFO][0m[92m[PRIM][0m               Core 4 start receive primitive RECV_START.                                                                     | [36m25660 ns[0m
[INFO][0m[92m[MEM_INTF][0m           End DONE reception.                                                                                            | [36m25660 ns[0m
[INFO][0m[92m[PRIM][0m               Core 12 end compute primitive Lsu_mem.                                                                         | [36m25724 ns[0m
[INFO][0m[92m[PRIM][0m               Core 12 start compute primitive Sram_lifecycle.                                                                | [36m25730 ns[0m
[INFO][0m[92m[PRIM][0m               Core 12 end compute primitive Sram_lifecycle.                                                                  | [36m25730 ns[0m
[INFO][0m[92m[PRIM][0m               Core 12 start compute primitive Sram_bind_oneshot.                                                             | [36m25736 ns[0m
[INFO][0m[92m[PRIM][0m               Core 12 end compute primitive Sram_bind_oneshot.                                                               | [36m25736 ns[0m
[INFO][0m[92m[PRIM][0m               Core 12 start compute primitive Matmul_f.                                                                      | [36m25742 ns[0m
[INFO][0m[92m[PRIM][0m               Core 8 end compute primitive Matmul_f.                                                                         | [36m25771 ns[0m
[INFO][0m[92m[PRIM][0m               Core 8 start compute primitive Sram_lifecycle.                                                                 | [36m25777 ns[0m
[INFO][0m[92m[PRIM][0m               Core 8 end compute primitive Sram_lifecycle.                                                                   | [36m25777 ns[0m
[INFO][0m[92m[PRIM][0m               Core 8 start compute primitive Sram_lifecycle.                                                                 | [36m25783 ns[0m
[INFO][0m[92m[PRIM][0m               Core 8 end compute primitive Sram_lifecycle.                                                                   | [36m25783 ns[0m
[INFO][0m[92m[PRIM][0m               Core 8 start compute primitive Sram_lifecycle.                                                                 | [36m25789 ns[0m
[INFO][0m[92m[PRIM][0m               Core 8 end compute primitive Sram_lifecycle.                                                                   | [36m25789 ns[0m
[INFO][0m[92m[PRIM][0m               Core 8 start send primitive SEND_DONE.                                                                         | [36m25795 ns[0m
[INFO][0m[92m[PRIM][0m               Core 8 end send primitive SEND_DONE.                                                                           | [36m25799 ns[0m
[INFO][0m[92m[PRIM][0m               Core 8 start receive primitive RECV_START.                                                                     | [36m25805 ns[0m
[INFO][0m[92m[MEM_INTF][0m           End DONE reception.                                                                                            | [36m25805 ns[0m
[INFO][0m[92m[PRIM][0m               Core 12 end compute primitive Matmul_f.                                                                        | [36m25870 ns[0m
[INFO][0m[92m[PRIM][0m               Core 12 start compute primitive Sram_lifecycle.                                                                | [36m25876 ns[0m
[INFO][0m[92m[PRIM][0m               Core 12 end compute primitive Sram_lifecycle.                                                                  | [36m25876 ns[0m
[INFO][0m[92m[PRIM][0m               Core 12 start compute primitive Sram_lifecycle.                                                                | [36m25882 ns[0m
[INFO][0m[92m[PRIM][0m               Core 12 end compute primitive Sram_lifecycle.                                                                  | [36m25882 ns[0m
[INFO][0m[92m[PRIM][0m               Core 12 start compute primitive Sram_lifecycle.                                                                | [36m25888 ns[0m
[INFO][0m[92m[PRIM][0m               Core 12 end compute primitive Sram_lifecycle.                                                                  | [36m25888 ns[0m
[INFO][0m[92m[PRIM][0m               Core 12 start send primitive SEND_DONE.                                                                        | [36m25894 ns[0m
[INFO][0m[92m[PRIM][0m               Core 12 end send primitive SEND_DONE.                                                                          | [36m25898 ns[0m
[INFO][0m[92m[PRIM][0m               Core 12 start receive primitive RECV_START.                                                                    | [36m25904 ns[0m
[INFO][0m[92m[MEM_INTF][0m           End DONE reception.                                                                                            | [36m25904 ns[0m

Info: /OSCI/SystemC: Simulation stopped by user.
[SIM_RESULT] makespan_cycles=12952
[PROGRAM_MEMORY] core=0 lsu_issued=19 lsu_completed=19 lsu_hbm_read_bytes=26944 lsu_hbm_write_bytes=256 lsu_sram_read_bytes=256 lsu_sram_write_bytes=26944 lsu_residual=0 dte_residual=0
[PROGRAM_MEMORY] core=4 lsu_issued=19 lsu_completed=19 lsu_hbm_read_bytes=26944 lsu_hbm_write_bytes=256 lsu_sram_read_bytes=256 lsu_sram_write_bytes=26944 lsu_residual=0 dte_residual=0
[PROGRAM_MEMORY] core=8 lsu_issued=19 lsu_completed=19 lsu_hbm_read_bytes=26944 lsu_hbm_write_bytes=256 lsu_sram_read_bytes=256 lsu_sram_write_bytes=26944 lsu_residual=0 dte_residual=0
[PROGRAM_MEMORY] core=12 lsu_issued=19 lsu_completed=19 lsu_hbm_read_bytes=26944 lsu_hbm_write_bytes=256 lsu_sram_read_bytes=256 lsu_sram_write_bytes=26944 lsu_residual=0 dte_residual=0
[PROGRAM_IO_PROBE] id=program_output_probe_a8a8856a0a556544 core=0 address=33920 bytes=256 expected_checksum=5341e6b2646979a70e57653007a1f310169421ec9bdd9f1a5648f75ade005af1 checksum=5341e6b2646979a70e57653007a1f310169421ec9bdd9f1a5648f75ade005af1 valid=1 exact=1 pass=1
[PROGRAM_IO_PROBE] id=program_output_probe_a2ec3b3ad246811b core=4 address=33920 bytes=256 expected_checksum=5341e6b2646979a70e57653007a1f310169421ec9bdd9f1a5648f75ade005af1 checksum=5341e6b2646979a70e57653007a1f310169421ec9bdd9f1a5648f75ade005af1 valid=1 exact=1 pass=1
[PROGRAM_IO_PROBE] id=program_output_probe_4cbff79a16f2e181 core=8 address=33920 bytes=256 expected_checksum=5341e6b2646979a70e57653007a1f310169421ec9bdd9f1a5648f75ade005af1 checksum=5341e6b2646979a70e57653007a1f310169421ec9bdd9f1a5648f75ade005af1 valid=1 exact=1 pass=1
[PROGRAM_IO_PROBE] id=program_output_probe_007c9856be940da8 core=12 address=33920 bytes=256 expected_checksum=5341e6b2646979a70e57653007a1f310169421ec9bdd9f1a5648f75ade005af1 checksum=5341e6b2646979a70e57653007a1f310169421ec9bdd9f1a5648f75ade005af1 valid=1 exact=1 pass=1
[PROGRAM_IO] phase=verify mode=timing initializations=432 probes=4 checksum=49bc114290009804f466332173b0c7d00e5c9477974b5c88e54f56840950dbed pass=1
[INFO][0m[92m[SYSTEM][0m             [D2D] in_pkts=928 out_pkts=928 busy_cycles=0 stall_cycles=0.                                                   | [36m25904 ns[0m
[INFO][0m[92m[SYSTEM][0m             [D2D_TYPE] request_in=128 request_out=128 ack_in=256 ack_out=256 data_in=512 data_out=512.                     | [36m25904 ns[0m
[INFO][0m[92m[SYSTEM][0m             [D2D_DATA] in_pkts=512 out_pkts=512 in_seqhash=5324393229770153231 out_seqhash=12292532621147314385 in_csum=424969613365085391 out_csum=1932740792318673715 out_inorder=0 out_minseq=1 out_maxseq=4 out_endseq=4 out_end_count=128 out_end_length=128 in_first_cycle=3836 in_last_cycle=10768 out_first_cycle=3839 out_last_cycle=10771. | [36m25904 ns[0m
[INFO][0m[92m[SYSTEM][0m             [V5_SUBFLOW] idx=0 source=0 tag=2 subflow=0 in=4 out=4 in_seqhash=15523928324350559131 out_seqhash=15523928324350559131 in_csum=1806765951601263986 out_csum=1806765951601263986 inorder=1 minseq=1 maxseq=4 endseq=4 ends=1 end_length=128. | [36m25904 ns[0m
[INFO][0m[92m[SYSTEM][0m             [V5_SUBFLOW] idx=0 source=0 tag=5 subflow=0 in=4 out=4 in_seqhash=15523928324350559131 out_seqhash=15523928324350559131 in_csum=11923328458303128946 out_csum=11923328458303128946 inorder=1 minseq=1 maxseq=4 endseq=4 ends=1 end_length=128. | [36m25904 ns[0m
[INFO][0m[92m[SYSTEM][0m             [V5_SUBFLOW] idx=0 source=0 tag=8 subflow=0 in=4 out=4 in_seqhash=15523928324350559131 out_seqhash=15523928324350559131 in_csum=6829686911002920306 out_csum=6829686911002920306 inorder=1 minseq=1 maxseq=4 endseq=4 ends=1 end_length=128. | [36m25904 ns[0m
[INFO][0m[92m[SYSTEM][0m             [V5_SUBFLOW] idx=0 source=0 tag=11 subflow=0 in=4 out=4 in_seqhash=15523928324350559131 out_seqhash=15523928324350559131 in_csum=6570659563684939122 out_csum=6570659563684939122 inorder=1 minseq=1 maxseq=4 endseq=4 ends=1 end_length=128. | [36m25904 ns[0m
[INFO][0m[92m[SYSTEM][0m             [V5_SUBFLOW] idx=0 source=0 tag=14 subflow=0 in=4 out=4 in_seqhash=15523928324350559131 out_seqhash=15523928324350559131 in_csum=3518415284978763122 out_csum=3518415284978763122 inorder=1 minseq=1 maxseq=4 endseq=4 ends=1 end_length=128. | [36m25904 ns[0m
[INFO][0m[92m[SYSTEM][0m             [V5_SUBFLOW] idx=0 source=0 tag=17 subflow=0 in=4 out=4 in_seqhash=15523928324350559131 out_seqhash=15523928324350559131 in_csum=15175771814194759026 out_csum=15175771814194759026 inorder=1 minseq=1 maxseq=4 endseq=4 ends=1 end_length=128. | [36m25904 ns[0m
[INFO][0m[92m[SYSTEM][0m             [V5_SUBFLOW] idx=0 source=0 tag=20 subflow=0 in=4 out=4 in_seqhash=15523928324350559131 out_seqhash=15523928324350559131 in_csum=11813764323618506098 out_csum=11813764323618506098 inorder=1 minseq=1 maxseq=4 endseq=4 ends=1 end_length=128. | [36m25904 ns[0m
[INFO][0m[92m[SYSTEM][0m             [V5_SUBFLOW] idx=0 source=0 tag=23 subflow=0 in=4 out=4 in_seqhash=15523928324350559131 out_seqhash=15523928324350559131 in_csum=16317575057221535090 out_csum=16317575057221535090 inorder=1 minseq=1 maxseq=4 endseq=4 ends=1 end_length=128. | [36m25904 ns[0m
[INFO][0m[92m[SYSTEM][0m             [V5_SUBFLOW] idx=0 source=4 tag=2 subflow=0 in=4 out=4 in_seqhash=15523928324350559131 out_seqhash=15523928324350559131 in_csum=1806765951601263986 out_csum=1806765951601263986 inorder=1 minseq=1 maxseq=4 endseq=4 ends=1 end_length=128. | [36m25904 ns[0m
[INFO][0m[92m[SYSTEM][0m             [V5_SUBFLOW] idx=0 source=4 tag=5 subflow=0 in=4 out=4 in_seqhash=15523928324350559131 out_seqhash=15523928324350559131 in_csum=11923328458303128946 out_csum=11923328458303128946 inorder=1 minseq=1 maxseq=4 endseq=4 ends=1 end_length=128. | [36m25904 ns[0m
[INFO][0m[92m[SYSTEM][0m             [V5_SUBFLOW] idx=0 source=4 tag=8 subflow=0 in=4 out=4 in_seqhash=15523928324350559131 out_seqhash=15523928324350559131 in_csum=6829686911002920306 out_csum=6829686911002920306 inorder=1 minseq=1 maxseq=4 endseq=4 ends=1 end_length=128. | [36m25904 ns[0m
[INFO][0m[92m[SYSTEM][0m             [V5_SUBFLOW] idx=0 source=4 tag=11 subflow=0 in=4 out=4 in_seqhash=15523928324350559131 out_seqhash=15523928324350559131 in_csum=6570659563684939122 out_csum=6570659563684939122 inorder=1 minseq=1 maxseq=4 endseq=4 ends=1 end_length=128. | [36m25904 ns[0m
[INFO][0m[92m[SYSTEM][0m             [V5_SUBFLOW] idx=0 source=4 tag=14 subflow=0 in=4 out=4 in_seqhash=15523928324350559131 out_seqhash=15523928324350559131 in_csum=3518415284978763122 out_csum=3518415284978763122 inorder=1 minseq=1 maxseq=4 endseq=4 ends=1 end_length=128. | [36m25904 ns[0m
[INFO][0m[92m[SYSTEM][0m             [V5_SUBFLOW] idx=0 source=4 tag=17 subflow=0 in=4 out=4 in_seqhash=15523928324350559131 out_seqhash=15523928324350559131 in_csum=15175771814194759026 out_csum=15175771814194759026 inorder=1 minseq=1 maxseq=4 endseq=4 ends=1 end_length=128. | [36m25904 ns[0m
[INFO][0m[92m[SYSTEM][0m             [V5_SUBFLOW] idx=0 source=4 tag=20 subflow=0 in=4 out=4 in_seqhash=15523928324350559131 out_seqhash=15523928324350559131 in_csum=11813764323618506098 out_csum=11813764323618506098 inorder=1 minseq=1 maxseq=4 endseq=4 ends=1 end_length=128. | [36m25904 ns[0m
[INFO][0m[92m[SYSTEM][0m             [V5_SUBFLOW] idx=0 source=4 tag=23 subflow=0 in=4 out=4 in_seqhash=15523928324350559131 out_seqhash=15523928324350559131 in_csum=16317575057221535090 out_csum=16317575057221535090 inorder=1 minseq=1 maxseq=4 endseq=4 ends=1 end_length=128. | [36m25904 ns[0m
[INFO][0m[92m[SYSTEM][0m             [V5_SUBFLOW] idx=1 source=0 tag=1 subflow=0 in=4 out=4 in_seqhash=15523928324350559131 out_seqhash=15523928324350559131 in_csum=18347627432769930610 out_csum=18347627432769930610 inorder=1 minseq=1 maxseq=4 endseq=4 ends=1 end_length=128. | [36m25904 ns[0m
[INFO][0m[92m[SYSTEM][0m             [V5_SUBFLOW] idx=1 source=0 tag=3 subflow=0 in=4 out=4 in_seqhash=15523928324350559131 out_seqhash=15523928324350559131 in_csum=16568413615597995378 out_csum=16568413615597995378 inorder=1 minseq=1 maxseq=4 endseq=4 ends=1 end_length=128. | [36m25904 ns[0m
[INFO][0m[92m[SYSTEM][0m             [V5_SUBFLOW] idx=1 source=0 tag=4 subflow=0 in=4 out=4 in_seqhash=15523928324350559131 out_seqhash=15523928324350559131 in_csum=5919170204855092594 out_csum=5919170204855092594 inorder=1 minseq=1 maxseq=4 endseq=4 ends=1 end_length=128. | [36m25904 ns[0m
[INFO][0m[92m[SYSTEM][0m             [V5_SUBFLOW] idx=1 source=0 tag=6 subflow=0 in=4 out=4 in_seqhash=15523928324350559131 out_seqhash=15523928324350559131 in_csum=1529768559901066610 out_csum=1529768559901066610 inorder=1 minseq=1 maxseq=4 endseq=4 ends=1 end_length=128. | [36m25904 ns[0m
[INFO][0m[92m[SYSTEM][0m             [V5_SUBFLOW] idx=1 source=0 tag=7 subflow=0 in=4 out=4 in_seqhash=15523928324350559131 out_seqhash=15523928324350559131 in_csum=8168647849982477682 out_csum=8168647849982477682 inorder=1 minseq=1 maxseq=4 endseq=4 ends=1 end_length=128. | [36m25904 ns[0m
[INFO][0m[92m[SYSTEM][0m             [V5_SUBFLOW] idx=1 source=0 tag=9 subflow=0 in=4 out=4 in_seqhash=15523928324350559131 out_seqhash=15523928324350559131 in_csum=12513062888639219058 out_csum=12513062888639219058 inorder=1 minseq=1 maxseq=4 endseq=4 ends=1 end_length=128. | [36m25904 ns[0m
[INFO][0m[92m[SYSTEM][0m             [V5_SUBFLOW] idx=1 source=0 tag=10 subflow=0 in=4 out=4 in_seqhash=15523928324350559131 out_seqhash=15523928324350559131 in_csum=9127562726891505010 out_csum=9127562726891505010 inorder=1 minseq=1 maxseq=4 endseq=4 ends=1 end_length=128. | [36m25904 ns[0m
[INFO][0m[92m[SYSTEM][0m             [V5_SUBFLOW] idx=1 source=0 tag=12 subflow=0 in=4 out=4 in_seqhash=15523928324350559131 out_seqhash=15523928324350559131 in_csum=4981073986838775154 out_csum=4981073986838775154 inorder=1 minseq=1 maxseq=4 endseq=4 ends=1 end_length=128. | [36m25904 ns[0m
[INFO][0m[92m[SYSTEM][0m             [V5_SUBFLOW] idx=1 source=0 tag=13 subflow=0 in=4 out=4 in_seqhash=15523928324350559131 out_seqhash=15523928324350559131 in_csum=14851145272070161778 out_csum=14851145272070161778 inorder=1 minseq=1 maxseq=4 endseq=4 ends=1 end_length=128. | [36m25904 ns[0m
[INFO][0m[92m[SYSTEM][0m             [V5_SUBFLOW] idx=1 source=0 tag=15 subflow=0 in=4 out=4 in_seqhash=15523928324350559131 out_seqhash=15523928324350559131 in_csum=16234021343265736050 out_csum=16234021343265736050 inorder=1 minseq=1 maxseq=4 endseq=4 ends=1 end_length=128. | [36m25904 ns[0m
[INFO][0m[92m[SYSTEM][0m             [V5_SUBFLOW] idx=1 source=0 tag=16 subflow=0 in=4 out=4 in_seqhash=15523928324350559131 out_seqhash=15523928324350559131 in_csum=4255934567471826290 out_csum=4255934567471826290 inorder=1 minseq=1 maxseq=4 endseq=4 ends=1 end_length=128. | [36m25904 ns[0m
[INFO][0m[92m[SYSTEM][0m             [V5_SUBFLOW] idx=1 source=0 tag=18 subflow=0 in=4 out=4 in_seqhash=15523928324350559131 out_seqhash=15523928324350559131 in_csum=11868062979506750834 out_csum=11868062979506750834 inorder=1 minseq=1 maxseq=4 endseq=4 ends=1 end_length=128. | [36m25904 ns[0m
[INFO][0m[92m[SYSTEM][0m             [V5_SUBFLOW] idx=1 source=0 tag=19 subflow=0 in=4 out=4 in_seqhash=15523928324350559131 out_seqhash=15523928324350559131 in_csum=16298771077293065586 out_csum=16298771077293065586 inorder=1 minseq=1 maxseq=4 endseq=4 ends=1 end_length=128. | [36m25904 ns[0m
[INFO][0m[92m[SYSTEM][0m             [V5_SUBFLOW] idx=1 source=0 tag=21 subflow=0 in=4 out=4 in_seqhash=15523928324350559131 out_seqhash=15523928324350559131 in_csum=17220168924171519346 out_csum=17220168924171519346 inorder=1 minseq=1 maxseq=4 endseq=4 ends=1 end_length=128. | [36m25904 ns[0m
[INFO][0m[92m[SYSTEM][0m             [V5_SUBFLOW] idx=1 source=0 tag=22 subflow=0 in=4 out=4 in_seqhash=15523928324350559131 out_seqhash=15523928324350559131 in_csum=14683878767159854450 out_csum=14683878767159854450 inorder=1 minseq=1 maxseq=4 endseq=4 ends=1 end_length=128. | [36m25904 ns[0m
[INFO][0m[92m[SYSTEM][0m             [V5_SUBFLOW] idx=1 source=0 tag=24 subflow=0 in=4 out=4 in_seqhash=15523928324350559131 out_seqhash=15523928324350559131 in_csum=6128365991911409010 out_csum=6128365991911409010 inorder=1 minseq=1 maxseq=4 endseq=4 ends=1 end_length=128. | [36m25904 ns[0m
[INFO][0m[92m[SYSTEM][0m             [V5_SUBFLOW] idx=2 source=0 tag=3 subflow=0 in=4 out=4 in_seqhash=15523928324350559131 out_seqhash=15523928324350559131 in_csum=6036745886992090482 out_csum=6036745886992090482 inorder=1 minseq=1 maxseq=4 endseq=4 ends=1 end_length=128. | [36m25904 ns[0m
[INFO][0m[92m[SYSTEM][0m             [V5_SUBFLOW] idx=2 source=0 tag=6 subflow=0 in=4 out=4 in_seqhash=15523928324350559131 out_seqhash=15523928324350559131 in_csum=12305756568291820914 out_csum=12305756568291820914 inorder=1 minseq=1 maxseq=4 endseq=4 ends=1 end_length=128. | [36m25904 ns[0m
[INFO][0m[92m[SYSTEM][0m             [V5_SUBFLOW] idx=2 source=0 tag=9 subflow=0 in=4 out=4 in_seqhash=15523928324350559131 out_seqhash=15523928324350559131 in_csum=16815126432684885362 out_csum=16815126432684885362 inorder=1 minseq=1 maxseq=4 endseq=4 ends=1 end_length=128. | [36m25904 ns[0m
[INFO][0m[92m[SYSTEM][0m             [V5_SUBFLOW] idx=2 source=0 tag=12 subflow=0 in=4 out=4 in_seqhash=15523928324350559131 out_seqhash=15523928324350559131 in_csum=15512741715444680050 out_csum=15512741715444680050 inorder=1 minseq=1 maxseq=4 endseq=4 ends=1 end_length=128. | [36m25904 ns[0m
[INFO][0m[92m[SYSTEM][0m             [V5_SUBFLOW] idx=2 source=0 tag=15 subflow=0 in=4 out=4 in_seqhash=15523928324350559131 out_seqhash=15523928324350559131 in_csum=8808711457638630770 out_csum=8808711457638630770 inorder=1 minseq=1 maxseq=4 endseq=4 ends=1 end_length=128. | [36m25904 ns[0m
[INFO][0m[92m[SYSTEM][0m             [V5_SUBFLOW] idx=2 source=0 tag=18 subflow=0 in=4 out=4 in_seqhash=15523928324350559131 out_seqhash=15523928324350559131 in_csum=13523135842565408114 out_csum=13523135842565408114 inorder=1 minseq=1 maxseq=4 endseq=4 ends=1 end_length=128. | [36m25904 ns[0m
[INFO][0m[92m[SYSTEM][0m             [V5_SUBFLOW] idx=2 source=0 tag=21 subflow=0 in=4 out=4 in_seqhash=15523928324350559131 out_seqhash=15523928324350559131 in_csum=12682792299595744626 out_csum=12682792299595744626 inorder=1 minseq=1 maxseq=4 endseq=4 ends=1 end_length=128. | [36m25904 ns[0m
[INFO][0m[92m[SYSTEM][0m             [V5_SUBFLOW] idx=2 source=0 tag=24 subflow=0 in=4 out=4 in_seqhash=15523928324350559131 out_seqhash=15523928324350559131 in_csum=6452625165082084722 out_csum=6452625165082084722 inorder=1 minseq=1 maxseq=4 endseq=4 ends=1 end_length=128. | [36m25904 ns[0m
[INFO][0m[92m[SYSTEM][0m             [V5_SUBFLOW] idx=2 source=4 tag=3 subflow=0 in=4 out=4 in_seqhash=15523928324350559131 out_seqhash=15523928324350559131 in_csum=6036745886992090482 out_csum=6036745886992090482 inorder=1 minseq=1 maxseq=4 endseq=4 ends=1 end_length=128. | [36m25904 ns[0m
[INFO][0m[92m[SYSTEM][0m             [V5_SUBFLOW] idx=2 source=4 tag=6 subflow=0 in=4 out=4 in_seqhash=15523928324350559131 out_seqhash=15523928324350559131 in_csum=12305756568291820914 out_csum=12305756568291820914 inorder=1 minseq=1 maxseq=4 endseq=4 ends=1 end_length=128. | [36m25904 ns[0m
[INFO][0m[92m[SYSTEM][0m             [V5_SUBFLOW] idx=2 source=4 tag=9 subflow=0 in=4 out=4 in_seqhash=15523928324350559131 out_seqhash=15523928324350559131 in_csum=16815126432684885362 out_csum=16815126432684885362 inorder=1 minseq=1 maxseq=4 endseq=4 ends=1 end_length=128. | [36m25904 ns[0m
[INFO][0m[92m[SYSTEM][0m             [V5_SUBFLOW] idx=2 source=4 tag=12 subflow=0 in=4 out=4 in_seqhash=15523928324350559131 out_seqhash=15523928324350559131 in_csum=15512741715444680050 out_csum=15512741715444680050 inorder=1 minseq=1 maxseq=4 endseq=4 ends=1 end_length=128. | [36m25904 ns[0m
[INFO][0m[92m[SYSTEM][0m             [V5_SUBFLOW] idx=2 source=4 tag=15 subflow=0 in=4 out=4 in_seqhash=15523928324350559131 out_seqhash=15523928324350559131 in_csum=8808711457638630770 out_csum=8808711457638630770 inorder=1 minseq=1 maxseq=4 endseq=4 ends=1 end_length=128. | [36m25904 ns[0m
[INFO][0m[92m[SYSTEM][0m             [V5_SUBFLOW] idx=2 source=4 tag=18 subflow=0 in=4 out=4 in_seqhash=15523928324350559131 out_seqhash=15523928324350559131 in_csum=13523135842565408114 out_csum=13523135842565408114 inorder=1 minseq=1 maxseq=4 endseq=4 ends=1 end_length=128. | [36m25904 ns[0m
[INFO][0m[92m[SYSTEM][0m             [V5_SUBFLOW] idx=2 source=4 tag=21 subflow=0 in=4 out=4 in_seqhash=15523928324350559131 out_seqhash=15523928324350559131 in_csum=12682792299595744626 out_csum=12682792299595744626 inorder=1 minseq=1 maxseq=4 endseq=4 ends=1 end_length=128. | [36m25904 ns[0m
[INFO][0m[92m[SYSTEM][0m             [V5_SUBFLOW] idx=2 source=4 tag=24 subflow=0 in=4 out=4 in_seqhash=15523928324350559131 out_seqhash=15523928324350559131 in_csum=6452625165082084722 out_csum=6452625165082084722 inorder=1 minseq=1 maxseq=4 endseq=4 ends=1 end_length=128. | [36m25904 ns[0m
[INFO][0m[92m[SYSTEM][0m             [V5_SUBFLOW] idx=3 source=4 tag=1 subflow=0 in=4 out=4 in_seqhash=15523928324350559131 out_seqhash=15523928324350559131 in_csum=13647524912644408690 out_csum=13647524912644408690 inorder=1 minseq=1 maxseq=4 endseq=4 ends=1 end_length=128. | [36m25904 ns[0m
[INFO][0m[92m[SYSTEM][0m             [V5_SUBFLOW] idx=3 source=4 tag=2 subflow=0 in=4 out=4 in_seqhash=15523928324350559131 out_seqhash=15523928324350559131 in_csum=4445875333240374642 out_csum=4445875333240374642 inorder=1 minseq=1 maxseq=4 endseq=4 ends=1 end_length=128. | [36m25904 ns[0m
[INFO][0m[92m[SYSTEM][0m             [V5_SUBFLOW] idx=3 source=4 tag=4 subflow=0 in=4 out=4 in_seqhash=15523928324350559131 out_seqhash=15523928324350559131 in_csum=11321415705107547506 out_csum=11321415705107547506 inorder=1 minseq=1 maxseq=4 endseq=4 ends=1 end_length=128. | [36m25904 ns[0m
[INFO][0m[92m[SYSTEM][0m             [V5_SUBFLOW] idx=3 source=4 tag=5 subflow=0 in=4 out=4 in_seqhash=15523928324350559131 out_seqhash=15523928324350559131 in_csum=15198571287308322162 out_csum=15198571287308322162 inorder=1 minseq=1 maxseq=4 endseq=4 ends=1 end_length=128. | [36m25904 ns[0m
[INFO][0m[92m[SYSTEM][0m             [V5_SUBFLOW] idx=3 source=4 tag=7 subflow=0 in=4 out=4 in_seqhash=15523928324350559131 out_seqhash=15523928324350559131 in_csum=813954824498759026 out_csum=813954824498759026 inorder=1 minseq=1 maxseq=4 endseq=4 ends=1 end_length=128. | [36m25904 ns[0m
[INFO][0m[92m[SYSTEM][0m             [V5_SUBFLOW] idx=3 source=4 tag=8 subflow=0 in=4 out=4 in_seqhash=15523928324350559131 out_seqhash=15523928324350559131 in_csum=3965679022971995506 out_csum=3965679022971995506 inorder=1 minseq=1 maxseq=4 endseq=4 ends=1 end_length=128. | [36m25904 ns[0m
[INFO][0m[92m[SYSTEM][0m             [V5_SUBFLOW] idx=3 source=4 tag=10 subflow=0 in=4 out=4 in_seqhash=15523928324350559131 out_seqhash=15523928324350559131 in_csum=2099732518113035634 out_csum=2099732518113035634 inorder=1 minseq=1 maxseq=4 endseq=4 ends=1 end_length=128. | [36m25904 ns[0m
[INFO][0m[92m[SYSTEM][0m             [V5_SUBFLOW] idx=3 source=4 tag=11 subflow=0 in=4 out=4 in_seqhash=15523928324350559131 out_seqhash=15523928324350559131 in_csum=18171932203791336818 out_csum=18171932203791336818 inorder=1 minseq=1 maxseq=4 endseq=4 ends=1 end_length=128. | [36m25904 ns[0m
[INFO][0m[92m[SYSTEM][0m             [V5_SUBFLOW] idx=3 source=4 tag=13 subflow=0 in=4 out=4 in_seqhash=15523928324350559131 out_seqhash=15523928324350559131 in_csum=18414585118216078706 out_csum=18414585118216078706 inorder=1 minseq=1 maxseq=4 endseq=4 ends=1 end_length=128. | [36m25904 ns[0m
[INFO][0m[92m[SYSTEM][0m             [V5_SUBFLOW] idx=3 source=4 tag=14 subflow=0 in=4 out=4 in_seqhash=15523928324350559131 out_seqhash=15523928324350559131 in_csum=13732579239855048050 out_csum=13732579239855048050 inorder=1 minseq=1 maxseq=4 endseq=4 ends=1 end_length=128. | [36m25904 ns[0m
[INFO][0m[92m[SYSTEM][0m             [V5_SUBFLOW] idx=3 source=4 tag=16 subflow=0 in=4 out=4 in_seqhash=15523928324350559131 out_seqhash=15523928324350559131 in_csum=11774027467658282354 out_csum=11774027467658282354 inorder=1 minseq=1 maxseq=4 endseq=4 ends=1 end_length=128. | [36m25904 ns[0m
[INFO][0m[92m[SYSTEM][0m             [V5_SUBFLOW] idx=3 source=4 tag=17 subflow=0 in=4 out=4 in_seqhash=15523928324350559131 out_seqhash=15523928324350559131 in_csum=7390173958378014066 out_csum=7390173958378014066 inorder=1 minseq=1 maxseq=4 endseq=4 ends=1 end_length=128. | [36m25904 ns[0m
[INFO][0m[92m[SYSTEM][0m             [V5_SUBFLOW] idx=3 source=4 tag=19 subflow=0 in=4 out=4 in_seqhash=15523928324350559131 out_seqhash=15523928324350559131 in_csum=5673901772384945522 out_csum=5673901772384945522 inorder=1 minseq=1 maxseq=4 endseq=4 ends=1 end_length=128. | [36m25904 ns[0m
[INFO][0m[92m[SYSTEM][0m             [V5_SUBFLOW] idx=3 source=4 tag=20 subflow=0 in=4 out=4 in_seqhash=15523928324350559131 out_seqhash=15523928324350559131 in_csum=4316678318930183538 out_csum=4316678318930183538 inorder=1 minseq=1 maxseq=4 endseq=4 ends=1 end_length=128. | [36m25904 ns[0m
[INFO][0m[92m[SYSTEM][0m             [V5_SUBFLOW] idx=3 source=4 tag=22 subflow=0 in=4 out=4 in_seqhash=15523928324350559131 out_seqhash=15523928324350559131 in_csum=17822924717170279794 out_csum=17822924717170279794 inorder=1 minseq=1 maxseq=4 endseq=4 ends=1 end_length=128. | [36m25904 ns[0m
[INFO][0m[92m[SYSTEM][0m             [V5_SUBFLOW] idx=3 source=4 tag=23 subflow=0 in=4 out=4 in_seqhash=15523928324350559131 out_seqhash=15523928324350559131 in_csum=5244349473424328050 out_csum=5244349473424328050 inorder=1 minseq=1 maxseq=4 endseq=4 ends=1 end_length=128. | [36m25904 ns[0m
[INFO][0m[92m[SYSTEM][0m             [V5_SUBFLOW] idx=4 source=8 tag=1 subflow=0 in=4 out=4 in_seqhash=15523928324350559131 out_seqhash=15523928324350559131 in_csum=12935520421729988310 out_csum=12935520421729988310 inorder=1 minseq=1 maxseq=4 endseq=4 ends=1 end_length=128. | [36m25904 ns[0m
[INFO][0m[92m[SYSTEM][0m             [V5_SUBFLOW] idx=4 source=8 tag=4 subflow=0 in=4 out=4 in_seqhash=15523928324350559131 out_seqhash=15523928324350559131 in_csum=9724664993647357654 out_csum=9724664993647357654 inorder=1 minseq=1 maxseq=4 endseq=4 ends=1 end_length=128. | [36m25904 ns[0m
[INFO][0m[92m[SYSTEM][0m             [V5_SUBFLOW] idx=4 source=8 tag=7 subflow=0 in=4 out=4 in_seqhash=15523928324350559131 out_seqhash=15523928324350559131 in_csum=5517528885497360086 out_csum=5517528885497360086 inorder=1 minseq=1 maxseq=4 endseq=4 ends=1 end_length=128. | [36m25904 ns[0m
[INFO][0m[92m[SYSTEM][0m             [V5_SUBFLOW] idx=4 source=8 tag=10 subflow=0 in=4 out=4 in_seqhash=15523928324350559131 out_seqhash=15523928324350559131 in_csum=17180796389224279766 out_csum=17180796389224279766 inorder=1 minseq=1 maxseq=4 endseq=4 ends=1 end_length=128. | [36m25904 ns[0m
[INFO][0m[92m[SYSTEM][0m             [V5_SUBFLOW] idx=4 source=8 tag=13 subflow=0 in=4 out=4 in_seqhash=15523928324350559131 out_seqhash=15523928324350559131 in_csum=9451986109958909654 out_csum=9451986109958909654 inorder=1 minseq=1 maxseq=4 endseq=4 ends=1 end_length=128. | [36m25904 ns[0m
[INFO][0m[92m[SYSTEM][0m             [V5_SUBFLOW] idx=4 source=8 tag=16 subflow=0 in=4 out=4 in_seqhash=15523928324350559131 out_seqhash=15523928324350559131 in_csum=8538247966811942614 out_csum=8538247966811942614 inorder=1 minseq=1 maxseq=4 endseq=4 ends=1 end_length=128. | [36m25904 ns[0m
[INFO][0m[92m[SYSTEM][0m             [V5_SUBFLOW] idx=4 source=8 tag=19 subflow=0 in=4 out=4 in_seqhash=15523928324350559131 out_seqhash=15523928324350559131 in_csum=5949874449724927702 out_csum=5949874449724927702 inorder=1 minseq=1 maxseq=4 endseq=4 ends=1 end_length=128. | [36m25904 ns[0m
[INFO][0m[92m[SYSTEM][0m             [V5_SUBFLOW] idx=4 source=8 tag=22 subflow=0 in=4 out=4 in_seqhash=15523928324350559131 out_seqhash=15523928324350559131 in_csum=6168932350349995734 out_csum=6168932350349995734 inorder=1 minseq=1 maxseq=4 endseq=4 ends=1 end_length=128. | [36m25904 ns[0m
[INFO][0m[92m[SYSTEM][0m             [V5_SUBFLOW] idx=4 source=12 tag=1 subflow=0 in=4 out=4 in_seqhash=15523928324350559131 out_seqhash=15523928324350559131 in_csum=12935520421729988310 out_csum=12935520421729988310 inorder=1 minseq=1 maxseq=4 endseq=4 ends=1 end_length=128. | [36m25904 ns[0m
[INFO][0m[92m[SYSTEM][0m             [V5_SUBFLOW] idx=4 source=12 tag=4 subflow=0 in=4 out=4 in_seqhash=15523928324350559131 out_seqhash=15523928324350559131 in_csum=9724664993647357654 out_csum=9724664993647357654 inorder=1 minseq=1 maxseq=4 endseq=4 ends=1 end_length=128. | [36m25904 ns[0m
[INFO][0m[92m[SYSTEM][0m             [V5_SUBFLOW] idx=4 source=12 tag=7 subflow=0 in=4 out=4 in_seqhash=15523928324350559131 out_seqhash=15523928324350559131 in_csum=5517528885497360086 out_csum=5517528885497360086 inorder=1 minseq=1 maxseq=4 endseq=4 ends=1 end_length=128. | [36m25904 ns[0m
[INFO][0m[92m[SYSTEM][0m             [V5_SUBFLOW] idx=4 source=12 tag=10 subflow=0 in=4 out=4 in_seqhash=15523928324350559131 out_seqhash=15523928324350559131 in_csum=17180796389224279766 out_csum=17180796389224279766 inorder=1 minseq=1 maxseq=4 endseq=4 ends=1 end_length=128. | [36m25904 ns[0m
[INFO][0m[92m[SYSTEM][0m             [V5_SUBFLOW] idx=4 source=12 tag=13 subflow=0 in=4 out=4 in_seqhash=15523928324350559131 out_seqhash=15523928324350559131 in_csum=9451986109958909654 out_csum=9451986109958909654 inorder=1 minseq=1 maxseq=4 endseq=4 ends=1 end_length=128. | [36m25904 ns[0m
[INFO][0m[92m[SYSTEM][0m             [V5_SUBFLOW] idx=4 source=12 tag=16 subflow=0 in=4 out=4 in_seqhash=15523928324350559131 out_seqhash=15523928324350559131 in_csum=8538247966811942614 out_csum=8538247966811942614 inorder=1 minseq=1 maxseq=4 endseq=4 ends=1 end_length=128. | [36m25904 ns[0m
[INFO][0m[92m[SYSTEM][0m             [V5_SUBFLOW] idx=4 source=12 tag=19 subflow=0 in=4 out=4 in_seqhash=15523928324350559131 out_seqhash=15523928324350559131 in_csum=5949874449724927702 out_csum=5949874449724927702 inorder=1 minseq=1 maxseq=4 endseq=4 ends=1 end_length=128. | [36m25904 ns[0m
[INFO][0m[92m[SYSTEM][0m             [V5_SUBFLOW] idx=4 source=12 tag=22 subflow=0 in=4 out=4 in_seqhash=15523928324350559131 out_seqhash=15523928324350559131 in_csum=6168932350349995734 out_csum=6168932350349995734 inorder=1 minseq=1 maxseq=4 endseq=4 ends=1 end_length=128. | [36m25904 ns[0m
[INFO][0m[92m[SYSTEM][0m             [V5_SUBFLOW] idx=5 source=8 tag=2 subflow=0 in=4 out=4 in_seqhash=15523928324350559131 out_seqhash=15523928324350559131 in_csum=8141605278442778326 out_csum=8141605278442778326 inorder=1 minseq=1 maxseq=4 endseq=4 ends=1 end_length=128. | [36m25904 ns[0m
[INFO][0m[92m[SYSTEM][0m             [V5_SUBFLOW] idx=5 source=8 tag=3 subflow=0 in=4 out=4 in_seqhash=15523928324350559131 out_seqhash=15523928324350559131 in_csum=18022205915444735702 out_csum=18022205915444735702 inorder=1 minseq=1 maxseq=4 endseq=4 ends=1 end_length=128. | [36m25904 ns[0m
[INFO][0m[92m[SYSTEM][0m             [V5_SUBFLOW] idx=5 source=8 tag=5 subflow=0 in=4 out=4 in_seqhash=15523928324350559131 out_seqhash=15523928324350559131 in_csum=16179826925857337046 out_csum=16179826925857337046 inorder=1 minseq=1 maxseq=4 endseq=4 ends=1 end_length=128. | [36m25904 ns[0m
[INFO][0m[92m[SYSTEM][0m             [V5_SUBFLOW] idx=5 source=8 tag=6 subflow=0 in=4 out=4 in_seqhash=15523928324350559131 out_seqhash=15523928324350559131 in_csum=8335948279389286102 out_csum=8335948279389286102 inorder=1 minseq=1 maxseq=4 endseq=4 ends=1 end_length=128. | [36m25904 ns[0m
[INFO][0m[92m[SYSTEM][0m             [V5_SUBFLOW] idx=5 source=8 tag=8 subflow=0 in=4 out=4 in_seqhash=15523928324350559131 out_seqhash=15523928324350559131 in_csum=9563757598273367766 out_csum=9563757598273367766 inorder=1 minseq=1 maxseq=4 endseq=4 ends=1 end_length=128. | [36m25904 ns[0m
[INFO][0m[92m[SYSTEM][0m             [V5_SUBFLOW] idx=5 source=8 tag=9 subflow=0 in=4 out=4 in_seqhash=15523928324350559131 out_seqhash=15523928324350559131 in_csum=4942767435142328022 out_csum=4942767435142328022 inorder=1 minseq=1 maxseq=4 endseq=4 ends=1 end_length=128. | [36m25904 ns[0m
[INFO][0m[92m[SYSTEM][0m             [V5_SUBFLOW] idx=5 source=8 tag=11 subflow=0 in=4 out=4 in_seqhash=15523928324350559131 out_seqhash=15523928324350559131 in_csum=5830695719648292566 out_csum=5830695719648292566 inorder=1 minseq=1 maxseq=4 endseq=4 ends=1 end_length=128. | [36m25904 ns[0m
[INFO][0m[92m[SYSTEM][0m             [V5_SUBFLOW] idx=5 source=8 tag=12 subflow=0 in=4 out=4 in_seqhash=15523928324350559131 out_seqhash=15523928324350559131 in_csum=15284298816980184790 out_csum=15284298816980184790 inorder=1 minseq=1 maxseq=4 endseq=4 ends=1 end_length=128. | [36m25904 ns[0m
[INFO][0m[92m[SYSTEM][0m             [V5_SUBFLOW] idx=5 source=8 tag=14 subflow=0 in=4 out=4 in_seqhash=15523928324350559131 out_seqhash=15523928324350559131 in_csum=11239518872120258262 out_csum=11239518872120258262 inorder=1 minseq=1 maxseq=4 endseq=4 ends=1 end_length=128. | [36m25904 ns[0m
[INFO][0m[92m[SYSTEM][0m             [V5_SUBFLOW] idx=5 source=8 tag=15 subflow=0 in=4 out=4 in_seqhash=15523928324350559131 out_seqhash=15523928324350559131 in_csum=16809893190751940310 out_csum=16809893190751940310 inorder=1 minseq=1 maxseq=4 endseq=4 ends=1 end_length=128. | [36m25904 ns[0m
[INFO][0m[92m[SYSTEM][0m             [V5_SUBFLOW] idx=5 source=8 tag=17 subflow=0 in=4 out=4 in_seqhash=15523928324350559131 out_seqhash=15523928324350559131 in_csum=6599263143556738774 out_csum=6599263143556738774 inorder=1 minseq=1 maxseq=4 endseq=4 ends=1 end_length=128. | [36m25904 ns[0m
[INFO][0m[92m[SYSTEM][0m             [V5_SUBFLOW] idx=5 source=8 tag=18 subflow=0 in=4 out=4 in_seqhash=15523928324350559131 out_seqhash=15523928324350559131 in_csum=5487702990054158038 out_csum=5487702990054158038 inorder=1 minseq=1 maxseq=4 endseq=4 ends=1 end_length=128. | [36m25904 ns[0m
[INFO][0m[92m[SYSTEM][0m             [V5_SUBFLOW] idx=5 source=8 tag=20 subflow=0 in=4 out=4 in_seqhash=15523928324350559131 out_seqhash=15523928324350559131 in_csum=3031567813749173974 out_csum=3031567813749173974 inorder=1 minseq=1 maxseq=4 endseq=4 ends=1 end_length=128. | [36m25904 ns[0m
[INFO][0m[92m[SYSTEM][0m             [V5_SUBFLOW] idx=5 source=8 tag=21 subflow=0 in=4 out=4 in_seqhash=15523928324350559131 out_seqhash=15523928324350559131 in_csum=9827484180979052246 out_csum=9827484180979052246 inorder=1 minseq=1 maxseq=4 endseq=4 ends=1 end_length=128. | [36m25904 ns[0m
[INFO][0m[92m[SYSTEM][0m             [V5_SUBFLOW] idx=5 source=8 tag=23 subflow=0 in=4 out=4 in_seqhash=15523928324350559131 out_seqhash=15523928324350559131 in_csum=16270602605846523606 out_csum=16270602605846523606 inorder=1 minseq=1 maxseq=4 endseq=4 ends=1 end_length=128. | [36m25904 ns[0m
[INFO][0m[92m[SYSTEM][0m             [V5_SUBFLOW] idx=5 source=8 tag=24 subflow=0 in=4 out=4 in_seqhash=15523928324350559131 out_seqhash=15523928324350559131 in_csum=4612456549972373206 out_csum=4612456549972373206 inorder=1 minseq=1 maxseq=4 endseq=4 ends=1 end_length=128. | [36m25904 ns[0m
[INFO][0m[92m[SYSTEM][0m             [V5_SUBFLOW] idx=6 source=8 tag=2 subflow=0 in=4 out=4 in_seqhash=15523928324350559131 out_seqhash=15523928324350559131 in_csum=4670737340623679190 out_csum=4670737340623679190 inorder=1 minseq=1 maxseq=4 endseq=4 ends=1 end_length=128. | [36m25904 ns[0m
[INFO][0m[92m[SYSTEM][0m             [V5_SUBFLOW] idx=6 source=8 tag=5 subflow=0 in=4 out=4 in_seqhash=15523928324350559131 out_seqhash=15523928324350559131 in_csum=8231536533501832918 out_csum=8231536533501832918 inorder=1 minseq=1 maxseq=4 endseq=4 ends=1 end_length=128. | [36m25904 ns[0m
[INFO][0m[92m[SYSTEM][0m             [V5_SUBFLOW] idx=6 source=8 tag=8 subflow=0 in=4 out=4 in_seqhash=15523928324350559131 out_seqhash=15523928324350559131 in_csum=16153649753023246038 out_csum=16153649753023246038 inorder=1 minseq=1 maxseq=4 endseq=4 ends=1 end_length=128. | [36m25904 ns[0m
[INFO][0m[92m[SYSTEM][0m             [V5_SUBFLOW] idx=6 source=8 tag=11 subflow=0 in=4 out=4 in_seqhash=15523928324350559131 out_seqhash=15523928324350559131 in_csum=7508568055820512982 out_csum=7508568055820512982 inorder=1 minseq=1 maxseq=4 endseq=4 ends=1 end_length=128. | [36m25904 ns[0m
[INFO][0m[92m[SYSTEM][0m             [V5_SUBFLOW] idx=6 source=8 tag=14 subflow=0 in=4 out=4 in_seqhash=15523928324350559131 out_seqhash=15523928324350559131 in_csum=3371448848127291094 out_csum=3371448848127291094 inorder=1 minseq=1 maxseq=4 endseq=4 ends=1 end_length=128. | [36m25904 ns[0m
[INFO][0m[92m[SYSTEM][0m             [V5_SUBFLOW] idx=6 source=8 tag=17 subflow=0 in=4 out=4 in_seqhash=15523928324350559131 out_seqhash=15523928324350559131 in_csum=3490090550810832598 out_csum=3490090550810832598 inorder=1 minseq=1 maxseq=4 endseq=4 ends=1 end_length=128. | [36m25904 ns[0m
[INFO][0m[92m[SYSTEM][0m             [V5_SUBFLOW] idx=6 source=8 tag=20 subflow=0 in=4 out=4 in_seqhash=15523928324350559131 out_seqhash=15523928324350559131 in_csum=10759744774316945110 out_csum=10759744774316945110 inorder=1 minseq=1 maxseq=4 endseq=4 ends=1 end_length=128. | [36m25904 ns[0m
[INFO][0m[92m[SYSTEM][0m             [V5_SUBFLOW] idx=6 source=8 tag=23 subflow=0 in=4 out=4 in_seqhash=15523928324350559131 out_seqhash=15523928324350559131 in_csum=15326817008935694038 out_csum=15326817008935694038 inorder=1 minseq=1 maxseq=4 endseq=4 ends=1 end_length=128. | [36m25904 ns[0m
[INFO][0m[92m[SYSTEM][0m             [V5_SUBFLOW] idx=6 source=12 tag=2 subflow=0 in=4 out=4 in_seqhash=15523928324350559131 out_seqhash=15523928324350559131 in_csum=4670737340623679190 out_csum=4670737340623679190 inorder=1 minseq=1 maxseq=4 endseq=4 ends=1 end_length=128. | [36m25904 ns[0m
[INFO][0m[92m[SYSTEM][0m             [V5_SUBFLOW] idx=6 source=12 tag=5 subflow=0 in=4 out=4 in_seqhash=15523928324350559131 out_seqhash=15523928324350559131 in_csum=8231536533501832918 out_csum=8231536533501832918 inorder=1 minseq=1 maxseq=4 endseq=4 ends=1 end_length=128. | [36m25904 ns[0m
[INFO][0m[92m[SYSTEM][0m             [V5_SUBFLOW] idx=6 source=12 tag=8 subflow=0 in=4 out=4 in_seqhash=15523928324350559131 out_seqhash=15523928324350559131 in_csum=16153649753023246038 out_csum=16153649753023246038 inorder=1 minseq=1 maxseq=4 endseq=4 ends=1 end_length=128. | [36m25904 ns[0m
[INFO][0m[92m[SYSTEM][0m             [V5_SUBFLOW] idx=6 source=12 tag=11 subflow=0 in=4 out=4 in_seqhash=15523928324350559131 out_seqhash=15523928324350559131 in_csum=7508568055820512982 out_csum=7508568055820512982 inorder=1 minseq=1 maxseq=4 endseq=4 ends=1 end_length=128. | [36m25904 ns[0m
[INFO][0m[92m[SYSTEM][0m             [V5_SUBFLOW] idx=6 source=12 tag=14 subflow=0 in=4 out=4 in_seqhash=15523928324350559131 out_seqhash=15523928324350559131 in_csum=3371448848127291094 out_csum=3371448848127291094 inorder=1 minseq=1 maxseq=4 endseq=4 ends=1 end_length=128. | [36m25904 ns[0m
[INFO][0m[92m[SYSTEM][0m             [V5_SUBFLOW] idx=6 source=12 tag=17 subflow=0 in=4 out=4 in_seqhash=15523928324350559131 out_seqhash=15523928324350559131 in_csum=3490090550810832598 out_csum=3490090550810832598 inorder=1 minseq=1 maxseq=4 endseq=4 ends=1 end_length=128. | [36m25904 ns[0m
[INFO][0m[92m[SYSTEM][0m             [V5_SUBFLOW] idx=6 source=12 tag=20 subflow=0 in=4 out=4 in_seqhash=15523928324350559131 out_seqhash=15523928324350559131 in_csum=10759744774316945110 out_csum=10759744774316945110 inorder=1 minseq=1 maxseq=4 endseq=4 ends=1 end_length=128. | [36m25904 ns[0m
[INFO][0m[92m[SYSTEM][0m             [V5_SUBFLOW] idx=6 source=12 tag=23 subflow=0 in=4 out=4 in_seqhash=15523928324350559131 out_seqhash=15523928324350559131 in_csum=15326817008935694038 out_csum=15326817008935694038 inorder=1 minseq=1 maxseq=4 endseq=4 ends=1 end_length=128. | [36m25904 ns[0m
[INFO][0m[92m[SYSTEM][0m             [V5_SUBFLOW] idx=7 source=12 tag=1 subflow=0 in=4 out=4 in_seqhash=15523928324350559131 out_seqhash=15523928324350559131 in_csum=8865955208447323862 out_csum=8865955208447323862 inorder=1 minseq=1 maxseq=4 endseq=4 ends=1 end_length=128. | [36m25904 ns[0m
[INFO][0m[92m[SYSTEM][0m             [V5_SUBFLOW] idx=7 source=12 tag=3 subflow=0 in=4 out=4 in_seqhash=15523928324350559131 out_seqhash=15523928324350559131 in_csum=10400572342710759126 out_csum=10400572342710759126 inorder=1 minseq=1 maxseq=4 endseq=4 ends=1 end_length=128. | [36m25904 ns[0m
[INFO][0m[92m[SYSTEM][0m             [V5_SUBFLOW] idx=7 source=12 tag=4 subflow=0 in=4 out=4 in_seqhash=15523928324350559131 out_seqhash=15523928324350559131 in_csum=14745615628212039382 out_csum=14745615628212039382 inorder=1 minseq=1 maxseq=4 endseq=4 ends=1 end_length=128. | [36m25904 ns[0m
[INFO][0m[92m[SYSTEM][0m             [V5_SUBFLOW] idx=7 source=12 tag=6 subflow=0 in=4 out=4 in_seqhash=15523928324350559131 out_seqhash=15523928324350559131 in_csum=18370184464552095446 out_csum=18370184464552095446 inorder=1 minseq=1 maxseq=4 endseq=4 ends=1 end_length=128. | [36m25904 ns[0m
[INFO][0m[92m[SYSTEM][0m             [V5_SUBFLOW] idx=7 source=12 tag=7 subflow=0 in=4 out=4 in_seqhash=15523928324350559131 out_seqhash=15523928324350559131 in_csum=10792369949055053526 out_csum=10792369949055053526 inorder=1 minseq=1 maxseq=4 endseq=4 ends=1 end_length=128. | [36m25904 ns[0m
[INFO][0m[92m[SYSTEM][0m             [V5_SUBFLOW] idx=7 source=12 tag=9 subflow=0 in=4 out=4 in_seqhash=15523928324350559131 out_seqhash=15523928324350559131 in_csum=6679895363060952790 out_csum=6679895363060952790 inorder=1 minseq=1 maxseq=4 endseq=4 ends=1 end_length=128. | [36m25904 ns[0m
[INFO][0m[92m[SYSTEM][0m             [V5_SUBFLOW] idx=7 source=12 tag=10 subflow=0 in=4 out=4 in_seqhash=15523928324350559131 out_seqhash=15523928324350559131 in_csum=10120278073414184662 out_csum=10120278073414184662 inorder=1 minseq=1 maxseq=4 endseq=4 ends=1 end_length=128. | [36m25904 ns[0m
[INFO][0m[92m[SYSTEM][0m             [V5_SUBFLOW] idx=7 source=12 tag=12 subflow=0 in=4 out=4 in_seqhash=15523928324350559131 out_seqhash=15523928324350559131 in_csum=6992684430930669270 out_csum=6992684430930669270 inorder=1 minseq=1 maxseq=4 endseq=4 ends=1 end_length=128. | [36m25904 ns[0m
[INFO][0m[92m[SYSTEM][0m             [V5_SUBFLOW] idx=7 source=12 tag=13 subflow=0 in=4 out=4 in_seqhash=15523928324350559131 out_seqhash=15523928324350559131 in_csum=13180403651468259030 out_csum=13180403651468259030 inorder=1 minseq=1 maxseq=4 endseq=4 ends=1 end_length=128. | [36m25904 ns[0m
[INFO][0m[92m[SYSTEM][0m             [V5_SUBFLOW] idx=7 source=12 tag=15 subflow=0 in=4 out=4 in_seqhash=15523928324350559131 out_seqhash=15523928324350559131 in_csum=2439334101426564822 out_csum=2439334101426564822 inorder=1 minseq=1 maxseq=4 endseq=4 ends=1 end_length=128. | [36m25904 ns[0m
[INFO][0m[92m[SYSTEM][0m             [V5_SUBFLOW] idx=7 source=12 tag=16 subflow=0 in=4 out=4 in_seqhash=15523928324350559131 out_seqhash=15523928324350559131 in_csum=1333614462925991638 out_csum=1333614462925991638 inorder=1 minseq=1 maxseq=4 endseq=4 ends=1 end_length=128. | [36m25904 ns[0m
[INFO][0m[92m[SYSTEM][0m             [V5_SUBFLOW] idx=7 source=12 tag=18 subflow=0 in=4 out=4 in_seqhash=15523928324350559131 out_seqhash=15523928324350559131 in_csum=14960678071655919318 out_csum=14960678071655919318 inorder=1 minseq=1 maxseq=4 endseq=4 ends=1 end_length=128. | [36m25904 ns[0m
[INFO][0m[92m[SYSTEM][0m             [V5_SUBFLOW] idx=7 source=12 tag=19 subflow=0 in=4 out=4 in_seqhash=15523928324350559131 out_seqhash=15523928324350559131 in_csum=11989201550028762838 out_csum=11989201550028762838 inorder=1 minseq=1 maxseq=4 endseq=4 ends=1 end_length=128. | [36m25904 ns[0m
[INFO][0m[92m[SYSTEM][0m             [V5_SUBFLOW] idx=7 source=12 tag=21 subflow=0 in=4 out=4 in_seqhash=15523928324350559131 out_seqhash=15523928324350559131 in_csum=14889676008780656342 out_csum=14889676008780656342 inorder=1 minseq=1 maxseq=4 endseq=4 ends=1 end_length=128. | [36m25904 ns[0m
[INFO][0m[92m[SYSTEM][0m             [V5_SUBFLOW] idx=7 source=12 tag=22 subflow=0 in=4 out=4 in_seqhash=15523928324350559131 out_seqhash=15523928324350559131 in_csum=6074919708128636630 out_csum=6074919708128636630 inorder=1 minseq=1 maxseq=4 endseq=4 ends=1 end_length=128. | [36m25904 ns[0m
[INFO][0m[92m[SYSTEM][0m             [V5_SUBFLOW] idx=7 source=12 tag=24 subflow=0 in=4 out=4 in_seqhash=15523928324350559131 out_seqhash=15523928324350559131 in_csum=1826211233406578390 out_csum=1826211233406578390 inorder=1 minseq=1 maxseq=4 endseq=4 ends=1 end_length=128. | [36m25904 ns[0m
[INFO][0m[92m[SYSTEM][0m             [D2D_REPIN] total=928 changed=928 same=0.                                                                      | [36m25904 ns[0m
[INFO][0m[92m[SYSTEM][0m             [D2D_LINK] idx=0 die0->die2 dir=N req_in=16 req_out=16 ack_in=32 ack_out=32 data_in=64 data_out=64.            | [36m25904 ns[0m
[INFO][0m[92m[SYSTEM][0m             [D2D_LINK] idx=1 die0->die1 dir=E req_in=16 req_out=16 ack_in=32 ack_out=32 data_in=64 data_out=64.            | [36m25904 ns[0m
[INFO][0m[92m[SYSTEM][0m             [D2D_LINK] idx=2 die1->die3 dir=N req_in=16 req_out=16 ack_in=32 ack_out=32 data_in=64 data_out=64.            | [36m25904 ns[0m
[INFO][0m[92m[SYSTEM][0m             [D2D_LINK] idx=3 die1->die0 dir=W req_in=16 req_out=16 ack_in=32 ack_out=32 data_in=64 data_out=64.            | [36m25904 ns[0m
[INFO][0m[92m[SYSTEM][0m             [D2D_LINK] idx=4 die2->die0 dir=S req_in=16 req_out=16 ack_in=32 ack_out=32 data_in=64 data_out=64.            | [36m25904 ns[0m
[INFO][0m[92m[SYSTEM][0m             [D2D_LINK] idx=5 die2->die3 dir=E req_in=16 req_out=16 ack_in=32 ack_out=32 data_in=64 data_out=64.            | [36m25904 ns[0m
[INFO][0m[92m[SYSTEM][0m             [D2D_LINK] idx=6 die3->die1 dir=S req_in=16 req_out=16 ack_in=32 ack_out=32 data_in=64 data_out=64.            | [36m25904 ns[0m
[INFO][0m[92m[SYSTEM][0m             [D2D_LINK] idx=7 die3->die2 dir=W req_in=16 req_out=16 ack_in=32 ack_out=32 data_in=64 data_out=64.            | [36m25904 ns[0m
[INFO][0m[92m[SYSTEM][0m             [SAF] reserved_packets=0 group_reserved_packets=0.                                                             | [36m25904 ns[0m
[INFO][0m[92m[SYSTEM][0m             [DIE_ACT] router_pkts=6589,6317,6317,6085 mesh_pkts=6170,5910,5910,5682.                                       | [36m25904 ns[0m
[INFO][0m[92m[SYSTEM][0m             [NOC_ACT] sends=2047,1903,1903,1775 stalls=0,0,0,0 d2d_source_stalls=0.                                        | [36m25904 ns[0m
[INFO][0m[92m[SYSTEM][0m             [FLOW_DONE] .                                                                                                  | [36m25904 ns[0m
[INFO][0m[92m[SYSTEM][0m             [SAF_ADMIT] success=0 reject=0.                                                                                | [36m25904 ns[0m
[INFO][0m[92m[SYSTEM][0m             [P5 P2P STATS] core=0 source_read_bytes=1536 sram_source_read_bytes=1536 hbm_source_read_bytes=0 wire_bytes=1536 wire_fragments=96 noc_rx_write_bytes=1536 tx_local_completions=24 rx_local_completions=24 admission_requests_sent=24 admission_requests_received=24 admission_acks_sent=24 admission_acks_received=24 duplicate_requests_suppressed=0 request_conflicts_rejected=0 request_aborts=0 completion_acks_sent=24 completion_acks_received=24 source_checksum=63499111 wire_checksum=63499111 destination_checksum=63499111. | [36m25904 ns[0m
[INFO][0m[92m[SYSTEM][0m             [P5 P2P DRAIN] core=0 residual=0.                                                                              | [36m25904 ns[0m
[INFO][0m[92m[SYSTEM][0m             [P5 P2P STATS] core=4 source_read_bytes=1536 sram_source_read_bytes=1536 hbm_source_read_bytes=0 wire_bytes=1536 wire_fragments=96 noc_rx_write_bytes=1536 tx_local_completions=24 rx_local_completions=24 admission_requests_sent=24 admission_requests_received=24 admission_acks_sent=24 admission_acks_received=24 duplicate_requests_suppressed=0 request_conflicts_rejected=0 request_aborts=0 completion_acks_sent=24 completion_acks_received=24 source_checksum=63499111 wire_checksum=63499111 destination_checksum=63499111. | [36m25904 ns[0m
[INFO][0m[92m[SYSTEM][0m             [P5 P2P DRAIN] core=4 residual=0.                                                                              | [36m25904 ns[0m
[INFO][0m[92m[SYSTEM][0m             [P5 P2P STATS] core=8 source_read_bytes=1536 sram_source_read_bytes=1536 hbm_source_read_bytes=0 wire_bytes=1536 wire_fragments=96 noc_rx_write_bytes=1536 tx_local_completions=24 rx_local_completions=24 admission_requests_sent=24 admission_requests_received=24 admission_acks_sent=24 admission_acks_received=24 duplicate_requests_suppressed=0 request_conflicts_rejected=0 request_aborts=0 completion_acks_sent=24 completion_acks_received=24 source_checksum=63499111 wire_checksum=63499111 destination_checksum=63499111. | [36m25904 ns[0m
[INFO][0m[92m[SYSTEM][0m             [P5 P2P DRAIN] core=8 residual=0.                                                                              | [36m25904 ns[0m
[INFO][0m[92m[SYSTEM][0m             [P5 P2P STATS] core=12 source_read_bytes=1536 sram_source_read_bytes=1536 hbm_source_read_bytes=0 wire_bytes=1536 wire_fragments=96 noc_rx_write_bytes=1536 tx_local_completions=24 rx_local_completions=24 admission_requests_sent=24 admission_requests_received=24 admission_acks_sent=24 admission_acks_received=24 duplicate_requests_suppressed=0 request_conflicts_rejected=0 request_aborts=0 completion_acks_sent=24 completion_acks_received=24 source_checksum=63499111 wire_checksum=63499111 destination_checksum=63499111. | [36m25904 ns[0m
[INFO][0m[92m[SYSTEM][0m             [P5 P2P DRAIN] core=12 residual=0.                                                                             | [36m25904 ns[0m
[INFO][0m[92m[SYSTEM][0m             [P5 P2P TIMING DRAIN] residual=0.                                                                              | [36m25904 ns[0m
[INFO][0m[92m[SYSTEM][0m             [COLL_DRAIN] tree_entries=0 reduce_nodes=0 barriers=0 gather=0 reduce_rx=0 endpoints=0 dte_tokens=0 event=0.   | [36m25904 ns[0m
[INFO][0m[92m[SYSTEM][0m             [DRAIN] router_residual=0.                                                                                     | [36m25904 ns[0m
[INFO][0m[92m[SYSTEM][0m             [CREDIT] data_balanced=1 ctrl_balanced=1.                                                                      | [36m25904 ns[0m
[INFO][0m[92m[SYSTEM][0m             [DRAIN] d2d_link_residual=0.                                                                                   | [36m25904 ns[0m
[INFO][0m[92m[SYSTEM][0m             [START_DATA] enqueued=4 injected=4 accepted=4 delivered=4 consumed=4 completed=4.                              | [36m25904 ns[0m
[INFO][0m[92m[SYSTEM][0m             [LOCK] max_output_ref=1.                                                                                       | [36m25904 ns[0m
[INFO][0m[92m[SYSTEM][0m             [HOSTLANE] done_total=4 ack_total=8 mismatch=0 per_lane_done=1,1,1,1.                                          | [36m25904 ns[0m
[INFO][0m[92m[SYSTEM][0m             [HOSTSIG] done=0:1,4:1,8:1,12:1, ack=0:0:2,4:0:1,4:4:1,8:0:1,8:8:1,12:0:1,12:12:1,.                            | [36m25904 ns[0m
[INFO][0m[92m[SYSTEM][0m             Total Real-time Cost: 1.80756s.                                                                                | [36m25904 ns[0m
[INFO][0m[92m[SYSTEM][0m             Cleanup monitor components.                                                                                    | [36m25904 ns[0m
[INFO][0m[92m[SYSTEM][0m             Cleanup memory interface components.                                                                           | [36m25904 ns[0m
