[PROGRAM_IO] phase=resolved mode=timing initializations=356 probes=4 checksum=ec7295762a8349ac80e71b013598c59d30e69d5c3eccdb7c32035bbeed2bbe77 pass=1
===========================================================================
Memory Configuration:

 Memory type:                    HBM2
 Memory size in bytes:           1073741824
 Channels:                       1
 Pseudo channels per channel:    2
 Bank groups per pseudo channel: 4
 Banks per pseudo channel:       16
 Rows per bank:                  32768
 Columns per row:                128
 Pseudo channel width in bits:   64
 Pseudo channel size in bits:    4294967296
 Pseudo channel size in bytes:   536870912

===========================================================================
Memory Configuration:

 Memory type:                    HBM2
 Memory size in bytes:           1073741824
 Channels:                       1
 Pseudo channels per channel:    2
 Bank groups per pseudo channel: 4
 Banks per pseudo channel:       16
 Rows per bank:                  32768
 Columns per row:                128
 Pseudo channel width in bits:   64
 Pseudo channel size in bits:    4294967296
 Pseudo channel size in bytes:   536870912

===========================================================================
Memory Configuration:

 Memory type:                    HBM2
 Memory size in bytes:           1073741824
 Channels:                       1
 Pseudo channels per channel:    2
 Bank groups per pseudo channel: 4
 Banks per pseudo channel:       16
 Rows per bank:                  32768
 Columns per row:                128
 Pseudo channel width in bits:   64
 Pseudo channel size in bits:    4294967296
 Pseudo channel size in bytes:   536870912

===========================================================================
Memory Configuration:

 Memory type:                    HBM2
 Memory size in bytes:           1073741824
 Channels:                       1
 Pseudo channels per channel:    2
 Bank groups per pseudo channel: 4
 Banks per pseudo channel:       16
 Rows per bank:                  32768
 Columns per row:                128
 Pseudo channel width in bits:   64
 Pseudo channel size in bits:    4294967296
 Pseudo channel size in bytes:   536870912

Loaded Program Format 1.0, ISA 1.0, capabilities=0x0
[INFO][0m[92m[SYSTEM][0m             Address mapping with n=8 saved to ../DRAMSys/configs/addressmapping/am_ddr4_8x4Gbx8_df.json.                   | [36m0 s[0m
[INFO][0m[92m[SYSTEM][0m             Address mapping with n=8 saved to ../DRAMSys/configs/addressmapping/am_hbm2_gpu.json.                          | [36m0 s[0m
===========================================================================
Memory Configuration:

 Memory type:           DDR4
 Memory size in bytes:  4294967296
 Channels:              1
 Ranks per channel:     1
 Bank groups per rank:  4
 Banks per rank:        16
 Rows per bank:         32768
 Columns per row:       1024
 Device width in bits:  8
 Device size in bits:   4294967296
 Device size in bytes:  536870912
 Devices per rank:      8

===========================================================================
===========================================================================
Memory Configuration:

 Memory type:                    HBM2
 Memory size in bytes:           1073741824
 Channels:                       1
 Pseudo channels per channel:    2
 Bank groups per pseudo channel: 4
 Banks per pseudo channel:       16
 Rows per bank:                  32768
 Columns per row:                128
 Pseudo channel width in bits:   64
 Pseudo channel size in bits:    4294967296
 Pseudo channel size in bytes:   536870912

===========================================================================
Memory Configuration:

 Memory type:                    HBM2
 Memory size in bytes:           1073741824
 Channels:                       1
 Pseudo channels per channel:    2
 Bank groups per pseudo channel: 4
 Banks per pseudo channel:       16
 Rows per bank:                  32768
 Columns per row:                128
 Pseudo channel width in bits:   64
 Pseudo channel size in bits:    4294967296
 Pseudo channel size in bytes:   536870912

===========================================================================
Memory Configuration:

 Memory type:                    HBM2
 Memory size in bytes:           1073741824
 Channels:                       1
 Pseudo channels per channel:    2
 Bank groups per pseudo channel: 4
 Banks per pseudo channel:       16
 Rows per bank:                  32768
 Columns per row:                128
 Pseudo channel width in bits:   64
 Pseudo channel size in bits:    4294967296
 Pseudo channel size in bytes:   536870912

===========================================================================
Memory Configuration:

 Memory type:                    HBM2
 Memory size in bytes:           1073741824
 Channels:                       1
 Pseudo channels per channel:    2
 Bank groups per pseudo channel: 4
 Banks per pseudo channel:       16
 Rows per bank:                  32768
 Columns per row:                128
 Pseudo channel width in bits:   64
 Pseudo channel size in bits:    4294967296
 Pseudo channel size in bytes:   536870912

[INFO][0m[92m[GLOBAL_MEMORY][0m      Global link not initialized.                                                                                   | [36m0 s[0m
[INFO][0m[92m[SYSTEM][0m             Instantiated cores=16 routers=16 workers=16 dies=4 (CORES_PER_DIE=4, GRID=2x2, expect 16).                     | [36m0 s[0m
[INFO][0m[92m[SYSTEM][0m             [D2D] link_sites=8 link_units=8.                                                                               | [36m0 s[0m
[INFO][0m[92m[SYSTEM][0m             Components initialize complete, prepare to start..                                                             | [36m0 s[0m
[PROGRAM_IO] phase=applied mode=timing initializations=356 probes=4 checksum=ec7295762a8349ac80e71b013598c59d30e69d5c3eccdb7c32035bbeed2bbe77 pass=1

Info: (I702) default timescale unit used for tracing: 1 ps (Cchip_1.vcd)
[INFO][0m[92m[MEM_INTF][0m           Start write operation.                                                                                         | [36m2 ns[0m
[INFO][0m[92m[PRIM][0m               Core 15 start receive primitive RECV_CONF.                                                                     | [36m2 ns[0m
[INFO][0m[92m[PRIM][0m               Core 14 start receive primitive RECV_CONF.                                                                     | [36m2 ns[0m
[INFO][0m[92m[PRIM][0m               Core 13 start receive primitive RECV_CONF.                                                                     | [36m2 ns[0m
[INFO][0m[92m[PRIM][0m               Core 12 start receive primitive RECV_CONF.                                                                     | [36m2 ns[0m
[INFO][0m[92m[PRIM][0m               Core 11 start receive primitive RECV_CONF.                                                                     | [36m2 ns[0m
[INFO][0m[92m[PRIM][0m               Core 10 start receive primitive RECV_CONF.                                                                     | [36m2 ns[0m
[INFO][0m[92m[PRIM][0m               Core 9 start receive primitive RECV_CONF.                                                                      | [36m2 ns[0m
[INFO][0m[92m[PRIM][0m               Core 8 start receive primitive RECV_CONF.                                                                      | [36m2 ns[0m
[INFO][0m[92m[PRIM][0m               Core 7 start receive primitive RECV_CONF.                                                                      | [36m2 ns[0m
[INFO][0m[92m[PRIM][0m               Core 6 start receive primitive RECV_CONF.                                                                      | [36m2 ns[0m
[INFO][0m[92m[PRIM][0m               Core 5 start receive primitive RECV_CONF.                                                                      | [36m2 ns[0m
[INFO][0m[92m[PRIM][0m               Core 4 start receive primitive RECV_CONF.                                                                      | [36m2 ns[0m
[INFO][0m[92m[PRIM][0m               Core 3 start receive primitive RECV_CONF.                                                                      | [36m2 ns[0m
[INFO][0m[92m[PRIM][0m               Core 2 start receive primitive RECV_CONF.                                                                      | [36m2 ns[0m
[INFO][0m[92m[PRIM][0m               Core 1 start receive primitive RECV_CONF.                                                                      | [36m2 ns[0m
[INFO][0m[92m[PRIM][0m               Core 0 start receive primitive RECV_CONF.                                                                      | [36m2 ns[0m
[INFO][0m[92m[PRIM][0m               Core 4 end recv primitive RECV_CONF.                                                                           | [36m2980 ns[0m
[INFO][0m[92m[PRIM][0m               Core 8 end recv primitive RECV_CONF.                                                                           | [36m2980 ns[0m
[INFO][0m[92m[PRIM][0m               Core 12 end recv primitive RECV_CONF.                                                                          | [36m2980 ns[0m
[INFO][0m[92m[PRIM][0m               Core 12 start receive primitive RECV_WEIGHT.                                                                   | [36m2986 ns[0m
[INFO][0m[92m[PRIM][0m               Core 8 start receive primitive RECV_WEIGHT.                                                                    | [36m2986 ns[0m
[INFO][0m[92m[PRIM][0m               Core 4 start receive primitive RECV_WEIGHT.                                                                    | [36m2986 ns[0m
[INFO][0m[92m[MEM_INTF][0m           End write operation.                                                                                           | [36m2998 ns[0m
[INFO][0m[92m[MEM_INTF][0m           End config distribution.                                                                                       | [36m2998 ns[0m
[INFO][0m[92m[PRIM][0m               Core 0 end recv primitive RECV_CONF.                                                                           | [36m3012 ns[0m
[INFO][0m[92m[PRIM][0m               Core 0 start receive primitive RECV_WEIGHT.                                                                    | [36m3018 ns[0m
[INFO][0m[92m[MEM_INTF][0m           Start write operation.                                                                                         | [36m3022 ns[0m
[INFO][0m[92m[MEM_INTF][0m           End write operation.                                                                                           | [36m3024 ns[0m
[INFO][0m[92m[MEM_INTF][0m           End data distribution.                                                                                         | [36m3024 ns[0m
[INFO][0m[92m[PRIM][0m               Core 0 end recv primitive RECV_WEIGHT.                                                                         | [36m3036 ns[0m
[INFO][0m[92m[PRIM][0m               Core 4 end recv primitive RECV_WEIGHT.                                                                         | [36m3036 ns[0m
[INFO][0m[92m[PRIM][0m               Core 8 end recv primitive RECV_WEIGHT.                                                                         | [36m3036 ns[0m
[INFO][0m[92m[PRIM][0m               Core 12 end recv primitive RECV_WEIGHT.                                                                        | [36m3036 ns[0m
[INFO][0m[92m[PRIM][0m               Core 12 start receive primitive RECV_START.                                                                    | [36m3042 ns[0m
[INFO][0m[92m[PRIM][0m               Core 8 start receive primitive RECV_START.                                                                     | [36m3042 ns[0m
[INFO][0m[92m[PRIM][0m               Core 4 start receive primitive RECV_START.                                                                     | [36m3042 ns[0m
[INFO][0m[92m[PRIM][0m               Core 0 start receive primitive RECV_START.                                                                     | [36m3042 ns[0m
[INFO][0m[92m[MEM_INTF][0m           Start write operation.                                                                                         | [36m3046 ns[0m
[INFO][0m[92m[MEM_INTF][0m           End write operation.                                                                                           | [36m3048 ns[0m
[INFO][0m[92m[PRIM][0m               Core 12 end recv primitive RECV_START.                                                                         | [36m3058 ns[0m
[INFO][0m[92m[PRIM][0m               Core 8 end recv primitive RECV_START.                                                                          | [36m3058 ns[0m
[INFO][0m[92m[PRIM][0m               Core 4 end recv primitive RECV_START.                                                                          | [36m3058 ns[0m
[INFO][0m[92m[PRIM][0m               Core 0 end recv primitive RECV_START.                                                                          | [36m3058 ns[0m
[INFO][0m[92m[MEM_INTF][0m           End start data distribution: enqueued=4 injected=4 accepted=4 delivered=4 consumed=4 completed=4.              | [36m3058 ns[0m
[INFO][0m[92m[PRIM][0m               Core 0 start compute primitive Sram_lifecycle.                                                                 | [36m3064 ns[0m
[INFO][0m[92m[PRIM][0m               Core 4 start compute primitive Sram_lifecycle.                                                                 | [36m3064 ns[0m
[INFO][0m[92m[PRIM][0m               Core 8 start compute primitive Sram_lifecycle.                                                                 | [36m3064 ns[0m
[INFO][0m[92m[PRIM][0m               Core 12 start compute primitive Sram_lifecycle.                                                                | [36m3064 ns[0m
[INFO][0m[92m[PRIM][0m               Core 12 end compute primitive Sram_lifecycle.                                                                  | [36m3064 ns[0m
[INFO][0m[92m[PRIM][0m               Core 8 end compute primitive Sram_lifecycle.                                                                   | [36m3064 ns[0m
[INFO][0m[92m[PRIM][0m               Core 4 end compute primitive Sram_lifecycle.                                                                   | [36m3064 ns[0m
[INFO][0m[92m[PRIM][0m               Core 0 end compute primitive Sram_lifecycle.                                                                   | [36m3064 ns[0m
[INFO][0m[92m[PRIM][0m               Core 0 start compute primitive Sram_lifecycle.                                                                 | [36m3070 ns[0m
[INFO][0m[92m[PRIM][0m               Core 4 start compute primitive Sram_lifecycle.                                                                 | [36m3070 ns[0m
[INFO][0m[92m[PRIM][0m               Core 8 start compute primitive Sram_lifecycle.                                                                 | [36m3070 ns[0m
[INFO][0m[92m[PRIM][0m               Core 12 start compute primitive Sram_lifecycle.                                                                | [36m3070 ns[0m
[INFO][0m[92m[PRIM][0m               Core 12 end compute primitive Sram_lifecycle.                                                                  | [36m3070 ns[0m
[INFO][0m[92m[PRIM][0m               Core 8 end compute primitive Sram_lifecycle.                                                                   | [36m3070 ns[0m
[INFO][0m[92m[PRIM][0m               Core 4 end compute primitive Sram_lifecycle.                                                                   | [36m3070 ns[0m
[INFO][0m[92m[PRIM][0m               Core 0 end compute primitive Sram_lifecycle.                                                                   | [36m3070 ns[0m
[INFO][0m[92m[PRIM][0m               Core 0 start compute primitive Sram_bind_oneshot.                                                              | [36m3076 ns[0m
[INFO][0m[92m[PRIM][0m               Core 4 start compute primitive Sram_bind_oneshot.                                                              | [36m3076 ns[0m
[INFO][0m[92m[PRIM][0m               Core 8 start compute primitive Sram_bind_oneshot.                                                              | [36m3076 ns[0m
[INFO][0m[92m[PRIM][0m               Core 12 start compute primitive Sram_bind_oneshot.                                                             | [36m3076 ns[0m
[INFO][0m[92m[PRIM][0m               Core 12 end compute primitive Sram_bind_oneshot.                                                               | [36m3076 ns[0m
[INFO][0m[92m[PRIM][0m               Core 8 end compute primitive Sram_bind_oneshot.                                                                | [36m3076 ns[0m
[INFO][0m[92m[PRIM][0m               Core 4 end compute primitive Sram_bind_oneshot.                                                                | [36m3076 ns[0m
[INFO][0m[92m[PRIM][0m               Core 0 end compute primitive Sram_bind_oneshot.                                                                | [36m3076 ns[0m
[INFO][0m[92m[PRIM][0m               Core 0 start compute primitive rmsnorm_forward.                                                                | [36m3082 ns[0m
[INFO][0m[92m[PRIM][0m               Core 4 start compute primitive rmsnorm_forward.                                                                | [36m3082 ns[0m
[INFO][0m[92m[PRIM][0m               Core 8 start compute primitive rmsnorm_forward.                                                                | [36m3082 ns[0m
[INFO][0m[92m[PRIM][0m               Core 12 start compute primitive rmsnorm_forward.                                                               | [36m3082 ns[0m
[INFO][0m[92m[PRIM][0m               Core 12 end compute primitive rmsnorm_forward.                                                                 | [36m3082 ns[0m
[INFO][0m[92m[PRIM][0m               Core 8 end compute primitive rmsnorm_forward.                                                                  | [36m3082 ns[0m
[INFO][0m[92m[PRIM][0m               Core 4 end compute primitive rmsnorm_forward.                                                                  | [36m3082 ns[0m
[INFO][0m[92m[PRIM][0m               Core 0 end compute primitive rmsnorm_forward.                                                                  | [36m3082 ns[0m
[INFO][0m[92m[PRIM][0m               Core 0 start compute primitive Sram_lifecycle.                                                                 | [36m3088 ns[0m
[INFO][0m[92m[PRIM][0m               Core 4 start compute primitive Sram_lifecycle.                                                                 | [36m3088 ns[0m
[INFO][0m[92m[PRIM][0m               Core 8 start compute primitive Sram_lifecycle.                                                                 | [36m3088 ns[0m
[INFO][0m[92m[PRIM][0m               Core 12 start compute primitive Sram_lifecycle.                                                                | [36m3088 ns[0m
[INFO][0m[92m[PRIM][0m               Core 12 end compute primitive Sram_lifecycle.                                                                  | [36m3088 ns[0m
[INFO][0m[92m[PRIM][0m               Core 8 end compute primitive Sram_lifecycle.                                                                   | [36m3088 ns[0m
[INFO][0m[92m[PRIM][0m               Core 4 end compute primitive Sram_lifecycle.                                                                   | [36m3088 ns[0m
[INFO][0m[92m[PRIM][0m               Core 0 end compute primitive Sram_lifecycle.                                                                   | [36m3088 ns[0m
[INFO][0m[92m[PRIM][0m               Core 0 start compute primitive Sram_lifecycle.                                                                 | [36m3112 ns[0m
[INFO][0m[92m[PRIM][0m               Core 0 end compute primitive Sram_lifecycle.                                                                   | [36m3112 ns[0m
[INFO][0m[92m[PRIM][0m               Core 4 start compute primitive Sram_lifecycle.                                                                 | [36m3240 ns[0m
[INFO][0m[92m[PRIM][0m               Core 4 end compute primitive Sram_lifecycle.                                                                   | [36m3240 ns[0m
[INFO][0m[92m[PRIM][0m               Core 8 start compute primitive Sram_lifecycle.                                                                 | [36m3484 ns[0m
[INFO][0m[92m[PRIM][0m               Core 8 end compute primitive Sram_lifecycle.                                                                   | [36m3484 ns[0m
[INFO][0m[92m[PRIM][0m               Core 12 start compute primitive Sram_lifecycle.                                                                | [36m3772 ns[0m
[INFO][0m[92m[PRIM][0m               Core 12 end compute primitive Sram_lifecycle.                                                                  | [36m3772 ns[0m
[INFO][0m[92m[PRIM][0m               Core 0 start compute primitive Sram_lifecycle.                                                                 | [36m4078 ns[0m
[INFO][0m[92m[PRIM][0m               Core 0 end compute primitive Sram_lifecycle.                                                                   | [36m4078 ns[0m
[INFO][0m[92m[PRIM][0m               Core 0 start compute primitive Sram_lifecycle.                                                                 | [36m4084 ns[0m
[INFO][0m[92m[PRIM][0m               Core 0 end compute primitive Sram_lifecycle.                                                                   | [36m4084 ns[0m
[INFO][0m[92m[PRIM][0m               Core 4 start compute primitive Sram_lifecycle.                                                                 | [36m4088 ns[0m
[INFO][0m[92m[PRIM][0m               Core 4 end compute primitive Sram_lifecycle.                                                                   | [36m4088 ns[0m
[INFO][0m[92m[PRIM][0m               Core 0 start compute primitive Sram_bind_oneshot.                                                              | [36m4090 ns[0m
[INFO][0m[92m[PRIM][0m               Core 0 end compute primitive Sram_bind_oneshot.                                                                | [36m4090 ns[0m
[INFO][0m[92m[PRIM][0m               Core 8 start compute primitive Sram_lifecycle.                                                                 | [36m4092 ns[0m
[INFO][0m[92m[PRIM][0m               Core 8 end compute primitive Sram_lifecycle.                                                                   | [36m4092 ns[0m
[INFO][0m[92m[PRIM][0m               Core 4 start compute primitive Sram_lifecycle.                                                                 | [36m4094 ns[0m
[INFO][0m[92m[PRIM][0m               Core 4 end compute primitive Sram_lifecycle.                                                                   | [36m4094 ns[0m
[INFO][0m[92m[PRIM][0m               Core 0 start compute primitive Matmul_f.                                                                       | [36m4096 ns[0m
[INFO][0m[92m[PRIM][0m               Core 0 end compute primitive Matmul_f.                                                                         | [36m4096 ns[0m
[INFO][0m[92m[PRIM][0m               Core 8 start compute primitive Sram_lifecycle.                                                                 | [36m4098 ns[0m
[INFO][0m[92m[PRIM][0m               Core 8 end compute primitive Sram_lifecycle.                                                                   | [36m4098 ns[0m
[INFO][0m[92m[PRIM][0m               Core 4 start compute primitive Sram_bind_oneshot.                                                              | [36m4100 ns[0m
[INFO][0m[92m[PRIM][0m               Core 4 end compute primitive Sram_bind_oneshot.                                                                | [36m4100 ns[0m
[INFO][0m[92m[PRIM][0m               Core 0 start compute primitive Sram_lifecycle.                                                                 | [36m4102 ns[0m
[INFO][0m[92m[PRIM][0m               Core 0 end compute primitive Sram_lifecycle.                                                                   | [36m4102 ns[0m
[INFO][0m[92m[PRIM][0m               Core 8 start compute primitive Sram_bind_oneshot.                                                              | [36m4104 ns[0m
[INFO][0m[92m[PRIM][0m               Core 8 end compute primitive Sram_bind_oneshot.                                                                | [36m4104 ns[0m
[INFO][0m[92m[PRIM][0m               Core 4 start compute primitive Matmul_f.                                                                       | [36m4106 ns[0m
[INFO][0m[92m[PRIM][0m               Core 4 end compute primitive Matmul_f.                                                                         | [36m4106 ns[0m
[INFO][0m[92m[PRIM][0m               Core 0 start compute primitive Sram_lifecycle.                                                                 | [36m4108 ns[0m
[INFO][0m[92m[PRIM][0m               Core 0 end compute primitive Sram_lifecycle.                                                                   | [36m4108 ns[0m
[INFO][0m[92m[PRIM][0m               Core 8 start compute primitive Matmul_f.                                                                       | [36m4110 ns[0m
[INFO][0m[92m[PRIM][0m               Core 8 end compute primitive Matmul_f.                                                                         | [36m4110 ns[0m
[INFO][0m[92m[PRIM][0m               Core 4 start compute primitive Sram_lifecycle.                                                                 | [36m4112 ns[0m
[INFO][0m[92m[PRIM][0m               Core 12 start compute primitive Sram_lifecycle.                                                                | [36m4112 ns[0m
[INFO][0m[92m[PRIM][0m               Core 12 end compute primitive Sram_lifecycle.                                                                  | [36m4112 ns[0m
[INFO][0m[92m[PRIM][0m               Core 4 end compute primitive Sram_lifecycle.                                                                   | [36m4112 ns[0m
[INFO][0m[92m[PRIM][0m               Core 0 start compute primitive Sram_lifecycle.                                                                 | [36m4114 ns[0m
[INFO][0m[92m[PRIM][0m               Core 0 end compute primitive Sram_lifecycle.                                                                   | [36m4114 ns[0m
[INFO][0m[92m[PRIM][0m               Core 8 start compute primitive Sram_lifecycle.                                                                 | [36m4116 ns[0m
[INFO][0m[92m[PRIM][0m               Core 8 end compute primitive Sram_lifecycle.                                                                   | [36m4116 ns[0m
[INFO][0m[92m[PRIM][0m               Core 4 start compute primitive Sram_lifecycle.                                                                 | [36m4118 ns[0m
[INFO][0m[92m[PRIM][0m               Core 12 start compute primitive Sram_lifecycle.                                                                | [36m4118 ns[0m
[INFO][0m[92m[PRIM][0m               Core 12 end compute primitive Sram_lifecycle.                                                                  | [36m4118 ns[0m
[INFO][0m[92m[PRIM][0m               Core 4 end compute primitive Sram_lifecycle.                                                                   | [36m4118 ns[0m
[INFO][0m[92m[PRIM][0m               Core 0 start compute primitive Sram_bind_oneshot.                                                              | [36m4120 ns[0m
[INFO][0m[92m[PRIM][0m               Core 0 end compute primitive Sram_bind_oneshot.                                                                | [36m4120 ns[0m
[INFO][0m[92m[PRIM][0m               Core 8 start compute primitive Sram_lifecycle.                                                                 | [36m4122 ns[0m
[INFO][0m[92m[PRIM][0m               Core 8 end compute primitive Sram_lifecycle.                                                                   | [36m4122 ns[0m
[INFO][0m[92m[PRIM][0m               Core 4 start compute primitive Sram_lifecycle.                                                                 | [36m4124 ns[0m
[INFO][0m[92m[PRIM][0m               Core 12 start compute primitive Sram_bind_oneshot.                                                             | [36m4124 ns[0m
[INFO][0m[92m[PRIM][0m               Core 12 end compute primitive Sram_bind_oneshot.                                                               | [36m4124 ns[0m
[INFO][0m[92m[PRIM][0m               Core 4 end compute primitive Sram_lifecycle.                                                                   | [36m4124 ns[0m
[INFO][0m[92m[PRIM][0m               Core 0 start compute primitive Attention_f.                                                                    | [36m4126 ns[0m
[INFO][0m[92m[PRIM][0m               Core 0 end compute primitive Attention_f.                                                                      | [36m4126 ns[0m
[INFO][0m[92m[PRIM][0m               Core 8 start compute primitive Sram_lifecycle.                                                                 | [36m4128 ns[0m
[INFO][0m[92m[PRIM][0m               Core 8 end compute primitive Sram_lifecycle.                                                                   | [36m4128 ns[0m
[INFO][0m[92m[PRIM][0m               Core 4 start compute primitive Sram_bind_oneshot.                                                              | [36m4130 ns[0m
[INFO][0m[92m[PRIM][0m               Core 12 start compute primitive Matmul_f.                                                                      | [36m4130 ns[0m
[INFO][0m[92m[PRIM][0m               Core 12 end compute primitive Matmul_f.                                                                        | [36m4130 ns[0m
[INFO][0m[92m[PRIM][0m               Core 4 end compute primitive Sram_bind_oneshot.                                                                | [36m4130 ns[0m
[INFO][0m[92m[PRIM][0m               Core 0 start compute primitive Sram_lifecycle.                                                                 | [36m4132 ns[0m
[INFO][0m[92m[PRIM][0m               Core 0 end compute primitive Sram_lifecycle.                                                                   | [36m4132 ns[0m
[INFO][0m[92m[PRIM][0m               Core 8 start compute primitive Sram_bind_oneshot.                                                              | [36m4134 ns[0m
[INFO][0m[92m[PRIM][0m               Core 8 end compute primitive Sram_bind_oneshot.                                                                | [36m4134 ns[0m
[INFO][0m[92m[PRIM][0m               Core 4 start compute primitive Attention_f.                                                                    | [36m4136 ns[0m
[INFO][0m[92m[PRIM][0m               Core 12 start compute primitive Sram_lifecycle.                                                                | [36m4136 ns[0m
[INFO][0m[92m[PRIM][0m               Core 12 end compute primitive Sram_lifecycle.                                                                  | [36m4136 ns[0m
[INFO][0m[92m[PRIM][0m               Core 4 end compute primitive Attention_f.                                                                      | [36m4136 ns[0m
[INFO][0m[92m[PRIM][0m               Core 0 start compute primitive Sram_lifecycle.                                                                 | [36m4138 ns[0m
[INFO][0m[92m[PRIM][0m               Core 0 end compute primitive Sram_lifecycle.                                                                   | [36m4138 ns[0m
[INFO][0m[92m[PRIM][0m               Core 8 start compute primitive Attention_f.                                                                    | [36m4140 ns[0m
[INFO][0m[92m[PRIM][0m               Core 8 end compute primitive Attention_f.                                                                      | [36m4140 ns[0m
[INFO][0m[92m[PRIM][0m               Core 4 start compute primitive Sram_lifecycle.                                                                 | [36m4142 ns[0m
[INFO][0m[92m[PRIM][0m               Core 12 start compute primitive Sram_lifecycle.                                                                | [36m4142 ns[0m
[INFO][0m[92m[PRIM][0m               Core 12 end compute primitive Sram_lifecycle.                                                                  | [36m4142 ns[0m
[INFO][0m[92m[PRIM][0m               Core 4 end compute primitive Sram_lifecycle.                                                                   | [36m4142 ns[0m
[INFO][0m[92m[PRIM][0m               Core 0 start compute primitive Sram_lifecycle.                                                                 | [36m4144 ns[0m
[INFO][0m[92m[PRIM][0m               Core 0 end compute primitive Sram_lifecycle.                                                                   | [36m4144 ns[0m
[INFO][0m[92m[PRIM][0m               Core 8 start compute primitive Sram_lifecycle.                                                                 | [36m4146 ns[0m
[INFO][0m[92m[PRIM][0m               Core 8 end compute primitive Sram_lifecycle.                                                                   | [36m4146 ns[0m
[INFO][0m[92m[PRIM][0m               Core 4 start compute primitive Sram_lifecycle.                                                                 | [36m4148 ns[0m
[INFO][0m[92m[PRIM][0m               Core 12 start compute primitive Sram_lifecycle.                                                                | [36m4148 ns[0m
[INFO][0m[92m[PRIM][0m               Core 12 end compute primitive Sram_lifecycle.                                                                  | [36m4148 ns[0m
[INFO][0m[92m[PRIM][0m               Core 4 end compute primitive Sram_lifecycle.                                                                   | [36m4148 ns[0m
[INFO][0m[92m[PRIM][0m               Core 0 start compute primitive Sram_lifecycle.                                                                 | [36m4150 ns[0m
[INFO][0m[92m[PRIM][0m               Core 0 end compute primitive Sram_lifecycle.                                                                   | [36m4150 ns[0m
[INFO][0m[92m[PRIM][0m               Core 8 start compute primitive Sram_lifecycle.                                                                 | [36m4152 ns[0m
[INFO][0m[92m[PRIM][0m               Core 8 end compute primitive Sram_lifecycle.                                                                   | [36m4152 ns[0m
[INFO][0m[92m[PRIM][0m               Core 4 start compute primitive Sram_lifecycle.                                                                 | [36m4154 ns[0m
[INFO][0m[92m[PRIM][0m               Core 12 start compute primitive Sram_bind_oneshot.                                                             | [36m4154 ns[0m
[INFO][0m[92m[PRIM][0m               Core 12 end compute primitive Sram_bind_oneshot.                                                               | [36m4154 ns[0m
[INFO][0m[92m[PRIM][0m               Core 4 end compute primitive Sram_lifecycle.                                                                   | [36m4154 ns[0m
[INFO][0m[92m[PRIM][0m               Core 0 start compute primitive Sram_lifecycle.                                                                 | [36m4156 ns[0m
[INFO][0m[92m[PRIM][0m               Core 0 end compute primitive Sram_lifecycle.                                                                   | [36m4156 ns[0m
[INFO][0m[92m[PRIM][0m               Core 8 start compute primitive Sram_lifecycle.                                                                 | [36m4158 ns[0m
[INFO][0m[92m[PRIM][0m               Core 8 end compute primitive Sram_lifecycle.                                                                   | [36m4158 ns[0m
[INFO][0m[92m[PRIM][0m               Core 4 start compute primitive Sram_lifecycle.                                                                 | [36m4160 ns[0m
[INFO][0m[92m[PRIM][0m               Core 12 start compute primitive Attention_f.                                                                   | [36m4160 ns[0m
[INFO][0m[92m[PRIM][0m               Core 12 end compute primitive Attention_f.                                                                     | [36m4160 ns[0m
[INFO][0m[92m[PRIM][0m               Core 4 end compute primitive Sram_lifecycle.                                                                   | [36m4160 ns[0m
[INFO][0m[92m[PRIM][0m               Core 0 start compute primitive Sram_bind_oneshot.                                                              | [36m4162 ns[0m
[INFO][0m[92m[PRIM][0m               Core 0 end compute primitive Sram_bind_oneshot.                                                                | [36m4162 ns[0m
[INFO][0m[92m[PRIM][0m               Core 8 start compute primitive Sram_lifecycle.                                                                 | [36m4164 ns[0m
[INFO][0m[92m[PRIM][0m               Core 8 end compute primitive Sram_lifecycle.                                                                   | [36m4164 ns[0m
[INFO][0m[92m[PRIM][0m               Core 4 start compute primitive Sram_lifecycle.                                                                 | [36m4166 ns[0m
[INFO][0m[92m[PRIM][0m               Core 12 start compute primitive Sram_lifecycle.                                                                | [36m4166 ns[0m
[INFO][0m[92m[PRIM][0m               Core 12 end compute primitive Sram_lifecycle.                                                                  | [36m4166 ns[0m
[INFO][0m[92m[PRIM][0m               Core 4 end compute primitive Sram_lifecycle.                                                                   | [36m4166 ns[0m
[INFO][0m[92m[PRIM][0m               Core 0 start compute primitive Matmul_f.                                                                       | [36m4168 ns[0m
[INFO][0m[92m[PRIM][0m               Core 0 end compute primitive Matmul_f.                                                                         | [36m4168 ns[0m
[INFO][0m[92m[PRIM][0m               Core 8 start compute primitive Sram_lifecycle.                                                                 | [36m4170 ns[0m
[INFO][0m[92m[PRIM][0m               Core 8 end compute primitive Sram_lifecycle.                                                                   | [36m4170 ns[0m
[INFO][0m[92m[PRIM][0m               Core 4 start compute primitive Sram_bind_oneshot.                                                              | [36m4172 ns[0m
[INFO][0m[92m[PRIM][0m               Core 12 start compute primitive Sram_lifecycle.                                                                | [36m4172 ns[0m
[INFO][0m[92m[PRIM][0m               Core 12 end compute primitive Sram_lifecycle.                                                                  | [36m4172 ns[0m
[INFO][0m[92m[PRIM][0m               Core 4 end compute primitive Sram_bind_oneshot.                                                                | [36m4172 ns[0m
[INFO][0m[92m[PRIM][0m               Core 0 start compute primitive Sram_lifecycle.                                                                 | [36m4174 ns[0m
[INFO][0m[92m[PRIM][0m               Core 0 end compute primitive Sram_lifecycle.                                                                   | [36m4174 ns[0m
[INFO][0m[92m[PRIM][0m               Core 8 start compute primitive Sram_bind_oneshot.                                                              | [36m4176 ns[0m
[INFO][0m[92m[PRIM][0m               Core 8 end compute primitive Sram_bind_oneshot.                                                                | [36m4176 ns[0m
[INFO][0m[92m[PRIM][0m               Core 4 start compute primitive Matmul_f.                                                                       | [36m4178 ns[0m
[INFO][0m[92m[PRIM][0m               Core 12 start compute primitive Sram_lifecycle.                                                                | [36m4178 ns[0m
[INFO][0m[92m[PRIM][0m               Core 12 end compute primitive Sram_lifecycle.                                                                  | [36m4178 ns[0m
[INFO][0m[92m[PRIM][0m               Core 4 end compute primitive Matmul_f.                                                                         | [36m4178 ns[0m
[INFO][0m[92m[PRIM][0m               Core 0 start compute primitive Sram_lifecycle.                                                                 | [36m4180 ns[0m
[INFO][0m[92m[PRIM][0m               Core 0 end compute primitive Sram_lifecycle.                                                                   | [36m4180 ns[0m
[INFO][0m[92m[PRIM][0m               Core 8 start compute primitive Matmul_f.                                                                       | [36m4182 ns[0m
[INFO][0m[92m[PRIM][0m               Core 8 end compute primitive Matmul_f.                                                                         | [36m4182 ns[0m
[INFO][0m[92m[PRIM][0m               Core 4 start compute primitive Sram_lifecycle.                                                                 | [36m4184 ns[0m
[INFO][0m[92m[PRIM][0m               Core 12 start compute primitive Sram_lifecycle.                                                                | [36m4184 ns[0m
[INFO][0m[92m[PRIM][0m               Core 12 end compute primitive Sram_lifecycle.                                                                  | [36m4184 ns[0m
[INFO][0m[92m[PRIM][0m               Core 4 end compute primitive Sram_lifecycle.                                                                   | [36m4184 ns[0m
[INFO][0m[92m[PRIM][0m               Core 0 start compute primitive Sram_lifecycle.                                                                 | [36m4186 ns[0m
[INFO][0m[92m[PRIM][0m               Core 0 end compute primitive Sram_lifecycle.                                                                   | [36m4186 ns[0m
[INFO][0m[92m[PRIM][0m               Core 8 start compute primitive Sram_lifecycle.                                                                 | [36m4188 ns[0m
[INFO][0m[92m[PRIM][0m               Core 8 end compute primitive Sram_lifecycle.                                                                   | [36m4188 ns[0m
[INFO][0m[92m[PRIM][0m               Core 4 start compute primitive Sram_lifecycle.                                                                 | [36m4190 ns[0m
[INFO][0m[92m[PRIM][0m               Core 12 start compute primitive Sram_lifecycle.                                                                | [36m4190 ns[0m
[INFO][0m[92m[PRIM][0m               Core 12 end compute primitive Sram_lifecycle.                                                                  | [36m4190 ns[0m
[INFO][0m[92m[PRIM][0m               Core 4 end compute primitive Sram_lifecycle.                                                                   | [36m4190 ns[0m
[INFO][0m[92m[PRIM][0m               Core 8 start compute primitive Sram_lifecycle.                                                                 | [36m4194 ns[0m
[INFO][0m[92m[PRIM][0m               Core 8 end compute primitive Sram_lifecycle.                                                                   | [36m4194 ns[0m
[INFO][0m[92m[PRIM][0m               Core 12 start compute primitive Sram_bind_oneshot.                                                             | [36m4196 ns[0m
[INFO][0m[92m[PRIM][0m               Core 12 end compute primitive Sram_bind_oneshot.                                                               | [36m4196 ns[0m
[INFO][0m[92m[PRIM][0m               Core 12 start compute primitive Matmul_f.                                                                      | [36m4202 ns[0m
[INFO][0m[92m[PRIM][0m               Core 12 end compute primitive Matmul_f.                                                                        | [36m4202 ns[0m
[INFO][0m[92m[PRIM][0m               Core 12 start compute primitive Sram_lifecycle.                                                                | [36m4208 ns[0m
[INFO][0m[92m[PRIM][0m               Core 12 end compute primitive Sram_lifecycle.                                                                  | [36m4208 ns[0m
[INFO][0m[92m[PRIM][0m               Core 12 start compute primitive Sram_lifecycle.                                                                | [36m4214 ns[0m
[INFO][0m[92m[PRIM][0m               Core 12 end compute primitive Sram_lifecycle.                                                                  | [36m4214 ns[0m
[INFO][0m[92m[PRIM][0m               Core 4 start compute primitive Sram_lifecycle.                                                                 | [36m4260 ns[0m
[INFO][0m[92m[PRIM][0m               Core 4 end compute primitive Sram_lifecycle.                                                                   | [36m4260 ns[0m
[INFO][0m[92m[PRIM][0m               Core 8 start compute primitive Sram_lifecycle.                                                                 | [36m4264 ns[0m
[INFO][0m[92m[PRIM][0m               Core 8 end compute primitive Sram_lifecycle.                                                                   | [36m4264 ns[0m
[INFO][0m[92m[PRIM][0m               Core 4 start compute primitive Sram_lifecycle.                                                                 | [36m4266 ns[0m
[INFO][0m[92m[PRIM][0m               Core 4 end compute primitive Sram_lifecycle.                                                                   | [36m4266 ns[0m
[INFO][0m[92m[PRIM][0m               Core 8 start compute primitive Sram_lifecycle.                                                                 | [36m4270 ns[0m
[INFO][0m[92m[PRIM][0m               Core 8 end compute primitive Sram_lifecycle.                                                                   | [36m4270 ns[0m
[INFO][0m[92m[PRIM][0m               Core 4 start compute primitive Sram_lifecycle.                                                                 | [36m4272 ns[0m
[INFO][0m[92m[PRIM][0m               Core 4 end compute primitive Sram_lifecycle.                                                                   | [36m4272 ns[0m
[INFO][0m[92m[PRIM][0m               Core 8 start compute primitive Sram_lifecycle.                                                                 | [36m4276 ns[0m
[INFO][0m[92m[PRIM][0m               Core 8 end compute primitive Sram_lifecycle.                                                                   | [36m4276 ns[0m
[INFO][0m[92m[PRIM][0m               Core 4 start compute primitive Sram_lifecycle.                                                                 | [36m4278 ns[0m
[INFO][0m[92m[PRIM][0m               Core 4 end compute primitive Sram_lifecycle.                                                                   | [36m4278 ns[0m
[INFO][0m[92m[PRIM][0m               Core 8 start compute primitive Sram_lifecycle.                                                                 | [36m4282 ns[0m
[INFO][0m[92m[PRIM][0m               Core 8 end compute primitive Sram_lifecycle.                                                                   | [36m4282 ns[0m
[INFO][0m[92m[PRIM][0m               Core 4 start compute primitive Sram_bind_oneshot.                                                              | [36m4284 ns[0m
[INFO][0m[92m[PRIM][0m               Core 4 end compute primitive Sram_bind_oneshot.                                                                | [36m4284 ns[0m
[INFO][0m[92m[PRIM][0m               Core 8 start compute primitive Sram_bind_oneshot.                                                              | [36m4288 ns[0m
[INFO][0m[92m[PRIM][0m               Core 8 end compute primitive Sram_bind_oneshot.                                                                | [36m4288 ns[0m
[INFO][0m[92m[PRIM][0m               Core 4 start compute primitive Matmul_f.                                                                       | [36m4290 ns[0m
[INFO][0m[92m[PRIM][0m               Core 4 end compute primitive Matmul_f.                                                                         | [36m4290 ns[0m
[INFO][0m[92m[PRIM][0m               Core 8 start compute primitive Matmul_f.                                                                       | [36m4294 ns[0m
[INFO][0m[92m[PRIM][0m               Core 8 end compute primitive Matmul_f.                                                                         | [36m4294 ns[0m
[INFO][0m[92m[PRIM][0m               Core 4 start compute primitive Sram_lifecycle.                                                                 | [36m4296 ns[0m
[INFO][0m[92m[PRIM][0m               Core 4 end compute primitive Sram_lifecycle.                                                                   | [36m4296 ns[0m
[INFO][0m[92m[PRIM][0m               Core 8 start compute primitive Sram_lifecycle.                                                                 | [36m4300 ns[0m
[INFO][0m[92m[PRIM][0m               Core 0 start compute primitive Sram_lifecycle.                                                                 | [36m4300 ns[0m
[INFO][0m[92m[PRIM][0m               Core 0 end compute primitive Sram_lifecycle.                                                                   | [36m4300 ns[0m
[INFO][0m[92m[PRIM][0m               Core 8 end compute primitive Sram_lifecycle.                                                                   | [36m4300 ns[0m
[INFO][0m[92m[PRIM][0m               Core 4 start compute primitive Sram_lifecycle.                                                                 | [36m4302 ns[0m
[INFO][0m[92m[PRIM][0m               Core 4 end compute primitive Sram_lifecycle.                                                                   | [36m4302 ns[0m
[INFO][0m[92m[PRIM][0m               Core 8 start compute primitive Sram_lifecycle.                                                                 | [36m4306 ns[0m
[INFO][0m[92m[PRIM][0m               Core 8 end compute primitive Sram_lifecycle.                                                                   | [36m4306 ns[0m
[INFO][0m[92m[PRIM][0m               Core 4 start compute primitive Sram_lifecycle.                                                                 | [36m4308 ns[0m
[INFO][0m[92m[PRIM][0m               Core 4 end compute primitive Sram_lifecycle.                                                                   | [36m4308 ns[0m
[INFO][0m[92m[PRIM][0m               Core 12 start compute primitive Sram_lifecycle.                                                                | [36m4316 ns[0m
[INFO][0m[92m[PRIM][0m               Core 12 end compute primitive Sram_lifecycle.                                                                  | [36m4316 ns[0m
[INFO][0m[92m[PRIM][0m               Core 12 start compute primitive Sram_lifecycle.                                                                | [36m4322 ns[0m
[INFO][0m[92m[PRIM][0m               Core 12 end compute primitive Sram_lifecycle.                                                                  | [36m4322 ns[0m
[INFO][0m[92m[PRIM][0m               Core 12 start compute primitive Sram_lifecycle.                                                                | [36m4328 ns[0m
[INFO][0m[92m[PRIM][0m               Core 12 end compute primitive Sram_lifecycle.                                                                  | [36m4328 ns[0m
[INFO][0m[92m[PRIM][0m               Core 0 start compute primitive Sram_lifecycle.                                                                 | [36m4330 ns[0m
[INFO][0m[92m[PRIM][0m               Core 0 end compute primitive Sram_lifecycle.                                                                   | [36m4330 ns[0m
[INFO][0m[92m[PRIM][0m               Core 12 start compute primitive Sram_lifecycle.                                                                | [36m4334 ns[0m
[INFO][0m[92m[PRIM][0m               Core 12 end compute primitive Sram_lifecycle.                                                                  | [36m4334 ns[0m
[INFO][0m[92m[PRIM][0m               Core 12 start compute primitive Sram_bind_oneshot.                                                             | [36m4340 ns[0m
[INFO][0m[92m[PRIM][0m               Core 12 end compute primitive Sram_bind_oneshot.                                                               | [36m4340 ns[0m
[INFO][0m[92m[PRIM][0m               Core 12 start compute primitive Matmul_f.                                                                      | [36m4346 ns[0m
[INFO][0m[92m[PRIM][0m               Core 12 end compute primitive Matmul_f.                                                                        | [36m4346 ns[0m
[INFO][0m[92m[PRIM][0m               Core 12 start compute primitive Sram_lifecycle.                                                                | [36m4352 ns[0m
[INFO][0m[92m[PRIM][0m               Core 12 end compute primitive Sram_lifecycle.                                                                  | [36m4352 ns[0m
[INFO][0m[92m[PRIM][0m               Core 12 start compute primitive Sram_lifecycle.                                                                | [36m4358 ns[0m
[INFO][0m[92m[PRIM][0m               Core 12 end compute primitive Sram_lifecycle.                                                                  | [36m4358 ns[0m
[INFO][0m[92m[PRIM][0m               Core 0 start compute primitive Sram_lifecycle.                                                                 | [36m4376 ns[0m
[INFO][0m[92m[PRIM][0m               Core 0 end compute primitive Sram_lifecycle.                                                                   | [36m4376 ns[0m
[INFO][0m[92m[PRIM][0m               Core 0 start compute primitive Collective_data_v1_prim.                                                        | [36m4382 ns[0m
[INFO][0m[92m[PRIM][0m               Core 8 start compute primitive Sram_lifecycle.                                                                 | [36m4408 ns[0m
[INFO][0m[92m[PRIM][0m               Core 8 end compute primitive Sram_lifecycle.                                                                   | [36m4408 ns[0m
[INFO][0m[92m[PRIM][0m               Core 0 end compute primitive Collective_data_v1_prim.                                                          | [36m4412 ns[0m
[INFO][0m[92m[PRIM][0m               Core 8 start compute primitive Sram_lifecycle.                                                                 | [36m4414 ns[0m
[INFO][0m[92m[PRIM][0m               Core 8 end compute primitive Sram_lifecycle.                                                                   | [36m4414 ns[0m
[INFO][0m[92m[PRIM][0m               Core 0 start compute primitive Sram_lifecycle.                                                                 | [36m4418 ns[0m
[INFO][0m[92m[PRIM][0m               Core 0 end compute primitive Sram_lifecycle.                                                                   | [36m4418 ns[0m
[INFO][0m[92m[PRIM][0m               Core 8 start compute primitive Sram_lifecycle.                                                                 | [36m4420 ns[0m
[INFO][0m[92m[PRIM][0m               Core 8 end compute primitive Sram_lifecycle.                                                                   | [36m4420 ns[0m
[INFO][0m[92m[PRIM][0m               Core 0 start compute primitive Sram_lifecycle.                                                                 | [36m4424 ns[0m
[INFO][0m[92m[PRIM][0m               Core 0 end compute primitive Sram_lifecycle.                                                                   | [36m4424 ns[0m
[INFO][0m[92m[PRIM][0m               Core 8 start compute primitive Sram_lifecycle.                                                                 | [36m4426 ns[0m
[INFO][0m[92m[PRIM][0m               Core 8 end compute primitive Sram_lifecycle.                                                                   | [36m4426 ns[0m
[INFO][0m[92m[PRIM][0m               Core 0 start compute primitive Sram_lifecycle.                                                                 | [36m4430 ns[0m
[INFO][0m[92m[PRIM][0m               Core 0 end compute primitive Sram_lifecycle.                                                                   | [36m4430 ns[0m
[INFO][0m[92m[PRIM][0m               Core 8 start compute primitive Sram_bind_oneshot.                                                              | [36m4432 ns[0m
[INFO][0m[92m[PRIM][0m               Core 12 start compute primitive Sram_lifecycle.                                                                | [36m4432 ns[0m
[INFO][0m[92m[PRIM][0m               Core 12 end compute primitive Sram_lifecycle.                                                                  | [36m4432 ns[0m
[INFO][0m[92m[PRIM][0m               Core 8 end compute primitive Sram_bind_oneshot.                                                                | [36m4432 ns[0m
[INFO][0m[92m[PRIM][0m               Core 0 start compute primitive Sram_lifecycle.                                                                 | [36m4436 ns[0m
[INFO][0m[92m[PRIM][0m               Core 0 end compute primitive Sram_lifecycle.                                                                   | [36m4436 ns[0m
[INFO][0m[92m[PRIM][0m               Core 8 start compute primitive Matmul_f.                                                                       | [36m4438 ns[0m
[INFO][0m[92m[PRIM][0m               Core 12 start compute primitive Sram_lifecycle.                                                                | [36m4438 ns[0m
[INFO][0m[92m[PRIM][0m               Core 12 end compute primitive Sram_lifecycle.                                                                  | [36m4438 ns[0m
[INFO][0m[92m[PRIM][0m               Core 8 end compute primitive Matmul_f.                                                                         | [36m4438 ns[0m
[INFO][0m[92m[PRIM][0m               Core 0 start compute primitive Sram_lifecycle.                                                                 | [36m4442 ns[0m
[INFO][0m[92m[PRIM][0m               Core 0 end compute primitive Sram_lifecycle.                                                                   | [36m4442 ns[0m
[INFO][0m[92m[PRIM][0m               Core 8 start compute primitive Sram_lifecycle.                                                                 | [36m4444 ns[0m
[INFO][0m[92m[PRIM][0m               Core 12 start compute primitive Sram_lifecycle.                                                                | [36m4444 ns[0m
[INFO][0m[92m[PRIM][0m               Core 12 end compute primitive Sram_lifecycle.                                                                  | [36m4444 ns[0m
[INFO][0m[92m[PRIM][0m               Core 8 end compute primitive Sram_lifecycle.                                                                   | [36m4444 ns[0m
[INFO][0m[92m[PRIM][0m               Core 0 start compute primitive Sram_lifecycle.                                                                 | [36m4448 ns[0m
[INFO][0m[92m[PRIM][0m               Core 0 end compute primitive Sram_lifecycle.                                                                   | [36m4448 ns[0m
[INFO][0m[92m[PRIM][0m               Core 8 start compute primitive Sram_lifecycle.                                                                 | [36m4450 ns[0m
[INFO][0m[92m[PRIM][0m               Core 12 start compute primitive Sram_lifecycle.                                                                | [36m4450 ns[0m
[INFO][0m[92m[PRIM][0m               Core 12 end compute primitive Sram_lifecycle.                                                                  | [36m4450 ns[0m
[INFO][0m[92m[PRIM][0m               Core 8 end compute primitive Sram_lifecycle.                                                                   | [36m4450 ns[0m
[INFO][0m[92m[PRIM][0m               Core 0 start compute primitive Sram_lifecycle.                                                                 | [36m4454 ns[0m
[INFO][0m[92m[PRIM][0m               Core 0 end compute primitive Sram_lifecycle.                                                                   | [36m4454 ns[0m
[INFO][0m[92m[PRIM][0m               Core 8 start compute primitive Sram_lifecycle.                                                                 | [36m4456 ns[0m
[INFO][0m[92m[PRIM][0m               Core 12 start compute primitive Sram_bind_oneshot.                                                             | [36m4456 ns[0m
[INFO][0m[92m[PRIM][0m               Core 12 end compute primitive Sram_bind_oneshot.                                                               | [36m4456 ns[0m
[INFO][0m[92m[PRIM][0m               Core 8 end compute primitive Sram_lifecycle.                                                                   | [36m4456 ns[0m
[INFO][0m[92m[PRIM][0m               Core 0 start compute primitive Sram_bind_oneshot.                                                              | [36m4460 ns[0m
[INFO][0m[92m[PRIM][0m               Core 0 end compute primitive Sram_bind_oneshot.                                                                | [36m4460 ns[0m
[INFO][0m[92m[PRIM][0m               Core 12 start compute primitive Matmul_f.                                                                      | [36m4462 ns[0m
[INFO][0m[92m[PRIM][0m               Core 12 end compute primitive Matmul_f.                                                                        | [36m4462 ns[0m
[INFO][0m[92m[PRIM][0m               Core 0 start compute primitive Matmul_f.                                                                       | [36m4466 ns[0m
[INFO][0m[92m[PRIM][0m               Core 0 end compute primitive Matmul_f.                                                                         | [36m4466 ns[0m
[INFO][0m[92m[PRIM][0m               Core 12 start compute primitive Sram_lifecycle.                                                                | [36m4468 ns[0m
[INFO][0m[92m[PRIM][0m               Core 12 end compute primitive Sram_lifecycle.                                                                  | [36m4468 ns[0m
[INFO][0m[92m[PRIM][0m               Core 0 start compute primitive Sram_lifecycle.                                                                 | [36m4472 ns[0m
[INFO][0m[92m[PRIM][0m               Core 0 end compute primitive Sram_lifecycle.                                                                   | [36m4472 ns[0m
[INFO][0m[92m[PRIM][0m               Core 12 start compute primitive Sram_lifecycle.                                                                | [36m4474 ns[0m
[INFO][0m[92m[PRIM][0m               Core 12 end compute primitive Sram_lifecycle.                                                                  | [36m4474 ns[0m
[INFO][0m[92m[PRIM][0m               Core 0 start compute primitive Sram_lifecycle.                                                                 | [36m4478 ns[0m
[INFO][0m[92m[PRIM][0m               Core 0 end compute primitive Sram_lifecycle.                                                                   | [36m4478 ns[0m
[INFO][0m[92m[PRIM][0m               Core 12 start compute primitive Sram_lifecycle.                                                                | [36m4544 ns[0m
[INFO][0m[92m[PRIM][0m               Core 12 end compute primitive Sram_lifecycle.                                                                  | [36m4544 ns[0m
[INFO][0m[92m[PRIM][0m               Core 0 start compute primitive Sram_lifecycle.                                                                 | [36m4548 ns[0m
[INFO][0m[92m[PRIM][0m               Core 0 end compute primitive Sram_lifecycle.                                                                   | [36m4548 ns[0m
[INFO][0m[92m[PRIM][0m               Core 12 start compute primitive Sram_lifecycle.                                                                | [36m4550 ns[0m
[INFO][0m[92m[PRIM][0m               Core 12 end compute primitive Sram_lifecycle.                                                                  | [36m4550 ns[0m
[INFO][0m[92m[PRIM][0m               Core 0 start compute primitive Sram_lifecycle.                                                                 | [36m4554 ns[0m
[INFO][0m[92m[PRIM][0m               Core 0 end compute primitive Sram_lifecycle.                                                                   | [36m4554 ns[0m
[INFO][0m[92m[PRIM][0m               Core 12 start compute primitive Sram_lifecycle.                                                                | [36m4556 ns[0m
[INFO][0m[92m[PRIM][0m               Core 12 end compute primitive Sram_lifecycle.                                                                  | [36m4556 ns[0m
[INFO][0m[92m[PRIM][0m               Core 0 start compute primitive Sram_lifecycle.                                                                 | [36m4560 ns[0m
[INFO][0m[92m[PRIM][0m               Core 0 end compute primitive Sram_lifecycle.                                                                   | [36m4560 ns[0m
[INFO][0m[92m[PRIM][0m               Core 12 start compute primitive Sram_lifecycle.                                                                | [36m4562 ns[0m
[INFO][0m[92m[PRIM][0m               Core 12 end compute primitive Sram_lifecycle.                                                                  | [36m4562 ns[0m
[INFO][0m[92m[PRIM][0m               Core 0 start compute primitive Sram_lifecycle.                                                                 | [36m4566 ns[0m
[INFO][0m[92m[PRIM][0m               Core 0 end compute primitive Sram_lifecycle.                                                                   | [36m4566 ns[0m
[INFO][0m[92m[PRIM][0m               Core 12 start compute primitive Sram_bind_oneshot.                                                             | [36m4568 ns[0m
[INFO][0m[92m[PRIM][0m               Core 12 end compute primitive Sram_bind_oneshot.                                                               | [36m4568 ns[0m
[INFO][0m[92m[PRIM][0m               Core 0 start compute primitive Sram_bind_oneshot.                                                              | [36m4572 ns[0m
[INFO][0m[92m[PRIM][0m               Core 0 end compute primitive Sram_bind_oneshot.                                                                | [36m4572 ns[0m
[INFO][0m[92m[PRIM][0m               Core 12 start compute primitive Matmul_f.                                                                      | [36m4574 ns[0m
[INFO][0m[92m[PRIM][0m               Core 12 end compute primitive Matmul_f.                                                                        | [36m4574 ns[0m
[INFO][0m[92m[PRIM][0m               Core 0 start compute primitive Matmul_f.                                                                       | [36m4578 ns[0m
[INFO][0m[92m[PRIM][0m               Core 0 end compute primitive Matmul_f.                                                                         | [36m4578 ns[0m
[INFO][0m[92m[PRIM][0m               Core 12 start compute primitive Sram_lifecycle.                                                                | [36m4580 ns[0m
[INFO][0m[92m[PRIM][0m               Core 12 end compute primitive Sram_lifecycle.                                                                  | [36m4580 ns[0m
[INFO][0m[92m[PRIM][0m               Core 0 start compute primitive Sram_lifecycle.                                                                 | [36m4584 ns[0m
[INFO][0m[92m[PRIM][0m               Core 0 end compute primitive Sram_lifecycle.                                                                   | [36m4584 ns[0m
[INFO][0m[92m[PRIM][0m               Core 12 start compute primitive Sram_lifecycle.                                                                | [36m4586 ns[0m
[INFO][0m[92m[PRIM][0m               Core 12 end compute primitive Sram_lifecycle.                                                                  | [36m4586 ns[0m
[INFO][0m[92m[PRIM][0m               Core 4 start compute primitive Sram_lifecycle.                                                                 | [36m4588 ns[0m
[INFO][0m[92m[PRIM][0m               Core 4 end compute primitive Sram_lifecycle.                                                                   | [36m4588 ns[0m
[INFO][0m[92m[PRIM][0m               Core 0 start compute primitive Sram_lifecycle.                                                                 | [36m4590 ns[0m
[INFO][0m[92m[PRIM][0m               Core 0 end compute primitive Sram_lifecycle.                                                                   | [36m4590 ns[0m
[INFO][0m[92m[PRIM][0m               Core 12 start compute primitive Sram_lifecycle.                                                                | [36m4592 ns[0m
[INFO][0m[92m[PRIM][0m               Core 12 end compute primitive Sram_lifecycle.                                                                  | [36m4592 ns[0m
[INFO][0m[92m[PRIM][0m               Core 4 start compute primitive Sram_lifecycle.                                                                 | [36m4612 ns[0m
[INFO][0m[92m[PRIM][0m               Core 4 end compute primitive Sram_lifecycle.                                                                   | [36m4612 ns[0m
[INFO][0m[92m[PRIM][0m               Core 4 start compute primitive Sram_lifecycle.                                                                 | [36m4636 ns[0m
[INFO][0m[92m[PRIM][0m               Core 4 end compute primitive Sram_lifecycle.                                                                   | [36m4636 ns[0m
[INFO][0m[92m[PRIM][0m               Core 4 start compute primitive Collective_data_v1_prim.                                                        | [36m4642 ns[0m
[INFO][0m[92m[PRIM][0m               Core 0 start compute primitive Sram_lifecycle.                                                                 | [36m4660 ns[0m
[INFO][0m[92m[PRIM][0m               Core 0 end compute primitive Sram_lifecycle.                                                                   | [36m4660 ns[0m
[INFO][0m[92m[PRIM][0m               Core 0 start compute primitive Sram_lifecycle.                                                                 | [36m4666 ns[0m
[INFO][0m[92m[PRIM][0m               Core 0 end compute primitive Sram_lifecycle.                                                                   | [36m4666 ns[0m
[INFO][0m[92m[PRIM][0m               Core 4 end compute primitive Collective_data_v1_prim.                                                          | [36m4672 ns[0m
[INFO][0m[92m[PRIM][0m               Core 0 start compute primitive Sram_lifecycle.                                                                 | [36m4672 ns[0m
[INFO][0m[92m[PRIM][0m               Core 0 end compute primitive Sram_lifecycle.                                                                   | [36m4672 ns[0m
[INFO][0m[92m[PRIM][0m               Core 0 start compute primitive Sram_lifecycle.                                                                 | [36m4678 ns[0m
[INFO][0m[92m[PRIM][0m               Core 4 start compute primitive Sram_lifecycle.                                                                 | [36m4678 ns[0m
[INFO][0m[92m[PRIM][0m               Core 4 end compute primitive Sram_lifecycle.                                                                   | [36m4678 ns[0m
[INFO][0m[92m[PRIM][0m               Core 0 end compute primitive Sram_lifecycle.                                                                   | [36m4678 ns[0m
[INFO][0m[92m[PRIM][0m               Core 0 start compute primitive Sram_bind_oneshot.                                                              | [36m4684 ns[0m
[INFO][0m[92m[PRIM][0m               Core 4 start compute primitive Sram_lifecycle.                                                                 | [36m4684 ns[0m
[INFO][0m[92m[PRIM][0m               Core 4 end compute primitive Sram_lifecycle.                                                                   | [36m4684 ns[0m
[INFO][0m[92m[PRIM][0m               Core 0 end compute primitive Sram_bind_oneshot.                                                                | [36m4684 ns[0m
[INFO][0m[92m[PRIM][0m               Core 0 start compute primitive Matmul_f.                                                                       | [36m4690 ns[0m
[INFO][0m[92m[PRIM][0m               Core 4 start compute primitive Sram_lifecycle.                                                                 | [36m4690 ns[0m
[INFO][0m[92m[PRIM][0m               Core 4 end compute primitive Sram_lifecycle.                                                                   | [36m4690 ns[0m
[INFO][0m[92m[PRIM][0m               Core 0 end compute primitive Matmul_f.                                                                         | [36m4690 ns[0m
[INFO][0m[92m[PRIM][0m               Core 0 start compute primitive Sram_lifecycle.                                                                 | [36m4696 ns[0m
[INFO][0m[92m[PRIM][0m               Core 4 start compute primitive Sram_lifecycle.                                                                 | [36m4696 ns[0m
[INFO][0m[92m[PRIM][0m               Core 4 end compute primitive Sram_lifecycle.                                                                   | [36m4696 ns[0m
[INFO][0m[92m[PRIM][0m               Core 0 end compute primitive Sram_lifecycle.                                                                   | [36m4696 ns[0m
[INFO][0m[92m[PRIM][0m               Core 8 start compute primitive Sram_lifecycle.                                                                 | [36m4700 ns[0m
[INFO][0m[92m[PRIM][0m               Core 8 end compute primitive Sram_lifecycle.                                                                   | [36m4700 ns[0m
[INFO][0m[92m[PRIM][0m               Core 0 start compute primitive Sram_lifecycle.                                                                 | [36m4702 ns[0m
[INFO][0m[92m[PRIM][0m               Core 4 start compute primitive Sram_lifecycle.                                                                 | [36m4702 ns[0m
[INFO][0m[92m[PRIM][0m               Core 4 end compute primitive Sram_lifecycle.                                                                   | [36m4702 ns[0m
[INFO][0m[92m[PRIM][0m               Core 0 end compute primitive Sram_lifecycle.                                                                   | [36m4702 ns[0m
[INFO][0m[92m[PRIM][0m               Core 4 start compute primitive Sram_lifecycle.                                                                 | [36m4708 ns[0m
[INFO][0m[92m[PRIM][0m               Core 4 end compute primitive Sram_lifecycle.                                                                   | [36m4708 ns[0m
[INFO][0m[92m[PRIM][0m               Core 4 start compute primitive Sram_lifecycle.                                                                 | [36m4714 ns[0m
[INFO][0m[92m[PRIM][0m               Core 4 end compute primitive Sram_lifecycle.                                                                   | [36m4714 ns[0m
[INFO][0m[92m[PRIM][0m               Core 4 start compute primitive Sram_bind_oneshot.                                                              | [36m4720 ns[0m
[INFO][0m[92m[PRIM][0m               Core 4 end compute primitive Sram_bind_oneshot.                                                                | [36m4720 ns[0m
[INFO][0m[92m[PRIM][0m               Core 4 start compute primitive Matmul_f.                                                                       | [36m4726 ns[0m
[INFO][0m[92m[PRIM][0m               Core 4 end compute primitive Matmul_f.                                                                         | [36m4726 ns[0m
[INFO][0m[92m[PRIM][0m               Core 4 start compute primitive Sram_lifecycle.                                                                 | [36m4732 ns[0m
[INFO][0m[92m[PRIM][0m               Core 4 end compute primitive Sram_lifecycle.                                                                   | [36m4732 ns[0m
[INFO][0m[92m[PRIM][0m               Core 4 start compute primitive Sram_lifecycle.                                                                 | [36m4738 ns[0m
[INFO][0m[92m[PRIM][0m               Core 4 end compute primitive Sram_lifecycle.                                                                   | [36m4738 ns[0m
[INFO][0m[92m[PRIM][0m               Core 0 start compute primitive Sram_lifecycle.                                                                 | [36m4804 ns[0m
[INFO][0m[92m[PRIM][0m               Core 0 end compute primitive Sram_lifecycle.                                                                   | [36m4804 ns[0m
[INFO][0m[92m[PRIM][0m               Core 0 start compute primitive Sram_lifecycle.                                                                 | [36m4810 ns[0m
[INFO][0m[92m[PRIM][0m               Core 0 end compute primitive Sram_lifecycle.                                                                   | [36m4810 ns[0m
[INFO][0m[92m[PRIM][0m               Core 0 start compute primitive Sram_bind_oneshot.                                                              | [36m4816 ns[0m
[INFO][0m[92m[PRIM][0m               Core 0 end compute primitive Sram_bind_oneshot.                                                                | [36m4816 ns[0m
[INFO][0m[92m[PRIM][0m               Core 0 start compute primitive Residual_f.                                                                     | [36m4822 ns[0m
[INFO][0m[92m[PRIM][0m               Core 0 end compute primitive Residual_f.                                                                       | [36m4822 ns[0m
[INFO][0m[92m[PRIM][0m               Core 0 start compute primitive Sram_lifecycle.                                                                 | [36m4828 ns[0m
[INFO][0m[92m[PRIM][0m               Core 0 end compute primitive Sram_lifecycle.                                                                   | [36m4828 ns[0m
[INFO][0m[92m[PRIM][0m               Core 0 start compute primitive Sram_lifecycle.                                                                 | [36m4834 ns[0m
[INFO][0m[92m[PRIM][0m               Core 0 end compute primitive Sram_lifecycle.                                                                   | [36m4834 ns[0m
[INFO][0m[92m[PRIM][0m               Core 0 start compute primitive Sram_lifecycle.                                                                 | [36m4840 ns[0m
[INFO][0m[92m[PRIM][0m               Core 4 start compute primitive Sram_lifecycle.                                                                 | [36m4840 ns[0m
[INFO][0m[92m[PRIM][0m               Core 4 end compute primitive Sram_lifecycle.                                                                   | [36m4840 ns[0m
[INFO][0m[92m[PRIM][0m               Core 0 end compute primitive Sram_lifecycle.                                                                   | [36m4840 ns[0m
[INFO][0m[92m[PRIM][0m               Core 0 start compute primitive Sram_bind_oneshot.                                                              | [36m4846 ns[0m
[INFO][0m[92m[PRIM][0m               Core 4 start compute primitive Sram_lifecycle.                                                                 | [36m4846 ns[0m
[INFO][0m[92m[PRIM][0m               Core 4 end compute primitive Sram_lifecycle.                                                                   | [36m4846 ns[0m
[INFO][0m[92m[PRIM][0m               Core 0 end compute primitive Sram_bind_oneshot.                                                                | [36m4846 ns[0m
[INFO][0m[92m[PRIM][0m               Core 0 start compute primitive rmsnorm_forward.                                                                | [36m4852 ns[0m
[INFO][0m[92m[PRIM][0m               Core 4 start compute primitive Sram_lifecycle.                                                                 | [36m4852 ns[0m
[INFO][0m[92m[PRIM][0m               Core 4 end compute primitive Sram_lifecycle.                                                                   | [36m4852 ns[0m
[INFO][0m[92m[PRIM][0m               Core 0 end compute primitive rmsnorm_forward.                                                                  | [36m4852 ns[0m
[INFO][0m[92m[PRIM][0m               Core 0 start compute primitive Sram_lifecycle.                                                                 | [36m4858 ns[0m
[INFO][0m[92m[PRIM][0m               Core 4 start compute primitive Sram_lifecycle.                                                                 | [36m4858 ns[0m
[INFO][0m[92m[PRIM][0m               Core 4 end compute primitive Sram_lifecycle.                                                                   | [36m4858 ns[0m
[INFO][0m[92m[PRIM][0m               Core 0 end compute primitive Sram_lifecycle.                                                                   | [36m4858 ns[0m
[INFO][0m[92m[PRIM][0m               Core 12 start compute primitive Sram_lifecycle.                                                                | [36m4864 ns[0m
[INFO][0m[92m[PRIM][0m               Core 4 start compute primitive Sram_bind_oneshot.                                                              | [36m4864 ns[0m
[INFO][0m[92m[PRIM][0m               Core 4 end compute primitive Sram_bind_oneshot.                                                                | [36m4864 ns[0m
[INFO][0m[92m[PRIM][0m               Core 12 end compute primitive Sram_lifecycle.                                                                  | [36m4864 ns[0m
[INFO][0m[92m[PRIM][0m               Core 4 start compute primitive Matmul_f.                                                                       | [36m4870 ns[0m
[INFO][0m[92m[PRIM][0m               Core 4 end compute primitive Matmul_f.                                                                         | [36m4870 ns[0m
[INFO][0m[92m[PRIM][0m               Core 4 start compute primitive Sram_lifecycle.                                                                 | [36m4876 ns[0m
[INFO][0m[92m[PRIM][0m               Core 4 end compute primitive Sram_lifecycle.                                                                   | [36m4876 ns[0m
[INFO][0m[92m[PRIM][0m               Core 4 start compute primitive Sram_lifecycle.                                                                 | [36m4882 ns[0m
[INFO][0m[92m[PRIM][0m               Core 0 start compute primitive Sram_lifecycle.                                                                 | [36m4882 ns[0m
[INFO][0m[92m[PRIM][0m               Core 0 end compute primitive Sram_lifecycle.                                                                   | [36m4882 ns[0m
[INFO][0m[92m[PRIM][0m               Core 4 end compute primitive Sram_lifecycle.                                                                   | [36m4882 ns[0m
[INFO][0m[92m[PRIM][0m               Core 8 start compute primitive Sram_lifecycle.                                                                 | [36m4900 ns[0m
[INFO][0m[92m[PRIM][0m               Core 8 end compute primitive Sram_lifecycle.                                                                   | [36m4900 ns[0m
[INFO][0m[92m[PRIM][0m               Core 8 start compute primitive Sram_lifecycle.                                                                 | [36m4924 ns[0m
[INFO][0m[92m[PRIM][0m               Core 8 end compute primitive Sram_lifecycle.                                                                   | [36m4924 ns[0m
[INFO][0m[92m[PRIM][0m               Core 8 start compute primitive Collective_data_v1_prim.                                                        | [36m4930 ns[0m
[INFO][0m[92m[PRIM][0m               Core 4 start compute primitive Sram_lifecycle.                                                                 | [36m4952 ns[0m
[INFO][0m[92m[PRIM][0m               Core 4 end compute primitive Sram_lifecycle.                                                                   | [36m4952 ns[0m
[INFO][0m[92m[PRIM][0m               Core 4 start compute primitive Sram_lifecycle.                                                                 | [36m4958 ns[0m
[INFO][0m[92m[PRIM][0m               Core 4 end compute primitive Sram_lifecycle.                                                                   | [36m4958 ns[0m
[INFO][0m[92m[PRIM][0m               Core 8 end compute primitive Collective_data_v1_prim.                                                          | [36m4960 ns[0m
[INFO][0m[92m[PRIM][0m               Core 4 start compute primitive Sram_bind_oneshot.                                                              | [36m4964 ns[0m
[INFO][0m[92m[PRIM][0m               Core 4 end compute primitive Sram_bind_oneshot.                                                                | [36m4964 ns[0m
[INFO][0m[92m[PRIM][0m               Core 8 start compute primitive Sram_lifecycle.                                                                 | [36m4966 ns[0m
[INFO][0m[92m[PRIM][0m               Core 8 end compute primitive Sram_lifecycle.                                                                   | [36m4966 ns[0m
[INFO][0m[92m[PRIM][0m               Core 4 start compute primitive Residual_f.                                                                     | [36m4970 ns[0m
[INFO][0m[92m[PRIM][0m               Core 4 end compute primitive Residual_f.                                                                       | [36m4970 ns[0m
[INFO][0m[92m[PRIM][0m               Core 8 start compute primitive Sram_lifecycle.                                                                 | [36m4972 ns[0m
[INFO][0m[92m[PRIM][0m               Core 8 end compute primitive Sram_lifecycle.                                                                   | [36m4972 ns[0m
[INFO][0m[92m[PRIM][0m               Core 4 start compute primitive Sram_lifecycle.                                                                 | [36m4976 ns[0m
[INFO][0m[92m[PRIM][0m               Core 4 end compute primitive Sram_lifecycle.                                                                   | [36m4976 ns[0m
[INFO][0m[92m[PRIM][0m               Core 8 start compute primitive Sram_lifecycle.                                                                 | [36m4978 ns[0m
[INFO][0m[92m[PRIM][0m               Core 8 end compute primitive Sram_lifecycle.                                                                   | [36m4978 ns[0m
[INFO][0m[92m[PRIM][0m               Core 4 start compute primitive Sram_lifecycle.                                                                 | [36m4982 ns[0m
[INFO][0m[92m[PRIM][0m               Core 4 end compute primitive Sram_lifecycle.                                                                   | [36m4982 ns[0m
[INFO][0m[92m[PRIM][0m               Core 8 start compute primitive Sram_lifecycle.                                                                 | [36m4984 ns[0m
[INFO][0m[92m[PRIM][0m               Core 8 end compute primitive Sram_lifecycle.                                                                   | [36m4984 ns[0m
[INFO][0m[92m[PRIM][0m               Core 4 start compute primitive Sram_lifecycle.                                                                 | [36m4988 ns[0m
[INFO][0m[92m[PRIM][0m               Core 4 end compute primitive Sram_lifecycle.                                                                   | [36m4988 ns[0m
[INFO][0m[92m[PRIM][0m               Core 8 start compute primitive Sram_lifecycle.                                                                 | [36m4990 ns[0m
[INFO][0m[92m[PRIM][0m               Core 8 end compute primitive Sram_lifecycle.                                                                   | [36m4990 ns[0m
[INFO][0m[92m[PRIM][0m               Core 12 start compute primitive Sram_lifecycle.                                                                | [36m4992 ns[0m
[INFO][0m[92m[PRIM][0m               Core 12 end compute primitive Sram_lifecycle.                                                                  | [36m4992 ns[0m
[INFO][0m[92m[PRIM][0m               Core 4 start compute primitive Sram_bind_oneshot.                                                              | [36m4994 ns[0m
[INFO][0m[92m[PRIM][0m               Core 4 end compute primitive Sram_bind_oneshot.                                                                | [36m4994 ns[0m
[INFO][0m[92m[PRIM][0m               Core 8 start compute primitive Sram_lifecycle.                                                                 | [36m4996 ns[0m
[INFO][0m[92m[PRIM][0m               Core 8 end compute primitive Sram_lifecycle.                                                                   | [36m4996 ns[0m
[INFO][0m[92m[PRIM][0m               Core 4 start compute primitive rmsnorm_forward.                                                                | [36m5 us[0m
[INFO][0m[92m[PRIM][0m               Core 4 end compute primitive rmsnorm_forward.                                                                  | [36m5 us[0m
[INFO][0m[92m[PRIM][0m               Core 8 start compute primitive Sram_lifecycle.                                                                 | [36m5002 ns[0m
[INFO][0m[92m[PRIM][0m               Core 8 end compute primitive Sram_lifecycle.                                                                   | [36m5002 ns[0m
[INFO][0m[92m[PRIM][0m               Core 4 start compute primitive Sram_lifecycle.                                                                 | [36m5006 ns[0m
[INFO][0m[92m[PRIM][0m               Core 4 end compute primitive Sram_lifecycle.                                                                   | [36m5006 ns[0m
[INFO][0m[92m[PRIM][0m               Core 8 start compute primitive Sram_bind_oneshot.                                                              | [36m5008 ns[0m
[INFO][0m[92m[PRIM][0m               Core 8 end compute primitive Sram_bind_oneshot.                                                                | [36m5008 ns[0m
[INFO][0m[92m[PRIM][0m               Core 8 start compute primitive Matmul_f.                                                                       | [36m5014 ns[0m
[INFO][0m[92m[PRIM][0m               Core 8 end compute primitive Matmul_f.                                                                         | [36m5014 ns[0m
[INFO][0m[92m[PRIM][0m               Core 8 start compute primitive Sram_lifecycle.                                                                 | [36m5020 ns[0m
[INFO][0m[92m[PRIM][0m               Core 8 end compute primitive Sram_lifecycle.                                                                   | [36m5020 ns[0m
[INFO][0m[92m[PRIM][0m               Core 8 start compute primitive Sram_lifecycle.                                                                 | [36m5026 ns[0m
[INFO][0m[92m[PRIM][0m               Core 8 end compute primitive Sram_lifecycle.                                                                   | [36m5026 ns[0m
[INFO][0m[92m[PRIM][0m               Core 4 start compute primitive Sram_lifecycle.                                                                 | [36m5046 ns[0m
[INFO][0m[92m[PRIM][0m               Core 4 end compute primitive Sram_lifecycle.                                                                   | [36m5046 ns[0m
[INFO][0m[92m[PRIM][0m               Core 8 start compute primitive Sram_lifecycle.                                                                 | [36m5096 ns[0m
[INFO][0m[92m[PRIM][0m               Core 8 end compute primitive Sram_lifecycle.                                                                   | [36m5096 ns[0m
[INFO][0m[92m[PRIM][0m               Core 8 start compute primitive Sram_lifecycle.                                                                 | [36m5102 ns[0m
[INFO][0m[92m[PRIM][0m               Core 8 end compute primitive Sram_lifecycle.                                                                   | [36m5102 ns[0m
[INFO][0m[92m[PRIM][0m               Core 8 start compute primitive Sram_bind_oneshot.                                                              | [36m5108 ns[0m
[INFO][0m[92m[PRIM][0m               Core 8 end compute primitive Sram_bind_oneshot.                                                                | [36m5108 ns[0m
[INFO][0m[92m[PRIM][0m               Core 8 start compute primitive Residual_f.                                                                     | [36m5114 ns[0m
[INFO][0m[92m[PRIM][0m               Core 8 end compute primitive Residual_f.                                                                       | [36m5114 ns[0m
[INFO][0m[92m[PRIM][0m               Core 8 start compute primitive Sram_lifecycle.                                                                 | [36m5120 ns[0m
[INFO][0m[92m[PRIM][0m               Core 8 end compute primitive Sram_lifecycle.                                                                   | [36m5120 ns[0m
[INFO][0m[92m[PRIM][0m               Core 8 start compute primitive Sram_lifecycle.                                                                 | [36m5126 ns[0m
[INFO][0m[92m[PRIM][0m               Core 8 end compute primitive Sram_lifecycle.                                                                   | [36m5126 ns[0m
[INFO][0m[92m[PRIM][0m               Core 8 start compute primitive Sram_lifecycle.                                                                 | [36m5132 ns[0m
[INFO][0m[92m[PRIM][0m               Core 8 end compute primitive Sram_lifecycle.                                                                   | [36m5132 ns[0m
[INFO][0m[92m[PRIM][0m               Core 12 start compute primitive Sram_lifecycle.                                                                | [36m5136 ns[0m
[INFO][0m[92m[PRIM][0m               Core 12 end compute primitive Sram_lifecycle.                                                                  | [36m5136 ns[0m
[INFO][0m[92m[PRIM][0m               Core 8 start compute primitive Sram_bind_oneshot.                                                              | [36m5138 ns[0m
[INFO][0m[92m[PRIM][0m               Core 8 end compute primitive Sram_bind_oneshot.                                                                | [36m5138 ns[0m
[INFO][0m[92m[PRIM][0m               Core 12 start compute primitive Collective_data_v1_prim.                                                       | [36m5142 ns[0m
[INFO][0m[92m[PRIM][0m               Core 8 start compute primitive rmsnorm_forward.                                                                | [36m5144 ns[0m
[INFO][0m[92m[PRIM][0m               Core 8 end compute primitive rmsnorm_forward.                                                                  | [36m5144 ns[0m
[INFO][0m[92m[PRIM][0m               Core 8 start compute primitive Sram_lifecycle.                                                                 | [36m5150 ns[0m
[INFO][0m[92m[PRIM][0m               Core 8 end compute primitive Sram_lifecycle.                                                                   | [36m5150 ns[0m
[INFO][0m[92m[PRIM][0m               Core 12 end compute primitive Collective_data_v1_prim.                                                         | [36m5172 ns[0m
[INFO][0m[92m[PRIM][0m               Core 12 start compute primitive Sram_lifecycle.                                                                | [36m5178 ns[0m
[INFO][0m[92m[PRIM][0m               Core 12 end compute primitive Sram_lifecycle.                                                                  | [36m5178 ns[0m
[INFO][0m[92m[PRIM][0m               Core 12 start compute primitive Sram_lifecycle.                                                                | [36m5184 ns[0m
[INFO][0m[92m[PRIM][0m               Core 12 end compute primitive Sram_lifecycle.                                                                  | [36m5184 ns[0m
[INFO][0m[92m[PRIM][0m               Core 12 start compute primitive Sram_lifecycle.                                                                | [36m5190 ns[0m
[INFO][0m[92m[PRIM][0m               Core 12 end compute primitive Sram_lifecycle.                                                                  | [36m5190 ns[0m
[INFO][0m[92m[PRIM][0m               Core 12 start compute primitive Sram_lifecycle.                                                                | [36m5196 ns[0m
[INFO][0m[92m[PRIM][0m               Core 12 end compute primitive Sram_lifecycle.                                                                  | [36m5196 ns[0m
[INFO][0m[92m[PRIM][0m               Core 12 start compute primitive Sram_lifecycle.                                                                | [36m5202 ns[0m
[INFO][0m[92m[PRIM][0m               Core 12 end compute primitive Sram_lifecycle.                                                                  | [36m5202 ns[0m
[INFO][0m[92m[PRIM][0m               Core 12 start compute primitive Sram_bind_oneshot.                                                             | [36m5208 ns[0m
[INFO][0m[92m[PRIM][0m               Core 12 end compute primitive Sram_bind_oneshot.                                                               | [36m5208 ns[0m
[INFO][0m[92m[PRIM][0m               Core 12 start compute primitive Residual_f.                                                                    | [36m5214 ns[0m
[INFO][0m[92m[PRIM][0m               Core 12 end compute primitive Residual_f.                                                                      | [36m5214 ns[0m
[INFO][0m[92m[PRIM][0m               Core 12 start compute primitive Sram_lifecycle.                                                                | [36m5220 ns[0m
[INFO][0m[92m[PRIM][0m               Core 12 end compute primitive Sram_lifecycle.                                                                  | [36m5220 ns[0m
[INFO][0m[92m[PRIM][0m               Core 12 start compute primitive Sram_lifecycle.                                                                | [36m5226 ns[0m
[INFO][0m[92m[PRIM][0m               Core 12 end compute primitive Sram_lifecycle.                                                                  | [36m5226 ns[0m
[INFO][0m[92m[PRIM][0m               Core 12 start compute primitive Sram_lifecycle.                                                                | [36m5232 ns[0m
[INFO][0m[92m[PRIM][0m               Core 12 end compute primitive Sram_lifecycle.                                                                  | [36m5232 ns[0m
[INFO][0m[92m[PRIM][0m               Core 12 start compute primitive Sram_bind_oneshot.                                                             | [36m5238 ns[0m
[INFO][0m[92m[PRIM][0m               Core 12 end compute primitive Sram_bind_oneshot.                                                               | [36m5238 ns[0m
[INFO][0m[92m[PRIM][0m               Core 12 start compute primitive rmsnorm_forward.                                                               | [36m5244 ns[0m
[INFO][0m[92m[PRIM][0m               Core 12 end compute primitive rmsnorm_forward.                                                                 | [36m5244 ns[0m
[INFO][0m[92m[PRIM][0m               Core 12 start compute primitive Sram_lifecycle.                                                                | [36m5250 ns[0m
[INFO][0m[92m[PRIM][0m               Core 12 end compute primitive Sram_lifecycle.                                                                  | [36m5250 ns[0m
[INFO][0m[92m[PRIM][0m               Core 8 start compute primitive Sram_lifecycle.                                                                 | [36m5290 ns[0m
[INFO][0m[92m[PRIM][0m               Core 8 end compute primitive Sram_lifecycle.                                                                   | [36m5290 ns[0m
[INFO][0m[92m[PRIM][0m               Core 12 start compute primitive Sram_lifecycle.                                                                | [36m5578 ns[0m
[INFO][0m[92m[PRIM][0m               Core 12 end compute primitive Sram_lifecycle.                                                                  | [36m5578 ns[0m
[INFO][0m[92m[PRIM][0m               Core 0 start compute primitive Sram_lifecycle.                                                                 | [36m5884 ns[0m
[INFO][0m[92m[PRIM][0m               Core 0 end compute primitive Sram_lifecycle.                                                                   | [36m5884 ns[0m
[INFO][0m[92m[PRIM][0m               Core 0 start compute primitive Sram_lifecycle.                                                                 | [36m5890 ns[0m
[INFO][0m[92m[PRIM][0m               Core 0 end compute primitive Sram_lifecycle.                                                                   | [36m5890 ns[0m
[INFO][0m[92m[PRIM][0m               Core 4 start compute primitive Sram_lifecycle.                                                                 | [36m5894 ns[0m
[INFO][0m[92m[PRIM][0m               Core 4 end compute primitive Sram_lifecycle.                                                                   | [36m5894 ns[0m
[INFO][0m[92m[PRIM][0m               Core 0 start compute primitive Sram_bind_oneshot.                                                              | [36m5896 ns[0m
[INFO][0m[92m[PRIM][0m               Core 0 end compute primitive Sram_bind_oneshot.                                                                | [36m5896 ns[0m
[INFO][0m[92m[PRIM][0m               Core 8 start compute primitive Sram_lifecycle.                                                                 | [36m5898 ns[0m
[INFO][0m[92m[PRIM][0m               Core 8 end compute primitive Sram_lifecycle.                                                                   | [36m5898 ns[0m
[INFO][0m[92m[PRIM][0m               Core 4 start compute primitive Sram_lifecycle.                                                                 | [36m5900 ns[0m
[INFO][0m[92m[PRIM][0m               Core 4 end compute primitive Sram_lifecycle.                                                                   | [36m5900 ns[0m
[INFO][0m[92m[PRIM][0m               Core 0 start compute primitive Matmul_f.                                                                       | [36m5902 ns[0m
[INFO][0m[92m[PRIM][0m               Core 0 end compute primitive Matmul_f.                                                                         | [36m5902 ns[0m
[INFO][0m[92m[PRIM][0m               Core 8 start compute primitive Sram_lifecycle.                                                                 | [36m5904 ns[0m
[INFO][0m[92m[PRIM][0m               Core 8 end compute primitive Sram_lifecycle.                                                                   | [36m5904 ns[0m
[INFO][0m[92m[PRIM][0m               Core 4 start compute primitive Sram_bind_oneshot.                                                              | [36m5906 ns[0m
[INFO][0m[92m[PRIM][0m               Core 4 end compute primitive Sram_bind_oneshot.                                                                | [36m5906 ns[0m
[INFO][0m[92m[PRIM][0m               Core 0 start compute primitive Sram_lifecycle.                                                                 | [36m5908 ns[0m
[INFO][0m[92m[PRIM][0m               Core 0 end compute primitive Sram_lifecycle.                                                                   | [36m5908 ns[0m
[INFO][0m[92m[PRIM][0m               Core 8 start compute primitive Sram_bind_oneshot.                                                              | [36m5910 ns[0m
[INFO][0m[92m[PRIM][0m               Core 8 end compute primitive Sram_bind_oneshot.                                                                | [36m5910 ns[0m
[INFO][0m[92m[PRIM][0m               Core 4 start compute primitive Matmul_f.                                                                       | [36m5912 ns[0m
[INFO][0m[92m[PRIM][0m               Core 4 end compute primitive Matmul_f.                                                                         | [36m5912 ns[0m
[INFO][0m[92m[PRIM][0m               Core 0 start compute primitive Sram_lifecycle.                                                                 | [36m5914 ns[0m
[INFO][0m[92m[PRIM][0m               Core 0 end compute primitive Sram_lifecycle.                                                                   | [36m5914 ns[0m
[INFO][0m[92m[PRIM][0m               Core 8 start compute primitive Matmul_f.                                                                       | [36m5916 ns[0m
[INFO][0m[92m[PRIM][0m               Core 8 end compute primitive Matmul_f.                                                                         | [36m5916 ns[0m
[INFO][0m[92m[PRIM][0m               Core 4 start compute primitive Sram_lifecycle.                                                                 | [36m5918 ns[0m
[INFO][0m[92m[PRIM][0m               Core 12 start compute primitive Sram_lifecycle.                                                                | [36m5918 ns[0m
[INFO][0m[92m[PRIM][0m               Core 12 end compute primitive Sram_lifecycle.                                                                  | [36m5918 ns[0m
[INFO][0m[92m[PRIM][0m               Core 4 end compute primitive Sram_lifecycle.                                                                   | [36m5918 ns[0m
[INFO][0m[92m[PRIM][0m               Core 0 start compute primitive Sram_lifecycle.                                                                 | [36m5920 ns[0m
[INFO][0m[92m[PRIM][0m               Core 0 end compute primitive Sram_lifecycle.                                                                   | [36m5920 ns[0m
[INFO][0m[92m[PRIM][0m               Core 8 start compute primitive Sram_lifecycle.                                                                 | [36m5922 ns[0m
[INFO][0m[92m[PRIM][0m               Core 8 end compute primitive Sram_lifecycle.                                                                   | [36m5922 ns[0m
[INFO][0m[92m[PRIM][0m               Core 4 start compute primitive Sram_lifecycle.                                                                 | [36m5924 ns[0m
[INFO][0m[92m[PRIM][0m               Core 12 start compute primitive Sram_lifecycle.                                                                | [36m5924 ns[0m
[INFO][0m[92m[PRIM][0m               Core 12 end compute primitive Sram_lifecycle.                                                                  | [36m5924 ns[0m
[INFO][0m[92m[PRIM][0m               Core 4 end compute primitive Sram_lifecycle.                                                                   | [36m5924 ns[0m
[INFO][0m[92m[PRIM][0m               Core 0 start compute primitive Sram_bind_oneshot.                                                              | [36m5926 ns[0m
[INFO][0m[92m[PRIM][0m               Core 0 end compute primitive Sram_bind_oneshot.                                                                | [36m5926 ns[0m
[INFO][0m[92m[PRIM][0m               Core 8 start compute primitive Sram_lifecycle.                                                                 | [36m5928 ns[0m
[INFO][0m[92m[PRIM][0m               Core 8 end compute primitive Sram_lifecycle.                                                                   | [36m5928 ns[0m
[INFO][0m[92m[PRIM][0m               Core 4 start compute primitive Sram_lifecycle.                                                                 | [36m5930 ns[0m
[INFO][0m[92m[PRIM][0m               Core 12 start compute primitive Sram_bind_oneshot.                                                             | [36m5930 ns[0m
[INFO][0m[92m[PRIM][0m               Core 12 end compute primitive Sram_bind_oneshot.                                                               | [36m5930 ns[0m
[INFO][0m[92m[PRIM][0m               Core 4 end compute primitive Sram_lifecycle.                                                                   | [36m5930 ns[0m
[INFO][0m[92m[PRIM][0m               Core 0 start compute primitive swiglu_forward.                                                                 | [36m5932 ns[0m
[INFO][0m[92m[PRIM][0m               Core 0 end compute primitive swiglu_forward.                                                                   | [36m5932 ns[0m
[INFO][0m[92m[PRIM][0m               Core 8 start compute primitive Sram_lifecycle.                                                                 | [36m5934 ns[0m
[INFO][0m[92m[PRIM][0m               Core 8 end compute primitive Sram_lifecycle.                                                                   | [36m5934 ns[0m
[INFO][0m[92m[PRIM][0m               Core 4 start compute primitive Sram_bind_oneshot.                                                              | [36m5936 ns[0m
[INFO][0m[92m[PRIM][0m               Core 12 start compute primitive Matmul_f.                                                                      | [36m5936 ns[0m
[INFO][0m[92m[PRIM][0m               Core 12 end compute primitive Matmul_f.                                                                        | [36m5936 ns[0m
[INFO][0m[92m[PRIM][0m               Core 4 end compute primitive Sram_bind_oneshot.                                                                | [36m5936 ns[0m
[INFO][0m[92m[PRIM][0m               Core 0 start compute primitive Sram_lifecycle.                                                                 | [36m5938 ns[0m
[INFO][0m[92m[PRIM][0m               Core 0 end compute primitive Sram_lifecycle.                                                                   | [36m5938 ns[0m
[INFO][0m[92m[PRIM][0m               Core 8 start compute primitive Sram_bind_oneshot.                                                              | [36m5940 ns[0m
[INFO][0m[92m[PRIM][0m               Core 8 end compute primitive Sram_bind_oneshot.                                                                | [36m5940 ns[0m
[INFO][0m[92m[PRIM][0m               Core 4 start compute primitive swiglu_forward.                                                                 | [36m5942 ns[0m
[INFO][0m[92m[PRIM][0m               Core 12 start compute primitive Sram_lifecycle.                                                                | [36m5942 ns[0m
[INFO][0m[92m[PRIM][0m               Core 12 end compute primitive Sram_lifecycle.                                                                  | [36m5942 ns[0m
[INFO][0m[92m[PRIM][0m               Core 4 end compute primitive swiglu_forward.                                                                   | [36m5942 ns[0m
[INFO][0m[92m[PRIM][0m               Core 0 start compute primitive Sram_lifecycle.                                                                 | [36m5944 ns[0m
[INFO][0m[92m[PRIM][0m               Core 0 end compute primitive Sram_lifecycle.                                                                   | [36m5944 ns[0m
[INFO][0m[92m[PRIM][0m               Core 8 start compute primitive swiglu_forward.                                                                 | [36m5946 ns[0m
[INFO][0m[92m[PRIM][0m               Core 8 end compute primitive swiglu_forward.                                                                   | [36m5946 ns[0m
[INFO][0m[92m[PRIM][0m               Core 4 start compute primitive Sram_lifecycle.                                                                 | [36m5948 ns[0m
[INFO][0m[92m[PRIM][0m               Core 12 start compute primitive Sram_lifecycle.                                                                | [36m5948 ns[0m
[INFO][0m[92m[PRIM][0m               Core 12 end compute primitive Sram_lifecycle.                                                                  | [36m5948 ns[0m
[INFO][0m[92m[PRIM][0m               Core 4 end compute primitive Sram_lifecycle.                                                                   | [36m5948 ns[0m
[INFO][0m[92m[PRIM][0m               Core 0 start compute primitive Sram_lifecycle.                                                                 | [36m5950 ns[0m
[INFO][0m[92m[PRIM][0m               Core 0 end compute primitive Sram_lifecycle.                                                                   | [36m5950 ns[0m
[INFO][0m[92m[PRIM][0m               Core 8 start compute primitive Sram_lifecycle.                                                                 | [36m5952 ns[0m
[INFO][0m[92m[PRIM][0m               Core 8 end compute primitive Sram_lifecycle.                                                                   | [36m5952 ns[0m
[INFO][0m[92m[PRIM][0m               Core 4 start compute primitive Sram_lifecycle.                                                                 | [36m5954 ns[0m
[INFO][0m[92m[PRIM][0m               Core 12 start compute primitive Sram_lifecycle.                                                                | [36m5954 ns[0m
[INFO][0m[92m[PRIM][0m               Core 12 end compute primitive Sram_lifecycle.                                                                  | [36m5954 ns[0m
[INFO][0m[92m[PRIM][0m               Core 4 end compute primitive Sram_lifecycle.                                                                   | [36m5954 ns[0m
[INFO][0m[92m[PRIM][0m               Core 0 start compute primitive Sram_lifecycle.                                                                 | [36m5956 ns[0m
[INFO][0m[92m[PRIM][0m               Core 0 end compute primitive Sram_lifecycle.                                                                   | [36m5956 ns[0m
[INFO][0m[92m[PRIM][0m               Core 8 start compute primitive Sram_lifecycle.                                                                 | [36m5958 ns[0m
[INFO][0m[92m[PRIM][0m               Core 8 end compute primitive Sram_lifecycle.                                                                   | [36m5958 ns[0m
[INFO][0m[92m[PRIM][0m               Core 4 start compute primitive Sram_lifecycle.                                                                 | [36m5960 ns[0m
[INFO][0m[92m[PRIM][0m               Core 12 start compute primitive Sram_bind_oneshot.                                                             | [36m5960 ns[0m
[INFO][0m[92m[PRIM][0m               Core 12 end compute primitive Sram_bind_oneshot.                                                               | [36m5960 ns[0m
[INFO][0m[92m[PRIM][0m               Core 4 end compute primitive Sram_lifecycle.                                                                   | [36m5960 ns[0m
[INFO][0m[92m[PRIM][0m               Core 0 start compute primitive Sram_lifecycle.                                                                 | [36m5962 ns[0m
[INFO][0m[92m[PRIM][0m               Core 0 end compute primitive Sram_lifecycle.                                                                   | [36m5962 ns[0m
[INFO][0m[92m[PRIM][0m               Core 8 start compute primitive Sram_lifecycle.                                                                 | [36m5964 ns[0m
[INFO][0m[92m[PRIM][0m               Core 8 end compute primitive Sram_lifecycle.                                                                   | [36m5964 ns[0m
[INFO][0m[92m[PRIM][0m               Core 4 start compute primitive Sram_lifecycle.                                                                 | [36m5966 ns[0m
[INFO][0m[92m[PRIM][0m               Core 12 start compute primitive swiglu_forward.                                                                | [36m5966 ns[0m
[INFO][0m[92m[PRIM][0m               Core 12 end compute primitive swiglu_forward.                                                                  | [36m5966 ns[0m
[INFO][0m[92m[PRIM][0m               Core 4 end compute primitive Sram_lifecycle.                                                                   | [36m5966 ns[0m
[INFO][0m[92m[PRIM][0m               Core 0 start compute primitive Sram_bind_oneshot.                                                              | [36m5968 ns[0m
[INFO][0m[92m[PRIM][0m               Core 0 end compute primitive Sram_bind_oneshot.                                                                | [36m5968 ns[0m
[INFO][0m[92m[PRIM][0m               Core 8 start compute primitive Sram_lifecycle.                                                                 | [36m5970 ns[0m
[INFO][0m[92m[PRIM][0m               Core 8 end compute primitive Sram_lifecycle.                                                                   | [36m5970 ns[0m
[INFO][0m[92m[PRIM][0m               Core 4 start compute primitive Sram_lifecycle.                                                                 | [36m5972 ns[0m
[INFO][0m[92m[PRIM][0m               Core 12 start compute primitive Sram_lifecycle.                                                                | [36m5972 ns[0m
[INFO][0m[92m[PRIM][0m               Core 12 end compute primitive Sram_lifecycle.                                                                  | [36m5972 ns[0m
[INFO][0m[92m[PRIM][0m               Core 4 end compute primitive Sram_lifecycle.                                                                   | [36m5972 ns[0m
[INFO][0m[92m[PRIM][0m               Core 0 start compute primitive Matmul_f.                                                                       | [36m5974 ns[0m
[INFO][0m[92m[PRIM][0m               Core 0 end compute primitive Matmul_f.                                                                         | [36m5974 ns[0m
[INFO][0m[92m[PRIM][0m               Core 8 start compute primitive Sram_lifecycle.                                                                 | [36m5976 ns[0m
[INFO][0m[92m[PRIM][0m               Core 8 end compute primitive Sram_lifecycle.                                                                   | [36m5976 ns[0m
[INFO][0m[92m[PRIM][0m               Core 4 start compute primitive Sram_bind_oneshot.                                                              | [36m5978 ns[0m
[INFO][0m[92m[PRIM][0m               Core 12 start compute primitive Sram_lifecycle.                                                                | [36m5978 ns[0m
[INFO][0m[92m[PRIM][0m               Core 12 end compute primitive Sram_lifecycle.                                                                  | [36m5978 ns[0m
[INFO][0m[92m[PRIM][0m               Core 4 end compute primitive Sram_bind_oneshot.                                                                | [36m5978 ns[0m
[INFO][0m[92m[PRIM][0m               Core 0 start compute primitive Sram_lifecycle.                                                                 | [36m5980 ns[0m
[INFO][0m[92m[PRIM][0m               Core 0 end compute primitive Sram_lifecycle.                                                                   | [36m5980 ns[0m
[INFO][0m[92m[PRIM][0m               Core 8 start compute primitive Sram_bind_oneshot.                                                              | [36m5982 ns[0m
[INFO][0m[92m[PRIM][0m               Core 8 end compute primitive Sram_bind_oneshot.                                                                | [36m5982 ns[0m
[INFO][0m[92m[PRIM][0m               Core 4 start compute primitive Matmul_f.                                                                       | [36m5984 ns[0m
[INFO][0m[92m[PRIM][0m               Core 12 start compute primitive Sram_lifecycle.                                                                | [36m5984 ns[0m
[INFO][0m[92m[PRIM][0m               Core 12 end compute primitive Sram_lifecycle.                                                                  | [36m5984 ns[0m
[INFO][0m[92m[PRIM][0m               Core 4 end compute primitive Matmul_f.                                                                         | [36m5984 ns[0m
[INFO][0m[92m[PRIM][0m               Core 0 start compute primitive Sram_lifecycle.                                                                 | [36m5986 ns[0m
[INFO][0m[92m[PRIM][0m               Core 0 end compute primitive Sram_lifecycle.                                                                   | [36m5986 ns[0m
[INFO][0m[92m[PRIM][0m               Core 8 start compute primitive Matmul_f.                                                                       | [36m5988 ns[0m
[INFO][0m[92m[PRIM][0m               Core 8 end compute primitive Matmul_f.                                                                         | [36m5988 ns[0m
[INFO][0m[92m[PRIM][0m               Core 4 start compute primitive Sram_lifecycle.                                                                 | [36m5990 ns[0m
[INFO][0m[92m[PRIM][0m               Core 12 start compute primitive Sram_lifecycle.                                                                | [36m5990 ns[0m
[INFO][0m[92m[PRIM][0m               Core 12 end compute primitive Sram_lifecycle.                                                                  | [36m5990 ns[0m
[INFO][0m[92m[PRIM][0m               Core 4 end compute primitive Sram_lifecycle.                                                                   | [36m5990 ns[0m
[INFO][0m[92m[PRIM][0m               Core 0 start compute primitive Sram_lifecycle.                                                                 | [36m5992 ns[0m
[INFO][0m[92m[PRIM][0m               Core 0 end compute primitive Sram_lifecycle.                                                                   | [36m5992 ns[0m
[INFO][0m[92m[PRIM][0m               Core 8 start compute primitive Sram_lifecycle.                                                                 | [36m5994 ns[0m
[INFO][0m[92m[PRIM][0m               Core 8 end compute primitive Sram_lifecycle.                                                                   | [36m5994 ns[0m
[INFO][0m[92m[PRIM][0m               Core 4 start compute primitive Sram_lifecycle.                                                                 | [36m5996 ns[0m
[INFO][0m[92m[PRIM][0m               Core 12 start compute primitive Sram_lifecycle.                                                                | [36m5996 ns[0m
[INFO][0m[92m[PRIM][0m               Core 12 end compute primitive Sram_lifecycle.                                                                  | [36m5996 ns[0m
[INFO][0m[92m[PRIM][0m               Core 4 end compute primitive Sram_lifecycle.                                                                   | [36m5996 ns[0m
[INFO][0m[92m[PRIM][0m               Core 8 start compute primitive Sram_lifecycle.                                                                 | [36m6 us[0m
[INFO][0m[92m[PRIM][0m               Core 8 end compute primitive Sram_lifecycle.                                                                   | [36m6 us[0m
[INFO][0m[92m[PRIM][0m               Core 12 start compute primitive Sram_bind_oneshot.                                                             | [36m6002 ns[0m
[INFO][0m[92m[PRIM][0m               Core 12 end compute primitive Sram_bind_oneshot.                                                               | [36m6002 ns[0m
[INFO][0m[92m[PRIM][0m               Core 12 start compute primitive Matmul_f.                                                                      | [36m6008 ns[0m
[INFO][0m[92m[PRIM][0m               Core 12 end compute primitive Matmul_f.                                                                        | [36m6008 ns[0m
[INFO][0m[92m[PRIM][0m               Core 12 start compute primitive Sram_lifecycle.                                                                | [36m6014 ns[0m
[INFO][0m[92m[PRIM][0m               Core 12 end compute primitive Sram_lifecycle.                                                                  | [36m6014 ns[0m
[INFO][0m[92m[PRIM][0m               Core 12 start compute primitive Sram_lifecycle.                                                                | [36m6020 ns[0m
[INFO][0m[92m[PRIM][0m               Core 12 end compute primitive Sram_lifecycle.                                                                  | [36m6020 ns[0m
[INFO][0m[92m[PRIM][0m               Core 4 start compute primitive Sram_lifecycle.                                                                 | [36m6066 ns[0m
[INFO][0m[92m[PRIM][0m               Core 4 end compute primitive Sram_lifecycle.                                                                   | [36m6066 ns[0m
[INFO][0m[92m[PRIM][0m               Core 8 start compute primitive Sram_lifecycle.                                                                 | [36m6070 ns[0m
[INFO][0m[92m[PRIM][0m               Core 8 end compute primitive Sram_lifecycle.                                                                   | [36m6070 ns[0m
[INFO][0m[92m[PRIM][0m               Core 4 start compute primitive Sram_lifecycle.                                                                 | [36m6072 ns[0m
[INFO][0m[92m[PRIM][0m               Core 4 end compute primitive Sram_lifecycle.                                                                   | [36m6072 ns[0m
[INFO][0m[92m[PRIM][0m               Core 8 start compute primitive Sram_lifecycle.                                                                 | [36m6076 ns[0m
[INFO][0m[92m[PRIM][0m               Core 8 end compute primitive Sram_lifecycle.                                                                   | [36m6076 ns[0m
[INFO][0m[92m[PRIM][0m               Core 4 start compute primitive Sram_lifecycle.                                                                 | [36m6078 ns[0m
[INFO][0m[92m[PRIM][0m               Core 4 end compute primitive Sram_lifecycle.                                                                   | [36m6078 ns[0m
[INFO][0m[92m[PRIM][0m               Core 8 start compute primitive Sram_lifecycle.                                                                 | [36m6082 ns[0m
[INFO][0m[92m[PRIM][0m               Core 8 end compute primitive Sram_lifecycle.                                                                   | [36m6082 ns[0m
[INFO][0m[92m[PRIM][0m               Core 4 start compute primitive Sram_lifecycle.                                                                 | [36m6084 ns[0m
[INFO][0m[92m[PRIM][0m               Core 4 end compute primitive Sram_lifecycle.                                                                   | [36m6084 ns[0m
[INFO][0m[92m[PRIM][0m               Core 8 start compute primitive Sram_lifecycle.                                                                 | [36m6088 ns[0m
[INFO][0m[92m[PRIM][0m               Core 8 end compute primitive Sram_lifecycle.                                                                   | [36m6088 ns[0m
[INFO][0m[92m[PRIM][0m               Core 4 start compute primitive Sram_bind_oneshot.                                                              | [36m6090 ns[0m
[INFO][0m[92m[PRIM][0m               Core 4 end compute primitive Sram_bind_oneshot.                                                                | [36m6090 ns[0m
[INFO][0m[92m[PRIM][0m               Core 8 start compute primitive Sram_bind_oneshot.                                                              | [36m6094 ns[0m
[INFO][0m[92m[PRIM][0m               Core 8 end compute primitive Sram_bind_oneshot.                                                                | [36m6094 ns[0m
[INFO][0m[92m[PRIM][0m               Core 4 start compute primitive Matmul_f.                                                                       | [36m6096 ns[0m
[INFO][0m[92m[PRIM][0m               Core 4 end compute primitive Matmul_f.                                                                         | [36m6096 ns[0m
[INFO][0m[92m[PRIM][0m               Core 8 start compute primitive Matmul_f.                                                                       | [36m6100 ns[0m
[INFO][0m[92m[PRIM][0m               Core 8 end compute primitive Matmul_f.                                                                         | [36m6100 ns[0m
[INFO][0m[92m[PRIM][0m               Core 4 start compute primitive Sram_lifecycle.                                                                 | [36m6102 ns[0m
[INFO][0m[92m[PRIM][0m               Core 4 end compute primitive Sram_lifecycle.                                                                   | [36m6102 ns[0m
[INFO][0m[92m[PRIM][0m               Core 8 start compute primitive Sram_lifecycle.                                                                 | [36m6106 ns[0m
[INFO][0m[92m[PRIM][0m               Core 0 start compute primitive Sram_lifecycle.                                                                 | [36m6106 ns[0m
[INFO][0m[92m[PRIM][0m               Core 0 end compute primitive Sram_lifecycle.                                                                   | [36m6106 ns[0m
[INFO][0m[92m[PRIM][0m               Core 8 end compute primitive Sram_lifecycle.                                                                   | [36m6106 ns[0m
[INFO][0m[92m[PRIM][0m               Core 4 start compute primitive Sram_lifecycle.                                                                 | [36m6108 ns[0m
[INFO][0m[92m[PRIM][0m               Core 4 end compute primitive Sram_lifecycle.                                                                   | [36m6108 ns[0m
[INFO][0m[92m[PRIM][0m               Core 8 start compute primitive Sram_lifecycle.                                                                 | [36m6112 ns[0m
[INFO][0m[92m[PRIM][0m               Core 8 end compute primitive Sram_lifecycle.                                                                   | [36m6112 ns[0m
[INFO][0m[92m[PRIM][0m               Core 4 start compute primitive Sram_lifecycle.                                                                 | [36m6114 ns[0m
[INFO][0m[92m[PRIM][0m               Core 4 end compute primitive Sram_lifecycle.                                                                   | [36m6114 ns[0m
[INFO][0m[92m[PRIM][0m               Core 12 start compute primitive Sram_lifecycle.                                                                | [36m6122 ns[0m
[INFO][0m[92m[PRIM][0m               Core 12 end compute primitive Sram_lifecycle.                                                                  | [36m6122 ns[0m
[INFO][0m[92m[PRIM][0m               Core 12 start compute primitive Sram_lifecycle.                                                                | [36m6128 ns[0m
[INFO][0m[92m[PRIM][0m               Core 12 end compute primitive Sram_lifecycle.                                                                  | [36m6128 ns[0m
[INFO][0m[92m[PRIM][0m               Core 12 start compute primitive Sram_lifecycle.                                                                | [36m6134 ns[0m
[INFO][0m[92m[PRIM][0m               Core 12 end compute primitive Sram_lifecycle.                                                                  | [36m6134 ns[0m
[INFO][0m[92m[PRIM][0m               Core 0 start compute primitive Sram_lifecycle.                                                                 | [36m6136 ns[0m
[INFO][0m[92m[PRIM][0m               Core 0 end compute primitive Sram_lifecycle.                                                                   | [36m6136 ns[0m
[INFO][0m[92m[PRIM][0m               Core 12 start compute primitive Sram_lifecycle.                                                                | [36m6140 ns[0m
[INFO][0m[92m[PRIM][0m               Core 12 end compute primitive Sram_lifecycle.                                                                  | [36m6140 ns[0m
[INFO][0m[92m[PRIM][0m               Core 12 start compute primitive Sram_bind_oneshot.                                                             | [36m6146 ns[0m
[INFO][0m[92m[PRIM][0m               Core 12 end compute primitive Sram_bind_oneshot.                                                               | [36m6146 ns[0m
[INFO][0m[92m[PRIM][0m               Core 12 start compute primitive Matmul_f.                                                                      | [36m6152 ns[0m
[INFO][0m[92m[PRIM][0m               Core 12 end compute primitive Matmul_f.                                                                        | [36m6152 ns[0m
[INFO][0m[92m[PRIM][0m               Core 12 start compute primitive Sram_lifecycle.                                                                | [36m6158 ns[0m
[INFO][0m[92m[PRIM][0m               Core 12 end compute primitive Sram_lifecycle.                                                                  | [36m6158 ns[0m
[INFO][0m[92m[PRIM][0m               Core 12 start compute primitive Sram_lifecycle.                                                                | [36m6164 ns[0m
[INFO][0m[92m[PRIM][0m               Core 12 end compute primitive Sram_lifecycle.                                                                  | [36m6164 ns[0m
[INFO][0m[92m[PRIM][0m               Core 0 start compute primitive Sram_lifecycle.                                                                 | [36m6182 ns[0m
[INFO][0m[92m[PRIM][0m               Core 0 end compute primitive Sram_lifecycle.                                                                   | [36m6182 ns[0m
[INFO][0m[92m[PRIM][0m               Core 0 start compute primitive Collective_data_v1_prim.                                                        | [36m6188 ns[0m
[INFO][0m[92m[PRIM][0m               Core 8 start compute primitive Sram_lifecycle.                                                                 | [36m6214 ns[0m
[INFO][0m[92m[PRIM][0m               Core 8 end compute primitive Sram_lifecycle.                                                                   | [36m6214 ns[0m
[INFO][0m[92m[PRIM][0m               Core 0 end compute primitive Collective_data_v1_prim.                                                          | [36m6218 ns[0m
[INFO][0m[92m[PRIM][0m               Core 8 start compute primitive Sram_lifecycle.                                                                 | [36m6220 ns[0m
[INFO][0m[92m[PRIM][0m               Core 8 end compute primitive Sram_lifecycle.                                                                   | [36m6220 ns[0m
[INFO][0m[92m[PRIM][0m               Core 0 start compute primitive Sram_lifecycle.                                                                 | [36m6224 ns[0m
[INFO][0m[92m[PRIM][0m               Core 0 end compute primitive Sram_lifecycle.                                                                   | [36m6224 ns[0m
[INFO][0m[92m[PRIM][0m               Core 8 start compute primitive Sram_lifecycle.                                                                 | [36m6226 ns[0m
[INFO][0m[92m[PRIM][0m               Core 8 end compute primitive Sram_lifecycle.                                                                   | [36m6226 ns[0m
[INFO][0m[92m[PRIM][0m               Core 0 start compute primitive Sram_lifecycle.                                                                 | [36m6230 ns[0m
[INFO][0m[92m[PRIM][0m               Core 0 end compute primitive Sram_lifecycle.                                                                   | [36m6230 ns[0m
[INFO][0m[92m[PRIM][0m               Core 8 start compute primitive Sram_lifecycle.                                                                 | [36m6232 ns[0m
[INFO][0m[92m[PRIM][0m               Core 8 end compute primitive Sram_lifecycle.                                                                   | [36m6232 ns[0m
[INFO][0m[92m[PRIM][0m               Core 0 start compute primitive Sram_lifecycle.                                                                 | [36m6236 ns[0m
[INFO][0m[92m[PRIM][0m               Core 0 end compute primitive Sram_lifecycle.                                                                   | [36m6236 ns[0m
[INFO][0m[92m[PRIM][0m               Core 8 start compute primitive Sram_bind_oneshot.                                                              | [36m6238 ns[0m
[INFO][0m[92m[PRIM][0m               Core 12 start compute primitive Sram_lifecycle.                                                                | [36m6238 ns[0m
[INFO][0m[92m[PRIM][0m               Core 12 end compute primitive Sram_lifecycle.                                                                  | [36m6238 ns[0m
[INFO][0m[92m[PRIM][0m               Core 8 end compute primitive Sram_bind_oneshot.                                                                | [36m6238 ns[0m
[INFO][0m[92m[PRIM][0m               Core 0 start compute primitive Sram_lifecycle.                                                                 | [36m6242 ns[0m
[INFO][0m[92m[PRIM][0m               Core 0 end compute primitive Sram_lifecycle.                                                                   | [36m6242 ns[0m
[INFO][0m[92m[PRIM][0m               Core 8 start compute primitive Matmul_f.                                                                       | [36m6244 ns[0m
[INFO][0m[92m[PRIM][0m               Core 12 start compute primitive Sram_lifecycle.                                                                | [36m6244 ns[0m
[INFO][0m[92m[PRIM][0m               Core 12 end compute primitive Sram_lifecycle.                                                                  | [36m6244 ns[0m
[INFO][0m[92m[PRIM][0m               Core 8 end compute primitive Matmul_f.                                                                         | [36m6244 ns[0m
[INFO][0m[92m[PRIM][0m               Core 0 start compute primitive Sram_lifecycle.                                                                 | [36m6248 ns[0m
[INFO][0m[92m[PRIM][0m               Core 0 end compute primitive Sram_lifecycle.                                                                   | [36m6248 ns[0m
[INFO][0m[92m[PRIM][0m               Core 8 start compute primitive Sram_lifecycle.                                                                 | [36m6250 ns[0m
[INFO][0m[92m[PRIM][0m               Core 12 start compute primitive Sram_lifecycle.                                                                | [36m6250 ns[0m
[INFO][0m[92m[PRIM][0m               Core 12 end compute primitive Sram_lifecycle.                                                                  | [36m6250 ns[0m
[INFO][0m[92m[PRIM][0m               Core 8 end compute primitive Sram_lifecycle.                                                                   | [36m6250 ns[0m
[INFO][0m[92m[PRIM][0m               Core 0 start compute primitive Sram_lifecycle.                                                                 | [36m6254 ns[0m
[INFO][0m[92m[PRIM][0m               Core 0 end compute primitive Sram_lifecycle.                                                                   | [36m6254 ns[0m
[INFO][0m[92m[PRIM][0m               Core 8 start compute primitive Sram_lifecycle.                                                                 | [36m6256 ns[0m
[INFO][0m[92m[PRIM][0m               Core 12 start compute primitive Sram_lifecycle.                                                                | [36m6256 ns[0m
[INFO][0m[92m[PRIM][0m               Core 12 end compute primitive Sram_lifecycle.                                                                  | [36m6256 ns[0m
[INFO][0m[92m[PRIM][0m               Core 8 end compute primitive Sram_lifecycle.                                                                   | [36m6256 ns[0m
[INFO][0m[92m[PRIM][0m               Core 0 start compute primitive Sram_lifecycle.                                                                 | [36m6260 ns[0m
[INFO][0m[92m[PRIM][0m               Core 0 end compute primitive Sram_lifecycle.                                                                   | [36m6260 ns[0m
[INFO][0m[92m[PRIM][0m               Core 8 start compute primitive Sram_lifecycle.                                                                 | [36m6262 ns[0m
[INFO][0m[92m[PRIM][0m               Core 12 start compute primitive Sram_bind_oneshot.                                                             | [36m6262 ns[0m
[INFO][0m[92m[PRIM][0m               Core 12 end compute primitive Sram_bind_oneshot.                                                               | [36m6262 ns[0m
[INFO][0m[92m[PRIM][0m               Core 8 end compute primitive Sram_lifecycle.                                                                   | [36m6262 ns[0m
[INFO][0m[92m[PRIM][0m               Core 0 start compute primitive Sram_bind_oneshot.                                                              | [36m6266 ns[0m
[INFO][0m[92m[PRIM][0m               Core 0 end compute primitive Sram_bind_oneshot.                                                                | [36m6266 ns[0m
[INFO][0m[92m[PRIM][0m               Core 12 start compute primitive Matmul_f.                                                                      | [36m6268 ns[0m
[INFO][0m[92m[PRIM][0m               Core 12 end compute primitive Matmul_f.                                                                        | [36m6268 ns[0m
[INFO][0m[92m[PRIM][0m               Core 0 start compute primitive Matmul_f.                                                                       | [36m6272 ns[0m
[INFO][0m[92m[PRIM][0m               Core 0 end compute primitive Matmul_f.                                                                         | [36m6272 ns[0m
[INFO][0m[92m[PRIM][0m               Core 12 start compute primitive Sram_lifecycle.                                                                | [36m6274 ns[0m
[INFO][0m[92m[PRIM][0m               Core 12 end compute primitive Sram_lifecycle.                                                                  | [36m6274 ns[0m
[INFO][0m[92m[PRIM][0m               Core 0 start compute primitive Sram_lifecycle.                                                                 | [36m6278 ns[0m
[INFO][0m[92m[PRIM][0m               Core 0 end compute primitive Sram_lifecycle.                                                                   | [36m6278 ns[0m
[INFO][0m[92m[PRIM][0m               Core 12 start compute primitive Sram_lifecycle.                                                                | [36m6280 ns[0m
[INFO][0m[92m[PRIM][0m               Core 12 end compute primitive Sram_lifecycle.                                                                  | [36m6280 ns[0m
[INFO][0m[92m[PRIM][0m               Core 0 start compute primitive Sram_lifecycle.                                                                 | [36m6284 ns[0m
[INFO][0m[92m[PRIM][0m               Core 0 end compute primitive Sram_lifecycle.                                                                   | [36m6284 ns[0m
[INFO][0m[92m[PRIM][0m               Core 12 start compute primitive Sram_lifecycle.                                                                | [36m6350 ns[0m
[INFO][0m[92m[PRIM][0m               Core 12 end compute primitive Sram_lifecycle.                                                                  | [36m6350 ns[0m
[INFO][0m[92m[PRIM][0m               Core 0 start compute primitive Sram_lifecycle.                                                                 | [36m6354 ns[0m
[INFO][0m[92m[PRIM][0m               Core 0 end compute primitive Sram_lifecycle.                                                                   | [36m6354 ns[0m
[INFO][0m[92m[PRIM][0m               Core 12 start compute primitive Sram_lifecycle.                                                                | [36m6356 ns[0m
[INFO][0m[92m[PRIM][0m               Core 12 end compute primitive Sram_lifecycle.                                                                  | [36m6356 ns[0m
[INFO][0m[92m[PRIM][0m               Core 0 start compute primitive Sram_lifecycle.                                                                 | [36m6360 ns[0m
[INFO][0m[92m[PRIM][0m               Core 0 end compute primitive Sram_lifecycle.                                                                   | [36m6360 ns[0m
[INFO][0m[92m[PRIM][0m               Core 12 start compute primitive Sram_lifecycle.                                                                | [36m6362 ns[0m
[INFO][0m[92m[PRIM][0m               Core 12 end compute primitive Sram_lifecycle.                                                                  | [36m6362 ns[0m
[INFO][0m[92m[PRIM][0m               Core 0 start compute primitive Sram_lifecycle.                                                                 | [36m6366 ns[0m
[INFO][0m[92m[PRIM][0m               Core 0 end compute primitive Sram_lifecycle.                                                                   | [36m6366 ns[0m
[INFO][0m[92m[PRIM][0m               Core 12 start compute primitive Sram_lifecycle.                                                                | [36m6368 ns[0m
[INFO][0m[92m[PRIM][0m               Core 12 end compute primitive Sram_lifecycle.                                                                  | [36m6368 ns[0m
[INFO][0m[92m[PRIM][0m               Core 0 start compute primitive Sram_lifecycle.                                                                 | [36m6372 ns[0m
[INFO][0m[92m[PRIM][0m               Core 0 end compute primitive Sram_lifecycle.                                                                   | [36m6372 ns[0m
[INFO][0m[92m[PRIM][0m               Core 12 start compute primitive Sram_bind_oneshot.                                                             | [36m6374 ns[0m
[INFO][0m[92m[PRIM][0m               Core 12 end compute primitive Sram_bind_oneshot.                                                               | [36m6374 ns[0m
[INFO][0m[92m[PRIM][0m               Core 0 start compute primitive Sram_bind_oneshot.                                                              | [36m6378 ns[0m
[INFO][0m[92m[PRIM][0m               Core 0 end compute primitive Sram_bind_oneshot.                                                                | [36m6378 ns[0m
[INFO][0m[92m[PRIM][0m               Core 12 start compute primitive Matmul_f.                                                                      | [36m6380 ns[0m
[INFO][0m[92m[PRIM][0m               Core 12 end compute primitive Matmul_f.                                                                        | [36m6380 ns[0m
[INFO][0m[92m[PRIM][0m               Core 0 start compute primitive Matmul_f.                                                                       | [36m6384 ns[0m
[INFO][0m[92m[PRIM][0m               Core 0 end compute primitive Matmul_f.                                                                         | [36m6384 ns[0m
[INFO][0m[92m[PRIM][0m               Core 12 start compute primitive Sram_lifecycle.                                                                | [36m6386 ns[0m
[INFO][0m[92m[PRIM][0m               Core 12 end compute primitive Sram_lifecycle.                                                                  | [36m6386 ns[0m
[INFO][0m[92m[PRIM][0m               Core 0 start compute primitive Sram_lifecycle.                                                                 | [36m6390 ns[0m
[INFO][0m[92m[PRIM][0m               Core 0 end compute primitive Sram_lifecycle.                                                                   | [36m6390 ns[0m
[INFO][0m[92m[PRIM][0m               Core 12 start compute primitive Sram_lifecycle.                                                                | [36m6392 ns[0m
[INFO][0m[92m[PRIM][0m               Core 12 end compute primitive Sram_lifecycle.                                                                  | [36m6392 ns[0m
[INFO][0m[92m[PRIM][0m               Core 4 start compute primitive Sram_lifecycle.                                                                 | [36m6394 ns[0m
[INFO][0m[92m[PRIM][0m               Core 4 end compute primitive Sram_lifecycle.                                                                   | [36m6394 ns[0m
[INFO][0m[92m[PRIM][0m               Core 0 start compute primitive Sram_lifecycle.                                                                 | [36m6396 ns[0m
[INFO][0m[92m[PRIM][0m               Core 0 end compute primitive Sram_lifecycle.                                                                   | [36m6396 ns[0m
[INFO][0m[92m[PRIM][0m               Core 12 start compute primitive Sram_lifecycle.                                                                | [36m6398 ns[0m
[INFO][0m[92m[PRIM][0m               Core 12 end compute primitive Sram_lifecycle.                                                                  | [36m6398 ns[0m
[INFO][0m[92m[PRIM][0m               Core 4 start compute primitive Sram_lifecycle.                                                                 | [36m6418 ns[0m
[INFO][0m[92m[PRIM][0m               Core 4 end compute primitive Sram_lifecycle.                                                                   | [36m6418 ns[0m
[INFO][0m[92m[PRIM][0m               Core 4 start compute primitive Sram_lifecycle.                                                                 | [36m6442 ns[0m
[INFO][0m[92m[PRIM][0m               Core 4 end compute primitive Sram_lifecycle.                                                                   | [36m6442 ns[0m
[INFO][0m[92m[PRIM][0m               Core 4 start compute primitive Collective_data_v1_prim.                                                        | [36m6448 ns[0m
[INFO][0m[92m[PRIM][0m               Core 0 start compute primitive Sram_lifecycle.                                                                 | [36m6466 ns[0m
[INFO][0m[92m[PRIM][0m               Core 0 end compute primitive Sram_lifecycle.                                                                   | [36m6466 ns[0m
[INFO][0m[92m[PRIM][0m               Core 0 start compute primitive Sram_lifecycle.                                                                 | [36m6472 ns[0m
[INFO][0m[92m[PRIM][0m               Core 0 end compute primitive Sram_lifecycle.                                                                   | [36m6472 ns[0m
[INFO][0m[92m[PRIM][0m               Core 4 end compute primitive Collective_data_v1_prim.                                                          | [36m6478 ns[0m
[INFO][0m[92m[PRIM][0m               Core 0 start compute primitive Sram_lifecycle.                                                                 | [36m6478 ns[0m
[INFO][0m[92m[PRIM][0m               Core 0 end compute primitive Sram_lifecycle.                                                                   | [36m6478 ns[0m
[INFO][0m[92m[PRIM][0m               Core 0 start compute primitive Sram_lifecycle.                                                                 | [36m6484 ns[0m
[INFO][0m[92m[PRIM][0m               Core 4 start compute primitive Sram_lifecycle.                                                                 | [36m6484 ns[0m
[INFO][0m[92m[PRIM][0m               Core 4 end compute primitive Sram_lifecycle.                                                                   | [36m6484 ns[0m
[INFO][0m[92m[PRIM][0m               Core 0 end compute primitive Sram_lifecycle.                                                                   | [36m6484 ns[0m
[INFO][0m[92m[PRIM][0m               Core 0 start compute primitive Sram_bind_oneshot.                                                              | [36m6490 ns[0m
[INFO][0m[92m[PRIM][0m               Core 4 start compute primitive Sram_lifecycle.                                                                 | [36m6490 ns[0m
[INFO][0m[92m[PRIM][0m               Core 4 end compute primitive Sram_lifecycle.                                                                   | [36m6490 ns[0m
[INFO][0m[92m[PRIM][0m               Core 0 end compute primitive Sram_bind_oneshot.                                                                | [36m6490 ns[0m
[INFO][0m[92m[PRIM][0m               Core 0 start compute primitive Matmul_f.                                                                       | [36m6496 ns[0m
[INFO][0m[92m[PRIM][0m               Core 4 start compute primitive Sram_lifecycle.                                                                 | [36m6496 ns[0m
[INFO][0m[92m[PRIM][0m               Core 4 end compute primitive Sram_lifecycle.                                                                   | [36m6496 ns[0m
[INFO][0m[92m[PRIM][0m               Core 0 end compute primitive Matmul_f.                                                                         | [36m6496 ns[0m
[INFO][0m[92m[PRIM][0m               Core 0 start compute primitive Sram_lifecycle.                                                                 | [36m6502 ns[0m
[INFO][0m[92m[PRIM][0m               Core 4 start compute primitive Sram_lifecycle.                                                                 | [36m6502 ns[0m
[INFO][0m[92m[PRIM][0m               Core 4 end compute primitive Sram_lifecycle.                                                                   | [36m6502 ns[0m
[INFO][0m[92m[PRIM][0m               Core 0 end compute primitive Sram_lifecycle.                                                                   | [36m6502 ns[0m
[INFO][0m[92m[PRIM][0m               Core 8 start compute primitive Sram_lifecycle.                                                                 | [36m6506 ns[0m
[INFO][0m[92m[PRIM][0m               Core 8 end compute primitive Sram_lifecycle.                                                                   | [36m6506 ns[0m
[INFO][0m[92m[PRIM][0m               Core 0 start compute primitive Sram_lifecycle.                                                                 | [36m6508 ns[0m
[INFO][0m[92m[PRIM][0m               Core 4 start compute primitive Sram_lifecycle.                                                                 | [36m6508 ns[0m
[INFO][0m[92m[PRIM][0m               Core 4 end compute primitive Sram_lifecycle.                                                                   | [36m6508 ns[0m
[INFO][0m[92m[PRIM][0m               Core 0 end compute primitive Sram_lifecycle.                                                                   | [36m6508 ns[0m
[INFO][0m[92m[PRIM][0m               Core 4 start compute primitive Sram_lifecycle.                                                                 | [36m6514 ns[0m
[INFO][0m[92m[PRIM][0m               Core 4 end compute primitive Sram_lifecycle.                                                                   | [36m6514 ns[0m
[INFO][0m[92m[PRIM][0m               Core 4 start compute primitive Sram_lifecycle.                                                                 | [36m6520 ns[0m
[INFO][0m[92m[PRIM][0m               Core 4 end compute primitive Sram_lifecycle.                                                                   | [36m6520 ns[0m
[INFO][0m[92m[PRIM][0m               Core 4 start compute primitive Sram_bind_oneshot.                                                              | [36m6526 ns[0m
[INFO][0m[92m[PRIM][0m               Core 4 end compute primitive Sram_bind_oneshot.                                                                | [36m6526 ns[0m
[INFO][0m[92m[PRIM][0m               Core 4 start compute primitive Matmul_f.                                                                       | [36m6532 ns[0m
[INFO][0m[92m[PRIM][0m               Core 4 end compute primitive Matmul_f.                                                                         | [36m6532 ns[0m
[INFO][0m[92m[PRIM][0m               Core 4 start compute primitive Sram_lifecycle.                                                                 | [36m6538 ns[0m
[INFO][0m[92m[PRIM][0m               Core 4 end compute primitive Sram_lifecycle.                                                                   | [36m6538 ns[0m
[INFO][0m[92m[PRIM][0m               Core 4 start compute primitive Sram_lifecycle.                                                                 | [36m6544 ns[0m
[INFO][0m[92m[PRIM][0m               Core 4 end compute primitive Sram_lifecycle.                                                                   | [36m6544 ns[0m
[INFO][0m[92m[PRIM][0m               Core 0 start compute primitive Sram_lifecycle.                                                                 | [36m6610 ns[0m
[INFO][0m[92m[PRIM][0m               Core 0 end compute primitive Sram_lifecycle.                                                                   | [36m6610 ns[0m
[INFO][0m[92m[PRIM][0m               Core 0 start compute primitive Sram_lifecycle.                                                                 | [36m6616 ns[0m
[INFO][0m[92m[PRIM][0m               Core 0 end compute primitive Sram_lifecycle.                                                                   | [36m6616 ns[0m
[INFO][0m[92m[PRIM][0m               Core 0 start compute primitive Sram_bind_oneshot.                                                              | [36m6622 ns[0m
[INFO][0m[92m[PRIM][0m               Core 0 end compute primitive Sram_bind_oneshot.                                                                | [36m6622 ns[0m
[INFO][0m[92m[PRIM][0m               Core 0 start compute primitive Residual_f.                                                                     | [36m6628 ns[0m
[INFO][0m[92m[PRIM][0m               Core 0 end compute primitive Residual_f.                                                                       | [36m6628 ns[0m
[INFO][0m[92m[PRIM][0m               Core 0 start compute primitive Sram_lifecycle.                                                                 | [36m6634 ns[0m
[INFO][0m[92m[PRIM][0m               Core 0 end compute primitive Sram_lifecycle.                                                                   | [36m6634 ns[0m
[INFO][0m[92m[PRIM][0m               Core 0 start compute primitive Sram_lifecycle.                                                                 | [36m6640 ns[0m
[INFO][0m[92m[PRIM][0m               Core 0 end compute primitive Sram_lifecycle.                                                                   | [36m6640 ns[0m
[INFO][0m[92m[PRIM][0m               Core 0 start compute primitive Sram_lifecycle.                                                                 | [36m6646 ns[0m
[INFO][0m[92m[PRIM][0m               Core 4 start compute primitive Sram_lifecycle.                                                                 | [36m6646 ns[0m
[INFO][0m[92m[PRIM][0m               Core 4 end compute primitive Sram_lifecycle.                                                                   | [36m6646 ns[0m
[INFO][0m[92m[PRIM][0m               Core 0 end compute primitive Sram_lifecycle.                                                                   | [36m6646 ns[0m
[INFO][0m[92m[PRIM][0m               Core 0 start compute primitive Sram_bind_oneshot.                                                              | [36m6652 ns[0m
[INFO][0m[92m[PRIM][0m               Core 4 start compute primitive Sram_lifecycle.                                                                 | [36m6652 ns[0m
[INFO][0m[92m[PRIM][0m               Core 4 end compute primitive Sram_lifecycle.                                                                   | [36m6652 ns[0m
[INFO][0m[92m[PRIM][0m               Core 0 end compute primitive Sram_bind_oneshot.                                                                | [36m6652 ns[0m
[INFO][0m[92m[PRIM][0m               Core 0 start compute primitive rmsnorm_forward.                                                                | [36m6658 ns[0m
[INFO][0m[92m[PRIM][0m               Core 4 start compute primitive Sram_lifecycle.                                                                 | [36m6658 ns[0m
[INFO][0m[92m[PRIM][0m               Core 4 end compute primitive Sram_lifecycle.                                                                   | [36m6658 ns[0m
[INFO][0m[92m[PRIM][0m               Core 0 end compute primitive rmsnorm_forward.                                                                  | [36m6658 ns[0m
[INFO][0m[92m[PRIM][0m               Core 0 start compute primitive Sram_lifecycle.                                                                 | [36m6664 ns[0m
[INFO][0m[92m[PRIM][0m               Core 4 start compute primitive Sram_lifecycle.                                                                 | [36m6664 ns[0m
[INFO][0m[92m[PRIM][0m               Core 4 end compute primitive Sram_lifecycle.                                                                   | [36m6664 ns[0m
[INFO][0m[92m[PRIM][0m               Core 0 end compute primitive Sram_lifecycle.                                                                   | [36m6664 ns[0m
[INFO][0m[92m[PRIM][0m               Core 12 start compute primitive Sram_lifecycle.                                                                | [36m6670 ns[0m
[INFO][0m[92m[PRIM][0m               Core 4 start compute primitive Sram_bind_oneshot.                                                              | [36m6670 ns[0m
[INFO][0m[92m[PRIM][0m               Core 4 end compute primitive Sram_bind_oneshot.                                                                | [36m6670 ns[0m
[INFO][0m[92m[PRIM][0m               Core 12 end compute primitive Sram_lifecycle.                                                                  | [36m6670 ns[0m
[INFO][0m[92m[PRIM][0m               Core 4 start compute primitive Matmul_f.                                                                       | [36m6676 ns[0m
[INFO][0m[92m[PRIM][0m               Core 4 end compute primitive Matmul_f.                                                                         | [36m6676 ns[0m
[INFO][0m[92m[PRIM][0m               Core 4 start compute primitive Sram_lifecycle.                                                                 | [36m6682 ns[0m
[INFO][0m[92m[PRIM][0m               Core 4 end compute primitive Sram_lifecycle.                                                                   | [36m6682 ns[0m
[INFO][0m[92m[PRIM][0m               Core 4 start compute primitive Sram_lifecycle.                                                                 | [36m6688 ns[0m
[INFO][0m[92m[PRIM][0m               Core 0 start compute primitive Sram_lifecycle.                                                                 | [36m6688 ns[0m
[INFO][0m[92m[PRIM][0m               Core 0 end compute primitive Sram_lifecycle.                                                                   | [36m6688 ns[0m
[INFO][0m[92m[PRIM][0m               Core 4 end compute primitive Sram_lifecycle.                                                                   | [36m6688 ns[0m
[INFO][0m[92m[PRIM][0m               Core 8 start compute primitive Sram_lifecycle.                                                                 | [36m6706 ns[0m
[INFO][0m[92m[PRIM][0m               Core 8 end compute primitive Sram_lifecycle.                                                                   | [36m6706 ns[0m
[INFO][0m[92m[PRIM][0m               Core 8 start compute primitive Sram_lifecycle.                                                                 | [36m6730 ns[0m
[INFO][0m[92m[PRIM][0m               Core 8 end compute primitive Sram_lifecycle.                                                                   | [36m6730 ns[0m
[INFO][0m[92m[PRIM][0m               Core 8 start compute primitive Collective_data_v1_prim.                                                        | [36m6736 ns[0m
[INFO][0m[92m[PRIM][0m               Core 4 start compute primitive Sram_lifecycle.                                                                 | [36m6758 ns[0m
[INFO][0m[92m[PRIM][0m               Core 4 end compute primitive Sram_lifecycle.                                                                   | [36m6758 ns[0m
[INFO][0m[92m[PRIM][0m               Core 4 start compute primitive Sram_lifecycle.                                                                 | [36m6764 ns[0m
[INFO][0m[92m[PRIM][0m               Core 4 end compute primitive Sram_lifecycle.                                                                   | [36m6764 ns[0m
[INFO][0m[92m[PRIM][0m               Core 8 end compute primitive Collective_data_v1_prim.                                                          | [36m6766 ns[0m
[INFO][0m[92m[PRIM][0m               Core 4 start compute primitive Sram_bind_oneshot.                                                              | [36m6770 ns[0m
[INFO][0m[92m[PRIM][0m               Core 4 end compute primitive Sram_bind_oneshot.                                                                | [36m6770 ns[0m
[INFO][0m[92m[PRIM][0m               Core 8 start compute primitive Sram_lifecycle.                                                                 | [36m6772 ns[0m
[INFO][0m[92m[PRIM][0m               Core 8 end compute primitive Sram_lifecycle.                                                                   | [36m6772 ns[0m
[INFO][0m[92m[PRIM][0m               Core 4 start compute primitive Residual_f.                                                                     | [36m6776 ns[0m
[INFO][0m[92m[PRIM][0m               Core 4 end compute primitive Residual_f.                                                                       | [36m6776 ns[0m
[INFO][0m[92m[PRIM][0m               Core 8 start compute primitive Sram_lifecycle.                                                                 | [36m6778 ns[0m
[INFO][0m[92m[PRIM][0m               Core 8 end compute primitive Sram_lifecycle.                                                                   | [36m6778 ns[0m
[INFO][0m[92m[PRIM][0m               Core 4 start compute primitive Sram_lifecycle.                                                                 | [36m6782 ns[0m
[INFO][0m[92m[PRIM][0m               Core 4 end compute primitive Sram_lifecycle.                                                                   | [36m6782 ns[0m
[INFO][0m[92m[PRIM][0m               Core 8 start compute primitive Sram_lifecycle.                                                                 | [36m6784 ns[0m
[INFO][0m[92m[PRIM][0m               Core 8 end compute primitive Sram_lifecycle.                                                                   | [36m6784 ns[0m
[INFO][0m[92m[PRIM][0m               Core 4 start compute primitive Sram_lifecycle.                                                                 | [36m6788 ns[0m
[INFO][0m[92m[PRIM][0m               Core 4 end compute primitive Sram_lifecycle.                                                                   | [36m6788 ns[0m
[INFO][0m[92m[PRIM][0m               Core 8 start compute primitive Sram_lifecycle.                                                                 | [36m6790 ns[0m
[INFO][0m[92m[PRIM][0m               Core 8 end compute primitive Sram_lifecycle.                                                                   | [36m6790 ns[0m
[INFO][0m[92m[PRIM][0m               Core 4 start compute primitive Sram_lifecycle.                                                                 | [36m6794 ns[0m
[INFO][0m[92m[PRIM][0m               Core 4 end compute primitive Sram_lifecycle.                                                                   | [36m6794 ns[0m
[INFO][0m[92m[PRIM][0m               Core 8 start compute primitive Sram_lifecycle.                                                                 | [36m6796 ns[0m
[INFO][0m[92m[PRIM][0m               Core 8 end compute primitive Sram_lifecycle.                                                                   | [36m6796 ns[0m
[INFO][0m[92m[PRIM][0m               Core 12 start compute primitive Sram_lifecycle.                                                                | [36m6798 ns[0m
[INFO][0m[92m[PRIM][0m               Core 12 end compute primitive Sram_lifecycle.                                                                  | [36m6798 ns[0m
[INFO][0m[92m[PRIM][0m               Core 4 start compute primitive Sram_bind_oneshot.                                                              | [36m6800 ns[0m
[INFO][0m[92m[PRIM][0m               Core 4 end compute primitive Sram_bind_oneshot.                                                                | [36m6800 ns[0m
[INFO][0m[92m[PRIM][0m               Core 8 start compute primitive Sram_lifecycle.                                                                 | [36m6802 ns[0m
[INFO][0m[92m[PRIM][0m               Core 8 end compute primitive Sram_lifecycle.                                                                   | [36m6802 ns[0m
[INFO][0m[92m[PRIM][0m               Core 4 start compute primitive rmsnorm_forward.                                                                | [36m6806 ns[0m
[INFO][0m[92m[PRIM][0m               Core 4 end compute primitive rmsnorm_forward.                                                                  | [36m6806 ns[0m
[INFO][0m[92m[PRIM][0m               Core 8 start compute primitive Sram_lifecycle.                                                                 | [36m6808 ns[0m
[INFO][0m[92m[PRIM][0m               Core 8 end compute primitive Sram_lifecycle.                                                                   | [36m6808 ns[0m
[INFO][0m[92m[PRIM][0m               Core 4 start compute primitive Sram_lifecycle.                                                                 | [36m6812 ns[0m
[INFO][0m[92m[PRIM][0m               Core 4 end compute primitive Sram_lifecycle.                                                                   | [36m6812 ns[0m
[INFO][0m[92m[PRIM][0m               Core 8 start compute primitive Sram_bind_oneshot.                                                              | [36m6814 ns[0m
[INFO][0m[92m[PRIM][0m               Core 8 end compute primitive Sram_bind_oneshot.                                                                | [36m6814 ns[0m
[INFO][0m[92m[PRIM][0m               Core 8 start compute primitive Matmul_f.                                                                       | [36m6820 ns[0m
[INFO][0m[92m[PRIM][0m               Core 8 end compute primitive Matmul_f.                                                                         | [36m6820 ns[0m
[INFO][0m[92m[PRIM][0m               Core 8 start compute primitive Sram_lifecycle.                                                                 | [36m6826 ns[0m
[INFO][0m[92m[PRIM][0m               Core 8 end compute primitive Sram_lifecycle.                                                                   | [36m6826 ns[0m
[INFO][0m[92m[PRIM][0m               Core 8 start compute primitive Sram_lifecycle.                                                                 | [36m6832 ns[0m
[INFO][0m[92m[PRIM][0m               Core 8 end compute primitive Sram_lifecycle.                                                                   | [36m6832 ns[0m
[INFO][0m[92m[PRIM][0m               Core 4 start compute primitive Sram_lifecycle.                                                                 | [36m6852 ns[0m
[INFO][0m[92m[PRIM][0m               Core 4 end compute primitive Sram_lifecycle.                                                                   | [36m6852 ns[0m
[INFO][0m[92m[PRIM][0m               Core 8 start compute primitive Sram_lifecycle.                                                                 | [36m6902 ns[0m
[INFO][0m[92m[PRIM][0m               Core 8 end compute primitive Sram_lifecycle.                                                                   | [36m6902 ns[0m
[INFO][0m[92m[PRIM][0m               Core 8 start compute primitive Sram_lifecycle.                                                                 | [36m6908 ns[0m
[INFO][0m[92m[PRIM][0m               Core 8 end compute primitive Sram_lifecycle.                                                                   | [36m6908 ns[0m
[INFO][0m[92m[PRIM][0m               Core 8 start compute primitive Sram_bind_oneshot.                                                              | [36m6914 ns[0m
[INFO][0m[92m[PRIM][0m               Core 8 end compute primitive Sram_bind_oneshot.                                                                | [36m6914 ns[0m
[INFO][0m[92m[PRIM][0m               Core 8 start compute primitive Residual_f.                                                                     | [36m6920 ns[0m
[INFO][0m[92m[PRIM][0m               Core 8 end compute primitive Residual_f.                                                                       | [36m6920 ns[0m
[INFO][0m[92m[PRIM][0m               Core 8 start compute primitive Sram_lifecycle.                                                                 | [36m6926 ns[0m
[INFO][0m[92m[PRIM][0m               Core 8 end compute primitive Sram_lifecycle.                                                                   | [36m6926 ns[0m
[INFO][0m[92m[PRIM][0m               Core 8 start compute primitive Sram_lifecycle.                                                                 | [36m6932 ns[0m
[INFO][0m[92m[PRIM][0m               Core 8 end compute primitive Sram_lifecycle.                                                                   | [36m6932 ns[0m
[INFO][0m[92m[PRIM][0m               Core 8 start compute primitive Sram_lifecycle.                                                                 | [36m6938 ns[0m
[INFO][0m[92m[PRIM][0m               Core 8 end compute primitive Sram_lifecycle.                                                                   | [36m6938 ns[0m
[INFO][0m[92m[PRIM][0m               Core 12 start compute primitive Sram_lifecycle.                                                                | [36m6942 ns[0m
[INFO][0m[92m[PRIM][0m               Core 12 end compute primitive Sram_lifecycle.                                                                  | [36m6942 ns[0m
[INFO][0m[92m[PRIM][0m               Core 8 start compute primitive Sram_bind_oneshot.                                                              | [36m6944 ns[0m
[INFO][0m[92m[PRIM][0m               Core 8 end compute primitive Sram_bind_oneshot.                                                                | [36m6944 ns[0m
[INFO][0m[92m[PRIM][0m               Core 12 start compute primitive Collective_data_v1_prim.                                                       | [36m6948 ns[0m
[INFO][0m[92m[PRIM][0m               Core 8 start compute primitive rmsnorm_forward.                                                                | [36m6950 ns[0m
[INFO][0m[92m[PRIM][0m               Core 8 end compute primitive rmsnorm_forward.                                                                  | [36m6950 ns[0m
[INFO][0m[92m[PRIM][0m               Core 8 start compute primitive Sram_lifecycle.                                                                 | [36m6956 ns[0m
[INFO][0m[92m[PRIM][0m               Core 8 end compute primitive Sram_lifecycle.                                                                   | [36m6956 ns[0m
[INFO][0m[92m[PRIM][0m               Core 12 end compute primitive Collective_data_v1_prim.                                                         | [36m6978 ns[0m
[INFO][0m[92m[PRIM][0m               Core 12 start compute primitive Sram_lifecycle.                                                                | [36m6984 ns[0m
[INFO][0m[92m[PRIM][0m               Core 12 end compute primitive Sram_lifecycle.                                                                  | [36m6984 ns[0m
[INFO][0m[92m[PRIM][0m               Core 12 start compute primitive Sram_lifecycle.                                                                | [36m6990 ns[0m
[INFO][0m[92m[PRIM][0m               Core 12 end compute primitive Sram_lifecycle.                                                                  | [36m6990 ns[0m
[INFO][0m[92m[PRIM][0m               Core 12 start compute primitive Sram_lifecycle.                                                                | [36m6996 ns[0m
[INFO][0m[92m[PRIM][0m               Core 12 end compute primitive Sram_lifecycle.                                                                  | [36m6996 ns[0m
[INFO][0m[92m[PRIM][0m               Core 12 start compute primitive Sram_lifecycle.                                                                | [36m7002 ns[0m
[INFO][0m[92m[PRIM][0m               Core 12 end compute primitive Sram_lifecycle.                                                                  | [36m7002 ns[0m
[INFO][0m[92m[PRIM][0m               Core 12 start compute primitive Sram_lifecycle.                                                                | [36m7008 ns[0m
[INFO][0m[92m[PRIM][0m               Core 12 end compute primitive Sram_lifecycle.                                                                  | [36m7008 ns[0m
[INFO][0m[92m[PRIM][0m               Core 12 start compute primitive Sram_bind_oneshot.                                                             | [36m7014 ns[0m
[INFO][0m[92m[PRIM][0m               Core 12 end compute primitive Sram_bind_oneshot.                                                               | [36m7014 ns[0m
[INFO][0m[92m[PRIM][0m               Core 12 start compute primitive Residual_f.                                                                    | [36m7020 ns[0m
[INFO][0m[92m[PRIM][0m               Core 12 end compute primitive Residual_f.                                                                      | [36m7020 ns[0m
[INFO][0m[92m[PRIM][0m               Core 12 start compute primitive Sram_lifecycle.                                                                | [36m7026 ns[0m
[INFO][0m[92m[PRIM][0m               Core 12 end compute primitive Sram_lifecycle.                                                                  | [36m7026 ns[0m
[INFO][0m[92m[PRIM][0m               Core 12 start compute primitive Sram_lifecycle.                                                                | [36m7032 ns[0m
[INFO][0m[92m[PRIM][0m               Core 12 end compute primitive Sram_lifecycle.                                                                  | [36m7032 ns[0m
[INFO][0m[92m[PRIM][0m               Core 12 start compute primitive Sram_lifecycle.                                                                | [36m7038 ns[0m
[INFO][0m[92m[PRIM][0m               Core 12 end compute primitive Sram_lifecycle.                                                                  | [36m7038 ns[0m
[INFO][0m[92m[PRIM][0m               Core 12 start compute primitive Sram_bind_oneshot.                                                             | [36m7044 ns[0m
[INFO][0m[92m[PRIM][0m               Core 12 end compute primitive Sram_bind_oneshot.                                                               | [36m7044 ns[0m
[INFO][0m[92m[PRIM][0m               Core 12 start compute primitive rmsnorm_forward.                                                               | [36m7050 ns[0m
[INFO][0m[92m[PRIM][0m               Core 12 end compute primitive rmsnorm_forward.                                                                 | [36m7050 ns[0m
[INFO][0m[92m[PRIM][0m               Core 12 start compute primitive Sram_lifecycle.                                                                | [36m7056 ns[0m
[INFO][0m[92m[PRIM][0m               Core 12 end compute primitive Sram_lifecycle.                                                                  | [36m7056 ns[0m
[INFO][0m[92m[PRIM][0m               Core 8 start compute primitive Sram_lifecycle.                                                                 | [36m7096 ns[0m
[INFO][0m[92m[PRIM][0m               Core 8 end compute primitive Sram_lifecycle.                                                                   | [36m7096 ns[0m
[INFO][0m[92m[PRIM][0m               Core 12 start compute primitive Sram_lifecycle.                                                                | [36m7384 ns[0m
[INFO][0m[92m[PRIM][0m               Core 12 end compute primitive Sram_lifecycle.                                                                  | [36m7384 ns[0m
[INFO][0m[92m[PRIM][0m               Core 0 start compute primitive Sram_lifecycle.                                                                 | [36m7690 ns[0m
[INFO][0m[92m[PRIM][0m               Core 0 end compute primitive Sram_lifecycle.                                                                   | [36m7690 ns[0m
[INFO][0m[92m[PRIM][0m               Core 0 start compute primitive Sram_lifecycle.                                                                 | [36m7696 ns[0m
[INFO][0m[92m[PRIM][0m               Core 0 end compute primitive Sram_lifecycle.                                                                   | [36m7696 ns[0m
[INFO][0m[92m[PRIM][0m               Core 4 start compute primitive Sram_lifecycle.                                                                 | [36m7700 ns[0m
[INFO][0m[92m[PRIM][0m               Core 4 end compute primitive Sram_lifecycle.                                                                   | [36m7700 ns[0m
[INFO][0m[92m[PRIM][0m               Core 0 start compute primitive Sram_bind_oneshot.                                                              | [36m7702 ns[0m
[INFO][0m[92m[PRIM][0m               Core 0 end compute primitive Sram_bind_oneshot.                                                                | [36m7702 ns[0m
[INFO][0m[92m[PRIM][0m               Core 8 start compute primitive Sram_lifecycle.                                                                 | [36m7704 ns[0m
[INFO][0m[92m[PRIM][0m               Core 8 end compute primitive Sram_lifecycle.                                                                   | [36m7704 ns[0m
[INFO][0m[92m[PRIM][0m               Core 4 start compute primitive Sram_lifecycle.                                                                 | [36m7706 ns[0m
[INFO][0m[92m[PRIM][0m               Core 4 end compute primitive Sram_lifecycle.                                                                   | [36m7706 ns[0m
[INFO][0m[92m[PRIM][0m               Core 0 start compute primitive Matmul_f.                                                                       | [36m7708 ns[0m
[INFO][0m[92m[PRIM][0m               Core 0 end compute primitive Matmul_f.                                                                         | [36m7708 ns[0m
[INFO][0m[92m[PRIM][0m               Core 8 start compute primitive Sram_lifecycle.                                                                 | [36m7710 ns[0m
[INFO][0m[92m[PRIM][0m               Core 8 end compute primitive Sram_lifecycle.                                                                   | [36m7710 ns[0m
[INFO][0m[92m[PRIM][0m               Core 4 start compute primitive Sram_bind_oneshot.                                                              | [36m7712 ns[0m
[INFO][0m[92m[PRIM][0m               Core 4 end compute primitive Sram_bind_oneshot.                                                                | [36m7712 ns[0m
[INFO][0m[92m[PRIM][0m               Core 0 start compute primitive Sram_lifecycle.                                                                 | [36m7714 ns[0m
[INFO][0m[92m[PRIM][0m               Core 0 end compute primitive Sram_lifecycle.                                                                   | [36m7714 ns[0m
[INFO][0m[92m[PRIM][0m               Core 8 start compute primitive Sram_bind_oneshot.                                                              | [36m7716 ns[0m
[INFO][0m[92m[PRIM][0m               Core 8 end compute primitive Sram_bind_oneshot.                                                                | [36m7716 ns[0m
[INFO][0m[92m[PRIM][0m               Core 4 start compute primitive Matmul_f.                                                                       | [36m7718 ns[0m
[INFO][0m[92m[PRIM][0m               Core 4 end compute primitive Matmul_f.                                                                         | [36m7718 ns[0m
[INFO][0m[92m[PRIM][0m               Core 0 start compute primitive Sram_lifecycle.                                                                 | [36m7720 ns[0m
[INFO][0m[92m[PRIM][0m               Core 0 end compute primitive Sram_lifecycle.                                                                   | [36m7720 ns[0m
[INFO][0m[92m[PRIM][0m               Core 8 start compute primitive Matmul_f.                                                                       | [36m7722 ns[0m
[INFO][0m[92m[PRIM][0m               Core 8 end compute primitive Matmul_f.                                                                         | [36m7722 ns[0m
[INFO][0m[92m[PRIM][0m               Core 4 start compute primitive Sram_lifecycle.                                                                 | [36m7724 ns[0m
[INFO][0m[92m[PRIM][0m               Core 12 start compute primitive Sram_lifecycle.                                                                | [36m7724 ns[0m
[INFO][0m[92m[PRIM][0m               Core 12 end compute primitive Sram_lifecycle.                                                                  | [36m7724 ns[0m
[INFO][0m[92m[PRIM][0m               Core 4 end compute primitive Sram_lifecycle.                                                                   | [36m7724 ns[0m
[INFO][0m[92m[PRIM][0m               Core 0 start compute primitive Sram_lifecycle.                                                                 | [36m7726 ns[0m
[INFO][0m[92m[PRIM][0m               Core 0 end compute primitive Sram_lifecycle.                                                                   | [36m7726 ns[0m
[INFO][0m[92m[PRIM][0m               Core 8 start compute primitive Sram_lifecycle.                                                                 | [36m7728 ns[0m
[INFO][0m[92m[PRIM][0m               Core 8 end compute primitive Sram_lifecycle.                                                                   | [36m7728 ns[0m
[INFO][0m[92m[PRIM][0m               Core 4 start compute primitive Sram_lifecycle.                                                                 | [36m7730 ns[0m
[INFO][0m[92m[PRIM][0m               Core 12 start compute primitive Sram_lifecycle.                                                                | [36m7730 ns[0m
[INFO][0m[92m[PRIM][0m               Core 12 end compute primitive Sram_lifecycle.                                                                  | [36m7730 ns[0m
[INFO][0m[92m[PRIM][0m               Core 4 end compute primitive Sram_lifecycle.                                                                   | [36m7730 ns[0m
[INFO][0m[92m[PRIM][0m               Core 0 start compute primitive Sram_bind_oneshot.                                                              | [36m7732 ns[0m
[INFO][0m[92m[PRIM][0m               Core 0 end compute primitive Sram_bind_oneshot.                                                                | [36m7732 ns[0m
[INFO][0m[92m[PRIM][0m               Core 8 start compute primitive Sram_lifecycle.                                                                 | [36m7734 ns[0m
[INFO][0m[92m[PRIM][0m               Core 8 end compute primitive Sram_lifecycle.                                                                   | [36m7734 ns[0m
[INFO][0m[92m[PRIM][0m               Core 4 start compute primitive Sram_lifecycle.                                                                 | [36m7736 ns[0m
[INFO][0m[92m[PRIM][0m               Core 12 start compute primitive Sram_bind_oneshot.                                                             | [36m7736 ns[0m
[INFO][0m[92m[PRIM][0m               Core 12 end compute primitive Sram_bind_oneshot.                                                               | [36m7736 ns[0m
[INFO][0m[92m[PRIM][0m               Core 4 end compute primitive Sram_lifecycle.                                                                   | [36m7736 ns[0m
[INFO][0m[92m[PRIM][0m               Core 0 start compute primitive Attention_f.                                                                    | [36m7738 ns[0m
[INFO][0m[92m[PRIM][0m               Core 0 end compute primitive Attention_f.                                                                      | [36m7738 ns[0m
[INFO][0m[92m[PRIM][0m               Core 8 start compute primitive Sram_lifecycle.                                                                 | [36m7740 ns[0m
[INFO][0m[92m[PRIM][0m               Core 8 end compute primitive Sram_lifecycle.                                                                   | [36m7740 ns[0m
[INFO][0m[92m[PRIM][0m               Core 4 start compute primitive Sram_bind_oneshot.                                                              | [36m7742 ns[0m
[INFO][0m[92m[PRIM][0m               Core 12 start compute primitive Matmul_f.                                                                      | [36m7742 ns[0m
[INFO][0m[92m[PRIM][0m               Core 12 end compute primitive Matmul_f.                                                                        | [36m7742 ns[0m
[INFO][0m[92m[PRIM][0m               Core 4 end compute primitive Sram_bind_oneshot.                                                                | [36m7742 ns[0m
[INFO][0m[92m[PRIM][0m               Core 0 start compute primitive Sram_lifecycle.                                                                 | [36m7744 ns[0m
[INFO][0m[92m[PRIM][0m               Core 0 end compute primitive Sram_lifecycle.                                                                   | [36m7744 ns[0m
[INFO][0m[92m[PRIM][0m               Core 8 start compute primitive Sram_bind_oneshot.                                                              | [36m7746 ns[0m
[INFO][0m[92m[PRIM][0m               Core 8 end compute primitive Sram_bind_oneshot.                                                                | [36m7746 ns[0m
[INFO][0m[92m[PRIM][0m               Core 4 start compute primitive Attention_f.                                                                    | [36m7748 ns[0m
[INFO][0m[92m[PRIM][0m               Core 12 start compute primitive Sram_lifecycle.                                                                | [36m7748 ns[0m
[INFO][0m[92m[PRIM][0m               Core 12 end compute primitive Sram_lifecycle.                                                                  | [36m7748 ns[0m
[INFO][0m[92m[PRIM][0m               Core 4 end compute primitive Attention_f.                                                                      | [36m7748 ns[0m
[INFO][0m[92m[PRIM][0m               Core 0 start compute primitive Sram_lifecycle.                                                                 | [36m7750 ns[0m
[INFO][0m[92m[PRIM][0m               Core 0 end compute primitive Sram_lifecycle.                                                                   | [36m7750 ns[0m
[INFO][0m[92m[PRIM][0m               Core 8 start compute primitive Attention_f.                                                                    | [36m7752 ns[0m
[INFO][0m[92m[PRIM][0m               Core 8 end compute primitive Attention_f.                                                                      | [36m7752 ns[0m
[INFO][0m[92m[PRIM][0m               Core 4 start compute primitive Sram_lifecycle.                                                                 | [36m7754 ns[0m
[INFO][0m[92m[PRIM][0m               Core 12 start compute primitive Sram_lifecycle.                                                                | [36m7754 ns[0m
[INFO][0m[92m[PRIM][0m               Core 12 end compute primitive Sram_lifecycle.                                                                  | [36m7754 ns[0m
[INFO][0m[92m[PRIM][0m               Core 4 end compute primitive Sram_lifecycle.                                                                   | [36m7754 ns[0m
[INFO][0m[92m[PRIM][0m               Core 0 start compute primitive Sram_lifecycle.                                                                 | [36m7756 ns[0m
[INFO][0m[92m[PRIM][0m               Core 0 end compute primitive Sram_lifecycle.                                                                   | [36m7756 ns[0m
[INFO][0m[92m[PRIM][0m               Core 8 start compute primitive Sram_lifecycle.                                                                 | [36m7758 ns[0m
[INFO][0m[92m[PRIM][0m               Core 8 end compute primitive Sram_lifecycle.                                                                   | [36m7758 ns[0m
[INFO][0m[92m[PRIM][0m               Core 4 start compute primitive Sram_lifecycle.                                                                 | [36m7760 ns[0m
[INFO][0m[92m[PRIM][0m               Core 12 start compute primitive Sram_lifecycle.                                                                | [36m7760 ns[0m
[INFO][0m[92m[PRIM][0m               Core 12 end compute primitive Sram_lifecycle.                                                                  | [36m7760 ns[0m
[INFO][0m[92m[PRIM][0m               Core 4 end compute primitive Sram_lifecycle.                                                                   | [36m7760 ns[0m
[INFO][0m[92m[PRIM][0m               Core 0 start compute primitive Sram_lifecycle.                                                                 | [36m7762 ns[0m
[INFO][0m[92m[PRIM][0m               Core 0 end compute primitive Sram_lifecycle.                                                                   | [36m7762 ns[0m
[INFO][0m[92m[PRIM][0m               Core 8 start compute primitive Sram_lifecycle.                                                                 | [36m7764 ns[0m
[INFO][0m[92m[PRIM][0m               Core 8 end compute primitive Sram_lifecycle.                                                                   | [36m7764 ns[0m
[INFO][0m[92m[PRIM][0m               Core 4 start compute primitive Sram_lifecycle.                                                                 | [36m7766 ns[0m
[INFO][0m[92m[PRIM][0m               Core 12 start compute primitive Sram_bind_oneshot.                                                             | [36m7766 ns[0m
[INFO][0m[92m[PRIM][0m               Core 12 end compute primitive Sram_bind_oneshot.                                                               | [36m7766 ns[0m
[INFO][0m[92m[PRIM][0m               Core 4 end compute primitive Sram_lifecycle.                                                                   | [36m7766 ns[0m
[INFO][0m[92m[PRIM][0m               Core 0 start compute primitive Sram_lifecycle.                                                                 | [36m7768 ns[0m
[INFO][0m[92m[PRIM][0m               Core 0 end compute primitive Sram_lifecycle.                                                                   | [36m7768 ns[0m
[INFO][0m[92m[PRIM][0m               Core 8 start compute primitive Sram_lifecycle.                                                                 | [36m7770 ns[0m
[INFO][0m[92m[PRIM][0m               Core 8 end compute primitive Sram_lifecycle.                                                                   | [36m7770 ns[0m
[INFO][0m[92m[PRIM][0m               Core 4 start compute primitive Sram_lifecycle.                                                                 | [36m7772 ns[0m
[INFO][0m[92m[PRIM][0m               Core 12 start compute primitive Attention_f.                                                                   | [36m7772 ns[0m
[INFO][0m[92m[PRIM][0m               Core 12 end compute primitive Attention_f.                                                                     | [36m7772 ns[0m
[INFO][0m[92m[PRIM][0m               Core 4 end compute primitive Sram_lifecycle.                                                                   | [36m7772 ns[0m
[INFO][0m[92m[PRIM][0m               Core 0 start compute primitive Sram_bind_oneshot.                                                              | [36m7774 ns[0m
[INFO][0m[92m[PRIM][0m               Core 0 end compute primitive Sram_bind_oneshot.                                                                | [36m7774 ns[0m
[INFO][0m[92m[PRIM][0m               Core 8 start compute primitive Sram_lifecycle.                                                                 | [36m7776 ns[0m
[INFO][0m[92m[PRIM][0m               Core 8 end compute primitive Sram_lifecycle.                                                                   | [36m7776 ns[0m
[INFO][0m[92m[PRIM][0m               Core 4 start compute primitive Sram_lifecycle.                                                                 | [36m7778 ns[0m
[INFO][0m[92m[PRIM][0m               Core 12 start compute primitive Sram_lifecycle.                                                                | [36m7778 ns[0m
[INFO][0m[92m[PRIM][0m               Core 12 end compute primitive Sram_lifecycle.                                                                  | [36m7778 ns[0m
[INFO][0m[92m[PRIM][0m               Core 4 end compute primitive Sram_lifecycle.                                                                   | [36m7778 ns[0m
[INFO][0m[92m[PRIM][0m               Core 0 start compute primitive Matmul_f.                                                                       | [36m7780 ns[0m
[INFO][0m[92m[PRIM][0m               Core 0 end compute primitive Matmul_f.                                                                         | [36m7780 ns[0m
[INFO][0m[92m[PRIM][0m               Core 8 start compute primitive Sram_lifecycle.                                                                 | [36m7782 ns[0m
[INFO][0m[92m[PRIM][0m               Core 8 end compute primitive Sram_lifecycle.                                                                   | [36m7782 ns[0m
[INFO][0m[92m[PRIM][0m               Core 4 start compute primitive Sram_bind_oneshot.                                                              | [36m7784 ns[0m
[INFO][0m[92m[PRIM][0m               Core 12 start compute primitive Sram_lifecycle.                                                                | [36m7784 ns[0m
[INFO][0m[92m[PRIM][0m               Core 12 end compute primitive Sram_lifecycle.                                                                  | [36m7784 ns[0m
[INFO][0m[92m[PRIM][0m               Core 4 end compute primitive Sram_bind_oneshot.                                                                | [36m7784 ns[0m
[INFO][0m[92m[PRIM][0m               Core 0 start compute primitive Sram_lifecycle.                                                                 | [36m7786 ns[0m
[INFO][0m[92m[PRIM][0m               Core 0 end compute primitive Sram_lifecycle.                                                                   | [36m7786 ns[0m
[INFO][0m[92m[PRIM][0m               Core 8 start compute primitive Sram_bind_oneshot.                                                              | [36m7788 ns[0m
[INFO][0m[92m[PRIM][0m               Core 8 end compute primitive Sram_bind_oneshot.                                                                | [36m7788 ns[0m
[INFO][0m[92m[PRIM][0m               Core 4 start compute primitive Matmul_f.                                                                       | [36m7790 ns[0m
[INFO][0m[92m[PRIM][0m               Core 12 start compute primitive Sram_lifecycle.                                                                | [36m7790 ns[0m
[INFO][0m[92m[PRIM][0m               Core 12 end compute primitive Sram_lifecycle.                                                                  | [36m7790 ns[0m
[INFO][0m[92m[PRIM][0m               Core 4 end compute primitive Matmul_f.                                                                         | [36m7790 ns[0m
[INFO][0m[92m[PRIM][0m               Core 0 start compute primitive Sram_lifecycle.                                                                 | [36m7792 ns[0m
[INFO][0m[92m[PRIM][0m               Core 0 end compute primitive Sram_lifecycle.                                                                   | [36m7792 ns[0m
[INFO][0m[92m[PRIM][0m               Core 8 start compute primitive Matmul_f.                                                                       | [36m7794 ns[0m
[INFO][0m[92m[PRIM][0m               Core 8 end compute primitive Matmul_f.                                                                         | [36m7794 ns[0m
[INFO][0m[92m[PRIM][0m               Core 4 start compute primitive Sram_lifecycle.                                                                 | [36m7796 ns[0m
[INFO][0m[92m[PRIM][0m               Core 12 start compute primitive Sram_lifecycle.                                                                | [36m7796 ns[0m
[INFO][0m[92m[PRIM][0m               Core 12 end compute primitive Sram_lifecycle.                                                                  | [36m7796 ns[0m
[INFO][0m[92m[PRIM][0m               Core 4 end compute primitive Sram_lifecycle.                                                                   | [36m7796 ns[0m
[INFO][0m[92m[PRIM][0m               Core 0 start compute primitive Sram_lifecycle.                                                                 | [36m7798 ns[0m
[INFO][0m[92m[PRIM][0m               Core 0 end compute primitive Sram_lifecycle.                                                                   | [36m7798 ns[0m
[INFO][0m[92m[PRIM][0m               Core 8 start compute primitive Sram_lifecycle.                                                                 | [36m7800 ns[0m
[INFO][0m[92m[PRIM][0m               Core 8 end compute primitive Sram_lifecycle.                                                                   | [36m7800 ns[0m
[INFO][0m[92m[PRIM][0m               Core 4 start compute primitive Sram_lifecycle.                                                                 | [36m7802 ns[0m
[INFO][0m[92m[PRIM][0m               Core 12 start compute primitive Sram_lifecycle.                                                                | [36m7802 ns[0m
[INFO][0m[92m[PRIM][0m               Core 12 end compute primitive Sram_lifecycle.                                                                  | [36m7802 ns[0m
[INFO][0m[92m[PRIM][0m               Core 4 end compute primitive Sram_lifecycle.                                                                   | [36m7802 ns[0m
[INFO][0m[92m[PRIM][0m               Core 8 start compute primitive Sram_lifecycle.                                                                 | [36m7806 ns[0m
[INFO][0m[92m[PRIM][0m               Core 8 end compute primitive Sram_lifecycle.                                                                   | [36m7806 ns[0m
[INFO][0m[92m[PRIM][0m               Core 12 start compute primitive Sram_bind_oneshot.                                                             | [36m7808 ns[0m
[INFO][0m[92m[PRIM][0m               Core 12 end compute primitive Sram_bind_oneshot.                                                               | [36m7808 ns[0m
[INFO][0m[92m[PRIM][0m               Core 12 start compute primitive Matmul_f.                                                                      | [36m7814 ns[0m
[INFO][0m[92m[PRIM][0m               Core 12 end compute primitive Matmul_f.                                                                        | [36m7814 ns[0m
[INFO][0m[92m[PRIM][0m               Core 12 start compute primitive Sram_lifecycle.                                                                | [36m7820 ns[0m
[INFO][0m[92m[PRIM][0m               Core 12 end compute primitive Sram_lifecycle.                                                                  | [36m7820 ns[0m
[INFO][0m[92m[PRIM][0m               Core 12 start compute primitive Sram_lifecycle.                                                                | [36m7826 ns[0m
[INFO][0m[92m[PRIM][0m               Core 12 end compute primitive Sram_lifecycle.                                                                  | [36m7826 ns[0m
[INFO][0m[92m[PRIM][0m               Core 4 start compute primitive Sram_lifecycle.                                                                 | [36m7872 ns[0m
[INFO][0m[92m[PRIM][0m               Core 4 end compute primitive Sram_lifecycle.                                                                   | [36m7872 ns[0m
[INFO][0m[92m[PRIM][0m               Core 8 start compute primitive Sram_lifecycle.                                                                 | [36m7876 ns[0m
[INFO][0m[92m[PRIM][0m               Core 8 end compute primitive Sram_lifecycle.                                                                   | [36m7876 ns[0m
[INFO][0m[92m[PRIM][0m               Core 4 start compute primitive Sram_lifecycle.                                                                 | [36m7878 ns[0m
[INFO][0m[92m[PRIM][0m               Core 4 end compute primitive Sram_lifecycle.                                                                   | [36m7878 ns[0m
[INFO][0m[92m[PRIM][0m               Core 8 start compute primitive Sram_lifecycle.                                                                 | [36m7882 ns[0m
[INFO][0m[92m[PRIM][0m               Core 8 end compute primitive Sram_lifecycle.                                                                   | [36m7882 ns[0m
[INFO][0m[92m[PRIM][0m               Core 4 start compute primitive Sram_lifecycle.                                                                 | [36m7884 ns[0m
[INFO][0m[92m[PRIM][0m               Core 4 end compute primitive Sram_lifecycle.                                                                   | [36m7884 ns[0m
[INFO][0m[92m[PRIM][0m               Core 8 start compute primitive Sram_lifecycle.                                                                 | [36m7888 ns[0m
[INFO][0m[92m[PRIM][0m               Core 8 end compute primitive Sram_lifecycle.                                                                   | [36m7888 ns[0m
[INFO][0m[92m[PRIM][0m               Core 4 start compute primitive Sram_lifecycle.                                                                 | [36m7890 ns[0m
[INFO][0m[92m[PRIM][0m               Core 4 end compute primitive Sram_lifecycle.                                                                   | [36m7890 ns[0m
[INFO][0m[92m[PRIM][0m               Core 8 start compute primitive Sram_lifecycle.                                                                 | [36m7894 ns[0m
[INFO][0m[92m[PRIM][0m               Core 8 end compute primitive Sram_lifecycle.                                                                   | [36m7894 ns[0m
[INFO][0m[92m[PRIM][0m               Core 4 start compute primitive Sram_bind_oneshot.                                                              | [36m7896 ns[0m
[INFO][0m[92m[PRIM][0m               Core 4 end compute primitive Sram_bind_oneshot.                                                                | [36m7896 ns[0m
[INFO][0m[92m[PRIM][0m               Core 8 start compute primitive Sram_bind_oneshot.                                                              | [36m7900 ns[0m
[INFO][0m[92m[PRIM][0m               Core 8 end compute primitive Sram_bind_oneshot.                                                                | [36m7900 ns[0m
[INFO][0m[92m[PRIM][0m               Core 4 start compute primitive Matmul_f.                                                                       | [36m7902 ns[0m
[INFO][0m[92m[PRIM][0m               Core 4 end compute primitive Matmul_f.                                                                         | [36m7902 ns[0m
[INFO][0m[92m[PRIM][0m               Core 8 start compute primitive Matmul_f.                                                                       | [36m7906 ns[0m
[INFO][0m[92m[PRIM][0m               Core 8 end compute primitive Matmul_f.                                                                         | [36m7906 ns[0m
[INFO][0m[92m[PRIM][0m               Core 4 start compute primitive Sram_lifecycle.                                                                 | [36m7908 ns[0m
[INFO][0m[92m[PRIM][0m               Core 4 end compute primitive Sram_lifecycle.                                                                   | [36m7908 ns[0m
[INFO][0m[92m[PRIM][0m               Core 8 start compute primitive Sram_lifecycle.                                                                 | [36m7912 ns[0m
[INFO][0m[92m[PRIM][0m               Core 0 start compute primitive Sram_lifecycle.                                                                 | [36m7912 ns[0m
[INFO][0m[92m[PRIM][0m               Core 0 end compute primitive Sram_lifecycle.                                                                   | [36m7912 ns[0m
[INFO][0m[92m[PRIM][0m               Core 8 end compute primitive Sram_lifecycle.                                                                   | [36m7912 ns[0m
[INFO][0m[92m[PRIM][0m               Core 4 start compute primitive Sram_lifecycle.                                                                 | [36m7914 ns[0m
[INFO][0m[92m[PRIM][0m               Core 4 end compute primitive Sram_lifecycle.                                                                   | [36m7914 ns[0m
[INFO][0m[92m[PRIM][0m               Core 8 start compute primitive Sram_lifecycle.                                                                 | [36m7918 ns[0m
[INFO][0m[92m[PRIM][0m               Core 8 end compute primitive Sram_lifecycle.                                                                   | [36m7918 ns[0m
[INFO][0m[92m[PRIM][0m               Core 4 start compute primitive Sram_lifecycle.                                                                 | [36m7920 ns[0m
[INFO][0m[92m[PRIM][0m               Core 4 end compute primitive Sram_lifecycle.                                                                   | [36m7920 ns[0m
[INFO][0m[92m[PRIM][0m               Core 12 start compute primitive Sram_lifecycle.                                                                | [36m7928 ns[0m
[INFO][0m[92m[PRIM][0m               Core 12 end compute primitive Sram_lifecycle.                                                                  | [36m7928 ns[0m
[INFO][0m[92m[PRIM][0m               Core 12 start compute primitive Sram_lifecycle.                                                                | [36m7934 ns[0m
[INFO][0m[92m[PRIM][0m               Core 12 end compute primitive Sram_lifecycle.                                                                  | [36m7934 ns[0m
[INFO][0m[92m[PRIM][0m               Core 12 start compute primitive Sram_lifecycle.                                                                | [36m7940 ns[0m
[INFO][0m[92m[PRIM][0m               Core 12 end compute primitive Sram_lifecycle.                                                                  | [36m7940 ns[0m
[INFO][0m[92m[PRIM][0m               Core 0 start compute primitive Sram_lifecycle.                                                                 | [36m7942 ns[0m
[INFO][0m[92m[PRIM][0m               Core 0 end compute primitive Sram_lifecycle.                                                                   | [36m7942 ns[0m
[INFO][0m[92m[PRIM][0m               Core 12 start compute primitive Sram_lifecycle.                                                                | [36m7946 ns[0m
[INFO][0m[92m[PRIM][0m               Core 12 end compute primitive Sram_lifecycle.                                                                  | [36m7946 ns[0m
[INFO][0m[92m[PRIM][0m               Core 12 start compute primitive Sram_bind_oneshot.                                                             | [36m7952 ns[0m
[INFO][0m[92m[PRIM][0m               Core 12 end compute primitive Sram_bind_oneshot.                                                               | [36m7952 ns[0m
[INFO][0m[92m[PRIM][0m               Core 12 start compute primitive Matmul_f.                                                                      | [36m7958 ns[0m
[INFO][0m[92m[PRIM][0m               Core 12 end compute primitive Matmul_f.                                                                        | [36m7958 ns[0m
[INFO][0m[92m[PRIM][0m               Core 12 start compute primitive Sram_lifecycle.                                                                | [36m7964 ns[0m
[INFO][0m[92m[PRIM][0m               Core 12 end compute primitive Sram_lifecycle.                                                                  | [36m7964 ns[0m
[INFO][0m[92m[PRIM][0m               Core 12 start compute primitive Sram_lifecycle.                                                                | [36m7970 ns[0m
[INFO][0m[92m[PRIM][0m               Core 12 end compute primitive Sram_lifecycle.                                                                  | [36m7970 ns[0m
[INFO][0m[92m[PRIM][0m               Core 0 start compute primitive Sram_lifecycle.                                                                 | [36m7988 ns[0m
[INFO][0m[92m[PRIM][0m               Core 0 end compute primitive Sram_lifecycle.                                                                   | [36m7988 ns[0m
[INFO][0m[92m[PRIM][0m               Core 0 start compute primitive Collective_data_v1_prim.                                                        | [36m7994 ns[0m
[INFO][0m[92m[PRIM][0m               Core 8 start compute primitive Sram_lifecycle.                                                                 | [36m8020 ns[0m
[INFO][0m[92m[PRIM][0m               Core 8 end compute primitive Sram_lifecycle.                                                                   | [36m8020 ns[0m
[INFO][0m[92m[PRIM][0m               Core 0 end compute primitive Collective_data_v1_prim.                                                          | [36m8024 ns[0m
[INFO][0m[92m[PRIM][0m               Core 8 start compute primitive Sram_lifecycle.                                                                 | [36m8026 ns[0m
[INFO][0m[92m[PRIM][0m               Core 8 end compute primitive Sram_lifecycle.                                                                   | [36m8026 ns[0m
[INFO][0m[92m[PRIM][0m               Core 0 start compute primitive Sram_lifecycle.                                                                 | [36m8030 ns[0m
[INFO][0m[92m[PRIM][0m               Core 0 end compute primitive Sram_lifecycle.                                                                   | [36m8030 ns[0m
[INFO][0m[92m[PRIM][0m               Core 8 start compute primitive Sram_lifecycle.                                                                 | [36m8032 ns[0m
[INFO][0m[92m[PRIM][0m               Core 8 end compute primitive Sram_lifecycle.                                                                   | [36m8032 ns[0m
[INFO][0m[92m[PRIM][0m               Core 0 start compute primitive Sram_lifecycle.                                                                 | [36m8036 ns[0m
[INFO][0m[92m[PRIM][0m               Core 0 end compute primitive Sram_lifecycle.                                                                   | [36m8036 ns[0m
[INFO][0m[92m[PRIM][0m               Core 8 start compute primitive Sram_lifecycle.                                                                 | [36m8038 ns[0m
[INFO][0m[92m[PRIM][0m               Core 8 end compute primitive Sram_lifecycle.                                                                   | [36m8038 ns[0m
[INFO][0m[92m[PRIM][0m               Core 0 start compute primitive Sram_lifecycle.                                                                 | [36m8042 ns[0m
[INFO][0m[92m[PRIM][0m               Core 0 end compute primitive Sram_lifecycle.                                                                   | [36m8042 ns[0m
[INFO][0m[92m[PRIM][0m               Core 8 start compute primitive Sram_bind_oneshot.                                                              | [36m8044 ns[0m
[INFO][0m[92m[PRIM][0m               Core 12 start compute primitive Sram_lifecycle.                                                                | [36m8044 ns[0m
[INFO][0m[92m[PRIM][0m               Core 12 end compute primitive Sram_lifecycle.                                                                  | [36m8044 ns[0m
[INFO][0m[92m[PRIM][0m               Core 8 end compute primitive Sram_bind_oneshot.                                                                | [36m8044 ns[0m
[INFO][0m[92m[PRIM][0m               Core 0 start compute primitive Sram_lifecycle.                                                                 | [36m8048 ns[0m
[INFO][0m[92m[PRIM][0m               Core 0 end compute primitive Sram_lifecycle.                                                                   | [36m8048 ns[0m
[INFO][0m[92m[PRIM][0m               Core 8 start compute primitive Matmul_f.                                                                       | [36m8050 ns[0m
[INFO][0m[92m[PRIM][0m               Core 12 start compute primitive Sram_lifecycle.                                                                | [36m8050 ns[0m
[INFO][0m[92m[PRIM][0m               Core 12 end compute primitive Sram_lifecycle.                                                                  | [36m8050 ns[0m
[INFO][0m[92m[PRIM][0m               Core 8 end compute primitive Matmul_f.                                                                         | [36m8050 ns[0m
[INFO][0m[92m[PRIM][0m               Core 0 start compute primitive Sram_lifecycle.                                                                 | [36m8054 ns[0m
[INFO][0m[92m[PRIM][0m               Core 0 end compute primitive Sram_lifecycle.                                                                   | [36m8054 ns[0m
[INFO][0m[92m[PRIM][0m               Core 8 start compute primitive Sram_lifecycle.                                                                 | [36m8056 ns[0m
[INFO][0m[92m[PRIM][0m               Core 12 start compute primitive Sram_lifecycle.                                                                | [36m8056 ns[0m
[INFO][0m[92m[PRIM][0m               Core 12 end compute primitive Sram_lifecycle.                                                                  | [36m8056 ns[0m
[INFO][0m[92m[PRIM][0m               Core 8 end compute primitive Sram_lifecycle.                                                                   | [36m8056 ns[0m
[INFO][0m[92m[PRIM][0m               Core 0 start compute primitive Sram_lifecycle.                                                                 | [36m8060 ns[0m
[INFO][0m[92m[PRIM][0m               Core 0 end compute primitive Sram_lifecycle.                                                                   | [36m8060 ns[0m
[INFO][0m[92m[PRIM][0m               Core 8 start compute primitive Sram_lifecycle.                                                                 | [36m8062 ns[0m
[INFO][0m[92m[PRIM][0m               Core 12 start compute primitive Sram_lifecycle.                                                                | [36m8062 ns[0m
[INFO][0m[92m[PRIM][0m               Core 12 end compute primitive Sram_lifecycle.                                                                  | [36m8062 ns[0m
[INFO][0m[92m[PRIM][0m               Core 8 end compute primitive Sram_lifecycle.                                                                   | [36m8062 ns[0m
[INFO][0m[92m[PRIM][0m               Core 0 start compute primitive Sram_lifecycle.                                                                 | [36m8066 ns[0m
[INFO][0m[92m[PRIM][0m               Core 0 end compute primitive Sram_lifecycle.                                                                   | [36m8066 ns[0m
[INFO][0m[92m[PRIM][0m               Core 8 start compute primitive Sram_lifecycle.                                                                 | [36m8068 ns[0m
[INFO][0m[92m[PRIM][0m               Core 12 start compute primitive Sram_bind_oneshot.                                                             | [36m8068 ns[0m
[INFO][0m[92m[PRIM][0m               Core 12 end compute primitive Sram_bind_oneshot.                                                               | [36m8068 ns[0m
[INFO][0m[92m[PRIM][0m               Core 8 end compute primitive Sram_lifecycle.                                                                   | [36m8068 ns[0m
[INFO][0m[92m[PRIM][0m               Core 0 start compute primitive Sram_bind_oneshot.                                                              | [36m8072 ns[0m
[INFO][0m[92m[PRIM][0m               Core 0 end compute primitive Sram_bind_oneshot.                                                                | [36m8072 ns[0m
[INFO][0m[92m[PRIM][0m               Core 12 start compute primitive Matmul_f.                                                                      | [36m8074 ns[0m
[INFO][0m[92m[PRIM][0m               Core 12 end compute primitive Matmul_f.                                                                        | [36m8074 ns[0m
[INFO][0m[92m[PRIM][0m               Core 0 start compute primitive Matmul_f.                                                                       | [36m8078 ns[0m
[INFO][0m[92m[PRIM][0m               Core 0 end compute primitive Matmul_f.                                                                         | [36m8078 ns[0m
[INFO][0m[92m[PRIM][0m               Core 12 start compute primitive Sram_lifecycle.                                                                | [36m8080 ns[0m
[INFO][0m[92m[PRIM][0m               Core 12 end compute primitive Sram_lifecycle.                                                                  | [36m8080 ns[0m
[INFO][0m[92m[PRIM][0m               Core 0 start compute primitive Sram_lifecycle.                                                                 | [36m8084 ns[0m
[INFO][0m[92m[PRIM][0m               Core 0 end compute primitive Sram_lifecycle.                                                                   | [36m8084 ns[0m
[INFO][0m[92m[PRIM][0m               Core 12 start compute primitive Sram_lifecycle.                                                                | [36m8086 ns[0m
[INFO][0m[92m[PRIM][0m               Core 12 end compute primitive Sram_lifecycle.                                                                  | [36m8086 ns[0m
[INFO][0m[92m[PRIM][0m               Core 0 start compute primitive Sram_lifecycle.                                                                 | [36m8090 ns[0m
[INFO][0m[92m[PRIM][0m               Core 0 end compute primitive Sram_lifecycle.                                                                   | [36m8090 ns[0m
[INFO][0m[92m[PRIM][0m               Core 12 start compute primitive Sram_lifecycle.                                                                | [36m8156 ns[0m
[INFO][0m[92m[PRIM][0m               Core 12 end compute primitive Sram_lifecycle.                                                                  | [36m8156 ns[0m
[INFO][0m[92m[PRIM][0m               Core 0 start compute primitive Sram_lifecycle.                                                                 | [36m8160 ns[0m
[INFO][0m[92m[PRIM][0m               Core 0 end compute primitive Sram_lifecycle.                                                                   | [36m8160 ns[0m
[INFO][0m[92m[PRIM][0m               Core 12 start compute primitive Sram_lifecycle.                                                                | [36m8162 ns[0m
[INFO][0m[92m[PRIM][0m               Core 12 end compute primitive Sram_lifecycle.                                                                  | [36m8162 ns[0m
[INFO][0m[92m[PRIM][0m               Core 0 start compute primitive Sram_lifecycle.                                                                 | [36m8166 ns[0m
[INFO][0m[92m[PRIM][0m               Core 0 end compute primitive Sram_lifecycle.                                                                   | [36m8166 ns[0m
[INFO][0m[92m[PRIM][0m               Core 12 start compute primitive Sram_lifecycle.                                                                | [36m8168 ns[0m
[INFO][0m[92m[PRIM][0m               Core 12 end compute primitive Sram_lifecycle.                                                                  | [36m8168 ns[0m
[INFO][0m[92m[PRIM][0m               Core 0 start compute primitive Sram_lifecycle.                                                                 | [36m8172 ns[0m
[INFO][0m[92m[PRIM][0m               Core 0 end compute primitive Sram_lifecycle.                                                                   | [36m8172 ns[0m
[INFO][0m[92m[PRIM][0m               Core 12 start compute primitive Sram_lifecycle.                                                                | [36m8174 ns[0m
[INFO][0m[92m[PRIM][0m               Core 12 end compute primitive Sram_lifecycle.                                                                  | [36m8174 ns[0m
[INFO][0m[92m[PRIM][0m               Core 0 start compute primitive Sram_lifecycle.                                                                 | [36m8178 ns[0m
[INFO][0m[92m[PRIM][0m               Core 0 end compute primitive Sram_lifecycle.                                                                   | [36m8178 ns[0m
[INFO][0m[92m[PRIM][0m               Core 12 start compute primitive Sram_bind_oneshot.                                                             | [36m8180 ns[0m
[INFO][0m[92m[PRIM][0m               Core 12 end compute primitive Sram_bind_oneshot.                                                               | [36m8180 ns[0m
[INFO][0m[92m[PRIM][0m               Core 0 start compute primitive Sram_bind_oneshot.                                                              | [36m8184 ns[0m
[INFO][0m[92m[PRIM][0m               Core 0 end compute primitive Sram_bind_oneshot.                                                                | [36m8184 ns[0m
[INFO][0m[92m[PRIM][0m               Core 12 start compute primitive Matmul_f.                                                                      | [36m8186 ns[0m
[INFO][0m[92m[PRIM][0m               Core 12 end compute primitive Matmul_f.                                                                        | [36m8186 ns[0m
[INFO][0m[92m[PRIM][0m               Core 0 start compute primitive Matmul_f.                                                                       | [36m8190 ns[0m
[INFO][0m[92m[PRIM][0m               Core 0 end compute primitive Matmul_f.                                                                         | [36m8190 ns[0m
[INFO][0m[92m[PRIM][0m               Core 12 start compute primitive Sram_lifecycle.                                                                | [36m8192 ns[0m
[INFO][0m[92m[PRIM][0m               Core 12 end compute primitive Sram_lifecycle.                                                                  | [36m8192 ns[0m
[INFO][0m[92m[PRIM][0m               Core 0 start compute primitive Sram_lifecycle.                                                                 | [36m8196 ns[0m
[INFO][0m[92m[PRIM][0m               Core 0 end compute primitive Sram_lifecycle.                                                                   | [36m8196 ns[0m
[INFO][0m[92m[PRIM][0m               Core 12 start compute primitive Sram_lifecycle.                                                                | [36m8198 ns[0m
[INFO][0m[92m[PRIM][0m               Core 12 end compute primitive Sram_lifecycle.                                                                  | [36m8198 ns[0m
[INFO][0m[92m[PRIM][0m               Core 4 start compute primitive Sram_lifecycle.                                                                 | [36m8200 ns[0m
[INFO][0m[92m[PRIM][0m               Core 4 end compute primitive Sram_lifecycle.                                                                   | [36m8200 ns[0m
[INFO][0m[92m[PRIM][0m               Core 0 start compute primitive Sram_lifecycle.                                                                 | [36m8202 ns[0m
[INFO][0m[92m[PRIM][0m               Core 0 end compute primitive Sram_lifecycle.                                                                   | [36m8202 ns[0m
[INFO][0m[92m[PRIM][0m               Core 12 start compute primitive Sram_lifecycle.                                                                | [36m8204 ns[0m
[INFO][0m[92m[PRIM][0m               Core 12 end compute primitive Sram_lifecycle.                                                                  | [36m8204 ns[0m
[INFO][0m[92m[PRIM][0m               Core 4 start compute primitive Sram_lifecycle.                                                                 | [36m8224 ns[0m
[INFO][0m[92m[PRIM][0m               Core 4 end compute primitive Sram_lifecycle.                                                                   | [36m8224 ns[0m
[INFO][0m[92m[PRIM][0m               Core 4 start compute primitive Sram_lifecycle.                                                                 | [36m8248 ns[0m
[INFO][0m[92m[PRIM][0m               Core 4 end compute primitive Sram_lifecycle.                                                                   | [36m8248 ns[0m
[INFO][0m[92m[PRIM][0m               Core 4 start compute primitive Collective_data_v1_prim.                                                        | [36m8254 ns[0m
[INFO][0m[92m[PRIM][0m               Core 0 start compute primitive Sram_lifecycle.                                                                 | [36m8272 ns[0m
[INFO][0m[92m[PRIM][0m               Core 0 end compute primitive Sram_lifecycle.                                                                   | [36m8272 ns[0m
[INFO][0m[92m[PRIM][0m               Core 0 start compute primitive Sram_lifecycle.                                                                 | [36m8278 ns[0m
[INFO][0m[92m[PRIM][0m               Core 0 end compute primitive Sram_lifecycle.                                                                   | [36m8278 ns[0m
[INFO][0m[92m[PRIM][0m               Core 4 end compute primitive Collective_data_v1_prim.                                                          | [36m8284 ns[0m
[INFO][0m[92m[PRIM][0m               Core 0 start compute primitive Sram_lifecycle.                                                                 | [36m8284 ns[0m
[INFO][0m[92m[PRIM][0m               Core 0 end compute primitive Sram_lifecycle.                                                                   | [36m8284 ns[0m
[INFO][0m[92m[PRIM][0m               Core 0 start compute primitive Sram_lifecycle.                                                                 | [36m8290 ns[0m
[INFO][0m[92m[PRIM][0m               Core 4 start compute primitive Sram_lifecycle.                                                                 | [36m8290 ns[0m
[INFO][0m[92m[PRIM][0m               Core 4 end compute primitive Sram_lifecycle.                                                                   | [36m8290 ns[0m
[INFO][0m[92m[PRIM][0m               Core 0 end compute primitive Sram_lifecycle.                                                                   | [36m8290 ns[0m
[INFO][0m[92m[PRIM][0m               Core 0 start compute primitive Sram_bind_oneshot.                                                              | [36m8296 ns[0m
[INFO][0m[92m[PRIM][0m               Core 4 start compute primitive Sram_lifecycle.                                                                 | [36m8296 ns[0m
[INFO][0m[92m[PRIM][0m               Core 4 end compute primitive Sram_lifecycle.                                                                   | [36m8296 ns[0m
[INFO][0m[92m[PRIM][0m               Core 0 end compute primitive Sram_bind_oneshot.                                                                | [36m8296 ns[0m
[INFO][0m[92m[PRIM][0m               Core 0 start compute primitive Matmul_f.                                                                       | [36m8302 ns[0m
[INFO][0m[92m[PRIM][0m               Core 4 start compute primitive Sram_lifecycle.                                                                 | [36m8302 ns[0m
[INFO][0m[92m[PRIM][0m               Core 4 end compute primitive Sram_lifecycle.                                                                   | [36m8302 ns[0m
[INFO][0m[92m[PRIM][0m               Core 0 end compute primitive Matmul_f.                                                                         | [36m8302 ns[0m
[INFO][0m[92m[PRIM][0m               Core 0 start compute primitive Sram_lifecycle.                                                                 | [36m8308 ns[0m
[INFO][0m[92m[PRIM][0m               Core 4 start compute primitive Sram_lifecycle.                                                                 | [36m8308 ns[0m
[INFO][0m[92m[PRIM][0m               Core 4 end compute primitive Sram_lifecycle.                                                                   | [36m8308 ns[0m
[INFO][0m[92m[PRIM][0m               Core 0 end compute primitive Sram_lifecycle.                                                                   | [36m8308 ns[0m
[INFO][0m[92m[PRIM][0m               Core 8 start compute primitive Sram_lifecycle.                                                                 | [36m8312 ns[0m
[INFO][0m[92m[PRIM][0m               Core 8 end compute primitive Sram_lifecycle.                                                                   | [36m8312 ns[0m
[INFO][0m[92m[PRIM][0m               Core 0 start compute primitive Sram_lifecycle.                                                                 | [36m8314 ns[0m
[INFO][0m[92m[PRIM][0m               Core 4 start compute primitive Sram_lifecycle.                                                                 | [36m8314 ns[0m
[INFO][0m[92m[PRIM][0m               Core 4 end compute primitive Sram_lifecycle.                                                                   | [36m8314 ns[0m
[INFO][0m[92m[PRIM][0m               Core 0 end compute primitive Sram_lifecycle.                                                                   | [36m8314 ns[0m
[INFO][0m[92m[PRIM][0m               Core 4 start compute primitive Sram_lifecycle.                                                                 | [36m8320 ns[0m
[INFO][0m[92m[PRIM][0m               Core 4 end compute primitive Sram_lifecycle.                                                                   | [36m8320 ns[0m
[INFO][0m[92m[PRIM][0m               Core 4 start compute primitive Sram_lifecycle.                                                                 | [36m8326 ns[0m
[INFO][0m[92m[PRIM][0m               Core 4 end compute primitive Sram_lifecycle.                                                                   | [36m8326 ns[0m
[INFO][0m[92m[PRIM][0m               Core 4 start compute primitive Sram_bind_oneshot.                                                              | [36m8332 ns[0m
[INFO][0m[92m[PRIM][0m               Core 4 end compute primitive Sram_bind_oneshot.                                                                | [36m8332 ns[0m
[INFO][0m[92m[PRIM][0m               Core 4 start compute primitive Matmul_f.                                                                       | [36m8338 ns[0m
[INFO][0m[92m[PRIM][0m               Core 4 end compute primitive Matmul_f.                                                                         | [36m8338 ns[0m
[INFO][0m[92m[PRIM][0m               Core 4 start compute primitive Sram_lifecycle.                                                                 | [36m8344 ns[0m
[INFO][0m[92m[PRIM][0m               Core 4 end compute primitive Sram_lifecycle.                                                                   | [36m8344 ns[0m
[INFO][0m[92m[PRIM][0m               Core 4 start compute primitive Sram_lifecycle.                                                                 | [36m8350 ns[0m
[INFO][0m[92m[PRIM][0m               Core 4 end compute primitive Sram_lifecycle.                                                                   | [36m8350 ns[0m
[INFO][0m[92m[PRIM][0m               Core 0 start compute primitive Sram_lifecycle.                                                                 | [36m8416 ns[0m
[INFO][0m[92m[PRIM][0m               Core 0 end compute primitive Sram_lifecycle.                                                                   | [36m8416 ns[0m
[INFO][0m[92m[PRIM][0m               Core 0 start compute primitive Sram_lifecycle.                                                                 | [36m8422 ns[0m
[INFO][0m[92m[PRIM][0m               Core 0 end compute primitive Sram_lifecycle.                                                                   | [36m8422 ns[0m
[INFO][0m[92m[PRIM][0m               Core 0 start compute primitive Sram_bind_oneshot.                                                              | [36m8428 ns[0m
[INFO][0m[92m[PRIM][0m               Core 0 end compute primitive Sram_bind_oneshot.                                                                | [36m8428 ns[0m
[INFO][0m[92m[PRIM][0m               Core 0 start compute primitive Residual_f.                                                                     | [36m8434 ns[0m
[INFO][0m[92m[PRIM][0m               Core 0 end compute primitive Residual_f.                                                                       | [36m8434 ns[0m
[INFO][0m[92m[PRIM][0m               Core 0 start compute primitive Sram_lifecycle.                                                                 | [36m8440 ns[0m
[INFO][0m[92m[PRIM][0m               Core 0 end compute primitive Sram_lifecycle.                                                                   | [36m8440 ns[0m
[INFO][0m[92m[PRIM][0m               Core 0 start compute primitive Sram_lifecycle.                                                                 | [36m8446 ns[0m
[INFO][0m[92m[PRIM][0m               Core 0 end compute primitive Sram_lifecycle.                                                                   | [36m8446 ns[0m
[INFO][0m[92m[PRIM][0m               Core 0 start compute primitive Sram_lifecycle.                                                                 | [36m8452 ns[0m
[INFO][0m[92m[PRIM][0m               Core 4 start compute primitive Sram_lifecycle.                                                                 | [36m8452 ns[0m
[INFO][0m[92m[PRIM][0m               Core 4 end compute primitive Sram_lifecycle.                                                                   | [36m8452 ns[0m
[INFO][0m[92m[PRIM][0m               Core 0 end compute primitive Sram_lifecycle.                                                                   | [36m8452 ns[0m
[INFO][0m[92m[PRIM][0m               Core 0 start compute primitive Sram_bind_oneshot.                                                              | [36m8458 ns[0m
[INFO][0m[92m[PRIM][0m               Core 4 start compute primitive Sram_lifecycle.                                                                 | [36m8458 ns[0m
[INFO][0m[92m[PRIM][0m               Core 4 end compute primitive Sram_lifecycle.                                                                   | [36m8458 ns[0m
[INFO][0m[92m[PRIM][0m               Core 0 end compute primitive Sram_bind_oneshot.                                                                | [36m8458 ns[0m
[INFO][0m[92m[PRIM][0m               Core 0 start compute primitive rmsnorm_forward.                                                                | [36m8464 ns[0m
[INFO][0m[92m[PRIM][0m               Core 4 start compute primitive Sram_lifecycle.                                                                 | [36m8464 ns[0m
[INFO][0m[92m[PRIM][0m               Core 4 end compute primitive Sram_lifecycle.                                                                   | [36m8464 ns[0m
[INFO][0m[92m[PRIM][0m               Core 0 end compute primitive rmsnorm_forward.                                                                  | [36m8464 ns[0m
[INFO][0m[92m[PRIM][0m               Core 0 start compute primitive Sram_lifecycle.                                                                 | [36m8470 ns[0m
[INFO][0m[92m[PRIM][0m               Core 4 start compute primitive Sram_lifecycle.                                                                 | [36m8470 ns[0m
[INFO][0m[92m[PRIM][0m               Core 4 end compute primitive Sram_lifecycle.                                                                   | [36m8470 ns[0m
[INFO][0m[92m[PRIM][0m               Core 0 end compute primitive Sram_lifecycle.                                                                   | [36m8470 ns[0m
[INFO][0m[92m[PRIM][0m               Core 12 start compute primitive Sram_lifecycle.                                                                | [36m8476 ns[0m
[INFO][0m[92m[PRIM][0m               Core 4 start compute primitive Sram_bind_oneshot.                                                              | [36m8476 ns[0m
[INFO][0m[92m[PRIM][0m               Core 4 end compute primitive Sram_bind_oneshot.                                                                | [36m8476 ns[0m
[INFO][0m[92m[PRIM][0m               Core 12 end compute primitive Sram_lifecycle.                                                                  | [36m8476 ns[0m
[INFO][0m[92m[PRIM][0m               Core 4 start compute primitive Matmul_f.                                                                       | [36m8482 ns[0m
[INFO][0m[92m[PRIM][0m               Core 4 end compute primitive Matmul_f.                                                                         | [36m8482 ns[0m
[INFO][0m[92m[PRIM][0m               Core 4 start compute primitive Sram_lifecycle.                                                                 | [36m8488 ns[0m
[INFO][0m[92m[PRIM][0m               Core 4 end compute primitive Sram_lifecycle.                                                                   | [36m8488 ns[0m
[INFO][0m[92m[PRIM][0m               Core 4 start compute primitive Sram_lifecycle.                                                                 | [36m8494 ns[0m
[INFO][0m[92m[PRIM][0m               Core 0 start compute primitive Sram_lifecycle.                                                                 | [36m8494 ns[0m
[INFO][0m[92m[PRIM][0m               Core 0 end compute primitive Sram_lifecycle.                                                                   | [36m8494 ns[0m
[INFO][0m[92m[PRIM][0m               Core 4 end compute primitive Sram_lifecycle.                                                                   | [36m8494 ns[0m
[INFO][0m[92m[PRIM][0m               Core 8 start compute primitive Sram_lifecycle.                                                                 | [36m8512 ns[0m
[INFO][0m[92m[PRIM][0m               Core 8 end compute primitive Sram_lifecycle.                                                                   | [36m8512 ns[0m
[INFO][0m[92m[PRIM][0m               Core 8 start compute primitive Sram_lifecycle.                                                                 | [36m8536 ns[0m
[INFO][0m[92m[PRIM][0m               Core 8 end compute primitive Sram_lifecycle.                                                                   | [36m8536 ns[0m
[INFO][0m[92m[PRIM][0m               Core 8 start compute primitive Collective_data_v1_prim.                                                        | [36m8542 ns[0m
[INFO][0m[92m[PRIM][0m               Core 4 start compute primitive Sram_lifecycle.                                                                 | [36m8564 ns[0m
[INFO][0m[92m[PRIM][0m               Core 4 end compute primitive Sram_lifecycle.                                                                   | [36m8564 ns[0m
[INFO][0m[92m[PRIM][0m               Core 4 start compute primitive Sram_lifecycle.                                                                 | [36m8570 ns[0m
[INFO][0m[92m[PRIM][0m               Core 4 end compute primitive Sram_lifecycle.                                                                   | [36m8570 ns[0m
[INFO][0m[92m[PRIM][0m               Core 8 end compute primitive Collective_data_v1_prim.                                                          | [36m8572 ns[0m
[INFO][0m[92m[PRIM][0m               Core 4 start compute primitive Sram_bind_oneshot.                                                              | [36m8576 ns[0m
[INFO][0m[92m[PRIM][0m               Core 4 end compute primitive Sram_bind_oneshot.                                                                | [36m8576 ns[0m
[INFO][0m[92m[PRIM][0m               Core 8 start compute primitive Sram_lifecycle.                                                                 | [36m8578 ns[0m
[INFO][0m[92m[PRIM][0m               Core 8 end compute primitive Sram_lifecycle.                                                                   | [36m8578 ns[0m
[INFO][0m[92m[PRIM][0m               Core 4 start compute primitive Residual_f.                                                                     | [36m8582 ns[0m
[INFO][0m[92m[PRIM][0m               Core 4 end compute primitive Residual_f.                                                                       | [36m8582 ns[0m
[INFO][0m[92m[PRIM][0m               Core 8 start compute primitive Sram_lifecycle.                                                                 | [36m8584 ns[0m
[INFO][0m[92m[PRIM][0m               Core 8 end compute primitive Sram_lifecycle.                                                                   | [36m8584 ns[0m
[INFO][0m[92m[PRIM][0m               Core 4 start compute primitive Sram_lifecycle.                                                                 | [36m8588 ns[0m
[INFO][0m[92m[PRIM][0m               Core 4 end compute primitive Sram_lifecycle.                                                                   | [36m8588 ns[0m
[INFO][0m[92m[PRIM][0m               Core 8 start compute primitive Sram_lifecycle.                                                                 | [36m8590 ns[0m
[INFO][0m[92m[PRIM][0m               Core 8 end compute primitive Sram_lifecycle.                                                                   | [36m8590 ns[0m
[INFO][0m[92m[PRIM][0m               Core 4 start compute primitive Sram_lifecycle.                                                                 | [36m8594 ns[0m
[INFO][0m[92m[PRIM][0m               Core 4 end compute primitive Sram_lifecycle.                                                                   | [36m8594 ns[0m
[INFO][0m[92m[PRIM][0m               Core 8 start compute primitive Sram_lifecycle.                                                                 | [36m8596 ns[0m
[INFO][0m[92m[PRIM][0m               Core 8 end compute primitive Sram_lifecycle.                                                                   | [36m8596 ns[0m
[INFO][0m[92m[PRIM][0m               Core 4 start compute primitive Sram_lifecycle.                                                                 | [36m8600 ns[0m
[INFO][0m[92m[PRIM][0m               Core 4 end compute primitive Sram_lifecycle.                                                                   | [36m8600 ns[0m
[INFO][0m[92m[PRIM][0m               Core 8 start compute primitive Sram_lifecycle.                                                                 | [36m8602 ns[0m
[INFO][0m[92m[PRIM][0m               Core 8 end compute primitive Sram_lifecycle.                                                                   | [36m8602 ns[0m
[INFO][0m[92m[PRIM][0m               Core 12 start compute primitive Sram_lifecycle.                                                                | [36m8604 ns[0m
[INFO][0m[92m[PRIM][0m               Core 12 end compute primitive Sram_lifecycle.                                                                  | [36m8604 ns[0m
[INFO][0m[92m[PRIM][0m               Core 4 start compute primitive Sram_bind_oneshot.                                                              | [36m8606 ns[0m
[INFO][0m[92m[PRIM][0m               Core 4 end compute primitive Sram_bind_oneshot.                                                                | [36m8606 ns[0m
[INFO][0m[92m[PRIM][0m               Core 8 start compute primitive Sram_lifecycle.                                                                 | [36m8608 ns[0m
[INFO][0m[92m[PRIM][0m               Core 8 end compute primitive Sram_lifecycle.                                                                   | [36m8608 ns[0m
[INFO][0m[92m[PRIM][0m               Core 4 start compute primitive rmsnorm_forward.                                                                | [36m8612 ns[0m
[INFO][0m[92m[PRIM][0m               Core 4 end compute primitive rmsnorm_forward.                                                                  | [36m8612 ns[0m
[INFO][0m[92m[PRIM][0m               Core 8 start compute primitive Sram_lifecycle.                                                                 | [36m8614 ns[0m
[INFO][0m[92m[PRIM][0m               Core 8 end compute primitive Sram_lifecycle.                                                                   | [36m8614 ns[0m
[INFO][0m[92m[PRIM][0m               Core 4 start compute primitive Sram_lifecycle.                                                                 | [36m8618 ns[0m
[INFO][0m[92m[PRIM][0m               Core 4 end compute primitive Sram_lifecycle.                                                                   | [36m8618 ns[0m
[INFO][0m[92m[PRIM][0m               Core 8 start compute primitive Sram_bind_oneshot.                                                              | [36m8620 ns[0m
[INFO][0m[92m[PRIM][0m               Core 8 end compute primitive Sram_bind_oneshot.                                                                | [36m8620 ns[0m
[INFO][0m[92m[PRIM][0m               Core 8 start compute primitive Matmul_f.                                                                       | [36m8626 ns[0m
[INFO][0m[92m[PRIM][0m               Core 8 end compute primitive Matmul_f.                                                                         | [36m8626 ns[0m
[INFO][0m[92m[PRIM][0m               Core 8 start compute primitive Sram_lifecycle.                                                                 | [36m8632 ns[0m
[INFO][0m[92m[PRIM][0m               Core 8 end compute primitive Sram_lifecycle.                                                                   | [36m8632 ns[0m
[INFO][0m[92m[PRIM][0m               Core 8 start compute primitive Sram_lifecycle.                                                                 | [36m8638 ns[0m
[INFO][0m[92m[PRIM][0m               Core 8 end compute primitive Sram_lifecycle.                                                                   | [36m8638 ns[0m
[INFO][0m[92m[PRIM][0m               Core 4 start compute primitive Sram_lifecycle.                                                                 | [36m8658 ns[0m
[INFO][0m[92m[PRIM][0m               Core 4 end compute primitive Sram_lifecycle.                                                                   | [36m8658 ns[0m
[INFO][0m[92m[PRIM][0m               Core 8 start compute primitive Sram_lifecycle.                                                                 | [36m8708 ns[0m
[INFO][0m[92m[PRIM][0m               Core 8 end compute primitive Sram_lifecycle.                                                                   | [36m8708 ns[0m
[INFO][0m[92m[PRIM][0m               Core 8 start compute primitive Sram_lifecycle.                                                                 | [36m8714 ns[0m
[INFO][0m[92m[PRIM][0m               Core 8 end compute primitive Sram_lifecycle.                                                                   | [36m8714 ns[0m
[INFO][0m[92m[PRIM][0m               Core 8 start compute primitive Sram_bind_oneshot.                                                              | [36m8720 ns[0m
[INFO][0m[92m[PRIM][0m               Core 8 end compute primitive Sram_bind_oneshot.                                                                | [36m8720 ns[0m
[INFO][0m[92m[PRIM][0m               Core 8 start compute primitive Residual_f.                                                                     | [36m8726 ns[0m
[INFO][0m[92m[PRIM][0m               Core 8 end compute primitive Residual_f.                                                                       | [36m8726 ns[0m
[INFO][0m[92m[PRIM][0m               Core 8 start compute primitive Sram_lifecycle.                                                                 | [36m8732 ns[0m
[INFO][0m[92m[PRIM][0m               Core 8 end compute primitive Sram_lifecycle.                                                                   | [36m8732 ns[0m
[INFO][0m[92m[PRIM][0m               Core 8 start compute primitive Sram_lifecycle.                                                                 | [36m8738 ns[0m
[INFO][0m[92m[PRIM][0m               Core 8 end compute primitive Sram_lifecycle.                                                                   | [36m8738 ns[0m
[INFO][0m[92m[PRIM][0m               Core 8 start compute primitive Sram_lifecycle.                                                                 | [36m8744 ns[0m
[INFO][0m[92m[PRIM][0m               Core 8 end compute primitive Sram_lifecycle.                                                                   | [36m8744 ns[0m
[INFO][0m[92m[PRIM][0m               Core 12 start compute primitive Sram_lifecycle.                                                                | [36m8748 ns[0m
[INFO][0m[92m[PRIM][0m               Core 12 end compute primitive Sram_lifecycle.                                                                  | [36m8748 ns[0m
[INFO][0m[92m[PRIM][0m               Core 8 start compute primitive Sram_bind_oneshot.                                                              | [36m8750 ns[0m
[INFO][0m[92m[PRIM][0m               Core 8 end compute primitive Sram_bind_oneshot.                                                                | [36m8750 ns[0m
[INFO][0m[92m[PRIM][0m               Core 12 start compute primitive Collective_data_v1_prim.                                                       | [36m8754 ns[0m
[INFO][0m[92m[PRIM][0m               Core 8 start compute primitive rmsnorm_forward.                                                                | [36m8756 ns[0m
[INFO][0m[92m[PRIM][0m               Core 8 end compute primitive rmsnorm_forward.                                                                  | [36m8756 ns[0m
[INFO][0m[92m[PRIM][0m               Core 8 start compute primitive Sram_lifecycle.                                                                 | [36m8762 ns[0m
[INFO][0m[92m[PRIM][0m               Core 8 end compute primitive Sram_lifecycle.                                                                   | [36m8762 ns[0m
[INFO][0m[92m[PRIM][0m               Core 12 end compute primitive Collective_data_v1_prim.                                                         | [36m8784 ns[0m
[INFO][0m[92m[PRIM][0m               Core 12 start compute primitive Sram_lifecycle.                                                                | [36m8790 ns[0m
[INFO][0m[92m[PRIM][0m               Core 12 end compute primitive Sram_lifecycle.                                                                  | [36m8790 ns[0m
[INFO][0m[92m[PRIM][0m               Core 12 start compute primitive Sram_lifecycle.                                                                | [36m8796 ns[0m
[INFO][0m[92m[PRIM][0m               Core 12 end compute primitive Sram_lifecycle.                                                                  | [36m8796 ns[0m
[INFO][0m[92m[PRIM][0m               Core 12 start compute primitive Sram_lifecycle.                                                                | [36m8802 ns[0m
[INFO][0m[92m[PRIM][0m               Core 12 end compute primitive Sram_lifecycle.                                                                  | [36m8802 ns[0m
[INFO][0m[92m[PRIM][0m               Core 12 start compute primitive Sram_lifecycle.                                                                | [36m8808 ns[0m
[INFO][0m[92m[PRIM][0m               Core 12 end compute primitive Sram_lifecycle.                                                                  | [36m8808 ns[0m
[INFO][0m[92m[PRIM][0m               Core 12 start compute primitive Sram_lifecycle.                                                                | [36m8814 ns[0m
[INFO][0m[92m[PRIM][0m               Core 12 end compute primitive Sram_lifecycle.                                                                  | [36m8814 ns[0m
[INFO][0m[92m[PRIM][0m               Core 12 start compute primitive Sram_bind_oneshot.                                                             | [36m8820 ns[0m
[INFO][0m[92m[PRIM][0m               Core 12 end compute primitive Sram_bind_oneshot.                                                               | [36m8820 ns[0m
[INFO][0m[92m[PRIM][0m               Core 12 start compute primitive Residual_f.                                                                    | [36m8826 ns[0m
[INFO][0m[92m[PRIM][0m               Core 12 end compute primitive Residual_f.                                                                      | [36m8826 ns[0m
[INFO][0m[92m[PRIM][0m               Core 12 start compute primitive Sram_lifecycle.                                                                | [36m8832 ns[0m
[INFO][0m[92m[PRIM][0m               Core 12 end compute primitive Sram_lifecycle.                                                                  | [36m8832 ns[0m
[INFO][0m[92m[PRIM][0m               Core 12 start compute primitive Sram_lifecycle.                                                                | [36m8838 ns[0m
[INFO][0m[92m[PRIM][0m               Core 12 end compute primitive Sram_lifecycle.                                                                  | [36m8838 ns[0m
[INFO][0m[92m[PRIM][0m               Core 12 start compute primitive Sram_lifecycle.                                                                | [36m8844 ns[0m
[INFO][0m[92m[PRIM][0m               Core 12 end compute primitive Sram_lifecycle.                                                                  | [36m8844 ns[0m
[INFO][0m[92m[PRIM][0m               Core 12 start compute primitive Sram_bind_oneshot.                                                             | [36m8850 ns[0m
[INFO][0m[92m[PRIM][0m               Core 12 end compute primitive Sram_bind_oneshot.                                                               | [36m8850 ns[0m
[INFO][0m[92m[PRIM][0m               Core 12 start compute primitive rmsnorm_forward.                                                               | [36m8856 ns[0m
[INFO][0m[92m[PRIM][0m               Core 12 end compute primitive rmsnorm_forward.                                                                 | [36m8856 ns[0m
[INFO][0m[92m[PRIM][0m               Core 12 start compute primitive Sram_lifecycle.                                                                | [36m8862 ns[0m
[INFO][0m[92m[PRIM][0m               Core 12 end compute primitive Sram_lifecycle.                                                                  | [36m8862 ns[0m
[INFO][0m[92m[PRIM][0m               Core 8 start compute primitive Sram_lifecycle.                                                                 | [36m8902 ns[0m
[INFO][0m[92m[PRIM][0m               Core 8 end compute primitive Sram_lifecycle.                                                                   | [36m8902 ns[0m
[INFO][0m[92m[PRIM][0m               Core 12 start compute primitive Sram_lifecycle.                                                                | [36m9190 ns[0m
[INFO][0m[92m[PRIM][0m               Core 12 end compute primitive Sram_lifecycle.                                                                  | [36m9190 ns[0m
[INFO][0m[92m[PRIM][0m               Core 0 start compute primitive Sram_lifecycle.                                                                 | [36m9496 ns[0m
[INFO][0m[92m[PRIM][0m               Core 0 end compute primitive Sram_lifecycle.                                                                   | [36m9496 ns[0m
[INFO][0m[92m[PRIM][0m               Core 0 start compute primitive Sram_lifecycle.                                                                 | [36m9502 ns[0m
[INFO][0m[92m[PRIM][0m               Core 0 end compute primitive Sram_lifecycle.                                                                   | [36m9502 ns[0m
[INFO][0m[92m[PRIM][0m               Core 4 start compute primitive Sram_lifecycle.                                                                 | [36m9506 ns[0m
[INFO][0m[92m[PRIM][0m               Core 4 end compute primitive Sram_lifecycle.                                                                   | [36m9506 ns[0m
[INFO][0m[92m[PRIM][0m               Core 0 start compute primitive Sram_bind_oneshot.                                                              | [36m9508 ns[0m
[INFO][0m[92m[PRIM][0m               Core 0 end compute primitive Sram_bind_oneshot.                                                                | [36m9508 ns[0m
[INFO][0m[92m[PRIM][0m               Core 8 start compute primitive Sram_lifecycle.                                                                 | [36m9510 ns[0m
[INFO][0m[92m[PRIM][0m               Core 8 end compute primitive Sram_lifecycle.                                                                   | [36m9510 ns[0m
[INFO][0m[92m[PRIM][0m               Core 4 start compute primitive Sram_lifecycle.                                                                 | [36m9512 ns[0m
[INFO][0m[92m[PRIM][0m               Core 4 end compute primitive Sram_lifecycle.                                                                   | [36m9512 ns[0m
[INFO][0m[92m[PRIM][0m               Core 0 start compute primitive Matmul_f.                                                                       | [36m9514 ns[0m
[INFO][0m[92m[PRIM][0m               Core 0 end compute primitive Matmul_f.                                                                         | [36m9514 ns[0m
[INFO][0m[92m[PRIM][0m               Core 8 start compute primitive Sram_lifecycle.                                                                 | [36m9516 ns[0m
[INFO][0m[92m[PRIM][0m               Core 8 end compute primitive Sram_lifecycle.                                                                   | [36m9516 ns[0m
[INFO][0m[92m[PRIM][0m               Core 4 start compute primitive Sram_bind_oneshot.                                                              | [36m9518 ns[0m
[INFO][0m[92m[PRIM][0m               Core 4 end compute primitive Sram_bind_oneshot.                                                                | [36m9518 ns[0m
[INFO][0m[92m[PRIM][0m               Core 0 start compute primitive Sram_lifecycle.                                                                 | [36m9520 ns[0m
[INFO][0m[92m[PRIM][0m               Core 0 end compute primitive Sram_lifecycle.                                                                   | [36m9520 ns[0m
[INFO][0m[92m[PRIM][0m               Core 8 start compute primitive Sram_bind_oneshot.                                                              | [36m9522 ns[0m
[INFO][0m[92m[PRIM][0m               Core 8 end compute primitive Sram_bind_oneshot.                                                                | [36m9522 ns[0m
[INFO][0m[92m[PRIM][0m               Core 4 start compute primitive Matmul_f.                                                                       | [36m9524 ns[0m
[INFO][0m[92m[PRIM][0m               Core 4 end compute primitive Matmul_f.                                                                         | [36m9524 ns[0m
[INFO][0m[92m[PRIM][0m               Core 0 start compute primitive Sram_lifecycle.                                                                 | [36m9526 ns[0m
[INFO][0m[92m[PRIM][0m               Core 0 end compute primitive Sram_lifecycle.                                                                   | [36m9526 ns[0m
[INFO][0m[92m[PRIM][0m               Core 8 start compute primitive Matmul_f.                                                                       | [36m9528 ns[0m
[INFO][0m[92m[PRIM][0m               Core 8 end compute primitive Matmul_f.                                                                         | [36m9528 ns[0m
[INFO][0m[92m[PRIM][0m               Core 4 start compute primitive Sram_lifecycle.                                                                 | [36m9530 ns[0m
[INFO][0m[92m[PRIM][0m               Core 12 start compute primitive Sram_lifecycle.                                                                | [36m9530 ns[0m
[INFO][0m[92m[PRIM][0m               Core 12 end compute primitive Sram_lifecycle.                                                                  | [36m9530 ns[0m
[INFO][0m[92m[PRIM][0m               Core 4 end compute primitive Sram_lifecycle.                                                                   | [36m9530 ns[0m
[INFO][0m[92m[PRIM][0m               Core 0 start compute primitive Sram_lifecycle.                                                                 | [36m9532 ns[0m
[INFO][0m[92m[PRIM][0m               Core 0 end compute primitive Sram_lifecycle.                                                                   | [36m9532 ns[0m
[INFO][0m[92m[PRIM][0m               Core 8 start compute primitive Sram_lifecycle.                                                                 | [36m9534 ns[0m
[INFO][0m[92m[PRIM][0m               Core 8 end compute primitive Sram_lifecycle.                                                                   | [36m9534 ns[0m
[INFO][0m[92m[PRIM][0m               Core 4 start compute primitive Sram_lifecycle.                                                                 | [36m9536 ns[0m
[INFO][0m[92m[PRIM][0m               Core 12 start compute primitive Sram_lifecycle.                                                                | [36m9536 ns[0m
[INFO][0m[92m[PRIM][0m               Core 12 end compute primitive Sram_lifecycle.                                                                  | [36m9536 ns[0m
[INFO][0m[92m[PRIM][0m               Core 4 end compute primitive Sram_lifecycle.                                                                   | [36m9536 ns[0m
[INFO][0m[92m[PRIM][0m               Core 0 start compute primitive Sram_bind_oneshot.                                                              | [36m9538 ns[0m
[INFO][0m[92m[PRIM][0m               Core 0 end compute primitive Sram_bind_oneshot.                                                                | [36m9538 ns[0m
[INFO][0m[92m[PRIM][0m               Core 8 start compute primitive Sram_lifecycle.                                                                 | [36m9540 ns[0m
[INFO][0m[92m[PRIM][0m               Core 8 end compute primitive Sram_lifecycle.                                                                   | [36m9540 ns[0m
[INFO][0m[92m[PRIM][0m               Core 4 start compute primitive Sram_lifecycle.                                                                 | [36m9542 ns[0m
[INFO][0m[92m[PRIM][0m               Core 12 start compute primitive Sram_bind_oneshot.                                                             | [36m9542 ns[0m
[INFO][0m[92m[PRIM][0m               Core 12 end compute primitive Sram_bind_oneshot.                                                               | [36m9542 ns[0m
[INFO][0m[92m[PRIM][0m               Core 4 end compute primitive Sram_lifecycle.                                                                   | [36m9542 ns[0m
[INFO][0m[92m[PRIM][0m               Core 0 start compute primitive swiglu_forward.                                                                 | [36m9544 ns[0m
[INFO][0m[92m[PRIM][0m               Core 0 end compute primitive swiglu_forward.                                                                   | [36m9544 ns[0m
[INFO][0m[92m[PRIM][0m               Core 8 start compute primitive Sram_lifecycle.                                                                 | [36m9546 ns[0m
[INFO][0m[92m[PRIM][0m               Core 8 end compute primitive Sram_lifecycle.                                                                   | [36m9546 ns[0m
[INFO][0m[92m[PRIM][0m               Core 4 start compute primitive Sram_bind_oneshot.                                                              | [36m9548 ns[0m
[INFO][0m[92m[PRIM][0m               Core 12 start compute primitive Matmul_f.                                                                      | [36m9548 ns[0m
[INFO][0m[92m[PRIM][0m               Core 12 end compute primitive Matmul_f.                                                                        | [36m9548 ns[0m
[INFO][0m[92m[PRIM][0m               Core 4 end compute primitive Sram_bind_oneshot.                                                                | [36m9548 ns[0m
[INFO][0m[92m[PRIM][0m               Core 0 start compute primitive Sram_lifecycle.                                                                 | [36m9550 ns[0m
[INFO][0m[92m[PRIM][0m               Core 0 end compute primitive Sram_lifecycle.                                                                   | [36m9550 ns[0m
[INFO][0m[92m[PRIM][0m               Core 8 start compute primitive Sram_bind_oneshot.                                                              | [36m9552 ns[0m
[INFO][0m[92m[PRIM][0m               Core 8 end compute primitive Sram_bind_oneshot.                                                                | [36m9552 ns[0m
[INFO][0m[92m[PRIM][0m               Core 4 start compute primitive swiglu_forward.                                                                 | [36m9554 ns[0m
[INFO][0m[92m[PRIM][0m               Core 12 start compute primitive Sram_lifecycle.                                                                | [36m9554 ns[0m
[INFO][0m[92m[PRIM][0m               Core 12 end compute primitive Sram_lifecycle.                                                                  | [36m9554 ns[0m
[INFO][0m[92m[PRIM][0m               Core 4 end compute primitive swiglu_forward.                                                                   | [36m9554 ns[0m
[INFO][0m[92m[PRIM][0m               Core 0 start compute primitive Sram_lifecycle.                                                                 | [36m9556 ns[0m
[INFO][0m[92m[PRIM][0m               Core 0 end compute primitive Sram_lifecycle.                                                                   | [36m9556 ns[0m
[INFO][0m[92m[PRIM][0m               Core 8 start compute primitive swiglu_forward.                                                                 | [36m9558 ns[0m
[INFO][0m[92m[PRIM][0m               Core 8 end compute primitive swiglu_forward.                                                                   | [36m9558 ns[0m
[INFO][0m[92m[PRIM][0m               Core 4 start compute primitive Sram_lifecycle.                                                                 | [36m9560 ns[0m
[INFO][0m[92m[PRIM][0m               Core 12 start compute primitive Sram_lifecycle.                                                                | [36m9560 ns[0m
[INFO][0m[92m[PRIM][0m               Core 12 end compute primitive Sram_lifecycle.                                                                  | [36m9560 ns[0m
[INFO][0m[92m[PRIM][0m               Core 4 end compute primitive Sram_lifecycle.                                                                   | [36m9560 ns[0m
[INFO][0m[92m[PRIM][0m               Core 0 start compute primitive Sram_lifecycle.                                                                 | [36m9562 ns[0m
[INFO][0m[92m[PRIM][0m               Core 0 end compute primitive Sram_lifecycle.                                                                   | [36m9562 ns[0m
[INFO][0m[92m[PRIM][0m               Core 8 start compute primitive Sram_lifecycle.                                                                 | [36m9564 ns[0m
[INFO][0m[92m[PRIM][0m               Core 8 end compute primitive Sram_lifecycle.                                                                   | [36m9564 ns[0m
[INFO][0m[92m[PRIM][0m               Core 4 start compute primitive Sram_lifecycle.                                                                 | [36m9566 ns[0m
[INFO][0m[92m[PRIM][0m               Core 12 start compute primitive Sram_lifecycle.                                                                | [36m9566 ns[0m
[INFO][0m[92m[PRIM][0m               Core 12 end compute primitive Sram_lifecycle.                                                                  | [36m9566 ns[0m
[INFO][0m[92m[PRIM][0m               Core 4 end compute primitive Sram_lifecycle.                                                                   | [36m9566 ns[0m
[INFO][0m[92m[PRIM][0m               Core 0 start compute primitive Sram_lifecycle.                                                                 | [36m9568 ns[0m
[INFO][0m[92m[PRIM][0m               Core 0 end compute primitive Sram_lifecycle.                                                                   | [36m9568 ns[0m
[INFO][0m[92m[PRIM][0m               Core 8 start compute primitive Sram_lifecycle.                                                                 | [36m9570 ns[0m
[INFO][0m[92m[PRIM][0m               Core 8 end compute primitive Sram_lifecycle.                                                                   | [36m9570 ns[0m
[INFO][0m[92m[PRIM][0m               Core 4 start compute primitive Sram_lifecycle.                                                                 | [36m9572 ns[0m
[INFO][0m[92m[PRIM][0m               Core 12 start compute primitive Sram_bind_oneshot.                                                             | [36m9572 ns[0m
[INFO][0m[92m[PRIM][0m               Core 12 end compute primitive Sram_bind_oneshot.                                                               | [36m9572 ns[0m
[INFO][0m[92m[PRIM][0m               Core 4 end compute primitive Sram_lifecycle.                                                                   | [36m9572 ns[0m
[INFO][0m[92m[PRIM][0m               Core 0 start compute primitive Sram_lifecycle.                                                                 | [36m9574 ns[0m
[INFO][0m[92m[PRIM][0m               Core 0 end compute primitive Sram_lifecycle.                                                                   | [36m9574 ns[0m
[INFO][0m[92m[PRIM][0m               Core 8 start compute primitive Sram_lifecycle.                                                                 | [36m9576 ns[0m
[INFO][0m[92m[PRIM][0m               Core 8 end compute primitive Sram_lifecycle.                                                                   | [36m9576 ns[0m
[INFO][0m[92m[PRIM][0m               Core 4 start compute primitive Sram_lifecycle.                                                                 | [36m9578 ns[0m
[INFO][0m[92m[PRIM][0m               Core 12 start compute primitive swiglu_forward.                                                                | [36m9578 ns[0m
[INFO][0m[92m[PRIM][0m               Core 12 end compute primitive swiglu_forward.                                                                  | [36m9578 ns[0m
[INFO][0m[92m[PRIM][0m               Core 4 end compute primitive Sram_lifecycle.                                                                   | [36m9578 ns[0m
[INFO][0m[92m[PRIM][0m               Core 0 start compute primitive Sram_bind_oneshot.                                                              | [36m9580 ns[0m
[INFO][0m[92m[PRIM][0m               Core 0 end compute primitive Sram_bind_oneshot.                                                                | [36m9580 ns[0m
[INFO][0m[92m[PRIM][0m               Core 8 start compute primitive Sram_lifecycle.                                                                 | [36m9582 ns[0m
[INFO][0m[92m[PRIM][0m               Core 8 end compute primitive Sram_lifecycle.                                                                   | [36m9582 ns[0m
[INFO][0m[92m[PRIM][0m               Core 4 start compute primitive Sram_lifecycle.                                                                 | [36m9584 ns[0m
[INFO][0m[92m[PRIM][0m               Core 12 start compute primitive Sram_lifecycle.                                                                | [36m9584 ns[0m
[INFO][0m[92m[PRIM][0m               Core 12 end compute primitive Sram_lifecycle.                                                                  | [36m9584 ns[0m
[INFO][0m[92m[PRIM][0m               Core 4 end compute primitive Sram_lifecycle.                                                                   | [36m9584 ns[0m
[INFO][0m[92m[PRIM][0m               Core 0 start compute primitive Matmul_f.                                                                       | [36m9586 ns[0m
[INFO][0m[92m[PRIM][0m               Core 0 end compute primitive Matmul_f.                                                                         | [36m9586 ns[0m
[INFO][0m[92m[PRIM][0m               Core 8 start compute primitive Sram_lifecycle.                                                                 | [36m9588 ns[0m
[INFO][0m[92m[PRIM][0m               Core 8 end compute primitive Sram_lifecycle.                                                                   | [36m9588 ns[0m
[INFO][0m[92m[PRIM][0m               Core 4 start compute primitive Sram_bind_oneshot.                                                              | [36m9590 ns[0m
[INFO][0m[92m[PRIM][0m               Core 12 start compute primitive Sram_lifecycle.                                                                | [36m9590 ns[0m
[INFO][0m[92m[PRIM][0m               Core 12 end compute primitive Sram_lifecycle.                                                                  | [36m9590 ns[0m
[INFO][0m[92m[PRIM][0m               Core 4 end compute primitive Sram_bind_oneshot.                                                                | [36m9590 ns[0m
[INFO][0m[92m[PRIM][0m               Core 0 start compute primitive Sram_lifecycle.                                                                 | [36m9592 ns[0m
[INFO][0m[92m[PRIM][0m               Core 0 end compute primitive Sram_lifecycle.                                                                   | [36m9592 ns[0m
[INFO][0m[92m[PRIM][0m               Core 8 start compute primitive Sram_bind_oneshot.                                                              | [36m9594 ns[0m
[INFO][0m[92m[PRIM][0m               Core 8 end compute primitive Sram_bind_oneshot.                                                                | [36m9594 ns[0m
[INFO][0m[92m[PRIM][0m               Core 4 start compute primitive Matmul_f.                                                                       | [36m9596 ns[0m
[INFO][0m[92m[PRIM][0m               Core 12 start compute primitive Sram_lifecycle.                                                                | [36m9596 ns[0m
[INFO][0m[92m[PRIM][0m               Core 12 end compute primitive Sram_lifecycle.                                                                  | [36m9596 ns[0m
[INFO][0m[92m[PRIM][0m               Core 4 end compute primitive Matmul_f.                                                                         | [36m9596 ns[0m
[INFO][0m[92m[PRIM][0m               Core 0 start compute primitive Sram_lifecycle.                                                                 | [36m9598 ns[0m
[INFO][0m[92m[PRIM][0m               Core 0 end compute primitive Sram_lifecycle.                                                                   | [36m9598 ns[0m
[INFO][0m[92m[PRIM][0m               Core 8 start compute primitive Matmul_f.                                                                       | [36m9600 ns[0m
[INFO][0m[92m[PRIM][0m               Core 8 end compute primitive Matmul_f.                                                                         | [36m9600 ns[0m
[INFO][0m[92m[PRIM][0m               Core 4 start compute primitive Sram_lifecycle.                                                                 | [36m9602 ns[0m
[INFO][0m[92m[PRIM][0m               Core 12 start compute primitive Sram_lifecycle.                                                                | [36m9602 ns[0m
[INFO][0m[92m[PRIM][0m               Core 12 end compute primitive Sram_lifecycle.                                                                  | [36m9602 ns[0m
[INFO][0m[92m[PRIM][0m               Core 4 end compute primitive Sram_lifecycle.                                                                   | [36m9602 ns[0m
[INFO][0m[92m[PRIM][0m               Core 0 start compute primitive Sram_lifecycle.                                                                 | [36m9604 ns[0m
[INFO][0m[92m[PRIM][0m               Core 0 end compute primitive Sram_lifecycle.                                                                   | [36m9604 ns[0m
[INFO][0m[92m[PRIM][0m               Core 8 start compute primitive Sram_lifecycle.                                                                 | [36m9606 ns[0m
[INFO][0m[92m[PRIM][0m               Core 8 end compute primitive Sram_lifecycle.                                                                   | [36m9606 ns[0m
[INFO][0m[92m[PRIM][0m               Core 4 start compute primitive Sram_lifecycle.                                                                 | [36m9608 ns[0m
[INFO][0m[92m[PRIM][0m               Core 12 start compute primitive Sram_lifecycle.                                                                | [36m9608 ns[0m
[INFO][0m[92m[PRIM][0m               Core 12 end compute primitive Sram_lifecycle.                                                                  | [36m9608 ns[0m
[INFO][0m[92m[PRIM][0m               Core 4 end compute primitive Sram_lifecycle.                                                                   | [36m9608 ns[0m
[INFO][0m[92m[PRIM][0m               Core 8 start compute primitive Sram_lifecycle.                                                                 | [36m9612 ns[0m
[INFO][0m[92m[PRIM][0m               Core 8 end compute primitive Sram_lifecycle.                                                                   | [36m9612 ns[0m
[INFO][0m[92m[PRIM][0m               Core 12 start compute primitive Sram_bind_oneshot.                                                             | [36m9614 ns[0m
[INFO][0m[92m[PRIM][0m               Core 12 end compute primitive Sram_bind_oneshot.                                                               | [36m9614 ns[0m
[INFO][0m[92m[PRIM][0m               Core 12 start compute primitive Matmul_f.                                                                      | [36m9620 ns[0m
[INFO][0m[92m[PRIM][0m               Core 12 end compute primitive Matmul_f.                                                                        | [36m9620 ns[0m
[INFO][0m[92m[PRIM][0m               Core 12 start compute primitive Sram_lifecycle.                                                                | [36m9626 ns[0m
[INFO][0m[92m[PRIM][0m               Core 12 end compute primitive Sram_lifecycle.                                                                  | [36m9626 ns[0m
[INFO][0m[92m[PRIM][0m               Core 12 start compute primitive Sram_lifecycle.                                                                | [36m9632 ns[0m
[INFO][0m[92m[PRIM][0m               Core 12 end compute primitive Sram_lifecycle.                                                                  | [36m9632 ns[0m
[INFO][0m[92m[PRIM][0m               Core 4 start compute primitive Sram_lifecycle.                                                                 | [36m9678 ns[0m
[INFO][0m[92m[PRIM][0m               Core 4 end compute primitive Sram_lifecycle.                                                                   | [36m9678 ns[0m
[INFO][0m[92m[PRIM][0m               Core 8 start compute primitive Sram_lifecycle.                                                                 | [36m9682 ns[0m
[INFO][0m[92m[PRIM][0m               Core 8 end compute primitive Sram_lifecycle.                                                                   | [36m9682 ns[0m
[INFO][0m[92m[PRIM][0m               Core 4 start compute primitive Sram_lifecycle.                                                                 | [36m9684 ns[0m
[INFO][0m[92m[PRIM][0m               Core 4 end compute primitive Sram_lifecycle.                                                                   | [36m9684 ns[0m
[INFO][0m[92m[PRIM][0m               Core 8 start compute primitive Sram_lifecycle.                                                                 | [36m9688 ns[0m
[INFO][0m[92m[PRIM][0m               Core 8 end compute primitive Sram_lifecycle.                                                                   | [36m9688 ns[0m
[INFO][0m[92m[PRIM][0m               Core 4 start compute primitive Sram_lifecycle.                                                                 | [36m9690 ns[0m
[INFO][0m[92m[PRIM][0m               Core 4 end compute primitive Sram_lifecycle.                                                                   | [36m9690 ns[0m
[INFO][0m[92m[PRIM][0m               Core 8 start compute primitive Sram_lifecycle.                                                                 | [36m9694 ns[0m
[INFO][0m[92m[PRIM][0m               Core 8 end compute primitive Sram_lifecycle.                                                                   | [36m9694 ns[0m
[INFO][0m[92m[PRIM][0m               Core 4 start compute primitive Sram_lifecycle.                                                                 | [36m9696 ns[0m
[INFO][0m[92m[PRIM][0m               Core 4 end compute primitive Sram_lifecycle.                                                                   | [36m9696 ns[0m
[INFO][0m[92m[PRIM][0m               Core 8 start compute primitive Sram_lifecycle.                                                                 | [36m9700 ns[0m
[INFO][0m[92m[PRIM][0m               Core 8 end compute primitive Sram_lifecycle.                                                                   | [36m9700 ns[0m
[INFO][0m[92m[PRIM][0m               Core 4 start compute primitive Sram_bind_oneshot.                                                              | [36m9702 ns[0m
[INFO][0m[92m[PRIM][0m               Core 4 end compute primitive Sram_bind_oneshot.                                                                | [36m9702 ns[0m
[INFO][0m[92m[PRIM][0m               Core 8 start compute primitive Sram_bind_oneshot.                                                              | [36m9706 ns[0m
[INFO][0m[92m[PRIM][0m               Core 8 end compute primitive Sram_bind_oneshot.                                                                | [36m9706 ns[0m
[INFO][0m[92m[PRIM][0m               Core 4 start compute primitive Matmul_f.                                                                       | [36m9708 ns[0m
[INFO][0m[92m[PRIM][0m               Core 4 end compute primitive Matmul_f.                                                                         | [36m9708 ns[0m
[INFO][0m[92m[PRIM][0m               Core 8 start compute primitive Matmul_f.                                                                       | [36m9712 ns[0m
[INFO][0m[92m[PRIM][0m               Core 8 end compute primitive Matmul_f.                                                                         | [36m9712 ns[0m
[INFO][0m[92m[PRIM][0m               Core 4 start compute primitive Sram_lifecycle.                                                                 | [36m9714 ns[0m
[INFO][0m[92m[PRIM][0m               Core 4 end compute primitive Sram_lifecycle.                                                                   | [36m9714 ns[0m
[INFO][0m[92m[PRIM][0m               Core 8 start compute primitive Sram_lifecycle.                                                                 | [36m9718 ns[0m
[INFO][0m[92m[PRIM][0m               Core 0 start compute primitive Sram_lifecycle.                                                                 | [36m9718 ns[0m
[INFO][0m[92m[PRIM][0m               Core 0 end compute primitive Sram_lifecycle.                                                                   | [36m9718 ns[0m
[INFO][0m[92m[PRIM][0m               Core 8 end compute primitive Sram_lifecycle.                                                                   | [36m9718 ns[0m
[INFO][0m[92m[PRIM][0m               Core 4 start compute primitive Sram_lifecycle.                                                                 | [36m9720 ns[0m
[INFO][0m[92m[PRIM][0m               Core 4 end compute primitive Sram_lifecycle.                                                                   | [36m9720 ns[0m
[INFO][0m[92m[PRIM][0m               Core 8 start compute primitive Sram_lifecycle.                                                                 | [36m9724 ns[0m
[INFO][0m[92m[PRIM][0m               Core 8 end compute primitive Sram_lifecycle.                                                                   | [36m9724 ns[0m
[INFO][0m[92m[PRIM][0m               Core 4 start compute primitive Sram_lifecycle.                                                                 | [36m9726 ns[0m
[INFO][0m[92m[PRIM][0m               Core 4 end compute primitive Sram_lifecycle.                                                                   | [36m9726 ns[0m
[INFO][0m[92m[PRIM][0m               Core 12 start compute primitive Sram_lifecycle.                                                                | [36m9734 ns[0m
[INFO][0m[92m[PRIM][0m               Core 12 end compute primitive Sram_lifecycle.                                                                  | [36m9734 ns[0m
[INFO][0m[92m[PRIM][0m               Core 12 start compute primitive Sram_lifecycle.                                                                | [36m9740 ns[0m
[INFO][0m[92m[PRIM][0m               Core 12 end compute primitive Sram_lifecycle.                                                                  | [36m9740 ns[0m
[INFO][0m[92m[PRIM][0m               Core 12 start compute primitive Sram_lifecycle.                                                                | [36m9746 ns[0m
[INFO][0m[92m[PRIM][0m               Core 12 end compute primitive Sram_lifecycle.                                                                  | [36m9746 ns[0m
[INFO][0m[92m[PRIM][0m               Core 0 start compute primitive Sram_lifecycle.                                                                 | [36m9748 ns[0m
[INFO][0m[92m[PRIM][0m               Core 0 end compute primitive Sram_lifecycle.                                                                   | [36m9748 ns[0m
[INFO][0m[92m[PRIM][0m               Core 12 start compute primitive Sram_lifecycle.                                                                | [36m9752 ns[0m
[INFO][0m[92m[PRIM][0m               Core 12 end compute primitive Sram_lifecycle.                                                                  | [36m9752 ns[0m
[INFO][0m[92m[PRIM][0m               Core 12 start compute primitive Sram_bind_oneshot.                                                             | [36m9758 ns[0m
[INFO][0m[92m[PRIM][0m               Core 12 end compute primitive Sram_bind_oneshot.                                                               | [36m9758 ns[0m
[INFO][0m[92m[PRIM][0m               Core 12 start compute primitive Matmul_f.                                                                      | [36m9764 ns[0m
[INFO][0m[92m[PRIM][0m               Core 12 end compute primitive Matmul_f.                                                                        | [36m9764 ns[0m
[INFO][0m[92m[PRIM][0m               Core 12 start compute primitive Sram_lifecycle.                                                                | [36m9770 ns[0m
[INFO][0m[92m[PRIM][0m               Core 12 end compute primitive Sram_lifecycle.                                                                  | [36m9770 ns[0m
[INFO][0m[92m[PRIM][0m               Core 12 start compute primitive Sram_lifecycle.                                                                | [36m9776 ns[0m
[INFO][0m[92m[PRIM][0m               Core 12 end compute primitive Sram_lifecycle.                                                                  | [36m9776 ns[0m
[INFO][0m[92m[PRIM][0m               Core 0 start compute primitive Sram_lifecycle.                                                                 | [36m9794 ns[0m
[INFO][0m[92m[PRIM][0m               Core 0 end compute primitive Sram_lifecycle.                                                                   | [36m9794 ns[0m
[INFO][0m[92m[PRIM][0m               Core 0 start compute primitive Collective_data_v1_prim.                                                        | [36m9800 ns[0m
[INFO][0m[92m[PRIM][0m               Core 8 start compute primitive Sram_lifecycle.                                                                 | [36m9826 ns[0m
[INFO][0m[92m[PRIM][0m               Core 8 end compute primitive Sram_lifecycle.                                                                   | [36m9826 ns[0m
[INFO][0m[92m[PRIM][0m               Core 0 end compute primitive Collective_data_v1_prim.                                                          | [36m9830 ns[0m
[INFO][0m[92m[PRIM][0m               Core 8 start compute primitive Sram_lifecycle.                                                                 | [36m9832 ns[0m
[INFO][0m[92m[PRIM][0m               Core 8 end compute primitive Sram_lifecycle.                                                                   | [36m9832 ns[0m
[INFO][0m[92m[PRIM][0m               Core 0 start compute primitive Sram_lifecycle.                                                                 | [36m9836 ns[0m
[INFO][0m[92m[PRIM][0m               Core 0 end compute primitive Sram_lifecycle.                                                                   | [36m9836 ns[0m
[INFO][0m[92m[PRIM][0m               Core 8 start compute primitive Sram_lifecycle.                                                                 | [36m9838 ns[0m
[INFO][0m[92m[PRIM][0m               Core 8 end compute primitive Sram_lifecycle.                                                                   | [36m9838 ns[0m
[INFO][0m[92m[PRIM][0m               Core 0 start compute primitive Sram_lifecycle.                                                                 | [36m9842 ns[0m
[INFO][0m[92m[PRIM][0m               Core 0 end compute primitive Sram_lifecycle.                                                                   | [36m9842 ns[0m
[INFO][0m[92m[PRIM][0m               Core 8 start compute primitive Sram_lifecycle.                                                                 | [36m9844 ns[0m
[INFO][0m[92m[PRIM][0m               Core 8 end compute primitive Sram_lifecycle.                                                                   | [36m9844 ns[0m
[INFO][0m[92m[PRIM][0m               Core 0 start compute primitive Sram_lifecycle.                                                                 | [36m9848 ns[0m
[INFO][0m[92m[PRIM][0m               Core 0 end compute primitive Sram_lifecycle.                                                                   | [36m9848 ns[0m
[INFO][0m[92m[PRIM][0m               Core 8 start compute primitive Sram_bind_oneshot.                                                              | [36m9850 ns[0m
[INFO][0m[92m[PRIM][0m               Core 12 start compute primitive Sram_lifecycle.                                                                | [36m9850 ns[0m
[INFO][0m[92m[PRIM][0m               Core 12 end compute primitive Sram_lifecycle.                                                                  | [36m9850 ns[0m
[INFO][0m[92m[PRIM][0m               Core 8 end compute primitive Sram_bind_oneshot.                                                                | [36m9850 ns[0m
[INFO][0m[92m[PRIM][0m               Core 0 start compute primitive Sram_lifecycle.                                                                 | [36m9854 ns[0m
[INFO][0m[92m[PRIM][0m               Core 0 end compute primitive Sram_lifecycle.                                                                   | [36m9854 ns[0m
[INFO][0m[92m[PRIM][0m               Core 8 start compute primitive Matmul_f.                                                                       | [36m9856 ns[0m
[INFO][0m[92m[PRIM][0m               Core 12 start compute primitive Sram_lifecycle.                                                                | [36m9856 ns[0m
[INFO][0m[92m[PRIM][0m               Core 12 end compute primitive Sram_lifecycle.                                                                  | [36m9856 ns[0m
[INFO][0m[92m[PRIM][0m               Core 8 end compute primitive Matmul_f.                                                                         | [36m9856 ns[0m
[INFO][0m[92m[PRIM][0m               Core 0 start compute primitive Sram_lifecycle.                                                                 | [36m9860 ns[0m
[INFO][0m[92m[PRIM][0m               Core 0 end compute primitive Sram_lifecycle.                                                                   | [36m9860 ns[0m
[INFO][0m[92m[PRIM][0m               Core 8 start compute primitive Sram_lifecycle.                                                                 | [36m9862 ns[0m
[INFO][0m[92m[PRIM][0m               Core 12 start compute primitive Sram_lifecycle.                                                                | [36m9862 ns[0m
[INFO][0m[92m[PRIM][0m               Core 12 end compute primitive Sram_lifecycle.                                                                  | [36m9862 ns[0m
[INFO][0m[92m[PRIM][0m               Core 8 end compute primitive Sram_lifecycle.                                                                   | [36m9862 ns[0m
[INFO][0m[92m[PRIM][0m               Core 0 start compute primitive Sram_lifecycle.                                                                 | [36m9866 ns[0m
[INFO][0m[92m[PRIM][0m               Core 0 end compute primitive Sram_lifecycle.                                                                   | [36m9866 ns[0m
[INFO][0m[92m[PRIM][0m               Core 8 start compute primitive Sram_lifecycle.                                                                 | [36m9868 ns[0m
[INFO][0m[92m[PRIM][0m               Core 12 start compute primitive Sram_lifecycle.                                                                | [36m9868 ns[0m
[INFO][0m[92m[PRIM][0m               Core 12 end compute primitive Sram_lifecycle.                                                                  | [36m9868 ns[0m
[INFO][0m[92m[PRIM][0m               Core 8 end compute primitive Sram_lifecycle.                                                                   | [36m9868 ns[0m
[INFO][0m[92m[PRIM][0m               Core 0 start compute primitive Sram_lifecycle.                                                                 | [36m9872 ns[0m
[INFO][0m[92m[PRIM][0m               Core 0 end compute primitive Sram_lifecycle.                                                                   | [36m9872 ns[0m
[INFO][0m[92m[PRIM][0m               Core 8 start compute primitive Sram_lifecycle.                                                                 | [36m9874 ns[0m
[INFO][0m[92m[PRIM][0m               Core 12 start compute primitive Sram_bind_oneshot.                                                             | [36m9874 ns[0m
[INFO][0m[92m[PRIM][0m               Core 12 end compute primitive Sram_bind_oneshot.                                                               | [36m9874 ns[0m
[INFO][0m[92m[PRIM][0m               Core 8 end compute primitive Sram_lifecycle.                                                                   | [36m9874 ns[0m
[INFO][0m[92m[PRIM][0m               Core 0 start compute primitive Sram_bind_oneshot.                                                              | [36m9878 ns[0m
[INFO][0m[92m[PRIM][0m               Core 0 end compute primitive Sram_bind_oneshot.                                                                | [36m9878 ns[0m
[INFO][0m[92m[PRIM][0m               Core 12 start compute primitive Matmul_f.                                                                      | [36m9880 ns[0m
[INFO][0m[92m[PRIM][0m               Core 12 end compute primitive Matmul_f.                                                                        | [36m9880 ns[0m
[INFO][0m[92m[PRIM][0m               Core 0 start compute primitive Matmul_f.                                                                       | [36m9884 ns[0m
[INFO][0m[92m[PRIM][0m               Core 0 end compute primitive Matmul_f.                                                                         | [36m9884 ns[0m
[INFO][0m[92m[PRIM][0m               Core 12 start compute primitive Sram_lifecycle.                                                                | [36m9886 ns[0m
[INFO][0m[92m[PRIM][0m               Core 12 end compute primitive Sram_lifecycle.                                                                  | [36m9886 ns[0m
[INFO][0m[92m[PRIM][0m               Core 0 start compute primitive Sram_lifecycle.                                                                 | [36m9890 ns[0m
[INFO][0m[92m[PRIM][0m               Core 0 end compute primitive Sram_lifecycle.                                                                   | [36m9890 ns[0m
[INFO][0m[92m[PRIM][0m               Core 12 start compute primitive Sram_lifecycle.                                                                | [36m9892 ns[0m
[INFO][0m[92m[PRIM][0m               Core 12 end compute primitive Sram_lifecycle.                                                                  | [36m9892 ns[0m
[INFO][0m[92m[PRIM][0m               Core 0 start compute primitive Sram_lifecycle.                                                                 | [36m9896 ns[0m
[INFO][0m[92m[PRIM][0m               Core 0 end compute primitive Sram_lifecycle.                                                                   | [36m9896 ns[0m
[INFO][0m[92m[PRIM][0m               Core 12 start compute primitive Sram_lifecycle.                                                                | [36m9962 ns[0m
[INFO][0m[92m[PRIM][0m               Core 12 end compute primitive Sram_lifecycle.                                                                  | [36m9962 ns[0m
[INFO][0m[92m[PRIM][0m               Core 0 start compute primitive Sram_lifecycle.                                                                 | [36m9966 ns[0m
[INFO][0m[92m[PRIM][0m               Core 0 end compute primitive Sram_lifecycle.                                                                   | [36m9966 ns[0m
[INFO][0m[92m[PRIM][0m               Core 12 start compute primitive Sram_lifecycle.                                                                | [36m9968 ns[0m
[INFO][0m[92m[PRIM][0m               Core 12 end compute primitive Sram_lifecycle.                                                                  | [36m9968 ns[0m
[INFO][0m[92m[PRIM][0m               Core 0 start compute primitive Sram_lifecycle.                                                                 | [36m9972 ns[0m
[INFO][0m[92m[PRIM][0m               Core 0 end compute primitive Sram_lifecycle.                                                                   | [36m9972 ns[0m
[INFO][0m[92m[PRIM][0m               Core 12 start compute primitive Sram_lifecycle.                                                                | [36m9974 ns[0m
[INFO][0m[92m[PRIM][0m               Core 12 end compute primitive Sram_lifecycle.                                                                  | [36m9974 ns[0m
[INFO][0m[92m[PRIM][0m               Core 0 start compute primitive Sram_lifecycle.                                                                 | [36m9978 ns[0m
[INFO][0m[92m[PRIM][0m               Core 0 end compute primitive Sram_lifecycle.                                                                   | [36m9978 ns[0m
[INFO][0m[92m[PRIM][0m               Core 12 start compute primitive Sram_lifecycle.                                                                | [36m9980 ns[0m
[INFO][0m[92m[PRIM][0m               Core 12 end compute primitive Sram_lifecycle.                                                                  | [36m9980 ns[0m
[INFO][0m[92m[PRIM][0m               Core 0 start compute primitive Sram_lifecycle.                                                                 | [36m9984 ns[0m
[INFO][0m[92m[PRIM][0m               Core 0 end compute primitive Sram_lifecycle.                                                                   | [36m9984 ns[0m
[INFO][0m[92m[PRIM][0m               Core 12 start compute primitive Sram_bind_oneshot.                                                             | [36m9986 ns[0m
[INFO][0m[92m[PRIM][0m               Core 12 end compute primitive Sram_bind_oneshot.                                                               | [36m9986 ns[0m
[INFO][0m[92m[PRIM][0m               Core 0 start compute primitive Sram_bind_oneshot.                                                              | [36m9990 ns[0m
[INFO][0m[92m[PRIM][0m               Core 0 end compute primitive Sram_bind_oneshot.                                                                | [36m9990 ns[0m
[INFO][0m[92m[PRIM][0m               Core 12 start compute primitive Matmul_f.                                                                      | [36m9992 ns[0m
[INFO][0m[92m[PRIM][0m               Core 12 end compute primitive Matmul_f.                                                                        | [36m9992 ns[0m
[INFO][0m[92m[PRIM][0m               Core 0 start compute primitive Matmul_f.                                                                       | [36m9996 ns[0m
[INFO][0m[92m[PRIM][0m               Core 0 end compute primitive Matmul_f.                                                                         | [36m9996 ns[0m
[INFO][0m[92m[PRIM][0m               Core 12 start compute primitive Sram_lifecycle.                                                                | [36m9998 ns[0m
[INFO][0m[92m[PRIM][0m               Core 12 end compute primitive Sram_lifecycle.                                                                  | [36m9998 ns[0m
[INFO][0m[92m[PRIM][0m               Core 0 start compute primitive Sram_lifecycle.                                                                 | [36m10002 ns[0m
[INFO][0m[92m[PRIM][0m               Core 0 end compute primitive Sram_lifecycle.                                                                   | [36m10002 ns[0m
[INFO][0m[92m[PRIM][0m               Core 12 start compute primitive Sram_lifecycle.                                                                | [36m10004 ns[0m
[INFO][0m[92m[PRIM][0m               Core 12 end compute primitive Sram_lifecycle.                                                                  | [36m10004 ns[0m
[INFO][0m[92m[PRIM][0m               Core 4 start compute primitive Sram_lifecycle.                                                                 | [36m10006 ns[0m
[INFO][0m[92m[PRIM][0m               Core 4 end compute primitive Sram_lifecycle.                                                                   | [36m10006 ns[0m
[INFO][0m[92m[PRIM][0m               Core 0 start compute primitive Sram_lifecycle.                                                                 | [36m10008 ns[0m
[INFO][0m[92m[PRIM][0m               Core 0 end compute primitive Sram_lifecycle.                                                                   | [36m10008 ns[0m
[INFO][0m[92m[PRIM][0m               Core 12 start compute primitive Sram_lifecycle.                                                                | [36m10010 ns[0m
[INFO][0m[92m[PRIM][0m               Core 12 end compute primitive Sram_lifecycle.                                                                  | [36m10010 ns[0m
[INFO][0m[92m[PRIM][0m               Core 4 start compute primitive Sram_lifecycle.                                                                 | [36m10030 ns[0m
[INFO][0m[92m[PRIM][0m               Core 4 end compute primitive Sram_lifecycle.                                                                   | [36m10030 ns[0m
[INFO][0m[92m[PRIM][0m               Core 4 start compute primitive Sram_lifecycle.                                                                 | [36m10054 ns[0m
[INFO][0m[92m[PRIM][0m               Core 4 end compute primitive Sram_lifecycle.                                                                   | [36m10054 ns[0m
[INFO][0m[92m[PRIM][0m               Core 4 start compute primitive Collective_data_v1_prim.                                                        | [36m10060 ns[0m
[INFO][0m[92m[PRIM][0m               Core 0 start compute primitive Sram_lifecycle.                                                                 | [36m10078 ns[0m
[INFO][0m[92m[PRIM][0m               Core 0 end compute primitive Sram_lifecycle.                                                                   | [36m10078 ns[0m
[INFO][0m[92m[PRIM][0m               Core 0 start compute primitive Sram_lifecycle.                                                                 | [36m10084 ns[0m
[INFO][0m[92m[PRIM][0m               Core 0 end compute primitive Sram_lifecycle.                                                                   | [36m10084 ns[0m
[INFO][0m[92m[PRIM][0m               Core 4 end compute primitive Collective_data_v1_prim.                                                          | [36m10090 ns[0m
[INFO][0m[92m[PRIM][0m               Core 0 start compute primitive Sram_lifecycle.                                                                 | [36m10090 ns[0m
[INFO][0m[92m[PRIM][0m               Core 0 end compute primitive Sram_lifecycle.                                                                   | [36m10090 ns[0m
[INFO][0m[92m[PRIM][0m               Core 0 start compute primitive Sram_lifecycle.                                                                 | [36m10096 ns[0m
[INFO][0m[92m[PRIM][0m               Core 4 start compute primitive Sram_lifecycle.                                                                 | [36m10096 ns[0m
[INFO][0m[92m[PRIM][0m               Core 4 end compute primitive Sram_lifecycle.                                                                   | [36m10096 ns[0m
[INFO][0m[92m[PRIM][0m               Core 0 end compute primitive Sram_lifecycle.                                                                   | [36m10096 ns[0m
[INFO][0m[92m[PRIM][0m               Core 0 start compute primitive Sram_bind_oneshot.                                                              | [36m10102 ns[0m
[INFO][0m[92m[PRIM][0m               Core 4 start compute primitive Sram_lifecycle.                                                                 | [36m10102 ns[0m
[INFO][0m[92m[PRIM][0m               Core 4 end compute primitive Sram_lifecycle.                                                                   | [36m10102 ns[0m
[INFO][0m[92m[PRIM][0m               Core 0 end compute primitive Sram_bind_oneshot.                                                                | [36m10102 ns[0m
[INFO][0m[92m[PRIM][0m               Core 0 start compute primitive Matmul_f.                                                                       | [36m10108 ns[0m
[INFO][0m[92m[PRIM][0m               Core 4 start compute primitive Sram_lifecycle.                                                                 | [36m10108 ns[0m
[INFO][0m[92m[PRIM][0m               Core 4 end compute primitive Sram_lifecycle.                                                                   | [36m10108 ns[0m
[INFO][0m[92m[PRIM][0m               Core 0 end compute primitive Matmul_f.                                                                         | [36m10108 ns[0m
[INFO][0m[92m[PRIM][0m               Core 0 start compute primitive Sram_lifecycle.                                                                 | [36m10114 ns[0m
[INFO][0m[92m[PRIM][0m               Core 4 start compute primitive Sram_lifecycle.                                                                 | [36m10114 ns[0m
[INFO][0m[92m[PRIM][0m               Core 4 end compute primitive Sram_lifecycle.                                                                   | [36m10114 ns[0m
[INFO][0m[92m[PRIM][0m               Core 0 end compute primitive Sram_lifecycle.                                                                   | [36m10114 ns[0m
[INFO][0m[92m[PRIM][0m               Core 8 start compute primitive Sram_lifecycle.                                                                 | [36m10118 ns[0m
[INFO][0m[92m[PRIM][0m               Core 8 end compute primitive Sram_lifecycle.                                                                   | [36m10118 ns[0m
[INFO][0m[92m[PRIM][0m               Core 0 start compute primitive Sram_lifecycle.                                                                 | [36m10120 ns[0m
[INFO][0m[92m[PRIM][0m               Core 4 start compute primitive Sram_lifecycle.                                                                 | [36m10120 ns[0m
[INFO][0m[92m[PRIM][0m               Core 4 end compute primitive Sram_lifecycle.                                                                   | [36m10120 ns[0m
[INFO][0m[92m[PRIM][0m               Core 0 end compute primitive Sram_lifecycle.                                                                   | [36m10120 ns[0m
[INFO][0m[92m[PRIM][0m               Core 4 start compute primitive Sram_lifecycle.                                                                 | [36m10126 ns[0m
[INFO][0m[92m[PRIM][0m               Core 4 end compute primitive Sram_lifecycle.                                                                   | [36m10126 ns[0m
[INFO][0m[92m[PRIM][0m               Core 4 start compute primitive Sram_lifecycle.                                                                 | [36m10132 ns[0m
[INFO][0m[92m[PRIM][0m               Core 4 end compute primitive Sram_lifecycle.                                                                   | [36m10132 ns[0m
[INFO][0m[92m[PRIM][0m               Core 4 start compute primitive Sram_bind_oneshot.                                                              | [36m10138 ns[0m
[INFO][0m[92m[PRIM][0m               Core 4 end compute primitive Sram_bind_oneshot.                                                                | [36m10138 ns[0m
[INFO][0m[92m[PRIM][0m               Core 4 start compute primitive Matmul_f.                                                                       | [36m10144 ns[0m
[INFO][0m[92m[PRIM][0m               Core 4 end compute primitive Matmul_f.                                                                         | [36m10144 ns[0m
[INFO][0m[92m[PRIM][0m               Core 4 start compute primitive Sram_lifecycle.                                                                 | [36m10150 ns[0m
[INFO][0m[92m[PRIM][0m               Core 4 end compute primitive Sram_lifecycle.                                                                   | [36m10150 ns[0m
[INFO][0m[92m[PRIM][0m               Core 4 start compute primitive Sram_lifecycle.                                                                 | [36m10156 ns[0m
[INFO][0m[92m[PRIM][0m               Core 4 end compute primitive Sram_lifecycle.                                                                   | [36m10156 ns[0m
[INFO][0m[92m[PRIM][0m               Core 0 start compute primitive Sram_lifecycle.                                                                 | [36m10222 ns[0m
[INFO][0m[92m[PRIM][0m               Core 0 end compute primitive Sram_lifecycle.                                                                   | [36m10222 ns[0m
[INFO][0m[92m[PRIM][0m               Core 0 start compute primitive Sram_lifecycle.                                                                 | [36m10228 ns[0m
[INFO][0m[92m[PRIM][0m               Core 0 end compute primitive Sram_lifecycle.                                                                   | [36m10228 ns[0m
[INFO][0m[92m[PRIM][0m               Core 0 start compute primitive Sram_bind_oneshot.                                                              | [36m10234 ns[0m
[INFO][0m[92m[PRIM][0m               Core 0 end compute primitive Sram_bind_oneshot.                                                                | [36m10234 ns[0m
[INFO][0m[92m[PRIM][0m               Core 0 start compute primitive Residual_f.                                                                     | [36m10240 ns[0m
[INFO][0m[92m[PRIM][0m               Core 0 end compute primitive Residual_f.                                                                       | [36m10240 ns[0m
[INFO][0m[92m[PRIM][0m               Core 0 start compute primitive Sram_lifecycle.                                                                 | [36m10246 ns[0m
[INFO][0m[92m[PRIM][0m               Core 0 end compute primitive Sram_lifecycle.                                                                   | [36m10246 ns[0m
[INFO][0m[92m[PRIM][0m               Core 0 start compute primitive Sram_lifecycle.                                                                 | [36m10252 ns[0m
[INFO][0m[92m[PRIM][0m               Core 0 end compute primitive Sram_lifecycle.                                                                   | [36m10252 ns[0m
[INFO][0m[92m[PRIM][0m               Core 0 start compute primitive Sram_lifecycle.                                                                 | [36m10258 ns[0m
[INFO][0m[92m[PRIM][0m               Core 4 start compute primitive Sram_lifecycle.                                                                 | [36m10258 ns[0m
[INFO][0m[92m[PRIM][0m               Core 4 end compute primitive Sram_lifecycle.                                                                   | [36m10258 ns[0m
[INFO][0m[92m[PRIM][0m               Core 0 end compute primitive Sram_lifecycle.                                                                   | [36m10258 ns[0m
[INFO][0m[92m[PRIM][0m               Core 4 start compute primitive Sram_lifecycle.                                                                 | [36m10264 ns[0m
[INFO][0m[92m[PRIM][0m               Core 4 end compute primitive Sram_lifecycle.                                                                   | [36m10264 ns[0m
[INFO][0m[92m[PRIM][0m               Core 4 start compute primitive Sram_lifecycle.                                                                 | [36m10270 ns[0m
[INFO][0m[92m[PRIM][0m               Core 4 end compute primitive Sram_lifecycle.                                                                   | [36m10270 ns[0m
[INFO][0m[92m[PRIM][0m               Core 4 start compute primitive Sram_lifecycle.                                                                 | [36m10276 ns[0m
[INFO][0m[92m[PRIM][0m               Core 4 end compute primitive Sram_lifecycle.                                                                   | [36m10276 ns[0m
[INFO][0m[92m[PRIM][0m               Core 4 start compute primitive Sram_bind_oneshot.                                                              | [36m10282 ns[0m
[INFO][0m[92m[PRIM][0m               Core 12 start compute primitive Sram_lifecycle.                                                                | [36m10282 ns[0m
[INFO][0m[92m[PRIM][0m               Core 12 end compute primitive Sram_lifecycle.                                                                  | [36m10282 ns[0m
[INFO][0m[92m[PRIM][0m               Core 4 end compute primitive Sram_bind_oneshot.                                                                | [36m10282 ns[0m
[INFO][0m[92m[PRIM][0m               Core 4 start compute primitive Matmul_f.                                                                       | [36m10288 ns[0m
[INFO][0m[92m[PRIM][0m               Core 4 end compute primitive Matmul_f.                                                                         | [36m10288 ns[0m
[INFO][0m[92m[PRIM][0m               Core 4 start compute primitive Sram_lifecycle.                                                                 | [36m10294 ns[0m
[INFO][0m[92m[PRIM][0m               Core 4 end compute primitive Sram_lifecycle.                                                                   | [36m10294 ns[0m
[INFO][0m[92m[PRIM][0m               Core 4 start compute primitive Sram_lifecycle.                                                                 | [36m10300 ns[0m
[INFO][0m[92m[PRIM][0m               Core 4 end compute primitive Sram_lifecycle.                                                                   | [36m10300 ns[0m
[INFO][0m[92m[PRIM][0m               Core 0 start send primitive SEND_DONE.                                                                         | [36m10314 ns[0m
[INFO][0m[92m[PRIM][0m               Core 0 end send primitive SEND_DONE.                                                                           | [36m10318 ns[0m
[INFO][0m[92m[PRIM][0m               Core 8 start compute primitive Sram_lifecycle.                                                                 | [36m10318 ns[0m
[INFO][0m[92m[PRIM][0m               Core 8 end compute primitive Sram_lifecycle.                                                                   | [36m10318 ns[0m
[INFO][0m[92m[PRIM][0m               Core 0 start receive primitive RECV_START.                                                                     | [36m10324 ns[0m
[INFO][0m[92m[MEM_INTF][0m           End DONE reception.                                                                                            | [36m10324 ns[0m
[INFO][0m[92m[PRIM][0m               Core 8 start compute primitive Sram_lifecycle.                                                                 | [36m10342 ns[0m
[INFO][0m[92m[PRIM][0m               Core 8 end compute primitive Sram_lifecycle.                                                                   | [36m10342 ns[0m
[INFO][0m[92m[PRIM][0m               Core 8 start compute primitive Collective_data_v1_prim.                                                        | [36m10348 ns[0m
[INFO][0m[92m[PRIM][0m               Core 4 start compute primitive Sram_lifecycle.                                                                 | [36m10370 ns[0m
[INFO][0m[92m[PRIM][0m               Core 4 end compute primitive Sram_lifecycle.                                                                   | [36m10370 ns[0m
[INFO][0m[92m[PRIM][0m               Core 4 start compute primitive Sram_lifecycle.                                                                 | [36m10376 ns[0m
[INFO][0m[92m[PRIM][0m               Core 4 end compute primitive Sram_lifecycle.                                                                   | [36m10376 ns[0m
[INFO][0m[92m[PRIM][0m               Core 8 end compute primitive Collective_data_v1_prim.                                                          | [36m10378 ns[0m
[INFO][0m[92m[PRIM][0m               Core 4 start compute primitive Sram_bind_oneshot.                                                              | [36m10382 ns[0m
[INFO][0m[92m[PRIM][0m               Core 4 end compute primitive Sram_bind_oneshot.                                                                | [36m10382 ns[0m
[INFO][0m[92m[PRIM][0m               Core 8 start compute primitive Sram_lifecycle.                                                                 | [36m10384 ns[0m
[INFO][0m[92m[PRIM][0m               Core 8 end compute primitive Sram_lifecycle.                                                                   | [36m10384 ns[0m
[INFO][0m[92m[PRIM][0m               Core 4 start compute primitive Residual_f.                                                                     | [36m10388 ns[0m
[INFO][0m[92m[PRIM][0m               Core 4 end compute primitive Residual_f.                                                                       | [36m10388 ns[0m
[INFO][0m[92m[PRIM][0m               Core 8 start compute primitive Sram_lifecycle.                                                                 | [36m10390 ns[0m
[INFO][0m[92m[PRIM][0m               Core 8 end compute primitive Sram_lifecycle.                                                                   | [36m10390 ns[0m
[INFO][0m[92m[PRIM][0m               Core 4 start compute primitive Sram_lifecycle.                                                                 | [36m10394 ns[0m
[INFO][0m[92m[PRIM][0m               Core 4 end compute primitive Sram_lifecycle.                                                                   | [36m10394 ns[0m
[INFO][0m[92m[PRIM][0m               Core 8 start compute primitive Sram_lifecycle.                                                                 | [36m10396 ns[0m
[INFO][0m[92m[PRIM][0m               Core 8 end compute primitive Sram_lifecycle.                                                                   | [36m10396 ns[0m
[INFO][0m[92m[PRIM][0m               Core 4 start compute primitive Sram_lifecycle.                                                                 | [36m10400 ns[0m
[INFO][0m[92m[PRIM][0m               Core 4 end compute primitive Sram_lifecycle.                                                                   | [36m10400 ns[0m
[INFO][0m[92m[PRIM][0m               Core 8 start compute primitive Sram_lifecycle.                                                                 | [36m10402 ns[0m
[INFO][0m[92m[PRIM][0m               Core 8 end compute primitive Sram_lifecycle.                                                                   | [36m10402 ns[0m
[INFO][0m[92m[PRIM][0m               Core 4 start compute primitive Sram_lifecycle.                                                                 | [36m10406 ns[0m
[INFO][0m[92m[PRIM][0m               Core 4 end compute primitive Sram_lifecycle.                                                                   | [36m10406 ns[0m
[INFO][0m[92m[PRIM][0m               Core 8 start compute primitive Sram_lifecycle.                                                                 | [36m10408 ns[0m
[INFO][0m[92m[PRIM][0m               Core 8 end compute primitive Sram_lifecycle.                                                                   | [36m10408 ns[0m
[INFO][0m[92m[PRIM][0m               Core 12 start compute primitive Sram_lifecycle.                                                                | [36m10410 ns[0m
[INFO][0m[92m[PRIM][0m               Core 12 end compute primitive Sram_lifecycle.                                                                  | [36m10410 ns[0m
[INFO][0m[92m[PRIM][0m               Core 8 start compute primitive Sram_lifecycle.                                                                 | [36m10414 ns[0m
[INFO][0m[92m[PRIM][0m               Core 8 end compute primitive Sram_lifecycle.                                                                   | [36m10414 ns[0m
[INFO][0m[92m[PRIM][0m               Core 8 start compute primitive Sram_lifecycle.                                                                 | [36m10420 ns[0m
[INFO][0m[92m[PRIM][0m               Core 8 end compute primitive Sram_lifecycle.                                                                   | [36m10420 ns[0m
[INFO][0m[92m[PRIM][0m               Core 4 start send primitive SEND_DONE.                                                                         | [36m10426 ns[0m
[INFO][0m[92m[PRIM][0m               Core 8 start compute primitive Sram_bind_oneshot.                                                              | [36m10426 ns[0m
[INFO][0m[92m[PRIM][0m               Core 8 end compute primitive Sram_bind_oneshot.                                                                | [36m10426 ns[0m
[INFO][0m[92m[PRIM][0m               Core 4 end send primitive SEND_DONE.                                                                           | [36m10430 ns[0m
[INFO][0m[92m[PRIM][0m               Core 8 start compute primitive Matmul_f.                                                                       | [36m10432 ns[0m
[INFO][0m[92m[PRIM][0m               Core 8 end compute primitive Matmul_f.                                                                         | [36m10432 ns[0m
[INFO][0m[92m[PRIM][0m               Core 4 start receive primitive RECV_START.                                                                     | [36m10436 ns[0m
[INFO][0m[92m[MEM_INTF][0m           End DONE reception.                                                                                            | [36m10436 ns[0m
[INFO][0m[92m[PRIM][0m               Core 8 start compute primitive Sram_lifecycle.                                                                 | [36m10438 ns[0m
[INFO][0m[92m[PRIM][0m               Core 8 end compute primitive Sram_lifecycle.                                                                   | [36m10438 ns[0m
[INFO][0m[92m[PRIM][0m               Core 8 start compute primitive Sram_lifecycle.                                                                 | [36m10444 ns[0m
[INFO][0m[92m[PRIM][0m               Core 8 end compute primitive Sram_lifecycle.                                                                   | [36m10444 ns[0m
[INFO][0m[92m[PRIM][0m               Core 8 start compute primitive Sram_lifecycle.                                                                 | [36m10514 ns[0m
[INFO][0m[92m[PRIM][0m               Core 8 end compute primitive Sram_lifecycle.                                                                   | [36m10514 ns[0m
[INFO][0m[92m[PRIM][0m               Core 8 start compute primitive Sram_lifecycle.                                                                 | [36m10520 ns[0m
[INFO][0m[92m[PRIM][0m               Core 8 end compute primitive Sram_lifecycle.                                                                   | [36m10520 ns[0m
[INFO][0m[92m[PRIM][0m               Core 8 start compute primitive Sram_bind_oneshot.                                                              | [36m10526 ns[0m
[INFO][0m[92m[PRIM][0m               Core 8 end compute primitive Sram_bind_oneshot.                                                                | [36m10526 ns[0m
[INFO][0m[92m[PRIM][0m               Core 8 start compute primitive Residual_f.                                                                     | [36m10532 ns[0m
[INFO][0m[92m[PRIM][0m               Core 8 end compute primitive Residual_f.                                                                       | [36m10532 ns[0m
[INFO][0m[92m[PRIM][0m               Core 8 start compute primitive Sram_lifecycle.                                                                 | [36m10538 ns[0m
[INFO][0m[92m[PRIM][0m               Core 8 end compute primitive Sram_lifecycle.                                                                   | [36m10538 ns[0m
[INFO][0m[92m[PRIM][0m               Core 8 start compute primitive Sram_lifecycle.                                                                 | [36m10544 ns[0m
[INFO][0m[92m[PRIM][0m               Core 8 end compute primitive Sram_lifecycle.                                                                   | [36m10544 ns[0m
[INFO][0m[92m[PRIM][0m               Core 8 start compute primitive Sram_lifecycle.                                                                 | [36m10550 ns[0m
[INFO][0m[92m[PRIM][0m               Core 8 end compute primitive Sram_lifecycle.                                                                   | [36m10550 ns[0m
[INFO][0m[92m[PRIM][0m               Core 12 start compute primitive Sram_lifecycle.                                                                | [36m10554 ns[0m
[INFO][0m[92m[PRIM][0m               Core 12 end compute primitive Sram_lifecycle.                                                                  | [36m10554 ns[0m
[INFO][0m[92m[PRIM][0m               Core 12 start compute primitive Collective_data_v1_prim.                                                       | [36m10560 ns[0m
[INFO][0m[92m[PRIM][0m               Core 8 start send primitive SEND_DONE.                                                                         | [36m10570 ns[0m
[INFO][0m[92m[PRIM][0m               Core 8 end send primitive SEND_DONE.                                                                           | [36m10574 ns[0m
[INFO][0m[92m[PRIM][0m               Core 8 start receive primitive RECV_START.                                                                     | [36m10580 ns[0m
[INFO][0m[92m[MEM_INTF][0m           End DONE reception.                                                                                            | [36m10580 ns[0m
[INFO][0m[92m[PRIM][0m               Core 12 end compute primitive Collective_data_v1_prim.                                                         | [36m10590 ns[0m
[INFO][0m[92m[PRIM][0m               Core 12 start compute primitive Sram_lifecycle.                                                                | [36m10596 ns[0m
[INFO][0m[92m[PRIM][0m               Core 12 end compute primitive Sram_lifecycle.                                                                  | [36m10596 ns[0m
[INFO][0m[92m[PRIM][0m               Core 12 start compute primitive Sram_lifecycle.                                                                | [36m10602 ns[0m
[INFO][0m[92m[PRIM][0m               Core 12 end compute primitive Sram_lifecycle.                                                                  | [36m10602 ns[0m
[INFO][0m[92m[PRIM][0m               Core 12 start compute primitive Sram_lifecycle.                                                                | [36m10608 ns[0m
[INFO][0m[92m[PRIM][0m               Core 12 end compute primitive Sram_lifecycle.                                                                  | [36m10608 ns[0m
[INFO][0m[92m[PRIM][0m               Core 12 start compute primitive Sram_lifecycle.                                                                | [36m10614 ns[0m
[INFO][0m[92m[PRIM][0m               Core 12 end compute primitive Sram_lifecycle.                                                                  | [36m10614 ns[0m
[INFO][0m[92m[PRIM][0m               Core 12 start compute primitive Sram_lifecycle.                                                                | [36m10620 ns[0m
[INFO][0m[92m[PRIM][0m               Core 12 end compute primitive Sram_lifecycle.                                                                  | [36m10620 ns[0m
[INFO][0m[92m[PRIM][0m               Core 12 start compute primitive Sram_bind_oneshot.                                                             | [36m10626 ns[0m
[INFO][0m[92m[PRIM][0m               Core 12 end compute primitive Sram_bind_oneshot.                                                               | [36m10626 ns[0m
[INFO][0m[92m[PRIM][0m               Core 12 start compute primitive Residual_f.                                                                    | [36m10632 ns[0m
[INFO][0m[92m[PRIM][0m               Core 12 end compute primitive Residual_f.                                                                      | [36m10632 ns[0m
[INFO][0m[92m[PRIM][0m               Core 12 start compute primitive Sram_lifecycle.                                                                | [36m10638 ns[0m
[INFO][0m[92m[PRIM][0m               Core 12 end compute primitive Sram_lifecycle.                                                                  | [36m10638 ns[0m
[INFO][0m[92m[PRIM][0m               Core 12 start compute primitive Sram_lifecycle.                                                                | [36m10644 ns[0m
[INFO][0m[92m[PRIM][0m               Core 12 end compute primitive Sram_lifecycle.                                                                  | [36m10644 ns[0m
[INFO][0m[92m[PRIM][0m               Core 12 start compute primitive Sram_lifecycle.                                                                | [36m10650 ns[0m
[INFO][0m[92m[PRIM][0m               Core 12 end compute primitive Sram_lifecycle.                                                                  | [36m10650 ns[0m
[INFO][0m[92m[PRIM][0m               Core 12 start send primitive SEND_DONE.                                                                        | [36m10656 ns[0m
[INFO][0m[92m[PRIM][0m               Core 12 end send primitive SEND_DONE.                                                                          | [36m10660 ns[0m
[INFO][0m[92m[PRIM][0m               Core 12 start receive primitive RECV_START.                                                                    | [36m10666 ns[0m
[INFO][0m[92m[MEM_INTF][0m           End DONE reception.                                                                                            | [36m10666 ns[0m

Info: /OSCI/SystemC: Simulation stopped by user.
[SIM_RESULT] makespan_cycles=5333
[PROGRAM_IO_PROBE] id=program_output_probe_6ec7967eb9213d30 core=0 address=62720 bytes=64 expected_checksum=f5a5fd42d16a20302798ef6ed309979b43003d2320d9f0e8ea9831a92759fb4b checksum=f5a5fd42d16a20302798ef6ed309979b43003d2320d9f0e8ea9831a92759fb4b valid=1 exact=1 pass=1
[PROGRAM_IO_PROBE] id=program_output_probe_8c0e2afa078dacb2 core=4 address=62720 bytes=64 expected_checksum=f5a5fd42d16a20302798ef6ed309979b43003d2320d9f0e8ea9831a92759fb4b checksum=f5a5fd42d16a20302798ef6ed309979b43003d2320d9f0e8ea9831a92759fb4b valid=1 exact=1 pass=1
[PROGRAM_IO_PROBE] id=program_output_probe_f5103d497336e031 core=8 address=62720 bytes=64 expected_checksum=f5a5fd42d16a20302798ef6ed309979b43003d2320d9f0e8ea9831a92759fb4b checksum=f5a5fd42d16a20302798ef6ed309979b43003d2320d9f0e8ea9831a92759fb4b valid=1 exact=1 pass=1
[PROGRAM_IO_PROBE] id=program_output_probe_ebfbc4389dfe867b core=12 address=62720 bytes=64 expected_checksum=f5a5fd42d16a20302798ef6ed309979b43003d2320d9f0e8ea9831a92759fb4b checksum=f5a5fd42d16a20302798ef6ed309979b43003d2320d9f0e8ea9831a92759fb4b valid=1 exact=1 pass=1
[PROGRAM_IO] phase=verify mode=timing initializations=356 probes=4 checksum=abcc72d9d22b1b06282d8a15defa507841bf507869f2e5e6b67bb3fffc609b72 pass=1
[INFO][0m[92m[SYSTEM][0m             [D2D] in_pkts=928 out_pkts=928 busy_cycles=0 stall_cycles=0.                                                   | [36m10666 ns[0m
[INFO][0m[92m[SYSTEM][0m             [D2D_TYPE] request_in=128 request_out=128 ack_in=256 ack_out=256 data_in=512 data_out=512.                     | [36m10666 ns[0m
[INFO][0m[92m[SYSTEM][0m             [D2D_DATA] in_pkts=512 out_pkts=512 in_seqhash=11188900967105235231 out_seqhash=606995894043988219 in_csum=904606726649253167 out_csum=226536359635003375 out_inorder=0 out_minseq=1 out_maxseq=4 out_endseq=4 out_end_count=128 out_end_length=128 in_first_cycle=1587 in_last_cycle=5261 out_first_cycle=1590 out_last_cycle=5264. | [36m10666 ns[0m
[INFO][0m[92m[SYSTEM][0m             [V5_SUBFLOW] idx=0 source=0 tag=2 subflow=0 in=4 out=4 in_seqhash=15523928324350559131 out_seqhash=15523928324350559131 in_csum=1806765951601263986 out_csum=1806765951601263986 inorder=1 minseq=1 maxseq=4 endseq=4 ends=1 end_length=128. | [36m10666 ns[0m
[INFO][0m[92m[SYSTEM][0m             [V5_SUBFLOW] idx=0 source=0 tag=5 subflow=0 in=4 out=4 in_seqhash=15523928324350559131 out_seqhash=15523928324350559131 in_csum=11923328458303128946 out_csum=11923328458303128946 inorder=1 minseq=1 maxseq=4 endseq=4 ends=1 end_length=128. | [36m10666 ns[0m
[INFO][0m[92m[SYSTEM][0m             [V5_SUBFLOW] idx=0 source=0 tag=8 subflow=0 in=4 out=4 in_seqhash=15523928324350559131 out_seqhash=15523928324350559131 in_csum=6829686911002920306 out_csum=6829686911002920306 inorder=1 minseq=1 maxseq=4 endseq=4 ends=1 end_length=128. | [36m10666 ns[0m
[INFO][0m[92m[SYSTEM][0m             [V5_SUBFLOW] idx=0 source=0 tag=11 subflow=0 in=4 out=4 in_seqhash=15523928324350559131 out_seqhash=15523928324350559131 in_csum=6570659563684939122 out_csum=6570659563684939122 inorder=1 minseq=1 maxseq=4 endseq=4 ends=1 end_length=128. | [36m10666 ns[0m
[INFO][0m[92m[SYSTEM][0m             [V5_SUBFLOW] idx=0 source=0 tag=14 subflow=0 in=4 out=4 in_seqhash=15523928324350559131 out_seqhash=15523928324350559131 in_csum=3518415284978763122 out_csum=3518415284978763122 inorder=1 minseq=1 maxseq=4 endseq=4 ends=1 end_length=128. | [36m10666 ns[0m
[INFO][0m[92m[SYSTEM][0m             [V5_SUBFLOW] idx=0 source=0 tag=17 subflow=0 in=4 out=4 in_seqhash=15523928324350559131 out_seqhash=15523928324350559131 in_csum=15175771814194759026 out_csum=15175771814194759026 inorder=1 minseq=1 maxseq=4 endseq=4 ends=1 end_length=128. | [36m10666 ns[0m
[INFO][0m[92m[SYSTEM][0m             [V5_SUBFLOW] idx=0 source=0 tag=20 subflow=0 in=4 out=4 in_seqhash=15523928324350559131 out_seqhash=15523928324350559131 in_csum=11813764323618506098 out_csum=11813764323618506098 inorder=1 minseq=1 maxseq=4 endseq=4 ends=1 end_length=128. | [36m10666 ns[0m
[INFO][0m[92m[SYSTEM][0m             [V5_SUBFLOW] idx=0 source=0 tag=23 subflow=0 in=4 out=4 in_seqhash=15523928324350559131 out_seqhash=15523928324350559131 in_csum=16317575057221535090 out_csum=16317575057221535090 inorder=1 minseq=1 maxseq=4 endseq=4 ends=1 end_length=128. | [36m10666 ns[0m
[INFO][0m[92m[SYSTEM][0m             [V5_SUBFLOW] idx=0 source=4 tag=2 subflow=0 in=4 out=4 in_seqhash=15523928324350559131 out_seqhash=15523928324350559131 in_csum=1806765951601263986 out_csum=1806765951601263986 inorder=1 minseq=1 maxseq=4 endseq=4 ends=1 end_length=128. | [36m10666 ns[0m
[INFO][0m[92m[SYSTEM][0m             [V5_SUBFLOW] idx=0 source=4 tag=5 subflow=0 in=4 out=4 in_seqhash=15523928324350559131 out_seqhash=15523928324350559131 in_csum=11923328458303128946 out_csum=11923328458303128946 inorder=1 minseq=1 maxseq=4 endseq=4 ends=1 end_length=128. | [36m10666 ns[0m
[INFO][0m[92m[SYSTEM][0m             [V5_SUBFLOW] idx=0 source=4 tag=8 subflow=0 in=4 out=4 in_seqhash=15523928324350559131 out_seqhash=15523928324350559131 in_csum=6829686911002920306 out_csum=6829686911002920306 inorder=1 minseq=1 maxseq=4 endseq=4 ends=1 end_length=128. | [36m10666 ns[0m
[INFO][0m[92m[SYSTEM][0m             [V5_SUBFLOW] idx=0 source=4 tag=11 subflow=0 in=4 out=4 in_seqhash=15523928324350559131 out_seqhash=15523928324350559131 in_csum=6570659563684939122 out_csum=6570659563684939122 inorder=1 minseq=1 maxseq=4 endseq=4 ends=1 end_length=128. | [36m10666 ns[0m
[INFO][0m[92m[SYSTEM][0m             [V5_SUBFLOW] idx=0 source=4 tag=14 subflow=0 in=4 out=4 in_seqhash=15523928324350559131 out_seqhash=15523928324350559131 in_csum=3518415284978763122 out_csum=3518415284978763122 inorder=1 minseq=1 maxseq=4 endseq=4 ends=1 end_length=128. | [36m10666 ns[0m
[INFO][0m[92m[SYSTEM][0m             [V5_SUBFLOW] idx=0 source=4 tag=17 subflow=0 in=4 out=4 in_seqhash=15523928324350559131 out_seqhash=15523928324350559131 in_csum=15175771814194759026 out_csum=15175771814194759026 inorder=1 minseq=1 maxseq=4 endseq=4 ends=1 end_length=128. | [36m10666 ns[0m
[INFO][0m[92m[SYSTEM][0m             [V5_SUBFLOW] idx=0 source=4 tag=20 subflow=0 in=4 out=4 in_seqhash=15523928324350559131 out_seqhash=15523928324350559131 in_csum=11813764323618506098 out_csum=11813764323618506098 inorder=1 minseq=1 maxseq=4 endseq=4 ends=1 end_length=128. | [36m10666 ns[0m
[INFO][0m[92m[SYSTEM][0m             [V5_SUBFLOW] idx=0 source=4 tag=23 subflow=0 in=4 out=4 in_seqhash=15523928324350559131 out_seqhash=15523928324350559131 in_csum=16317575057221535090 out_csum=16317575057221535090 inorder=1 minseq=1 maxseq=4 endseq=4 ends=1 end_length=128. | [36m10666 ns[0m
[INFO][0m[92m[SYSTEM][0m             [V5_SUBFLOW] idx=1 source=0 tag=1 subflow=0 in=4 out=4 in_seqhash=15523928324350559131 out_seqhash=15523928324350559131 in_csum=18347627432769930610 out_csum=18347627432769930610 inorder=1 minseq=1 maxseq=4 endseq=4 ends=1 end_length=128. | [36m10666 ns[0m
[INFO][0m[92m[SYSTEM][0m             [V5_SUBFLOW] idx=1 source=0 tag=3 subflow=0 in=4 out=4 in_seqhash=15523928324350559131 out_seqhash=15523928324350559131 in_csum=16568413615597995378 out_csum=16568413615597995378 inorder=1 minseq=1 maxseq=4 endseq=4 ends=1 end_length=128. | [36m10666 ns[0m
[INFO][0m[92m[SYSTEM][0m             [V5_SUBFLOW] idx=1 source=0 tag=4 subflow=0 in=4 out=4 in_seqhash=15523928324350559131 out_seqhash=15523928324350559131 in_csum=5919170204855092594 out_csum=5919170204855092594 inorder=1 minseq=1 maxseq=4 endseq=4 ends=1 end_length=128. | [36m10666 ns[0m
[INFO][0m[92m[SYSTEM][0m             [V5_SUBFLOW] idx=1 source=0 tag=6 subflow=0 in=4 out=4 in_seqhash=15523928324350559131 out_seqhash=15523928324350559131 in_csum=1529768559901066610 out_csum=1529768559901066610 inorder=1 minseq=1 maxseq=4 endseq=4 ends=1 end_length=128. | [36m10666 ns[0m
[INFO][0m[92m[SYSTEM][0m             [V5_SUBFLOW] idx=1 source=0 tag=7 subflow=0 in=4 out=4 in_seqhash=15523928324350559131 out_seqhash=15523928324350559131 in_csum=8168647849982477682 out_csum=8168647849982477682 inorder=1 minseq=1 maxseq=4 endseq=4 ends=1 end_length=128. | [36m10666 ns[0m
[INFO][0m[92m[SYSTEM][0m             [V5_SUBFLOW] idx=1 source=0 tag=9 subflow=0 in=4 out=4 in_seqhash=15523928324350559131 out_seqhash=15523928324350559131 in_csum=12513062888639219058 out_csum=12513062888639219058 inorder=1 minseq=1 maxseq=4 endseq=4 ends=1 end_length=128. | [36m10666 ns[0m
[INFO][0m[92m[SYSTEM][0m             [V5_SUBFLOW] idx=1 source=0 tag=10 subflow=0 in=4 out=4 in_seqhash=15523928324350559131 out_seqhash=15523928324350559131 in_csum=9127562726891505010 out_csum=9127562726891505010 inorder=1 minseq=1 maxseq=4 endseq=4 ends=1 end_length=128. | [36m10666 ns[0m
[INFO][0m[92m[SYSTEM][0m             [V5_SUBFLOW] idx=1 source=0 tag=12 subflow=0 in=4 out=4 in_seqhash=15523928324350559131 out_seqhash=15523928324350559131 in_csum=4981073986838775154 out_csum=4981073986838775154 inorder=1 minseq=1 maxseq=4 endseq=4 ends=1 end_length=128. | [36m10666 ns[0m
[INFO][0m[92m[SYSTEM][0m             [V5_SUBFLOW] idx=1 source=0 tag=13 subflow=0 in=4 out=4 in_seqhash=15523928324350559131 out_seqhash=15523928324350559131 in_csum=14851145272070161778 out_csum=14851145272070161778 inorder=1 minseq=1 maxseq=4 endseq=4 ends=1 end_length=128. | [36m10666 ns[0m
[INFO][0m[92m[SYSTEM][0m             [V5_SUBFLOW] idx=1 source=0 tag=15 subflow=0 in=4 out=4 in_seqhash=15523928324350559131 out_seqhash=15523928324350559131 in_csum=16234021343265736050 out_csum=16234021343265736050 inorder=1 minseq=1 maxseq=4 endseq=4 ends=1 end_length=128. | [36m10666 ns[0m
[INFO][0m[92m[SYSTEM][0m             [V5_SUBFLOW] idx=1 source=0 tag=16 subflow=0 in=4 out=4 in_seqhash=15523928324350559131 out_seqhash=15523928324350559131 in_csum=4255934567471826290 out_csum=4255934567471826290 inorder=1 minseq=1 maxseq=4 endseq=4 ends=1 end_length=128. | [36m10666 ns[0m
[INFO][0m[92m[SYSTEM][0m             [V5_SUBFLOW] idx=1 source=0 tag=18 subflow=0 in=4 out=4 in_seqhash=15523928324350559131 out_seqhash=15523928324350559131 in_csum=11868062979506750834 out_csum=11868062979506750834 inorder=1 minseq=1 maxseq=4 endseq=4 ends=1 end_length=128. | [36m10666 ns[0m
[INFO][0m[92m[SYSTEM][0m             [V5_SUBFLOW] idx=1 source=0 tag=19 subflow=0 in=4 out=4 in_seqhash=15523928324350559131 out_seqhash=15523928324350559131 in_csum=16298771077293065586 out_csum=16298771077293065586 inorder=1 minseq=1 maxseq=4 endseq=4 ends=1 end_length=128. | [36m10666 ns[0m
[INFO][0m[92m[SYSTEM][0m             [V5_SUBFLOW] idx=1 source=0 tag=21 subflow=0 in=4 out=4 in_seqhash=15523928324350559131 out_seqhash=15523928324350559131 in_csum=17220168924171519346 out_csum=17220168924171519346 inorder=1 minseq=1 maxseq=4 endseq=4 ends=1 end_length=128. | [36m10666 ns[0m
[INFO][0m[92m[SYSTEM][0m             [V5_SUBFLOW] idx=1 source=0 tag=22 subflow=0 in=4 out=4 in_seqhash=15523928324350559131 out_seqhash=15523928324350559131 in_csum=14683878767159854450 out_csum=14683878767159854450 inorder=1 minseq=1 maxseq=4 endseq=4 ends=1 end_length=128. | [36m10666 ns[0m
[INFO][0m[92m[SYSTEM][0m             [V5_SUBFLOW] idx=1 source=0 tag=24 subflow=0 in=4 out=4 in_seqhash=15523928324350559131 out_seqhash=15523928324350559131 in_csum=6128365991911409010 out_csum=6128365991911409010 inorder=1 minseq=1 maxseq=4 endseq=4 ends=1 end_length=128. | [36m10666 ns[0m
[INFO][0m[92m[SYSTEM][0m             [V5_SUBFLOW] idx=2 source=0 tag=3 subflow=0 in=4 out=4 in_seqhash=15523928324350559131 out_seqhash=15523928324350559131 in_csum=6036745886992090482 out_csum=6036745886992090482 inorder=1 minseq=1 maxseq=4 endseq=4 ends=1 end_length=128. | [36m10666 ns[0m
[INFO][0m[92m[SYSTEM][0m             [V5_SUBFLOW] idx=2 source=0 tag=6 subflow=0 in=4 out=4 in_seqhash=15523928324350559131 out_seqhash=15523928324350559131 in_csum=12305756568291820914 out_csum=12305756568291820914 inorder=1 minseq=1 maxseq=4 endseq=4 ends=1 end_length=128. | [36m10666 ns[0m
[INFO][0m[92m[SYSTEM][0m             [V5_SUBFLOW] idx=2 source=0 tag=9 subflow=0 in=4 out=4 in_seqhash=15523928324350559131 out_seqhash=15523928324350559131 in_csum=16815126432684885362 out_csum=16815126432684885362 inorder=1 minseq=1 maxseq=4 endseq=4 ends=1 end_length=128. | [36m10666 ns[0m
[INFO][0m[92m[SYSTEM][0m             [V5_SUBFLOW] idx=2 source=0 tag=12 subflow=0 in=4 out=4 in_seqhash=15523928324350559131 out_seqhash=15523928324350559131 in_csum=15512741715444680050 out_csum=15512741715444680050 inorder=1 minseq=1 maxseq=4 endseq=4 ends=1 end_length=128. | [36m10666 ns[0m
[INFO][0m[92m[SYSTEM][0m             [V5_SUBFLOW] idx=2 source=0 tag=15 subflow=0 in=4 out=4 in_seqhash=15523928324350559131 out_seqhash=15523928324350559131 in_csum=8808711457638630770 out_csum=8808711457638630770 inorder=1 minseq=1 maxseq=4 endseq=4 ends=1 end_length=128. | [36m10666 ns[0m
[INFO][0m[92m[SYSTEM][0m             [V5_SUBFLOW] idx=2 source=0 tag=18 subflow=0 in=4 out=4 in_seqhash=15523928324350559131 out_seqhash=15523928324350559131 in_csum=13523135842565408114 out_csum=13523135842565408114 inorder=1 minseq=1 maxseq=4 endseq=4 ends=1 end_length=128. | [36m10666 ns[0m
[INFO][0m[92m[SYSTEM][0m             [V5_SUBFLOW] idx=2 source=0 tag=21 subflow=0 in=4 out=4 in_seqhash=15523928324350559131 out_seqhash=15523928324350559131 in_csum=12682792299595744626 out_csum=12682792299595744626 inorder=1 minseq=1 maxseq=4 endseq=4 ends=1 end_length=128. | [36m10666 ns[0m
[INFO][0m[92m[SYSTEM][0m             [V5_SUBFLOW] idx=2 source=0 tag=24 subflow=0 in=4 out=4 in_seqhash=15523928324350559131 out_seqhash=15523928324350559131 in_csum=6452625165082084722 out_csum=6452625165082084722 inorder=1 minseq=1 maxseq=4 endseq=4 ends=1 end_length=128. | [36m10666 ns[0m
[INFO][0m[92m[SYSTEM][0m             [V5_SUBFLOW] idx=2 source=4 tag=3 subflow=0 in=4 out=4 in_seqhash=15523928324350559131 out_seqhash=15523928324350559131 in_csum=6036745886992090482 out_csum=6036745886992090482 inorder=1 minseq=1 maxseq=4 endseq=4 ends=1 end_length=128. | [36m10666 ns[0m
[INFO][0m[92m[SYSTEM][0m             [V5_SUBFLOW] idx=2 source=4 tag=6 subflow=0 in=4 out=4 in_seqhash=15523928324350559131 out_seqhash=15523928324350559131 in_csum=12305756568291820914 out_csum=12305756568291820914 inorder=1 minseq=1 maxseq=4 endseq=4 ends=1 end_length=128. | [36m10666 ns[0m
[INFO][0m[92m[SYSTEM][0m             [V5_SUBFLOW] idx=2 source=4 tag=9 subflow=0 in=4 out=4 in_seqhash=15523928324350559131 out_seqhash=15523928324350559131 in_csum=16815126432684885362 out_csum=16815126432684885362 inorder=1 minseq=1 maxseq=4 endseq=4 ends=1 end_length=128. | [36m10666 ns[0m
[INFO][0m[92m[SYSTEM][0m             [V5_SUBFLOW] idx=2 source=4 tag=12 subflow=0 in=4 out=4 in_seqhash=15523928324350559131 out_seqhash=15523928324350559131 in_csum=15512741715444680050 out_csum=15512741715444680050 inorder=1 minseq=1 maxseq=4 endseq=4 ends=1 end_length=128. | [36m10666 ns[0m
[INFO][0m[92m[SYSTEM][0m             [V5_SUBFLOW] idx=2 source=4 tag=15 subflow=0 in=4 out=4 in_seqhash=15523928324350559131 out_seqhash=15523928324350559131 in_csum=8808711457638630770 out_csum=8808711457638630770 inorder=1 minseq=1 maxseq=4 endseq=4 ends=1 end_length=128. | [36m10666 ns[0m
[INFO][0m[92m[SYSTEM][0m             [V5_SUBFLOW] idx=2 source=4 tag=18 subflow=0 in=4 out=4 in_seqhash=15523928324350559131 out_seqhash=15523928324350559131 in_csum=13523135842565408114 out_csum=13523135842565408114 inorder=1 minseq=1 maxseq=4 endseq=4 ends=1 end_length=128. | [36m10666 ns[0m
[INFO][0m[92m[SYSTEM][0m             [V5_SUBFLOW] idx=2 source=4 tag=21 subflow=0 in=4 out=4 in_seqhash=15523928324350559131 out_seqhash=15523928324350559131 in_csum=12682792299595744626 out_csum=12682792299595744626 inorder=1 minseq=1 maxseq=4 endseq=4 ends=1 end_length=128. | [36m10666 ns[0m
[INFO][0m[92m[SYSTEM][0m             [V5_SUBFLOW] idx=2 source=4 tag=24 subflow=0 in=4 out=4 in_seqhash=15523928324350559131 out_seqhash=15523928324350559131 in_csum=6452625165082084722 out_csum=6452625165082084722 inorder=1 minseq=1 maxseq=4 endseq=4 ends=1 end_length=128. | [36m10666 ns[0m
[INFO][0m[92m[SYSTEM][0m             [V5_SUBFLOW] idx=3 source=4 tag=1 subflow=0 in=4 out=4 in_seqhash=15523928324350559131 out_seqhash=15523928324350559131 in_csum=13647524912644408690 out_csum=13647524912644408690 inorder=1 minseq=1 maxseq=4 endseq=4 ends=1 end_length=128. | [36m10666 ns[0m
[INFO][0m[92m[SYSTEM][0m             [V5_SUBFLOW] idx=3 source=4 tag=2 subflow=0 in=4 out=4 in_seqhash=15523928324350559131 out_seqhash=15523928324350559131 in_csum=4445875333240374642 out_csum=4445875333240374642 inorder=1 minseq=1 maxseq=4 endseq=4 ends=1 end_length=128. | [36m10666 ns[0m
[INFO][0m[92m[SYSTEM][0m             [V5_SUBFLOW] idx=3 source=4 tag=4 subflow=0 in=4 out=4 in_seqhash=15523928324350559131 out_seqhash=15523928324350559131 in_csum=11321415705107547506 out_csum=11321415705107547506 inorder=1 minseq=1 maxseq=4 endseq=4 ends=1 end_length=128. | [36m10666 ns[0m
[INFO][0m[92m[SYSTEM][0m             [V5_SUBFLOW] idx=3 source=4 tag=5 subflow=0 in=4 out=4 in_seqhash=15523928324350559131 out_seqhash=15523928324350559131 in_csum=15198571287308322162 out_csum=15198571287308322162 inorder=1 minseq=1 maxseq=4 endseq=4 ends=1 end_length=128. | [36m10666 ns[0m
[INFO][0m[92m[SYSTEM][0m             [V5_SUBFLOW] idx=3 source=4 tag=7 subflow=0 in=4 out=4 in_seqhash=15523928324350559131 out_seqhash=15523928324350559131 in_csum=813954824498759026 out_csum=813954824498759026 inorder=1 minseq=1 maxseq=4 endseq=4 ends=1 end_length=128. | [36m10666 ns[0m
[INFO][0m[92m[SYSTEM][0m             [V5_SUBFLOW] idx=3 source=4 tag=8 subflow=0 in=4 out=4 in_seqhash=15523928324350559131 out_seqhash=15523928324350559131 in_csum=3965679022971995506 out_csum=3965679022971995506 inorder=1 minseq=1 maxseq=4 endseq=4 ends=1 end_length=128. | [36m10666 ns[0m
[INFO][0m[92m[SYSTEM][0m             [V5_SUBFLOW] idx=3 source=4 tag=10 subflow=0 in=4 out=4 in_seqhash=15523928324350559131 out_seqhash=15523928324350559131 in_csum=2099732518113035634 out_csum=2099732518113035634 inorder=1 minseq=1 maxseq=4 endseq=4 ends=1 end_length=128. | [36m10666 ns[0m
[INFO][0m[92m[SYSTEM][0m             [V5_SUBFLOW] idx=3 source=4 tag=11 subflow=0 in=4 out=4 in_seqhash=15523928324350559131 out_seqhash=15523928324350559131 in_csum=18171932203791336818 out_csum=18171932203791336818 inorder=1 minseq=1 maxseq=4 endseq=4 ends=1 end_length=128. | [36m10666 ns[0m
[INFO][0m[92m[SYSTEM][0m             [V5_SUBFLOW] idx=3 source=4 tag=13 subflow=0 in=4 out=4 in_seqhash=15523928324350559131 out_seqhash=15523928324350559131 in_csum=18414585118216078706 out_csum=18414585118216078706 inorder=1 minseq=1 maxseq=4 endseq=4 ends=1 end_length=128. | [36m10666 ns[0m
[INFO][0m[92m[SYSTEM][0m             [V5_SUBFLOW] idx=3 source=4 tag=14 subflow=0 in=4 out=4 in_seqhash=15523928324350559131 out_seqhash=15523928324350559131 in_csum=13732579239855048050 out_csum=13732579239855048050 inorder=1 minseq=1 maxseq=4 endseq=4 ends=1 end_length=128. | [36m10666 ns[0m
[INFO][0m[92m[SYSTEM][0m             [V5_SUBFLOW] idx=3 source=4 tag=16 subflow=0 in=4 out=4 in_seqhash=15523928324350559131 out_seqhash=15523928324350559131 in_csum=11774027467658282354 out_csum=11774027467658282354 inorder=1 minseq=1 maxseq=4 endseq=4 ends=1 end_length=128. | [36m10666 ns[0m
[INFO][0m[92m[SYSTEM][0m             [V5_SUBFLOW] idx=3 source=4 tag=17 subflow=0 in=4 out=4 in_seqhash=15523928324350559131 out_seqhash=15523928324350559131 in_csum=7390173958378014066 out_csum=7390173958378014066 inorder=1 minseq=1 maxseq=4 endseq=4 ends=1 end_length=128. | [36m10666 ns[0m
[INFO][0m[92m[SYSTEM][0m             [V5_SUBFLOW] idx=3 source=4 tag=19 subflow=0 in=4 out=4 in_seqhash=15523928324350559131 out_seqhash=15523928324350559131 in_csum=5673901772384945522 out_csum=5673901772384945522 inorder=1 minseq=1 maxseq=4 endseq=4 ends=1 end_length=128. | [36m10666 ns[0m
[INFO][0m[92m[SYSTEM][0m             [V5_SUBFLOW] idx=3 source=4 tag=20 subflow=0 in=4 out=4 in_seqhash=15523928324350559131 out_seqhash=15523928324350559131 in_csum=4316678318930183538 out_csum=4316678318930183538 inorder=1 minseq=1 maxseq=4 endseq=4 ends=1 end_length=128. | [36m10666 ns[0m
[INFO][0m[92m[SYSTEM][0m             [V5_SUBFLOW] idx=3 source=4 tag=22 subflow=0 in=4 out=4 in_seqhash=15523928324350559131 out_seqhash=15523928324350559131 in_csum=17822924717170279794 out_csum=17822924717170279794 inorder=1 minseq=1 maxseq=4 endseq=4 ends=1 end_length=128. | [36m10666 ns[0m
[INFO][0m[92m[SYSTEM][0m             [V5_SUBFLOW] idx=3 source=4 tag=23 subflow=0 in=4 out=4 in_seqhash=15523928324350559131 out_seqhash=15523928324350559131 in_csum=5244349473424328050 out_csum=5244349473424328050 inorder=1 minseq=1 maxseq=4 endseq=4 ends=1 end_length=128. | [36m10666 ns[0m
[INFO][0m[92m[SYSTEM][0m             [V5_SUBFLOW] idx=4 source=8 tag=1 subflow=0 in=4 out=4 in_seqhash=15523928324350559131 out_seqhash=15523928324350559131 in_csum=12935520421729988310 out_csum=12935520421729988310 inorder=1 minseq=1 maxseq=4 endseq=4 ends=1 end_length=128. | [36m10666 ns[0m
[INFO][0m[92m[SYSTEM][0m             [V5_SUBFLOW] idx=4 source=8 tag=4 subflow=0 in=4 out=4 in_seqhash=15523928324350559131 out_seqhash=15523928324350559131 in_csum=9724664993647357654 out_csum=9724664993647357654 inorder=1 minseq=1 maxseq=4 endseq=4 ends=1 end_length=128. | [36m10666 ns[0m
[INFO][0m[92m[SYSTEM][0m             [V5_SUBFLOW] idx=4 source=8 tag=7 subflow=0 in=4 out=4 in_seqhash=15523928324350559131 out_seqhash=15523928324350559131 in_csum=5517528885497360086 out_csum=5517528885497360086 inorder=1 minseq=1 maxseq=4 endseq=4 ends=1 end_length=128. | [36m10666 ns[0m
[INFO][0m[92m[SYSTEM][0m             [V5_SUBFLOW] idx=4 source=8 tag=10 subflow=0 in=4 out=4 in_seqhash=15523928324350559131 out_seqhash=15523928324350559131 in_csum=17180796389224279766 out_csum=17180796389224279766 inorder=1 minseq=1 maxseq=4 endseq=4 ends=1 end_length=128. | [36m10666 ns[0m
[INFO][0m[92m[SYSTEM][0m             [V5_SUBFLOW] idx=4 source=8 tag=13 subflow=0 in=4 out=4 in_seqhash=15523928324350559131 out_seqhash=15523928324350559131 in_csum=9451986109958909654 out_csum=9451986109958909654 inorder=1 minseq=1 maxseq=4 endseq=4 ends=1 end_length=128. | [36m10666 ns[0m
[INFO][0m[92m[SYSTEM][0m             [V5_SUBFLOW] idx=4 source=8 tag=16 subflow=0 in=4 out=4 in_seqhash=15523928324350559131 out_seqhash=15523928324350559131 in_csum=8538247966811942614 out_csum=8538247966811942614 inorder=1 minseq=1 maxseq=4 endseq=4 ends=1 end_length=128. | [36m10666 ns[0m
[INFO][0m[92m[SYSTEM][0m             [V5_SUBFLOW] idx=4 source=8 tag=19 subflow=0 in=4 out=4 in_seqhash=15523928324350559131 out_seqhash=15523928324350559131 in_csum=5949874449724927702 out_csum=5949874449724927702 inorder=1 minseq=1 maxseq=4 endseq=4 ends=1 end_length=128. | [36m10666 ns[0m
[INFO][0m[92m[SYSTEM][0m             [V5_SUBFLOW] idx=4 source=8 tag=22 subflow=0 in=4 out=4 in_seqhash=15523928324350559131 out_seqhash=15523928324350559131 in_csum=6168932350349995734 out_csum=6168932350349995734 inorder=1 minseq=1 maxseq=4 endseq=4 ends=1 end_length=128. | [36m10666 ns[0m
[INFO][0m[92m[SYSTEM][0m             [V5_SUBFLOW] idx=4 source=12 tag=1 subflow=0 in=4 out=4 in_seqhash=15523928324350559131 out_seqhash=15523928324350559131 in_csum=12935520421729988310 out_csum=12935520421729988310 inorder=1 minseq=1 maxseq=4 endseq=4 ends=1 end_length=128. | [36m10666 ns[0m
[INFO][0m[92m[SYSTEM][0m             [V5_SUBFLOW] idx=4 source=12 tag=4 subflow=0 in=4 out=4 in_seqhash=15523928324350559131 out_seqhash=15523928324350559131 in_csum=9724664993647357654 out_csum=9724664993647357654 inorder=1 minseq=1 maxseq=4 endseq=4 ends=1 end_length=128. | [36m10666 ns[0m
[INFO][0m[92m[SYSTEM][0m             [V5_SUBFLOW] idx=4 source=12 tag=7 subflow=0 in=4 out=4 in_seqhash=15523928324350559131 out_seqhash=15523928324350559131 in_csum=5517528885497360086 out_csum=5517528885497360086 inorder=1 minseq=1 maxseq=4 endseq=4 ends=1 end_length=128. | [36m10666 ns[0m
[INFO][0m[92m[SYSTEM][0m             [V5_SUBFLOW] idx=4 source=12 tag=10 subflow=0 in=4 out=4 in_seqhash=15523928324350559131 out_seqhash=15523928324350559131 in_csum=17180796389224279766 out_csum=17180796389224279766 inorder=1 minseq=1 maxseq=4 endseq=4 ends=1 end_length=128. | [36m10666 ns[0m
[INFO][0m[92m[SYSTEM][0m             [V5_SUBFLOW] idx=4 source=12 tag=13 subflow=0 in=4 out=4 in_seqhash=15523928324350559131 out_seqhash=15523928324350559131 in_csum=9451986109958909654 out_csum=9451986109958909654 inorder=1 minseq=1 maxseq=4 endseq=4 ends=1 end_length=128. | [36m10666 ns[0m
[INFO][0m[92m[SYSTEM][0m             [V5_SUBFLOW] idx=4 source=12 tag=16 subflow=0 in=4 out=4 in_seqhash=15523928324350559131 out_seqhash=15523928324350559131 in_csum=8538247966811942614 out_csum=8538247966811942614 inorder=1 minseq=1 maxseq=4 endseq=4 ends=1 end_length=128. | [36m10666 ns[0m
[INFO][0m[92m[SYSTEM][0m             [V5_SUBFLOW] idx=4 source=12 tag=19 subflow=0 in=4 out=4 in_seqhash=15523928324350559131 out_seqhash=15523928324350559131 in_csum=5949874449724927702 out_csum=5949874449724927702 inorder=1 minseq=1 maxseq=4 endseq=4 ends=1 end_length=128. | [36m10666 ns[0m
[INFO][0m[92m[SYSTEM][0m             [V5_SUBFLOW] idx=4 source=12 tag=22 subflow=0 in=4 out=4 in_seqhash=15523928324350559131 out_seqhash=15523928324350559131 in_csum=6168932350349995734 out_csum=6168932350349995734 inorder=1 minseq=1 maxseq=4 endseq=4 ends=1 end_length=128. | [36m10666 ns[0m
[INFO][0m[92m[SYSTEM][0m             [V5_SUBFLOW] idx=5 source=8 tag=2 subflow=0 in=4 out=4 in_seqhash=15523928324350559131 out_seqhash=15523928324350559131 in_csum=8141605278442778326 out_csum=8141605278442778326 inorder=1 minseq=1 maxseq=4 endseq=4 ends=1 end_length=128. | [36m10666 ns[0m
[INFO][0m[92m[SYSTEM][0m             [V5_SUBFLOW] idx=5 source=8 tag=3 subflow=0 in=4 out=4 in_seqhash=15523928324350559131 out_seqhash=15523928324350559131 in_csum=18022205915444735702 out_csum=18022205915444735702 inorder=1 minseq=1 maxseq=4 endseq=4 ends=1 end_length=128. | [36m10666 ns[0m
[INFO][0m[92m[SYSTEM][0m             [V5_SUBFLOW] idx=5 source=8 tag=5 subflow=0 in=4 out=4 in_seqhash=15523928324350559131 out_seqhash=15523928324350559131 in_csum=16179826925857337046 out_csum=16179826925857337046 inorder=1 minseq=1 maxseq=4 endseq=4 ends=1 end_length=128. | [36m10666 ns[0m
[INFO][0m[92m[SYSTEM][0m             [V5_SUBFLOW] idx=5 source=8 tag=6 subflow=0 in=4 out=4 in_seqhash=15523928324350559131 out_seqhash=15523928324350559131 in_csum=8335948279389286102 out_csum=8335948279389286102 inorder=1 minseq=1 maxseq=4 endseq=4 ends=1 end_length=128. | [36m10666 ns[0m
[INFO][0m[92m[SYSTEM][0m             [V5_SUBFLOW] idx=5 source=8 tag=8 subflow=0 in=4 out=4 in_seqhash=15523928324350559131 out_seqhash=15523928324350559131 in_csum=9563757598273367766 out_csum=9563757598273367766 inorder=1 minseq=1 maxseq=4 endseq=4 ends=1 end_length=128. | [36m10666 ns[0m
[INFO][0m[92m[SYSTEM][0m             [V5_SUBFLOW] idx=5 source=8 tag=9 subflow=0 in=4 out=4 in_seqhash=15523928324350559131 out_seqhash=15523928324350559131 in_csum=4942767435142328022 out_csum=4942767435142328022 inorder=1 minseq=1 maxseq=4 endseq=4 ends=1 end_length=128. | [36m10666 ns[0m
[INFO][0m[92m[SYSTEM][0m             [V5_SUBFLOW] idx=5 source=8 tag=11 subflow=0 in=4 out=4 in_seqhash=15523928324350559131 out_seqhash=15523928324350559131 in_csum=5830695719648292566 out_csum=5830695719648292566 inorder=1 minseq=1 maxseq=4 endseq=4 ends=1 end_length=128. | [36m10666 ns[0m
[INFO][0m[92m[SYSTEM][0m             [V5_SUBFLOW] idx=5 source=8 tag=12 subflow=0 in=4 out=4 in_seqhash=15523928324350559131 out_seqhash=15523928324350559131 in_csum=15284298816980184790 out_csum=15284298816980184790 inorder=1 minseq=1 maxseq=4 endseq=4 ends=1 end_length=128. | [36m10666 ns[0m
[INFO][0m[92m[SYSTEM][0m             [V5_SUBFLOW] idx=5 source=8 tag=14 subflow=0 in=4 out=4 in_seqhash=15523928324350559131 out_seqhash=15523928324350559131 in_csum=11239518872120258262 out_csum=11239518872120258262 inorder=1 minseq=1 maxseq=4 endseq=4 ends=1 end_length=128. | [36m10666 ns[0m
[INFO][0m[92m[SYSTEM][0m             [V5_SUBFLOW] idx=5 source=8 tag=15 subflow=0 in=4 out=4 in_seqhash=15523928324350559131 out_seqhash=15523928324350559131 in_csum=16809893190751940310 out_csum=16809893190751940310 inorder=1 minseq=1 maxseq=4 endseq=4 ends=1 end_length=128. | [36m10666 ns[0m
[INFO][0m[92m[SYSTEM][0m             [V5_SUBFLOW] idx=5 source=8 tag=17 subflow=0 in=4 out=4 in_seqhash=15523928324350559131 out_seqhash=15523928324350559131 in_csum=6599263143556738774 out_csum=6599263143556738774 inorder=1 minseq=1 maxseq=4 endseq=4 ends=1 end_length=128. | [36m10666 ns[0m
[INFO][0m[92m[SYSTEM][0m             [V5_SUBFLOW] idx=5 source=8 tag=18 subflow=0 in=4 out=4 in_seqhash=15523928324350559131 out_seqhash=15523928324350559131 in_csum=5487702990054158038 out_csum=5487702990054158038 inorder=1 minseq=1 maxseq=4 endseq=4 ends=1 end_length=128. | [36m10666 ns[0m
[INFO][0m[92m[SYSTEM][0m             [V5_SUBFLOW] idx=5 source=8 tag=20 subflow=0 in=4 out=4 in_seqhash=15523928324350559131 out_seqhash=15523928324350559131 in_csum=3031567813749173974 out_csum=3031567813749173974 inorder=1 minseq=1 maxseq=4 endseq=4 ends=1 end_length=128. | [36m10666 ns[0m
[INFO][0m[92m[SYSTEM][0m             [V5_SUBFLOW] idx=5 source=8 tag=21 subflow=0 in=4 out=4 in_seqhash=15523928324350559131 out_seqhash=15523928324350559131 in_csum=9827484180979052246 out_csum=9827484180979052246 inorder=1 minseq=1 maxseq=4 endseq=4 ends=1 end_length=128. | [36m10666 ns[0m
[INFO][0m[92m[SYSTEM][0m             [V5_SUBFLOW] idx=5 source=8 tag=23 subflow=0 in=4 out=4 in_seqhash=15523928324350559131 out_seqhash=15523928324350559131 in_csum=16270602605846523606 out_csum=16270602605846523606 inorder=1 minseq=1 maxseq=4 endseq=4 ends=1 end_length=128. | [36m10666 ns[0m
[INFO][0m[92m[SYSTEM][0m             [V5_SUBFLOW] idx=5 source=8 tag=24 subflow=0 in=4 out=4 in_seqhash=15523928324350559131 out_seqhash=15523928324350559131 in_csum=4612456549972373206 out_csum=4612456549972373206 inorder=1 minseq=1 maxseq=4 endseq=4 ends=1 end_length=128. | [36m10666 ns[0m
[INFO][0m[92m[SYSTEM][0m             [V5_SUBFLOW] idx=6 source=8 tag=2 subflow=0 in=4 out=4 in_seqhash=15523928324350559131 out_seqhash=15523928324350559131 in_csum=4670737340623679190 out_csum=4670737340623679190 inorder=1 minseq=1 maxseq=4 endseq=4 ends=1 end_length=128. | [36m10666 ns[0m
[INFO][0m[92m[SYSTEM][0m             [V5_SUBFLOW] idx=6 source=8 tag=5 subflow=0 in=4 out=4 in_seqhash=15523928324350559131 out_seqhash=15523928324350559131 in_csum=8231536533501832918 out_csum=8231536533501832918 inorder=1 minseq=1 maxseq=4 endseq=4 ends=1 end_length=128. | [36m10666 ns[0m
[INFO][0m[92m[SYSTEM][0m             [V5_SUBFLOW] idx=6 source=8 tag=8 subflow=0 in=4 out=4 in_seqhash=15523928324350559131 out_seqhash=15523928324350559131 in_csum=16153649753023246038 out_csum=16153649753023246038 inorder=1 minseq=1 maxseq=4 endseq=4 ends=1 end_length=128. | [36m10666 ns[0m
[INFO][0m[92m[SYSTEM][0m             [V5_SUBFLOW] idx=6 source=8 tag=11 subflow=0 in=4 out=4 in_seqhash=15523928324350559131 out_seqhash=15523928324350559131 in_csum=7508568055820512982 out_csum=7508568055820512982 inorder=1 minseq=1 maxseq=4 endseq=4 ends=1 end_length=128. | [36m10666 ns[0m
[INFO][0m[92m[SYSTEM][0m             [V5_SUBFLOW] idx=6 source=8 tag=14 subflow=0 in=4 out=4 in_seqhash=15523928324350559131 out_seqhash=15523928324350559131 in_csum=3371448848127291094 out_csum=3371448848127291094 inorder=1 minseq=1 maxseq=4 endseq=4 ends=1 end_length=128. | [36m10666 ns[0m
[INFO][0m[92m[SYSTEM][0m             [V5_SUBFLOW] idx=6 source=8 tag=17 subflow=0 in=4 out=4 in_seqhash=15523928324350559131 out_seqhash=15523928324350559131 in_csum=3490090550810832598 out_csum=3490090550810832598 inorder=1 minseq=1 maxseq=4 endseq=4 ends=1 end_length=128. | [36m10666 ns[0m
[INFO][0m[92m[SYSTEM][0m             [V5_SUBFLOW] idx=6 source=8 tag=20 subflow=0 in=4 out=4 in_seqhash=15523928324350559131 out_seqhash=15523928324350559131 in_csum=10759744774316945110 out_csum=10759744774316945110 inorder=1 minseq=1 maxseq=4 endseq=4 ends=1 end_length=128. | [36m10666 ns[0m
[INFO][0m[92m[SYSTEM][0m             [V5_SUBFLOW] idx=6 source=8 tag=23 subflow=0 in=4 out=4 in_seqhash=15523928324350559131 out_seqhash=15523928324350559131 in_csum=15326817008935694038 out_csum=15326817008935694038 inorder=1 minseq=1 maxseq=4 endseq=4 ends=1 end_length=128. | [36m10666 ns[0m
[INFO][0m[92m[SYSTEM][0m             [V5_SUBFLOW] idx=6 source=12 tag=2 subflow=0 in=4 out=4 in_seqhash=15523928324350559131 out_seqhash=15523928324350559131 in_csum=4670737340623679190 out_csum=4670737340623679190 inorder=1 minseq=1 maxseq=4 endseq=4 ends=1 end_length=128. | [36m10666 ns[0m
[INFO][0m[92m[SYSTEM][0m             [V5_SUBFLOW] idx=6 source=12 tag=5 subflow=0 in=4 out=4 in_seqhash=15523928324350559131 out_seqhash=15523928324350559131 in_csum=8231536533501832918 out_csum=8231536533501832918 inorder=1 minseq=1 maxseq=4 endseq=4 ends=1 end_length=128. | [36m10666 ns[0m
[INFO][0m[92m[SYSTEM][0m             [V5_SUBFLOW] idx=6 source=12 tag=8 subflow=0 in=4 out=4 in_seqhash=15523928324350559131 out_seqhash=15523928324350559131 in_csum=16153649753023246038 out_csum=16153649753023246038 inorder=1 minseq=1 maxseq=4 endseq=4 ends=1 end_length=128. | [36m10666 ns[0m
[INFO][0m[92m[SYSTEM][0m             [V5_SUBFLOW] idx=6 source=12 tag=11 subflow=0 in=4 out=4 in_seqhash=15523928324350559131 out_seqhash=15523928324350559131 in_csum=7508568055820512982 out_csum=7508568055820512982 inorder=1 minseq=1 maxseq=4 endseq=4 ends=1 end_length=128. | [36m10666 ns[0m
[INFO][0m[92m[SYSTEM][0m             [V5_SUBFLOW] idx=6 source=12 tag=14 subflow=0 in=4 out=4 in_seqhash=15523928324350559131 out_seqhash=15523928324350559131 in_csum=3371448848127291094 out_csum=3371448848127291094 inorder=1 minseq=1 maxseq=4 endseq=4 ends=1 end_length=128. | [36m10666 ns[0m
[INFO][0m[92m[SYSTEM][0m             [V5_SUBFLOW] idx=6 source=12 tag=17 subflow=0 in=4 out=4 in_seqhash=15523928324350559131 out_seqhash=15523928324350559131 in_csum=3490090550810832598 out_csum=3490090550810832598 inorder=1 minseq=1 maxseq=4 endseq=4 ends=1 end_length=128. | [36m10666 ns[0m
[INFO][0m[92m[SYSTEM][0m             [V5_SUBFLOW] idx=6 source=12 tag=20 subflow=0 in=4 out=4 in_seqhash=15523928324350559131 out_seqhash=15523928324350559131 in_csum=10759744774316945110 out_csum=10759744774316945110 inorder=1 minseq=1 maxseq=4 endseq=4 ends=1 end_length=128. | [36m10666 ns[0m
[INFO][0m[92m[SYSTEM][0m             [V5_SUBFLOW] idx=6 source=12 tag=23 subflow=0 in=4 out=4 in_seqhash=15523928324350559131 out_seqhash=15523928324350559131 in_csum=15326817008935694038 out_csum=15326817008935694038 inorder=1 minseq=1 maxseq=4 endseq=4 ends=1 end_length=128. | [36m10666 ns[0m
[INFO][0m[92m[SYSTEM][0m             [V5_SUBFLOW] idx=7 source=12 tag=1 subflow=0 in=4 out=4 in_seqhash=15523928324350559131 out_seqhash=15523928324350559131 in_csum=8865955208447323862 out_csum=8865955208447323862 inorder=1 minseq=1 maxseq=4 endseq=4 ends=1 end_length=128. | [36m10666 ns[0m
[INFO][0m[92m[SYSTEM][0m             [V5_SUBFLOW] idx=7 source=12 tag=3 subflow=0 in=4 out=4 in_seqhash=15523928324350559131 out_seqhash=15523928324350559131 in_csum=10400572342710759126 out_csum=10400572342710759126 inorder=1 minseq=1 maxseq=4 endseq=4 ends=1 end_length=128. | [36m10666 ns[0m
[INFO][0m[92m[SYSTEM][0m             [V5_SUBFLOW] idx=7 source=12 tag=4 subflow=0 in=4 out=4 in_seqhash=15523928324350559131 out_seqhash=15523928324350559131 in_csum=14745615628212039382 out_csum=14745615628212039382 inorder=1 minseq=1 maxseq=4 endseq=4 ends=1 end_length=128. | [36m10666 ns[0m
[INFO][0m[92m[SYSTEM][0m             [V5_SUBFLOW] idx=7 source=12 tag=6 subflow=0 in=4 out=4 in_seqhash=15523928324350559131 out_seqhash=15523928324350559131 in_csum=18370184464552095446 out_csum=18370184464552095446 inorder=1 minseq=1 maxseq=4 endseq=4 ends=1 end_length=128. | [36m10666 ns[0m
[INFO][0m[92m[SYSTEM][0m             [V5_SUBFLOW] idx=7 source=12 tag=7 subflow=0 in=4 out=4 in_seqhash=15523928324350559131 out_seqhash=15523928324350559131 in_csum=10792369949055053526 out_csum=10792369949055053526 inorder=1 minseq=1 maxseq=4 endseq=4 ends=1 end_length=128. | [36m10666 ns[0m
[INFO][0m[92m[SYSTEM][0m             [V5_SUBFLOW] idx=7 source=12 tag=9 subflow=0 in=4 out=4 in_seqhash=15523928324350559131 out_seqhash=15523928324350559131 in_csum=6679895363060952790 out_csum=6679895363060952790 inorder=1 minseq=1 maxseq=4 endseq=4 ends=1 end_length=128. | [36m10666 ns[0m
[INFO][0m[92m[SYSTEM][0m             [V5_SUBFLOW] idx=7 source=12 tag=10 subflow=0 in=4 out=4 in_seqhash=15523928324350559131 out_seqhash=15523928324350559131 in_csum=10120278073414184662 out_csum=10120278073414184662 inorder=1 minseq=1 maxseq=4 endseq=4 ends=1 end_length=128. | [36m10666 ns[0m
[INFO][0m[92m[SYSTEM][0m             [V5_SUBFLOW] idx=7 source=12 tag=12 subflow=0 in=4 out=4 in_seqhash=15523928324350559131 out_seqhash=15523928324350559131 in_csum=6992684430930669270 out_csum=6992684430930669270 inorder=1 minseq=1 maxseq=4 endseq=4 ends=1 end_length=128. | [36m10666 ns[0m
[INFO][0m[92m[SYSTEM][0m             [V5_SUBFLOW] idx=7 source=12 tag=13 subflow=0 in=4 out=4 in_seqhash=15523928324350559131 out_seqhash=15523928324350559131 in_csum=13180403651468259030 out_csum=13180403651468259030 inorder=1 minseq=1 maxseq=4 endseq=4 ends=1 end_length=128. | [36m10666 ns[0m
[INFO][0m[92m[SYSTEM][0m             [V5_SUBFLOW] idx=7 source=12 tag=15 subflow=0 in=4 out=4 in_seqhash=15523928324350559131 out_seqhash=15523928324350559131 in_csum=2439334101426564822 out_csum=2439334101426564822 inorder=1 minseq=1 maxseq=4 endseq=4 ends=1 end_length=128. | [36m10666 ns[0m
[INFO][0m[92m[SYSTEM][0m             [V5_SUBFLOW] idx=7 source=12 tag=16 subflow=0 in=4 out=4 in_seqhash=15523928324350559131 out_seqhash=15523928324350559131 in_csum=1333614462925991638 out_csum=1333614462925991638 inorder=1 minseq=1 maxseq=4 endseq=4 ends=1 end_length=128. | [36m10666 ns[0m
[INFO][0m[92m[SYSTEM][0m             [V5_SUBFLOW] idx=7 source=12 tag=18 subflow=0 in=4 out=4 in_seqhash=15523928324350559131 out_seqhash=15523928324350559131 in_csum=14960678071655919318 out_csum=14960678071655919318 inorder=1 minseq=1 maxseq=4 endseq=4 ends=1 end_length=128. | [36m10666 ns[0m
[INFO][0m[92m[SYSTEM][0m             [V5_SUBFLOW] idx=7 source=12 tag=19 subflow=0 in=4 out=4 in_seqhash=15523928324350559131 out_seqhash=15523928324350559131 in_csum=11989201550028762838 out_csum=11989201550028762838 inorder=1 minseq=1 maxseq=4 endseq=4 ends=1 end_length=128. | [36m10666 ns[0m
[INFO][0m[92m[SYSTEM][0m             [V5_SUBFLOW] idx=7 source=12 tag=21 subflow=0 in=4 out=4 in_seqhash=15523928324350559131 out_seqhash=15523928324350559131 in_csum=14889676008780656342 out_csum=14889676008780656342 inorder=1 minseq=1 maxseq=4 endseq=4 ends=1 end_length=128. | [36m10666 ns[0m
[INFO][0m[92m[SYSTEM][0m             [V5_SUBFLOW] idx=7 source=12 tag=22 subflow=0 in=4 out=4 in_seqhash=15523928324350559131 out_seqhash=15523928324350559131 in_csum=6074919708128636630 out_csum=6074919708128636630 inorder=1 minseq=1 maxseq=4 endseq=4 ends=1 end_length=128. | [36m10666 ns[0m
[INFO][0m[92m[SYSTEM][0m             [V5_SUBFLOW] idx=7 source=12 tag=24 subflow=0 in=4 out=4 in_seqhash=15523928324350559131 out_seqhash=15523928324350559131 in_csum=1826211233406578390 out_csum=1826211233406578390 inorder=1 minseq=1 maxseq=4 endseq=4 ends=1 end_length=128. | [36m10666 ns[0m
[INFO][0m[92m[SYSTEM][0m             [D2D_REPIN] total=928 changed=928 same=0.                                                                      | [36m10666 ns[0m
[INFO][0m[92m[SYSTEM][0m             [D2D_LINK] idx=0 die0->die2 dir=N req_in=16 req_out=16 ack_in=32 ack_out=32 data_in=64 data_out=64.            | [36m10666 ns[0m
[INFO][0m[92m[SYSTEM][0m             [D2D_LINK] idx=1 die0->die1 dir=E req_in=16 req_out=16 ack_in=32 ack_out=32 data_in=64 data_out=64.            | [36m10666 ns[0m
[INFO][0m[92m[SYSTEM][0m             [D2D_LINK] idx=2 die1->die3 dir=N req_in=16 req_out=16 ack_in=32 ack_out=32 data_in=64 data_out=64.            | [36m10666 ns[0m
[INFO][0m[92m[SYSTEM][0m             [D2D_LINK] idx=3 die1->die0 dir=W req_in=16 req_out=16 ack_in=32 ack_out=32 data_in=64 data_out=64.            | [36m10666 ns[0m
[INFO][0m[92m[SYSTEM][0m             [D2D_LINK] idx=4 die2->die0 dir=S req_in=16 req_out=16 ack_in=32 ack_out=32 data_in=64 data_out=64.            | [36m10666 ns[0m
[INFO][0m[92m[SYSTEM][0m             [D2D_LINK] idx=5 die2->die3 dir=E req_in=16 req_out=16 ack_in=32 ack_out=32 data_in=64 data_out=64.            | [36m10666 ns[0m
[INFO][0m[92m[SYSTEM][0m             [D2D_LINK] idx=6 die3->die1 dir=S req_in=16 req_out=16 ack_in=32 ack_out=32 data_in=64 data_out=64.            | [36m10666 ns[0m
[INFO][0m[92m[SYSTEM][0m             [D2D_LINK] idx=7 die3->die2 dir=W req_in=16 req_out=16 ack_in=32 ack_out=32 data_in=64 data_out=64.            | [36m10666 ns[0m
[INFO][0m[92m[SYSTEM][0m             [SAF] reserved_packets=0 group_reserved_packets=0.                                                             | [36m10666 ns[0m
[INFO][0m[92m[SYSTEM][0m             [DIE_ACT] router_pkts=2394,2122,2122,1890 mesh_pkts=1975,1715,1715,1487.                                       | [36m10666 ns[0m
[INFO][0m[92m[SYSTEM][0m             [NOC_ACT] sends=1756,1612,1612,1484 stalls=0,0,0,0 d2d_source_stalls=0.                                        | [36m10666 ns[0m
[INFO][0m[92m[SYSTEM][0m             [FLOW_DONE] .                                                                                                  | [36m10666 ns[0m
[INFO][0m[92m[SYSTEM][0m             [SAF_ADMIT] success=0 reject=0.                                                                                | [36m10666 ns[0m
[INFO][0m[92m[SYSTEM][0m             [P5 P2P STATS] core=0 source_read_bytes=1536 sram_source_read_bytes=1536 hbm_source_read_bytes=0 wire_bytes=1536 wire_fragments=96 noc_rx_write_bytes=1536 tx_local_completions=24 rx_local_completions=24 admission_requests_sent=24 admission_requests_received=24 admission_acks_sent=24 admission_acks_received=24 duplicate_requests_suppressed=0 request_conflicts_rejected=0 request_aborts=0 completion_acks_sent=24 completion_acks_received=24 source_checksum=63499111 wire_checksum=63499111 destination_checksum=63499111. | [36m10666 ns[0m
[INFO][0m[92m[SYSTEM][0m             [P5 P2P DRAIN] core=0 residual=0.                                                                              | [36m10666 ns[0m
[INFO][0m[92m[SYSTEM][0m             [P5 P2P STATS] core=4 source_read_bytes=1536 sram_source_read_bytes=1536 hbm_source_read_bytes=0 wire_bytes=1536 wire_fragments=96 noc_rx_write_bytes=1536 tx_local_completions=24 rx_local_completions=24 admission_requests_sent=24 admission_requests_received=24 admission_acks_sent=24 admission_acks_received=24 duplicate_requests_suppressed=0 request_conflicts_rejected=0 request_aborts=0 completion_acks_sent=24 completion_acks_received=24 source_checksum=63499111 wire_checksum=63499111 destination_checksum=63499111. | [36m10666 ns[0m
[INFO][0m[92m[SYSTEM][0m             [P5 P2P DRAIN] core=4 residual=0.                                                                              | [36m10666 ns[0m
[INFO][0m[92m[SYSTEM][0m             [P5 P2P STATS] core=8 source_read_bytes=1536 sram_source_read_bytes=1536 hbm_source_read_bytes=0 wire_bytes=1536 wire_fragments=96 noc_rx_write_bytes=1536 tx_local_completions=24 rx_local_completions=24 admission_requests_sent=24 admission_requests_received=24 admission_acks_sent=24 admission_acks_received=24 duplicate_requests_suppressed=0 request_conflicts_rejected=0 request_aborts=0 completion_acks_sent=24 completion_acks_received=24 source_checksum=63499111 wire_checksum=63499111 destination_checksum=63499111. | [36m10666 ns[0m
[INFO][0m[92m[SYSTEM][0m             [P5 P2P DRAIN] core=8 residual=0.                                                                              | [36m10666 ns[0m
[INFO][0m[92m[SYSTEM][0m             [P5 P2P STATS] core=12 source_read_bytes=1536 sram_source_read_bytes=1536 hbm_source_read_bytes=0 wire_bytes=1536 wire_fragments=96 noc_rx_write_bytes=1536 tx_local_completions=24 rx_local_completions=24 admission_requests_sent=24 admission_requests_received=24 admission_acks_sent=24 admission_acks_received=24 duplicate_requests_suppressed=0 request_conflicts_rejected=0 request_aborts=0 completion_acks_sent=24 completion_acks_received=24 source_checksum=63499111 wire_checksum=63499111 destination_checksum=63499111. | [36m10666 ns[0m
[INFO][0m[92m[SYSTEM][0m             [P5 P2P DRAIN] core=12 residual=0.                                                                             | [36m10666 ns[0m
[INFO][0m[92m[SYSTEM][0m             [P5 P2P TIMING DRAIN] residual=0.                                                                              | [36m10666 ns[0m
[INFO][0m[92m[SYSTEM][0m             [COLL_DRAIN] tree_entries=0 reduce_nodes=0 barriers=0 gather=0 reduce_rx=0 endpoints=0 dte_tokens=0 event=0.   | [36m10666 ns[0m
[INFO][0m[92m[SYSTEM][0m             [DRAIN] router_residual=0.                                                                                     | [36m10666 ns[0m
[INFO][0m[92m[SYSTEM][0m             [CREDIT] data_balanced=1 ctrl_balanced=1.                                                                      | [36m10666 ns[0m
[INFO][0m[92m[SYSTEM][0m             [DRAIN] d2d_link_residual=0.                                                                                   | [36m10666 ns[0m
[INFO][0m[92m[SYSTEM][0m             [START_DATA] enqueued=4 injected=4 accepted=4 delivered=4 consumed=4 completed=4.                              | [36m10666 ns[0m
[INFO][0m[92m[SYSTEM][0m             [LOCK] max_output_ref=1.                                                                                       | [36m10666 ns[0m
[INFO][0m[92m[SYSTEM][0m             [HOSTLANE] done_total=4 ack_total=8 mismatch=0 per_lane_done=1,1,1,1.                                          | [36m10666 ns[0m
[INFO][0m[92m[SYSTEM][0m             [HOSTSIG] done=0:1,4:1,8:1,12:1, ack=0:0:2,4:0:1,4:4:1,8:0:1,8:8:1,12:0:1,12:12:1,.                            | [36m10666 ns[0m
[INFO][0m[92m[SYSTEM][0m             Total Real-time Cost: 0.431244s.                                                                               | [36m10666 ns[0m
[INFO][0m[92m[SYSTEM][0m             Cleanup monitor components.                                                                                    | [36m10666 ns[0m
[INFO][0m[92m[SYSTEM][0m             Cleanup memory interface components.                                                                           | [36m10666 ns[0m
